cia_id,ofac_id,cia_name,ofac_name,cia_country,ofac_nationality,name_score,recommended_action
928d4f05-b0ba-5cf1-84d6-44838e4dc4a6,aefc9d4a-ee59-504a-bb2b-38969074ec6c,min aung hlaing,min aung hlaing,Burma,,100.0,AUTO_MERGE
c4b635e6-a2d9-5a9e-824d-c3d8d92a0728,5b17c30c-7c1c-5112-9ab8-415b36e32d58,mya tun oo,mya tun oo,Burma,,100.0,AUTO_MERGE
40dc6e88-31c2-58d0-9e4d-ca4288801a59,083c410c-62dc-51be-a045-685d8ab248d5,kan zaw,kan zaw,Burma,zm,100.0,AUTO_MERGE
a62082bb-02ac-54a1-a89f-a0e1812e97ab,ad2805d2-ea35-5cb9-b77b-c679abdeddcb,thet khaing win,thet khaing win,Burma,zm,100.0,AUTO_MERGE
e34a8c44-98dd-5ac0-bc86-3b7b3542af48,54c8d4bc-15b5-51d0-9721-332344f95224,myint kyaing,myint kyaing,Burma,zm,100.0,AUTO_MERGE
02c196a0-75e4-5a59-9330-bda79605215b,e7ad0206-0a8d-5ce7-a6ed-da51309bf46a,charlie than,charlie than,Burma,zm,100.0,AUTO_MERGE
d6349380-567c-5b96-abf4-ddcd3faa1f5a,767511b4-cd47-587c-888a-eaa38c4ae8cc,khin maung soe,khin maung soe,Burma,,100.0,AUTO_MERGE
8bfebf3d-d2e1-51f2-80ad-b9825a093331,86802f9b-c92c-534d-8ff9-714ab4fce450,thida oo,thida oo,Burma,zm,100.0,AUTO_MERGE
cdd8b352-c89d-507f-b19d-8850b50d0595,1ed53982-4ed2-55fc-8b62-c29724f94e49,soe win,soe win,Burma,,100.0,AUTO_MERGE
b05ed206-a84b-5bef-ad39-8bfa03419c61,ceb3204d-198c-575f-9e43-f0cfba38f11b,tin aung san,tin aung san,Burma,,100.0,AUTO_MERGE
9d54415d-7bd7-5fd1-a802-831857a8bde0,ea94ea94-8ff4-50f5-9f95-b89370a17a71,khin maung yi,khin maung yi,Burma,zm,100.0,AUTO_MERGE
916e711b-5ecb-5a02-affd-b48aaabf2bc2,258947f2-5523-5945-830d-ff9045bd70b8,mayra arevich marin,mayra arevich marin,Cuba,cu,100.0,AUTO_MERGE
5bae5d9f-85e1-5aa2-9cd8-48ba01a971aa,adba0e71-f456-579a-99a9-856c339d2bd0,vicente de la o levy,vicente de la o levy,Cuba,cu,100.0,AUTO_MERGE
cf058af9-663e-5535-8b82-78605ef54816,084ddaf3-1225-5943-b049-4579fb30fb60,lazaro alberto alvarez casas,lazaro alberto alvarez casas,Cuba,,100.0,AUTO_MERGE
914227d7-ea88-56fa-8eb9-2ab9f53c5bd9,a13be4ad-c295-5db7-a14d-b5b136bd6ec5,alvaro lopez miera,alvaro lopez miera,Cuba,cu,100.0,AUTO_MERGE
dbd56978-3c91-5cb4-a160-a74b25559ff1,dd5df561-497b-5864-a00e-77d1aa004542,oscar rolando castro,oscar rolando castro,El Salvador,sv,100.0,AUTO_MERGE
e91b66bd-423a-5eda-98ed-290a3b48d3b3,898d6682-43bc-5831-b7f3-59a0e20adcd3,esmail khatib,esmail khatib,Iran,ir,100.0,AUTO_MERGE
f9c11f75-2319-572a-8e2f-c836357552e5,27cd710a-4ea3-532d-aa47-f386f832cb57,jong un kim,jong un kim,"Korea, North",,100.0,AUTO_MERGE
215fc3a7-2dba-54d1-877b-cdbd40681523,8d06c9b6-acc5-5d74-8218-083c6bfb4599,ryong hae choe,ryong hae choe,"Korea, North",,100.0,AUTO_MERGE
b700b190-27ae-5cb1-941c-0a513750a653,40c9e172-e82a-525e-9db4-ff12994ba0f5,yong gil ri,yong gil ri,"Korea, North",kp,100.0,AUTO_MERGE
cd2e7228-83bc-53ae-9022-290f7f52a37f,a2cd88a3-e25a-5b1e-8921-c9e13a52648e,yo jong kim,yo jong kim,"Korea, North",,100.0,AUTO_MERGE
5f9ee52c-a87d-58ea-896c-92f65a548854,bf3c0770-67c1-5ebe-beb7-e1f150d76454,chol u yu,chol u yu,"Korea, North",,100.0,AUTO_MERGE
cc616297-3e2c-5035-bb7f-1fdb127363a5,118a1ba5-17c3-5ef9-b6da-2b5c86ddb3a2,song kim,song kim,"Korea, North",kp,100.0,AUTO_MERGE
e0f2e88f-fdb6-56ee-9e79-13bf5c088add,3e141a0e-c791-5a82-babd-0e3ed0e4ced1,rosa adelina barahona castro,rosa adelina barahona castro,Nicaragua,ni,100.0,AUTO_MERGE
a7414c3b-d668-5476-956f-f03b45da86ad,8762da47-803a-51e5-a2c1-6b6dbc6bbcd6,leonardo ovidio reyes ramirez,leonardo ovidio reyes ramirez,Nicaragua,ni,100.0,AUTO_MERGE
19d89641-666f-5f5d-a65b-d189af5e95fe,dd11d8a6-1c47-576a-bd7d-9e859c70bbae,vladimir vladimirovich putin,vladimir vladimirovich putin,Russia,ru,100.0,AUTO_MERGE
006ad23e-54a7-54a1-8822-9ce4af2635fc,ccaf6b49-9281-5587-af2c-005ad0adc2c5,mikhail vladimirovich mishustin,mikhail vladimirovich mishustin,Russia,ru,100.0,AUTO_MERGE
19ff653a-9fd8-5e8e-9100-5ac9c86d729d,6b275edd-e429-5f28-9c99-c3211b6641ed,denis valentinovich manturov,denis valentinovich manturov,Russia,ru,100.0,AUTO_MERGE
42defa76-8f86-50dd-aa3e-996fc951a68e,42f58d87-1016-59ae-b157-d0cec815bd2a,tatyana alekseyevna golikova,tatyana alekseyevna golikova,Russia,ru,100.0,AUTO_MERGE
e88ec916-09a6-5abb-b9eb-c436c3385409,5ca9c293-7375-5c63-9e9a-5200c0d7acb2,marat shakirzyanovich khusnullin,marat shakirzyanovich khusnullin,Russia,ru,100.0,AUTO_MERGE
e596913c-6bee-572c-9253-b056bad653ec,05b6020e-de54-519e-a17b-bd619174085a,yuriy petrovich trutnev,yuriy petrovich trutnev,Russia,ru,100.0,AUTO_MERGE
b45b6c16-05c3-5345-95eb-c1c6135f61b2,cad6a2a0-e6f0-5a52-b5c5-4660dc15d508,aleksandr valentinovich novak,aleksandr valentinovich novak,Russia,ru,100.0,AUTO_MERGE
7577e6ac-6813-5c14-a64b-543cff310d82,9e4709db-f150-56f6-809e-1bce23cf8674,aleksandr vyacheslavovich kurenkov,aleksandr vyacheslavovich kurenkov,Russia,ru,100.0,AUTO_MERGE
dcec7de1-abdf-59fb-b307-d4eefda190be,0e064bb3-a50f-5bae-af67-57357b865538,olga borisovna lyubimova,olga borisovna lyubimova,Russia,ru,100.0,AUTO_MERGE
a1ba40bc-1093-5b3a-8915-c71338aae763,9d3ea8b8-40c8-5832-b9a0-9f37fa1f151c,andrey removich belousov,andrey removich belousov,Russia,ru,100.0,AUTO_MERGE
baf13575-cd11-5c0c-ae96-f537015d05c2,ab94fba2-cb4d-592a-b94a-f3bae7188131,aleksey olegovich chekunkov,aleksey olegovich chekunkov,Russia,ru,100.0,AUTO_MERGE
5ae8202c-5c03-5346-971f-d088c5aae8ef,e7a1f037-c48f-5181-942a-45d5210ccd4f,maksut igorevich shadayev,maksut igorevich shadayev,Russia,ru,100.0,AUTO_MERGE
df456803-12e3-51a9-be87-159ecd3813eb,0172217b-6313-5cad-9df7-3fee5525e210,anton germanovich siluanov,anton germanovich siluanov,Russia,ru,100.0,AUTO_MERGE
5e7ae156-a13d-5428-a59e-f95c95f775d2,5eac0254-436b-547c-bfea-d19ba3003535,anton andreyevich alikhanov,anton andreyevich alikhanov,Russia,ru,100.0,AUTO_MERGE
ed18924e-5c9b-5e5b-803d-27f2be535e3b,ef39e7fb-9b64-587e-b13f-7ab97c902d4e,anton olegovich kotyakov,anton olegovich kotyakov,Russia,ru,100.0,AUTO_MERGE
cd6c171d-c9ca-554f-891b-755908ea691e,12993ca2-31ca-5a99-b0ed-d4af2bdddcc7,aleksandr aleksandrovich kozlov,aleksandr aleksandrovich kozlov,Russia,ru,100.0,AUTO_MERGE
fbee7b65-a0d0-5c1f-b1ab-b1bba5553a9b,f65fb88c-0393-5536-af04-a4a5cba3e4e0,valeriy nikolayevich falkov,valeriy nikolayevich falkov,Russia,ru,100.0,AUTO_MERGE
d6e33049-9c30-57e4-8fa8-e9317955ad2e,61017f97-ff10-50ab-bd07-68bb3bb78df7,mikhail vladimirovich degtyarev,mikhail vladimirovich degtyarev,Russia,ru,100.0,AUTO_MERGE
dbe82bd4-dc46-57b0-b0e4-d46ff1522618,642ef1b3-60d2-50a2-8857-4bfb5551847a,roman vladimirovich starovoyt,roman vladimirovich starovoyt,Russia,ru,100.0,AUTO_MERGE
cc74e525-c18d-5f6c-8a8b-ea66a557c6bc,0a81da37-a95c-5597-abc7-32b34d6c5eb1,sergey yevgenyevich naryshkin,sergey yevgenyevich naryshkin,Russia,ru,100.0,AUTO_MERGE
a7ef6f2b-def0-5e28-8b24-11994bcbf1a1,bf4ed30c-c5b8-514e-a182-2cf05077c2fe,elvira sakhipzadovna nabiullina,elvira sakhipzadovna nabiullina,Russia,ru,100.0,AUTO_MERGE
5a40938c-c4cf-5c03-9c07-57752fe5b7b4,8d63a8fa-433f-52b5-8ddd-c52e235ef793,nenad popovic,nenad popovic,Serbia,rs,100.0,AUTO_MERGE
aa6b103e-39e7-59b0-9f95-7e0a0b2ee9ab,ac0ba7ec-63f2-5af5-82bf-de0a04e2c038,taban deng gai,taban deng gai,South Sudan,ss,100.0,AUTO_MERGE
39798edd-3bf5-5997-8566-aab86af8af9a,5a4c48bd-79d7-5768-9551-ef0058fdfcfc,martin elia lomuro,martin elia lomuro,South Sudan,,100.0,AUTO_MERGE
847c616c-7fac-5e18-8cd4-83659e454a1f,affd01c7-7dc5-5838-b9e3-b7ba54072d68,michael makuei lueth,michael makuei lueth,South Sudan,ss,100.0,AUTO_MERGE
efd0110e-aa67-5e16-8d24-70ed37d57d84,45af64cb-b7e9-5f82-baff-16aa6248caa8,diosdado cabello rondon,diosdado cabello rondon,Venezuela,,100.0,AUTO_MERGE
74c5a8b5-73c1-51e5-879f-45797a60e50b,b01d289b-7a09-5a14-84ef-26064268e81b,vladimir padrino lopez,vladimir padrino lopez,Venezuela,ve,100.0,AUTO_MERGE
be794450-1d28-5aeb-8689-c472c3831c2a,38a38392-3af8-5618-b95d-bb829bb533dd,emmerson dambudzo mnangagwa,emmerson dambudzo mnangagwa,Zimbabwe,zw,100.0,AUTO_MERGE
a7f6b2f9-1666-5d11-966d-b03d88a6038c,40043aef-09c4-5627-b200-4043d9116191,dmitriy nikolayevich chernyshenko,dmitriy nikolaevich chernyshenko,Russia,ru,98.46,AUTO_MERGE
f6fc2069-2869-5228-bae4-9e65d297ee4d,58824435-8c8e-5c08-bf22-343a10e865a8,dmitriy yuriyevich grigorenko,dmitriy yuryevich grigorenko,Russia,ru,98.25,AUTO_MERGE
f11ad005-002c-53ae-9cda-c70654fa1f7d,6ab2c489-99a1-57c0-bdba-e308e53d660e,vitaliy gennadyevich savelyev,vitaly gennadyevich savelyev,Russia,ru,98.25,AUTO_MERGE
29a39d94-a45e-5891-a61a-73c87f60aa6c,55e23a00-c425-5ddd-8160-7592083ecc39,konstantin anatolyevich chuychekno,konstantin anatolyevich chuychenko,Russia,ru,97.06,AUTO_MERGE
e4a15ba7-8373-5eee-9122-61513ebfe98a,06cd5ef0-1e9f-5896-bb5f-8683a58dd6aa,mohsen pak-nejad,mohsen paknejad,Iran,ir,96.77,AUTO_MERGE
937ff010-fc55-517b-bce3-bc1e78fa761d,06fb3a59-958b-5543-ac09-61af4e8ee614,jafar hassan,hassan jafari,Jordan,ir,96.0,AUTO_MERGE
b34bfe19-0003-548f-8bb3-afa10a3f7a47,cbd5574b-be95-5c3d-985a-09ecf5aa0b45,irek envarovich fayzullin,irek envarovich faizullin,Russia,ru,96.0,AUTO_MERGE
9f7f1740-b4dd-5baa-9f5c-0df51713cbf6,e2cf87c6-53f3-5425-9a53-7060cadb523b,sergey viktorovich lavrov,sergei viktorovich lavrov,Russia,ru,96.0,AUTO_MERGE
85da5294-bb31-5f57-9cb1-bc4d767cffe5,8fc29b19-eea0-5709-8e09-6abc99614982,igor viktorovich krasnov,igor victorovich krasnov,Russia,ru,95.83,AUTO_MERGE
1bacae61-7d31-58f3-9a3d-c8f20b1d5fcd,27cd710a-4ea3-532d-aa47-f386f832cb57,jong sun kim,jong un kim,"Korea, North",,95.65,AUTO_MERGE
f21fad05-0e28-5492-a4e5-4ca30560fe5c,4ec04ba4-e0f9-5e74-8dde-50b4f93866e8,vladimir aleksandrovich kolokoltsev,vladimir alexandrovich kolokoltsev,Russia,ru,95.65,AUTO_MERGE
cbc77aa2-a2ff-59f0-b3ba-597e679e7517,16b5609a-dca7-5bde-905a-db16dcaf2f23,maksim gennadyevich reshetnikov,maxim gennadyevich reshetnikov,Russia,ru,95.08,AUTO_MERGE
7761ba11-48e5-505e-9dac-b7014646adda,66d6b25f-29af-5b8e-ac7d-142ad6d3f6f0,tun aung,htun aung,Burma,zm,94.12,AUTO_MERGE
a94b2e8e-85d9-507b-a1ca-4de6aa6b733e,7d5925c3-36b7-555b-ab91-d969cc28db32,kyong chol choe,chol ryong choe,"Korea, North",kp,93.33,AUTO_MERGE
6d580cd0-246d-59b1-92c3-1232ce7035b2,a0ab2f33-f730-54b9-85db-4d9ed14f6087,muhammad haidar,muhammad haydar,Lebanon,,93.33,AUTO_MERGE
d6349380-567c-5b96-abf4-ddcd3faa1f5a,8c14a324-a725-588f-ab07-0cdb0543a4a6,khin maung soe,khin maung swe,Burma,zm,92.86,AUTO_MERGE
ae0688ac-473c-5dd1-9ef0-30bcdc52c48b,d52388c2-d539-5997-8f04-bd7eb3a0a6be,sergey kuzhugetovich shoygu,sergei kuzhugetovich shoigu,Russia,ru,92.59,AUTO_MERGE
7ec37335-6739-5157-8326-99c88df24edb,eef70c62-3e7f-5c71-b928-5a56f76e3e63,ahmed ibrahim,ahmed brahimi,Ghana,dz,92.31,AUTO_MERGE
257b7973-9bb2-564f-b8c5-1a55c239efc9,86f78ac3-c178-5fef-8754-9e7ec6d5010b,chung song kim,song hun kim,"Korea, North",kp,92.31,AUTO_MERGE
aa56f7cd-8124-55bc-8dcd-de6ced13604a,48e724dd-d5ab-585b-b85d-1076ac67409c,mohamed ameen,mohamad ameen,Maldives,mv,92.31,AUTO_MERGE
04a9459c-862c-5276-b1cd-bbe1192b9e80,f271c748-afeb-51eb-9bbc-1a9d3254722d,abdur rahman,abdur rehman,Bangladesh,pk,91.67,AUTO_MERGE
47ad2603-a5d2-5b3c-b035-391c6c9fadf7,86f78ac3-c178-5fef-8754-9e7ec6d5010b,song jun kim,song hun kim,"Korea, North",kp,91.67,AUTO_MERGE
19d89641-666f-5f5d-a65b-d189af5e95fe,90438f3b-5de3-5e92-abda-5361dff13595,vladimir vladimirovich putin,vladimir vladimirovich gugnin,Russia,ru,91.23,AUTO_MERGE
9dd1c54f-031f-527d-8547-9eb0587a88e2,903e5f1c-eb99-55f4-9e34-351387a5c350,gerardo izquierdo torres,gerardo jose izquierdo torres,Venezuela,,90.57,AUTO_MERGE
cec684dc-2ef7-50fc-9921-bcab453a3700,6aee11ee-d71f-5a34-96bb-abec43085bcf,mohammad hassan akhund,mohammad aman akhund,Afghanistan,,90.48,AUTO_MERGE
cd6c171d-c9ca-554f-891b-755908ea691e,0b0d6f4b-9de1-5c54-a532-87783a0cfa57,aleksandr aleksandrovich kozlov,aleksandr aleksandrovich vyalov,Russia,ru,90.32,AUTO_MERGE
0a20c63b-a3e5-5b97-9a17-2fa6525d1530,76cbb8ea-cae4-5a3d-bd31-b4c653c81695,aleksandr vasilyevich bortnikov,alexander vasilievich bortnikov,Russia,ru,90.32,AUTO_MERGE
89f001cd-ac00-5e5c-aa4e-decf21d1bc68,dcafa5b1-1147-51d8-aea6-aa17e9ea3984,nguyen van hung,van nguyen hoang,Vietnam,vn,90.32,AUTO_MERGE
8ff32fca-16f0-5fe7-a001-94a6de60c230,7dab843d-4fbe-5a3a-84c0-c2d3b44d7477,ricardo menendez prieto,ricardo jose menendez prieto,Venezuela,ve,90.2,AUTO_MERGE
a62082bb-02ac-54a1-a89f-a0e1812e97ab,8da7708b-aef1-59ff-91ab-ee6bd25e0750,thet khaing win,naing win thet,Burma,,89.66,REVIEW
a94b2e8e-85d9-507b-a1ca-4de6aa6b733e,cf8b6a77-2e92-5cbe-b1a0-def677d911eb,kyong chol choe,song chol choe,"Korea, North",kp,89.66,REVIEW
19d89641-666f-5f5d-a65b-d189af5e95fe,704dc740-0dac-5ad4-a26e-2b42cacc16f4,vladimir vladimirovich putin,vladimir vladimirovich gutenev,Russia,ru,89.66,REVIEW
19d89641-666f-5f5d-a65b-d189af5e95fe,be79f221-098c-54ef-9b32-2dd1efb26e31,vladimir vladimirovich putin,vladimir vladimirovich plyakin,Russia,ru,89.66,REVIEW
6dad241d-ae83-5d82-a5f1-7d5b6ce19ca5,4e0f7503-c8f3-52ed-b788-f0ff28b842ec,ahmed bouhali,ahmed el bouhali,Tunisia,ma,89.66,REVIEW
cd6c171d-c9ca-554f-891b-755908ea691e,db8e2b6e-c6dc-5502-ba2a-10e7e5d92c59,aleksandr aleksandrovich kozlov,aleksandr aleksandrovich volosovik,Russia,ru,89.23,REVIEW
8a1044d0-7439-5a75-8459-304278555b71,e839d764-3c3e-594d-ad0d-3d4876ef5f35,sirajuddin haqqani,nasiruddin haqqani,Afghanistan,,88.89,REVIEW
f244bdca-f3a8-5d54-9b1b-cc2e39bc638f,9e35ac25-86f8-5492-92db-d5253cc3f08d,yong hwan kim,pyong chan kim,"Korea, North",,88.89,REVIEW
98d46526-22bc-5092-acc7-39b7ef15df5f,b12bfb7b-7ecf-5b52-be8f-f18b38e15c8d,yu il kim,su il kim,"Korea, North",,88.89,REVIEW
d20da13a-5329-5e8a-992a-0d941f901075,1063c7e3-70eb-5930-9681-33e3faa88826,muhammad said,muhammad saeed,Libya,pk,88.89,REVIEW
cd6c171d-c9ca-554f-891b-755908ea691e,5b97917a-f8c5-5ca0-82db-aa6334d73529,aleksandr aleksandrovich kozlov,aleksandr aleksandrovich pushkov,Russia,ru,88.89,REVIEW
19d89641-666f-5f5d-a65b-d189af5e95fe,194b6c2a-b8b3-5fb0-a107-8da37fdf9b2e,vladimir vladimirovich putin,vladimir vladimirovich sipyagin,Russia,ru,88.14,REVIEW
c97a4c11-6d14-5bc3-824a-8a5f027534ab,cd75bd05-5c73-53bc-b023-0e77b8d3d046,sun nam kang,sung nam jang,"Korea, North",,88.0,REVIEW
c97a4c11-6d14-5bc3-824a-8a5f027534ab,ea40305e-63ea-5a3c-992f-c3a21b386cb5,sun nam kang,song nam kang,"Korea, North",,88.0,REVIEW
8b1dee5b-daf0-5406-864d-39df0f6300fe,be30c893-c359-50e2-8b51-59d5aa2f3e23,daniel risch,daniel frosch,Liechtenstein,,88.0,REVIEW
282b1c8b-c663-5680-b96a-f2b3c71004d4,1e3d66e2-a842-5f83-ad40-51d4d0a8e0b0,calinie mbarushimana,callixte mbarushimana,Burundi,,87.8,REVIEW
4fd54716-bb30-50c6-9919-8026487ccdcf,9b11daa9-4be9-59ce-87c0-834fdf2e0c4b,ali hoseini-khamenei,ali husseini khamenei,Iran,,87.8,REVIEW
f2f02e00-906c-5e6f-b455-ea782eaa5d1c,fb3c7487-becc-5435-8031-0c07682d7004,julio garcia zerpa,julio jose garcia zerpa,Venezuela,,87.8,REVIEW
cd6c171d-c9ca-554f-891b-755908ea691e,12d0ea22-02b9-5578-8767-16770cb3864b,aleksandr aleksandrovich kozlov,aleksandr aleksandrovich mukhanov,Russia,ru,87.5,REVIEW
e74015a4-94f9-5bf9-ad3a-aa0abcc16c92,e5e98089-536e-595f-b9cf-1edcc07dc3b7,aleksandar vucic,aleksandar vulin,Serbia,rs,87.5,REVIEW
fe28a4c6-9d92-5e4e-804f-4f03a1c3d81e,63f715bb-d83b-5a0a-875a-735db749253e,muhammad abdallah mahmoud,muhammad mahmud mahalla,Sudan,sy,87.5,REVIEW
363a881e-6838-5bf9-8cb0-769d8385846e,4d22fdcf-1d91-55ea-a4f0-ce34350a6018,chu chen,zhu chen,Taiwan,,87.5,REVIEW
cd6c171d-c9ca-554f-891b-755908ea691e,e3c4c70b-0f96-50e3-adf7-72f69fe98492,aleksandr aleksandrovich kozlov,aleksandr aleksandrovich ivanov,Russia,ru,87.1,REVIEW
f9c11f75-2319-572a-8e2f-c836357552e5,d00fc5c9-78c0-5d13-a35e-28ce581e024f,jong un kim,jong man kim,"Korea, North",kp,86.96,REVIEW
db80e495-6578-5cc9-8b23-b56d2587e7a3,62242724-dd04-5f07-8346-f4298bcc659d,song nam kim,nam ung kim,"Korea, North",kp,86.96,REVIEW
d0495abd-8e55-518b-87c8-ff979fa8ac3f,cbdf6cc1-c16a-5fe1-886e-2b0d74882a0b,in chol pak,chol nam pak,"Korea, North",kp,86.96,REVIEW
a02de48a-caf5-5505-ba51-5a38d2e02d9f,4c764df4-42ba-5b64-9a59-3fe70dd4d74f,sok chol jo,chol song jo,"Korea, North",kp,86.96,REVIEW
3dd10b94-ab62-5ae5-a73e-60104d5a70c8,7095b7ba-8ba4-502e-8a16-580cc3e473cf,chol san ri,song chol ri,"Korea, North",,86.96,REVIEW
8cd0c6e3-caab-55c5-94be-0cc31f55b070,f26aaf2e-a651-517b-aba9-903eb8ff7e80,jong ho yun,un jong choe,"Korea, North",kp,86.96,REVIEW
47ad2603-a5d2-5b3c-b035-391c6c9fadf7,9eddb6a0-baeb-5b5c-b6f2-4b9577c189b7,song jun kim,yong ju kim,"Korea, North",kp,86.96,REVIEW
4741c842-aa4f-5cb6-9d00-509b4d4be52a,27cd710a-4ea3-532d-aa47-f386f832cb57,jong nam kim,jong un kim,"Korea, North",,86.96,REVIEW
cc81e615-d493-582e-afc5-946ac6cfb9f5,3a697517-1a1e-5bbd-8932-f90088886e14,chol su kim,chol sam kim,"Korea, North",kp,86.96,REVIEW
cc81e615-d493-582e-afc5-946ac6cfb9f5,3a3dfc35-72b0-569a-82a6-51179e0d7e1e,chol su kim,mun chol kim,"Korea, North",kp,86.96,REVIEW
cc81e615-d493-582e-afc5-946ac6cfb9f5,17547bf6-7d8b-554a-9a98-f93e9fed0066,chol su kim,sok chol kim,"Korea, North",kp,86.96,REVIEW
b45b6c16-05c3-5345-95eb-c1c6135f61b2,8dc59fe1-c9bc-5884-981f-090a59f0f708,aleksandr valentinovich novak,aleksandr valentinovich sokolov,Russia,ru,86.67,REVIEW
93f38396-d1ec-5818-a7cd-bd96fce10d48,0109bef3-6e02-5c31-9f9f-f4f638c6df14,muhammad bashir,muhammad ashraf,Sudan,,86.67,REVIEW
f2e02018-97fc-5ed8-8cb3-ae77b8ded28e,fe223057-8866-5d1a-b1aa-dcfc93db0b4e,daniella cabello contreras,daniella desiree cabello contreras,Venezuela,ve,86.67,REVIEW
0a3f10af-c114-59f6-886c-5cd7531e25b3,01309e39-4ec0-5669-80e5-d04ca108ef53,ahmed hassan adan,adnan s. hasan ahmed,Somalia,,86.49,REVIEW
c77a5bb1-cfd5-5872-9ec9-9811ba60728d,965a6cd1-096d-5eb6-a3da-47c2d8d0fcde,benjamin bol mel kuol,benjamin bol mel,South Sudan,ss,86.49,REVIEW
d9756efe-cc99-53be-a5ab-5d628cdf6f9e,467218c6-82ce-5327-85be-929955b88210,abd al-fatah al-burhan,abdel fattah al-burhan,Sudan,sd,86.36,REVIEW
505bfc47-dc10-5cb8-a9fb-b8b04e6cbae4,dbfba397-f2fc-5c9c-a9f8-b7ce48e183e1,mohammad khalid,mohammad khan,Afghanistan,,85.71,REVIEW
505bfc47-dc10-5cb8-a9fb-b8b04e6cbae4,c2727085-9b69-55cf-9ebe-130e0a127df8,mohammad khalid,mohammad khalilzadeh,Afghanistan,ir,85.71,REVIEW
0db21a51-a208-5a27-b570-c3ffb7ec8880,5f7cbd8b-613a-5551-9c5f-ec31a3d7a9fc,nazmi mohammad,mohammad yazdi,Brunei,ir,85.71,REVIEW
c9f9dd2c-96d5-524e-b096-94ba08721700,12044e5a-4765-5190-89e1-eadf8ec16847,muhammad zaki,muhammad yazbak,Egypt,,85.71,REVIEW
016b063f-7385-5c67-abd3-c36f628d8705,87285f8f-9572-5b10-abba-1e79dc0b295e,o su yong,yong su jong,"Korea, North",kp,85.71,REVIEW
250b1f74-d92a-5b8e-81fd-91f406313e55,57a04792-22f6-5407-b134-7ae3891e193f,chun song jang,song chol jang,"Korea, North",kp,85.71,REVIEW
8639f885-43c9-542a-9578-ac1908236383,96c5b369-8173-58f8-bd31-63253c0fff4a,ho-jung yun,ho-jin yun,"Korea, South",kp,85.71,REVIEW
a7dfd61c-afd0-5390-b56d-fb02220c91d9,98305f70-cf0a-5d57-9a60-3f4721cbd2ad,ibrahim iskandar,sadr ibrahim,Malaysia,,85.71,REVIEW
19d89641-666f-5f5d-a65b-d189af5e95fe,1485105c-b6e8-5b99-ae34-444f39c35522,vladimir vladimirovich putin,vladimir vladimirovich mazur,Russia,ru,85.71,REVIEW
d39cb8e2-c5f0-530e-9a21-add7718153a5,2bb0f74e-ea05-5834-8b39-07429821f80b,ali haji adan,halima adan ali,Somalia,ke,85.71,REVIEW
9578ba7b-ed8c-5041-96d8-36f346c46e40,02224695-175e-5a14-af75-11d3bb8b9cce,tariq muhammad abdallah salih,muhammad 'abdallah salih sughayr,Yemen,sa,85.25,REVIEW
1faee9eb-5c8b-53c2-b67b-1451fee7a69b,b13dea38-305a-5902-968d-6674a2bb5354,muhammad abdallah al-gargawi,muhammad 'abdallah al-amin,United Arab Emirates,lb,85.19,REVIEW
232fd0c4-a3d4-5fa6-9946-5e73644c54cf,e9acd7da-0849-5e56-a024-e2c389bda2da,constantino chiwenga,constantino guveya chiwenga,Zimbabwe,zw,85.11,REVIEW
ba85892a-2410-57a7-8218-715f1e6d6cfb,8fb7e4d6-3d70-5a4c-8e4c-6ac423127cb0,muhammad abdallah,muhammad yusif abdallah,Kuwait,,85.0,REVIEW
1f73df7f-690d-505b-a1a2-f2bc1c2228b8,beec7640-bc85-5529-98b7-8db713ac42cb,yusuf mohamed adan,liibaan yousuf mohamed,Somalia,so,85.0,REVIEW
19d89641-666f-5f5d-a65b-d189af5e95fe,4b5d92e3-323d-545b-bf29-a732803b1c65,vladimir vladimirovich putin,vladimir vladimirovich burmatov,Russia,ru,84.75,REVIEW
d6e33049-9c30-57e4-8fa8-e9317955ad2e,26a83c3b-1a8e-5ac5-ba41-05129d653657,mikhail vladimirovich degtyarev,mikhail vladimirovich kizeev,Russia,ru,84.75,REVIEW
f244bdca-f3a8-5d54-9b1b-cc2e39bc638f,9f155f2b-eaf7-51fe-8216-80ab1dfa4deb,yong hwan kim,kyong hak kim,"Korea, North",kp,84.62,REVIEW
257b7973-9bb2-564f-b8c5-1a55c239efc9,c7e8919d-4a6b-5a2b-98bc-f25c625b10d8,chung song kim,chun song ri,"Korea, North",,84.62,REVIEW
d20da13a-5329-5e8a-992a-0d941f901075,929a4ee8-2818-579d-8194-245b03fa041d,muhammad said,muhammad suri,Libya,,84.62,REVIEW
151f7c69-018e-5415-a4f3-dec4847a0cbb,a61cf931-20d1-5e97-b8d3-fc6742411678,mohamed saeed,mohamed sa'id,Maldives,,84.62,REVIEW
b4fd7a0c-c5d1-50fe-a8ed-3a39360f756d,24a07ff0-90df-54ad-82a7-04f668c60e4f,ibrahim faisal,ibrahim aqil,Maldives,lb,84.62,REVIEW
9f7f1740-b4dd-5baa-9f5c-0df51713cbf6,4439d5d0-1348-5060-b2d8-f7314f1a6624,sergey viktorovich lavrov,sergey viktorovich altukhov,Russia,ru,84.62,REVIEW
9f7f1740-b4dd-5baa-9f5c-0df51713cbf6,8abd0165-6ed8-5e09-8e08-b77a05048caf,sergey viktorovich lavrov,sergei viktorovich bulgakov,Russia,ua,84.62,REVIEW
567db692-8be9-5a90-b73f-f61db3fa866d,9e35ac25-86f8-5492-92db-d5253cc3f08d,kim yong gan,pyong chan kim,Singapore,,84.62,REVIEW
4b871fd3-0e86-54f9-b055-6cfe082e8d59,f0afaf87-0f10-58e2-81f4-392b97f4d363,puot kang chol,chol su kang,South Sudan,,84.62,REVIEW
d351dba2-3174-5819-a674-855b69ce7c8f,ee879773-6ece-5be3-bee8-8792e0b3f817,hamza mustafa,mustafa hamid,Syria,eg,84.62,REVIEW
803c68f4-eac6-5295-9b06-c18d910d8372,5daae022-5e6a-58e4-8568-2a81bbffa047,gustavo gonzalez lopez,gustavo enrique gonzalez lopez,Venezuela,ve,84.62,REVIEW
cd6c171d-c9ca-554f-891b-755908ea691e,b02d86aa-766e-5ae4-86e7-694cdb21c935,aleksandr aleksandrovich kozlov,aleksander aleksandrovich mikheev,Russia,ru,84.38,REVIEW
d9d20d48-92b2-5eb8-9ee1-38faa1562a34,825245de-ceaf-5d11-92ec-cea450b1c272,mohammad ali arafat,mohammad ali jafari,Bangladesh,,84.21,REVIEW
0d39bb01-068e-53f7-9da1-2b020ccc460d,99ca72e0-6c13-501d-8989-d482ca205cbf,jun zhang,jian zhang,China,cn,84.21,REVIEW
0d39bb01-068e-53f7-9da1-2b020ccc460d,c8ed261d-1633-5f21-8049-d1e0061ff983,jun zhang,jian zhang,China,cn,84.21,REVIEW
016b063f-7385-5c67-abd3-c36f628d8705,1d19abb8-c0ce-5200-9d7a-6ead2282d591,o su yong,su yong ri,"Korea, North",kp,84.21,REVIEW
aed6b75b-4fc2-5fec-abf0-625322fc4f37,fd349e6a-2425-5c4d-bb65-d6cb47a63ebf,chol ha kim,chol kim,"Korea, North",,84.21,REVIEW
98d46526-22bc-5092-acc7-39b7ef15df5f,0bd558aa-1421-5587-843c-f71b34c549df,yu il kim,su gil kim,"Korea, North",kp,84.21,REVIEW
cc81e615-d493-582e-afc5-946ac6cfb9f5,fd349e6a-2425-5c4d-bb65-d6cb47a63ebf,chol su kim,chol kim,"Korea, North",,84.21,REVIEW
cc616297-3e2c-5035-bb7f-1fdb127363a5,93bbb94d-7571-5e6e-84d0-b12b0f27b292,song kim,yong su kim,"Korea, North",kp,84.21,REVIEW
0a20c63b-a3e5-5b97-9a17-2fa6525d1530,4506cbeb-e0a6-5a20-b63f-336bb053fd5c,aleksandr vasilyevich bortnikov,aleksandr vasilevich basov,Russia,,84.21,REVIEW
486633c7-d65d-579c-a85e-bd4fb32cc714,a1683ae8-9d84-575c-8714-e13be351af86,mohammad eslami,mohammad gholami,Iran,ir,83.87,REVIEW
4e9a6cda-4d19-5efe-b589-1faae238ef43,dce09c1b-b72a-5fb7-b7dc-dde9daf3eaff,ahmad al-awidi,ahmad al-hamidawi,Jordan,iq,83.87,REVIEW
93f38396-d1ec-5818-a7cd-bd96fce10d48,46b0bcdf-1675-5979-8a28-8da225b6efb8,muhammad bashir,muhammad ibrahim,Sudan,sy,83.87,REVIEW
5d445e0a-3e69-5d2b-9681-aa9a4c44795e,7b7ef420-3599-563c-b7f1-19c0d42e61e6,javier martinez acha,javier abaunza martinez,Panama,,83.72,REVIEW
c3bbe851-9ce5-554f-ada1-dce8062fef6f,4174892c-2ec8-5609-951f-4b1ded52c468,muhammad hassan dahab,hassan muhammad daqqou,Sudan,sy,83.72,REVIEW
cd6c171d-c9ca-554f-891b-755908ea691e,6ade5a86-2a1e-50db-9860-79bf90b7a625,aleksandr aleksandrovich kozlov,aleksandr aleksandrovich chasovnikov,Russia,ru,83.58,REVIEW
71843300-ef3f-5160-bf9a-6815fd90d030,0f09b586-eb27-5b03-bcd5-19cd4cf31953,andrey shved,andrey shein,Belarus,,83.33,REVIEW
dbb1d05c-aab2-51f9-afc7-97ddbd7200b9,b2e9a55b-1c7e-5d26-96e5-83cf39b1793e,xiaohong wang,xiaohong ma,China,cn,83.33,REVIEW
66dce626-a048-5e69-be2f-aa50b1044098,dcf232fc-16a6-560e-b674-ed50f4d8f1af,mbae mohamed,mohamed mire,Comoros,so,83.33,REVIEW
363283d1-bd77-5bb4-bb10-143090a3b8bb,c2e647b6-5594-597a-9319-cee00675f51a,ahmad meydari,ahmad marvi,Iran,ir,83.33,REVIEW
b9bdb536-435b-5fc6-af79-cf064ea64207,4ca0e61f-bbc4-5f03-ad0b-26627336a285,son hui choe,song il choe,"Korea, North",,83.33,REVIEW
1bacae61-7d31-58f3-9a3d-c8f20b1d5fcd,d00fc5c9-78c0-5d13-a35e-28ce581e024f,jong sun kim,jong man kim,"Korea, North",kp,83.33,REVIEW
1bacae61-7d31-58f3-9a3d-c8f20b1d5fcd,241d30b0-60ed-5c92-a5e0-84d508031417,jong sun kim,jong sik kim,"Korea, North",,83.33,REVIEW
6fa2335d-266a-53e7-8246-ad15133afa37,cbdf6cc1-c16a-5fe1-886e-2b0d74882a0b,chol min pak,chol nam pak,"Korea, North",kp,83.33,REVIEW
0d1d2866-386b-5a8c-8de9-b534f9364050,3a697517-1a1e-5bbd-8932-f90088886e14,kum chol kim,chol sam kim,"Korea, North",kp,83.33,REVIEW
0d1d2866-386b-5a8c-8de9-b534f9364050,be02b909-72bb-50f4-afc7-abae88e2d208,kum chol kim,chol nam kim,"Korea, North",,83.33,REVIEW
0d1d2866-386b-5a8c-8de9-b534f9364050,3a3dfc35-72b0-569a-82a6-51179e0d7e1e,kum chol kim,mun chol kim,"Korea, North",kp,83.33,REVIEW
0d1d2866-386b-5a8c-8de9-b534f9364050,17547bf6-7d8b-554a-9a98-f93e9fed0066,kum chol kim,sok chol kim,"Korea, North",kp,83.33,REVIEW
0d1d2866-386b-5a8c-8de9-b534f9364050,9fc6c03b-4ec8-5c86-837b-988c47dae158,kum chol kim,min chol kim,"Korea, North",kp,83.33,REVIEW
c394fac8-0504-562f-861e-71123974b95f,9eddb6a0-baeb-5b5c-b6f2-4b9577c189b7,jae ryong kim,yong ju kim,"Korea, North",kp,83.33,REVIEW
aed6b75b-4fc2-5fec-abf0-625322fc4f37,318d473c-416c-5253-8f6e-2d358011fbdd,chol ha kim,hyok chol kim,"Korea, North",,83.33,REVIEW
4741c842-aa4f-5cb6-9d00-509b4d4be52a,d00fc5c9-78c0-5d13-a35e-28ce581e024f,jong nam kim,jong man kim,"Korea, North",kp,83.33,REVIEW
cc81e615-d493-582e-afc5-946ac6cfb9f5,7bb4c3ef-35ef-52a5-96a5-cca060395539,chol su kim,song chol kim,"Korea, North",kp,83.33,REVIEW
19d89641-666f-5f5d-a65b-d189af5e95fe,2add14ef-ba1f-5d80-9576-91a9e4c232c6,vladimir vladimirovich putin,vladimir vladimirovich poletayev,Russia,ru,83.33,REVIEW
0a20c63b-a3e5-5b97-9a17-2fa6525d1530,7ad426d2-ce91-5baa-955e-f57a41e81aa9,aleksandr vasilyevich bortnikov,aleksandr vasilyevich bogomaz,Russia,ru,83.33,REVIEW
0a20c63b-a3e5-5b97-9a17-2fa6525d1530,e1f1409e-d42e-57de-b891-5d93e19327ec,aleksandr vasilyevich bortnikov,aleksandr vasilyevich tanchev,Russia,ru,83.33,REVIEW
db319bef-0ee7-5055-84fb-65ce22e909e9,bf88ffba-a516-5ebf-b039-96a39aac5a41,abdallah al-swaha,'abdallah al-ashqar,Saudi Arabia,ps,83.33,REVIEW
be95870c-a530-5d64-82da-7bcc1f3e21da,d54ea9cf-dbec-57b4-b052-99b2aa16dcc0,mohamed hamdan dagalo,mohammed hamdan daglo mousa,Sudan,sd,83.33,REVIEW
43b6ef8b-4f1b-57af-8e1a-e1552fdd6344,d72482c5-ddc9-5b1f-b377-a3d91bbc073c,muhammad anjarani,muhammad kawtharani,Syria,lb,83.33,REVIEW
3fdad451-7aa4-5ed8-9436-13a9bc846ceb,3d9763c2-c9ee-567a-8eac-919dd62bcf6f,hamad yusuf masauni,ahmad hasan yusuf,Tanzania,,83.33,REVIEW
9f7f1740-b4dd-5baa-9f5c-0df51713cbf6,f13cbf26-c4c3-59a8-a414-8cc32549d567,sergey viktorovich lavrov,sergey viktorovich ryzhenkov,Russia,ru,83.02,REVIEW
3fc040f1-6bd8-5052-bef4-25addaa3482e,74642816-b167-5d54-acc3-88fdfddcf988,hassan mohamed kamil,mohamad hassan ismail,Djibouti,lb,82.93,REVIEW
0db21a51-a208-5a27-b570-c3ffb7ec8880,ab98fc50-21ff-54d9-ab03-59251f0761b8,nazmi mohammad,mohammad nazzal,Brunei,,82.76,REVIEW
d16e0d4b-8bb9-539f-86fd-10706650658e,e12f19a6-1f4b-5dfe-8384-e28d77ead8f6,miroslav borsos,miroslav bralo,Bulgaria,,82.76,REVIEW
f8456b02-f61a-5605-bac2-3704615c783c,d3c1895b-3e7d-5beb-af74-2039a8bd9773,hamadou mustapha,mustapha chad,Cameroon,td,82.76,REVIEW
994c01ee-6357-5e9f-b788-ce736b5f8844,221ec38e-fbe8-53dc-871f-fe595fc224c7,ahmed osman ali,ahmad iman ali,Djibouti,ke,82.76,REVIEW
c4ba11f4-de20-54b3-b57e-ea71be84c9ed,c9abbd81-607c-5b65-a0af-88f74a8e4cd9,aisha mohammed,mohammed mazhar,Ethiopia,pk,82.76,REVIEW
215fc3a7-2dba-54d1-877b-cdbd40681523,7d5925c3-36b7-555b-ab91-d969cc28db32,ryong hae choe,chol ryong choe,"Korea, North",kp,82.76,REVIEW
a94b2e8e-85d9-507b-a1ca-4de6aa6b733e,ac20c82b-a756-5b8b-b07a-a1aecff7e9bc,kyong chol choe,chun yong choe,"Korea, North",kp,82.76,REVIEW
6d580cd0-246d-59b1-92c3-1232ce7035b2,02767790-0df9-58e3-9dd6-e6040b7f7888,muhammad haidar,faqir muhammad,Lebanon,pk,82.76,REVIEW
a5ade17d-8691-53c9-805d-f2d23b837885,a1352667-92e8-5877-b244-63e39c39d0b7,cristian jardan,cristian diana,Moldova,it,82.76,REVIEW
f6646674-c3ba-529b-8af2-5584b6ee6d51,538be600-e17f-5c41-b7e0-982e49ac38ff,dragan krapovic,dragan lalovic,Montenegro,,82.76,REVIEW
19d89641-666f-5f5d-a65b-d189af5e95fe,4d0c0538-32fd-5e5a-8968-237206896dc7,vladimir vladimirovich putin,vladimir vladimirovich nemtsev,Russia,,82.76,REVIEW
19d89641-666f-5f5d-a65b-d189af5e95fe,e5fc429b-99df-5b3e-91d7-990868714715,vladimir vladimirovich putin,vladimir vladimirovich ezhikov,Russia,ru,82.76,REVIEW
0d6d5874-41b2-56b8-9b81-2aa6901058f7,538be600-e17f-5c41-b7e0-982e49ac38ff,dragan glamocic,dragan lalovic,Serbia,,82.76,REVIEW
4b871fd3-0e86-54f9-b055-6cfe082e8d59,1867f1a3-1864-5656-9b91-b3d19133316a,puot kang chol,kwang chol pyon,South Sudan,kp,82.76,REVIEW
93f38396-d1ec-5818-a7cd-bd96fce10d48,02767790-0df9-58e3-9dd6-e6040b7f7888,muhammad bashir,faqir muhammad,Sudan,pk,82.76,REVIEW
93f38396-d1ec-5818-a7cd-bd96fce10d48,f253e1c8-eb6e-52e5-90ae-7e8f33e16c47,muhammad bashir,muhammad abbas,Sudan,sy,82.76,REVIEW
cd6c171d-c9ca-554f-891b-755908ea691e,199ba999-f889-5bfb-801f-ac08917740b2,aleksandr aleksandrovich kozlov,aleksandr aleksandrovich avdeyev,Russia,ru,82.54,REVIEW
7761ba11-48e5-505e-9dac-b7014646adda,6d006cd1-529e-5936-9121-3d88e650646b,tun aung,aung aung,Burma,,82.35,REVIEW
0d39bb01-068e-53f7-9da1-2b020ccc460d,9598f7e6-3c59-5852-a905-daddac399ea6,jun zhang,yu zhang,China,cn,82.35,REVIEW
f0d138bd-ee5c-52c9-a34f-5124674cac54,c9daa33a-6a20-5d27-b0b7-048ea14371b7,fernando lopez,fernando lopez trejo,El Salvador,mx,82.35,REVIEW
72004bb0-b77a-50ae-bfde-809521de7dbb,0d2aab89-52e7-5356-9873-f9539c5c1830,muhammad al-manfi,muhammad al-hindi,Libya,,82.35,REVIEW
297286df-6b6c-54b4-9946-4b32fef1fe91,0d2aab89-52e7-5356-9873-f9539c5c1830,muhammad al-dabib,muhammad al-hindi,Libya,,82.35,REVIEW
b7c878f1-ff17-5033-8e09-b96f9d59f372,a72cd322-d017-5a0b-958a-1aceaebfe32d,ali naseer mohamed,ali mohamed rage,Maldives,so,82.35,REVIEW
5d69b9ff-8c13-525c-8ffb-9443b3cf4ba6,a34e5021-d3dc-5c91-a71f-1b65274afad8,vladimir jokovic,vladimir kovacevic,Montenegro,,82.35,REVIEW
7577e6ac-6813-5c14-a64b-543cff310d82,6a71f55c-2d8f-5956-8392-5eaf7e58f70c,aleksandr vyacheslavovich kurenkov,aleksandr viacheslavovich sychugov,Russia,ru,82.35,REVIEW
9f7f1740-b4dd-5baa-9f5c-0df51713cbf6,7f56f54c-d8c6-5854-8875-680d7669f72e,sergey viktorovich lavrov,sergey viktorovich chizhov,Russia,ru,82.35,REVIEW
9f7f1740-b4dd-5baa-9f5c-0df51713cbf6,2f4eebeb-0786-51b1-8fe8-0d5f299d4d5c,sergey viktorovich lavrov,sergey viktorovich pitikov,Russia,ru,82.35,REVIEW
9c963486-365d-5453-962d-106a88200583,5fde63ae-f543-5ec4-982c-b3bfe70d74a9,jorge elieser marquez,jorge elieser marquez monsalve,Venezuela,,82.35,REVIEW
f6fc2069-2869-5228-bae4-9e65d297ee4d,ef6a3c7b-99a7-551f-98e1-c3eb6fe4e08b,dmitriy yuriyevich grigorenko,dmitriy yuryevich vasilenko,Russia,ru,82.14,REVIEW
e568e77a-15fe-5f35-aaf1-8cf12515fddf,72f8f519-fbb6-549b-b6d8-3b3a6bb1dac8,nabil mohamed ahmed,mohamed ahmed qahiye,Djibouti,so,82.05,REVIEW
ff2ee93f-46e3-51b1-92de-4567077fe366,b40c5ae2-6ff8-5232-84a7-4be080a8476b,muhammad al-zaydani,muhammad al-sunaydar,Libya,ye,82.05,REVIEW
877cd955-c0a5-5c61-8729-5f05b1eaf4c7,2de51460-70d9-563e-ba09-b47e89a73727,armizan mohamad ali,mohammad ali mirzaei,Malaysia,ir,82.05,REVIEW
ef22287a-c508-5f0b-8ed5-bbbb196f9194,b6e80623-cb37-5086-8ff8-f7ea629d3513,abdul kabir,abdul basir,Afghanistan,af,81.82,REVIEW
31bc6af8-18d2-5a6d-9bd4-d0e4b93151b2,5e3928a5-19b7-5169-8175-78dc446ca768,yixin chen,tianxin chen,China,cn,81.82,REVIEW
0342b279-2b5b-5828-9d1f-85268f760287,d4f1be3c-e5d7-5d86-bcd8-ec840d14719a,abdul hakim al-shibli,abdul hakim al-khaiwani,Jordan,,81.82,REVIEW
f9c11f75-2319-572a-8e2f-c836357552e5,a2cd88a3-e25a-5b1e-8921-c9e13a52648e,jong un kim,yo jong kim,"Korea, North",,81.82,REVIEW
b700b190-27ae-5cb1-941c-0a513750a653,bd3ebc5c-8fa5-5d48-ab43-c0798bd7fb90,yong gil ri,yong il sin,"Korea, North",kp,81.82,REVIEW
cd2e7228-83bc-53ae-9022-290f7f52a37f,27cd710a-4ea3-532d-aa47-f386f832cb57,yo jong kim,jong un kim,"Korea, North",,81.82,REVIEW
0d1d2866-386b-5a8c-8de9-b534f9364050,12e28eae-3413-5c7f-8543-5361d66133d5,kum chol kim,ho kyu kim,"Korea, North",kp,81.82,REVIEW
8cd0c6e3-caab-55c5-94be-0cc31f55b070,290a5a17-12ba-54d3-8934-69e1a8f01234,jong ho yun,jong son ho,"Korea, North",kp,81.82,REVIEW
f266e218-51a4-54b0-83d8-87163465c542,bc455b90-319c-5646-a8e4-14beb107efe6,zoran gajic,zoran zigic,Serbia,,81.82,REVIEW
68a20052-6c90-5fd0-a11a-b364c65321d3,0e7cd1f0-dda3-5163-bf60-8c3b80b1e32f,khaled nouri,hadi nouri,Tunisia,ir,81.82,REVIEW
a6104e7a-2b06-56bb-a83d-fe890acafba1,e69b1e8e-114e-5d75-b470-95e09487a698,khalid muhammad balama,khalil muhammad 'azzam,United Arab Emirates,ps,81.82,REVIEW
67dd0857-175c-5a23-bba8-2dba3f8c8f62,38576d53-b295-59e7-90c2-1cbcff16547d,daniel garwe,saw daniel,Zimbabwe,zm,81.82,REVIEW
268c6fac-f268-5391-9b06-7ccc87cd1e54,041a9a88-c449-5484-b7ec-37e6ac07a62a,oscar mojica obregon,oscar salvador mojica obregon,Nicaragua,ni,81.63,REVIEW
14820d55-8872-54e8-8f76-e8a831a2e2d9,3488d52e-184d-5f7b-80b6-2a2c4b75f028,wendy morales urbina,wendy carolina morales urbina,Nicaragua,ni,81.63,REVIEW
0db21a51-a208-5a27-b570-c3ffb7ec8880,7c6c9a2d-969b-5a2f-b4b0-a1bee9d26e8f,nazmi mohammad,mohammad wali,Brunei,,81.48,REVIEW
851ff5bf-2639-5d46-98e6-3a421b5c7c22,ebf75025-d523-596a-bfe6-238142602a8f,ibrahim traore,ibrahim taher,Burkina Faso,lb,81.48,REVIEW
d6349380-567c-5b96-abf4-ddcd3faa1f5a,ea94ea94-8ff4-50f5-9f95-b89370a17a71,khin maung soe,khin maung yi,Burma,zm,81.48,REVIEW
9d54415d-7bd7-5fd1-a802-831857a8bde0,8c14a324-a725-588f-ab07-0cdb0543a4a6,khin maung yi,khin maung swe,Burma,zm,81.48,REVIEW
9d54415d-7bd7-5fd1-a802-831857a8bde0,767511b4-cd47-587c-888a-eaa38c4ae8cc,khin maung yi,khin maung soe,Burma,,81.48,REVIEW
c9f9dd2c-96d5-524e-b096-94ba08721700,bd77ca51-03ae-512d-839b-619fba8b20a1,muhammad zaki,muhammad qasir,Egypt,,81.48,REVIEW
1b902301-b4ae-5ed0-b561-444cbf18d6a2,b1587c8c-74fa-5e9f-858d-adfa6099a72e,laurent nunez,laurent nkunda,France,,81.48,REVIEW
77fec094-dd0f-569f-a87a-6572119adad0,cab5605a-71fa-57bf-97a2-2aaabf0008e0,mohamed dabo,mohamed lahbous,Guinea,ml,81.48,REVIEW
3b010830-4c7f-51c8-b05c-d12a854b19eb,bbd84618-6841-5316-af05-1a1d7956f37a,mohammad atabak,baz mohammad,Iran,af,81.48,REVIEW
3b010830-4c7f-51c8-b05c-d12a854b19eb,0d4898c4-7d4a-55e2-bf2d-f65f4d181a23,mohammad atabak,baz mohammad,Iran,,81.48,REVIEW
cdfd7c52-2fa6-55f8-baff-cfe317ebcbc0,d60ef154-2460-5a93-9c51-6b27f06351a2,falih al-sari,salih al-aruri,Iraq,,81.48,REVIEW
277b79f8-2ac4-5584-9f5d-955980bfc4c6,141fe1d7-62eb-52b2-bbcb-b87866e907c6,chang uk wang,wang ken huang,"Korea, North",tw,81.48,REVIEW
e28ecbaf-3233-5e7f-aed6-d0721c8b3bc9,d50b4d18-392f-5bcf-8d88-16f8066eeaad,jong gyu sung,sung hyok jong,"Korea, North",kp,81.48,REVIEW
3fb152be-1f78-5bf9-aa97-cbaa07844038,9e35ac25-86f8-5492-92db-d5253cc3f08d,sung chan kim,pyong chan kim,"Korea, North",,81.48,REVIEW
257b7973-9bb2-564f-b8c5-1a55c239efc9,7bb4c3ef-35ef-52a5-96a5-cca060395539,chung song kim,song chol kim,"Korea, North",kp,81.48,REVIEW
a94b2e8e-85d9-507b-a1ca-4de6aa6b733e,f46b91e1-d7a0-59a1-b231-26c7c4c19d88,kyong chol choe,yong chol ho,"Korea, North",kp,81.48,REVIEW
2992c062-eb4d-5f44-be4b-d0bca30b2249,e6e37ccb-995b-51d2-ac0d-bc1865a412ec,ahmad abdullah,amir abdullah,Kuwait,,81.48,REVIEW
2992c062-eb4d-5f44-be4b-d0bca30b2249,38ada9e7-2987-5c3c-87a6-49f069ef61fb,ahmad abdullah,mian abdullah,Kuwait,,81.48,REVIEW
d20da13a-5329-5e8a-992a-0d941f901075,576750a6-7af1-540d-87d6-526b659dfbd6,muhammad said,muhammad sarur,Libya,,81.48,REVIEW
d20da13a-5329-5e8a-992a-0d941f901075,bd77ca51-03ae-512d-839b-619fba8b20a1,muhammad said,muhammad qasir,Libya,,81.48,REVIEW
9904a590-f06a-5545-9288-13a6b91ad936,ebf75025-d523-596a-bfe6-238142602a8f,thoriq ibrahim,ibrahim taher,Maldives,lb,81.48,REVIEW
151f7c69-018e-5415-a4f3-dec4847a0cbb,1063c7e3-70eb-5930-9681-33e3faa88826,mohamed saeed,muhammad saeed,Maldives,pk,81.48,REVIEW
df1fd7d2-8a3c-5608-b8f7-e89a90550c7d,ebf75025-d523-596a-bfe6-238142602a8f,ibrahim waheed,ibrahim taher,Maldives,lb,81.48,REVIEW
ec4d69fd-f10c-5b5c-a037-b6412d4a9af4,1deeacc6-fe97-5737-b8a4-05bf51a54b8d,mario centeno,mario caterino,Portugal,,81.48,REVIEW
4b871fd3-0e86-54f9-b055-6cfe082e8d59,1e7bc14e-c510-5c41-9b16-8d2bc69ef3da,puot kang chol,kwang chol ro,South Sudan,kp,81.48,REVIEW
f0b66f71-01d9-5c51-b9b6-9f9755117404,576750a6-7af1-540d-87d6-526b659dfbd6,muhammad skaf,muhammad sarur,Syria,,81.48,REVIEW
f0b66f71-01d9-5c51-b9b6-9f9755117404,1063c7e3-70eb-5930-9681-33e3faa88826,muhammad skaf,muhammad saeed,Syria,pk,81.48,REVIEW
f1c1473e-dffb-50fd-bbb3-0f32ea88747d,3b376dfb-779b-5692-a674-60c7fc008917,rashad muhammad al-alimi,amir rashid muhammad al-ubaidi,Yemen,iq,81.48,REVIEW
19d89641-666f-5f5d-a65b-d189af5e95fe,ed9e49be-041c-5c25-91bb-b39eda2f661e,vladimir vladimirovich putin,vladimir vladimirovich chudakov,Russia,by,81.36,REVIEW
19d89641-666f-5f5d-a65b-d189af5e95fe,fab7f16a-f1da-521a-a779-a945bbff87c9,vladimir vladimirovich putin,vladimir vladimirovich artyakov,Russia,ru,81.36,REVIEW
48b2c6ec-0530-5ecc-8823-4708105b688a,a1f5c6de-83f8-5bc9-8662-c59ece820211,noor mohammad saqib,mohammad noor,Afghanistan,,81.25,REVIEW
f57ff2a3-e8df-593b-9e2b-a887dc3b6f48,1819c249-40b1-5db4-96e3-02c21ff334ca,amin-hosein rahimi,hossein rahimi,Iran,ir,81.25,REVIEW
89255f10-fc18-5689-9a22-4c759c323524,2e321339-8992-5b86-aa61-d23b97409b42,ibrahim al-badur,ibrahim al-banna,Jordan,eg,81.25,REVIEW
0b0c2896-86b9-500e-91fb-ac24d0550bf9,9c6797e2-7cb9-503d-ba38-9d00a2c36178,halimah ibrahim,ibrahim ali daher,Libya,lb,81.25,REVIEW
c078f534-6871-5142-b5e6-afb51e613971,743389e1-deb3-5481-9951-f956bbf37164,mohamad hasan,mohamad hasan wehbe,Malaysia,lb,81.25,REVIEW
08760fca-9e7a-5b85-9c67-ffbba9ffa040,58cb3eae-dd59-507c-a55e-6558e03b9fce,ahmad al-khulayfi,ahmad al-khatib,Saudi Arabia,eg,81.25,REVIEW
5abf55de-949e-5cd5-8ac3-3b98b2364a55,2e321339-8992-5b86-aa61-d23b97409b42,ibrahim al-assaf,ibrahim al-banna,Saudi Arabia,eg,81.25,REVIEW
c2369b0c-9fa5-5e0b-a144-0128a0d33c6e,f253e1c8-eb6e-52e5-90ae-7e8f33e16c47,muhammad al-bashir,muhammad abbas,Syria,sy,81.25,REVIEW
7577e6ac-6813-5c14-a64b-543cff310d82,2093cc87-40e0-5bdd-b22b-43cee6eb61a6,aleksandr vyacheslavovich kurenkov,alexander vyacheslavovich noviukhov,Russia,ru,81.16,REVIEW
a495a41e-42b8-5b8f-8e1b-b26fcd67f096,2439844c-6a76-55d5-aea3-67c84de3d1f2,abdelkader jellaoui,abdelkader laagoub,Algeria,ma,81.08,REVIEW
7ca666d5-ef17-58e0-921f-386760dae330,fd1b343c-2000-5eef-9185-f83d040b6431,maman abdurrahman,abdurrahman ado musa,Indonesia,ng,81.08,REVIEW
3b010830-4c7f-51c8-b05c-d12a854b19eb,5f08e0e6-0830-5fa4-87d1-60568c67040d,mohammad atabak,seyyed mohammad atabak,Iran,ir,81.08,REVIEW
72004bb0-b77a-50ae-bfde-809521de7dbb,2aeab189-20f3-533b-9607-b855852a575e,muhammad al-manfi,muhammad al-ghorayfi,Libya,ir,81.08,REVIEW
877cd955-c0a5-5c61-8729-5f05b1eaf4c7,2f4c87b0-a715-5497-a852-abcb67ee4ad0,armizan mohamad ali,ali muhammad kazan,Malaysia,,81.08,REVIEW
877cd955-c0a5-5c61-8729-5f05b1eaf4c7,4775ae62-a448-52ed-bec2-138e53a72aeb,armizan mohamad ali,ali mohamad karnib,Malaysia,lb,81.08,REVIEW
7578ccc2-ed0a-533d-a9e2-3dca8892a23b,a6c385a2-a585-5bc9-8900-f1f1fa0de7b5,muhammad ishaq dar,muhammad harris dar,Pakistan,,81.08,REVIEW
225b387b-6c9c-565d-acc8-2f001dd4c615,9fd843fe-6779-5808-af72-19523b7dded4,syed mustafa kamal,sayyed kamal musavi,Pakistan,,81.08,REVIEW
fc726116-daf6-51fb-8807-341d8d0ce68d,b40c5ae2-6ff8-5232-84a7-4be080a8476b,muhammad al-jadan,muhammad al-sunaydar,Saudi Arabia,ye,81.08,REVIEW
0fae46ef-f7b8-5c78-800f-923f94b34cb2,cf9bcb9f-16d9-54fc-864e-95a75b6df554,muhammad al-zaouri,muhammad al-ghazali,Yemen,ye,81.08,REVIEW
02503936-2cfd-5f9c-8656-016b9cd9a5ed,d0b2d3e3-6cb0-5397-9d0a-4d18d3d5e6ac,ibrahim kalil konate,ibrahim mohamed khalil,Cote d'Ivoire,sy,80.95,REVIEW
e99a93cd-d651-54c7-9cfb-47b31d79bd9e,2bf5bf20-fcd4-54f5-ac78-44b69e348d79,abd-al-munim salih,abd al-munim ahmad salih,Libya,,80.95,REVIEW
c3bbe851-9ce5-554f-ada1-dce8062fef6f,e21c51d5-6d18-5920-aeba-a6e136a341b3,muhammad hassan dahab,muhammad hasan hamieh,Sudan,lb,80.95,REVIEW
847d41c7-d0a3-5204-9c5e-bb27b8ef4262,e5a68f35-cb52-5f59-b9ba-a723aae3a50f,juan carlos vega malo,juan carlos ortega murillo,Ecuador,ni,80.85,REVIEW
847d41c7-d0a3-5204-9c5e-bb27b8ef4262,206a73eb-b9b6-53e2-ba63-992ce87611d1,juan carlos vega malo,juan carlos villegas loera,Ecuador,,80.85,REVIEW
6b7a9963-22df-5882-9a1a-45169decc49e,534c253f-9a46-5a37-a1ce-5445560d67e3,oksana nikolayevna lut,oksana nikolayevna fadina,Russia,ru,80.85,REVIEW
491fcb31-4c85-5571-89fd-5de45b321fdd,f058f65d-df10-5f60-bae3-68123305e1ac,rosa icela rodriguez velazquez,ruth cecilia velasquez rodriguez,Mexico,co,80.65,REVIEW
f21fad05-0e28-5492-a4e5-4ca30560fe5c,7f41da94-142b-5bcb-b4f9-9e23f371d3f0,vladimir aleksandrovich kolokoltsev,vladimir aleksandrovich bespalov,Russia,ru,80.6,REVIEW
23a3c546-d5b6-539c-bc5a-6937b3111c12,76db7944-70db-5799-9097-19558243b068,abdul hakim sharai,abdul hakim murad,Afghanistan,pk,80.0,REVIEW
505bfc47-dc10-5cb8-a9fb-b8b04e6cbae4,2a70a36f-004c-57cf-a2a7-bd5ae56f7a87,mohammad khalid,mohammad kazemi,Afghanistan,ir,80.0,REVIEW
505bfc47-dc10-5cb8-a9fb-b8b04e6cbae4,53db54cd-4f72-57ec-978d-378520d1417f,mohammad khalid,mohammad hejazi,Afghanistan,ir,80.0,REVIEW
505bfc47-dc10-5cb8-a9fb-b8b04e6cbae4,7216e8e2-b480-55a7-8d14-40f8d0e2c42e,mohammad khalid,mohammad karami,Afghanistan,ir,80.0,REVIEW
029378d2-26cc-506a-8c6d-10b81faf4cf1,fc517191-67da-5e4b-87cf-0210d7fa156a,kamel bidari,kamel darraji,Algeria,tn,80.0,REVIEW
353eedcc-2ffb-5352-b6af-806348a119eb,971fb4b9-ba28-52fa-871a-346865fa318e,muhammad imran,kayiira muhammad,Bangladesh,ug,80.0,REVIEW
353eedcc-2ffb-5352-b6af-806348a119eb,46b0bcdf-1675-5979-8a28-8da225b6efb8,muhammad imran,muhammad ibrahim,Bangladesh,sy,80.0,REVIEW
b99820e0-0d65-5e7b-88fd-0062889e7aff,66638cd7-20c0-5a71-b22c-69ed1e58c630,zeljko komsic,zeljko bojic,Bosnia and Herzegovina,rs,80.0,REVIEW
40d741c9-456a-5a8c-9a04-618bfaf79267,ceb3204d-198c-575f-9e43-f0cfba38f11b,tin maung swe,tin aung san,Burma,,80.0,REVIEW
1e68a075-f6b8-5fef-9e9c-20ba346d9a35,a0340dc0-59ba-593d-83ff-5d2f53241d5c,maung myint,tun aung myint,Burma,,80.0,REVIEW
1e68a075-f6b8-5fef-9e9c-20ba346d9a35,57ce63d0-674a-59b4-b953-b5fd5ef70c7f,maung myint,aung moe myint,Burma,zm,80.0,REVIEW
1e68a075-f6b8-5fef-9e9c-20ba346d9a35,342c9684-a188-5edd-ba71-48dff268aab7,maung myint,aung mar myint,Burma,zm,80.0,REVIEW
8bfebf3d-d2e1-51f2-80ad-b9825a093331,e15e6fa4-1592-5209-9a86-10377c22185d,thida oo,than oo,Burma,,80.0,REVIEW
cdd8b352-c89d-507f-b19d-8850b50d0595,3d044ab6-65cb-5c8d-a6ce-c93d4bd7e41b,soe win,sein win,Burma,,80.0,REVIEW
008aaf2d-2548-5b87-952e-af012acbdc52,38576d53-b295-59e7-90c2-1cbcff16547d,daniel mas,saw daniel,Chile,zm,80.0,REVIEW
e59f0f47-31d3-5f4e-9c53-9497d721689e,ef863950-c76d-5053-8837-7f75c7650d8b,zheng han,yanni zheng,China,cn,80.0,REVIEW
e8c85c3d-0899-5937-9bd9-7e70e0e88f6b,2c461536-e085-5bb0-8fca-5b089449a92e,qiang li,ying li,China,cn,80.0,REVIEW
b1e8fa6a-74df-5255-b8ad-f513f8e32ee6,1b4dba1b-e3a0-52f5-a13b-d6d67d37a321,yeli sun,wei sun,China,,80.0,REVIEW
2891b067-2f42-5459-8621-53511cfea482,03aee108-04a0-567c-b869-f6ef489f2fa4,hong ni,hong qiu,China,,80.0,REVIEW
022bbb79-8d51-54ec-abfd-0b23f4be3553,1ae86cf9-ccf8-564c-9c94-cfed5b941089,gustavo petro urrego,gustavo francisco petro urrego,Colombia,co,80.0,REVIEW
473e59b9-1af0-5b02-8e2a-f8800f4b65b2,c7b3a461-22d5-55b3-960d-563ebb778d0c,daniel rojas,daniel perez rojas,Colombia,mx,80.0,REVIEW
473e59b9-1af0-5b02-8e2a-f8800f4b65b2,be30c893-c359-50e2-8b51-59d5aa2f3e23,daniel rojas,daniel frosch,Colombia,,80.0,REVIEW
994c01ee-6357-5e9f-b788-ce736b5f8844,d5864712-e474-541e-bfff-6ed513b19169,ahmed osman ali,ahmed ali saleh,Djibouti,ye,80.0,REVIEW
2ffd8bc1-fe98-554f-bfb8-3031ef9940be,dcf232fc-16a6-560e-b674-ed50f4d8f1af,mohamed maait,mohamed mire,Egypt,so,80.0,REVIEW
ee644515-964b-5ec6-8b0f-0bdf01c20c99,6a733ca7-2c88-5c54-aca5-e9725e61d821,bertrand sinal,bertrand bisimwa,Haiti,cd,80.0,REVIEW
486633c7-d65d-579c-a85e-bd4fb32cc714,2a70a36f-004c-57cf-a2a7-bd5ae56f7a87,mohammad eslami,mohammad kazemi,Iran,ir,80.0,REVIEW
486633c7-d65d-579c-a85e-bd4fb32cc714,53db54cd-4f72-57ec-978d-378520d1417f,mohammad eslami,mohammad hejazi,Iran,ir,80.0,REVIEW
486633c7-d65d-579c-a85e-bd4fb32cc714,a8f81007-08b3-5db4-8e8c-f6ba5d8e8a4d,mohammad eslami,mohammad asgari,Iran,ir,80.0,REVIEW
486633c7-d65d-579c-a85e-bd4fb32cc714,7216e8e2-b480-55a7-8d14-40f8d0e2c42e,mohammad eslami,mohammad karami,Iran,ir,80.0,REVIEW
e91b66bd-423a-5eda-98ed-290a3b48d3b3,75c7597c-f25e-5386-b025-d789bc680245,esmail khatib,esmail ghani,Iran,,80.0,REVIEW
89abf349-1f32-532b-91d9-d10d0ef65511,0d2aab89-52e7-5356-9873-f9539c5c1830,muhammad al-momani,muhammad al-hindi,Jordan,,80.0,REVIEW
4a19256d-6939-57ce-8382-7eb6928ad8dd,a54486f9-bca7-5cd3-967d-82418e88d91e,yong won jo,yong ho o,"Korea, North",kp,80.0,REVIEW
016b063f-7385-5c67-abd3-c36f628d8705,93bbb94d-7571-5e6e-84d0-b12b0f27b292,o su yong,yong su kim,"Korea, North",kp,80.0,REVIEW
db80e495-6578-5cc9-8b23-b56d2587e7a3,118a1ba5-17c3-5ef9-b6da-2b5c86ddb3a2,song nam kim,song kim,"Korea, North",kp,80.0,REVIEW
db80e495-6578-5cc9-8b23-b56d2587e7a3,ea40305e-63ea-5a3c-992f-c3a21b386cb5,song nam kim,song nam kang,"Korea, North",,80.0,REVIEW
f244bdca-f3a8-5d54-9b1b-cc2e39bc638f,86f78ac3-c178-5fef-8754-9e7ec6d5010b,yong hwan kim,song hun kim,"Korea, North",kp,80.0,REVIEW
0dfb6602-2cb9-593e-9549-4b97c0d28e5c,3a3dfc35-72b0-569a-82a6-51179e0d7e1e,chol mun,mun chol kim,"Korea, North",kp,80.0,REVIEW
0dfb6602-2cb9-593e-9549-4b97c0d28e5c,68d55cae-ab6e-5083-9a53-c6ae3cc2bc4b,chol mun,chol ung nam,"Korea, North",kp,80.0,REVIEW
ee714e14-ed52-53c9-a0f3-0a0fb01c9e2c,409f605a-c08e-52a3-ab92-1b951394bad3,jong gun pak,jong chon pak,"Korea, North",kp,80.0,REVIEW
c7a1b474-a0ab-5df4-8d68-f47f5b403fdb,f46b91e1-d7a0-59a1-b231-26c7c4c19d88,hyon chol jon,yong chol ho,"Korea, North",kp,80.0,REVIEW
c7a1b474-a0ab-5df4-8d68-f47f5b403fdb,255af80c-23aa-5e30-812f-dde7dff45ed7,hyon chol jon,in chol jong,"Korea, North",kp,80.0,REVIEW
c85a2ab4-d135-57bf-bdbc-dae1667811ef,060a5ee9-42b0-5da9-b674-0ce79a0723fd,sung guk jon,myong guk jon,"Korea, North",,80.0,REVIEW
77116887-2b70-5a73-8d86-b89f28be0dc9,bf3c0770-67c1-5ebe-beb7-e1f150d76454,chol gyu ju,chol u yu,"Korea, North",,80.0,REVIEW
0d1d2866-386b-5a8c-8de9-b534f9364050,fd349e6a-2425-5c4d-bb65-d6cb47a63ebf,kum chol kim,chol kim,"Korea, North",,80.0,REVIEW
d7a9ae79-3c5e-52ad-8495-75f9a6443701,290a5a17-12ba-54d3-8934-69e1a8f01234,sok ho jo,jong son ho,"Korea, North",kp,80.0,REVIEW
3aea3e76-cdbe-5543-8f1e-79e51652cf89,317983e5-097d-5c89-8458-35268be76109,hak chol jon,chol hak kang,"Korea, North",kp,80.0,REVIEW
8cd0c6e3-caab-55c5-94be-0cc31f55b070,d50b4d18-392f-5bcf-8d88-16f8066eeaad,jong ho yun,sung hyok jong,"Korea, North",kp,80.0,REVIEW
3fb152be-1f78-5bf9-aa97-cbaa07844038,86f78ac3-c178-5fef-8754-9e7ec6d5010b,sung chan kim,song hun kim,"Korea, North",kp,80.0,REVIEW
f3c08208-2b98-5df7-80e3-d940f854096e,1d19abb8-c0ce-5200-9d7a-6ead2282d591,yong il ju,su yong ri,"Korea, North",kp,80.0,REVIEW
077959aa-ee52-5a90-a839-8c3e1ce4feca,87261b3b-752a-55f6-bf56-a32e634d2725,kum song jin,myong jin kim,"Korea, North",kp,80.0,REVIEW
47ad2603-a5d2-5b3c-b035-391c6c9fadf7,118a1ba5-17c3-5ef9-b6da-2b5c86ddb3a2,song jun kim,song kim,"Korea, North",kp,80.0,REVIEW
47ad2603-a5d2-5b3c-b035-391c6c9fadf7,87261b3b-752a-55f6-bf56-a32e634d2725,song jun kim,myong jin kim,"Korea, North",kp,80.0,REVIEW
c4e8dab2-3721-51a6-ae63-1e0a6c2721d6,17547bf6-7d8b-554a-9a98-f93e9fed0066,chang sok kim,sok chol kim,"Korea, North",kp,80.0,REVIEW
cc81e615-d493-582e-afc5-946ac6cfb9f5,b12bfb7b-7ecf-5b52-be8f-f18b38e15c8d,chol su kim,su il kim,"Korea, North",,80.0,REVIEW
a94b2e8e-85d9-507b-a1ca-4de6aa6b733e,b7d75d20-00cf-59de-81a7-62845dea0474,kyong chol choe,myong hyon choe,"Korea, North",kp,80.0,REVIEW
3f5caa9c-1967-511d-a235-da7d3d2c5422,317983e5-097d-5c89-8458-35268be76109,chol gu kang,chol hak kang,"Korea, North",kp,80.0,REVIEW
229631a1-a4f8-56d3-a528-bcc22873590c,2afb9540-5165-5ac6-82af-d9d07cb77476,song hak chae,hwa song pak,"Korea, North",kp,80.0,REVIEW
8a4561d5-6e38-5ae7-894b-48966e7707a5,87261b3b-752a-55f6-bf56-a32e634d2725,sung jin kim,myong jin kim,"Korea, North",kp,80.0,REVIEW
cc616297-3e2c-5035-bb7f-1fdb127363a5,86f78ac3-c178-5fef-8754-9e7ec6d5010b,song kim,song hun kim,"Korea, North",kp,80.0,REVIEW
e3fffdf9-96bc-5c43-b16a-8ceeb84de4a5,3994612e-996b-596c-91b7-90cd5320c49c,young-hoon kim,tong-ho kim,"Korea, South",kp,80.0,REVIEW
90a27d3f-6f13-5d1c-acc0-a6f4059ad87c,d3f744d7-ac1b-5ce5-a030-51012669ab0d,sung-whan kim,su-kwang kim,"Korea, South",,80.0,REVIEW
2992c062-eb4d-5f44-be4b-d0bca30b2249,c8d8a083-8725-5fe4-9dd3-0983d0bdf14a,ahmad abdullah,abdullah mujahid,Kuwait,,80.0,REVIEW
4a82bb26-89d2-5f89-af57-d94ae60338fc,4a37330a-ad74-5263-bcef-d6d4186df402,yusuf raji,yusuf aasi,Lebanon,,80.0,REVIEW
716dd8bc-4a5b-541a-9582-e6fa17d4c6bf,cf9bcb9f-16d9-54fc-864e-95a75b6df554,muhammad al-ghuj,muhammad al-ghazali,Libya,ye,80.0,REVIEW
297286df-6b6c-54b4-9946-4b32fef1fe91,c721b0df-70eb-5774-aaff-89a63f56fac1,muhammad al-dabib,mohammad al-otaibi,Libya,sa,80.0,REVIEW
382f60c2-bbde-526d-afdb-cda906ceb80e,c5db0d05-a7a3-590b-8102-9596a48f2611,wafa al-kilani,rayan al-kildani,Libya,iq,80.0,REVIEW
f8f2dc3f-9440-538f-8f96-037f86795977,c56798b8-1a7e-57e5-b764-a87dda221bcd,ali ihusaan,usama ali,Maldives,ps,80.0,REVIEW
aa56f7cd-8124-55bc-8dcd-de6ced13604a,dcf232fc-16a6-560e-b674-ed50f4d8f1af,mohamed ameen,mohamed mire,Maldives,so,80.0,REVIEW
e4b7b6b6-5646-58c5-b575-546a5abccf5e,c2f878da-dfb6-5f36-aed0-582dced26897,mohammed vi,mohammed qasim,Morocco,,80.0,REVIEW
6046968c-e545-51c3-86b4-189369b5e8c1,dd998935-59db-59aa-8dd8-6f43469d0586,amadou haoua,amadou kouffa,Niger,ml,80.0,REVIEW
ad34ca9f-0fca-5de9-920b-76bd91664d97,4d156584-df3b-5991-b1ff-b5226f8ff035,zoran sapuric,zoran petric,North Macedonia,,80.0,REVIEW
60379f20-f448-58bf-96e0-635c21e27f03,51af41cb-21f5-55d3-bced-6a8908c5364e,ahmed al-musalmi,ahmad al-shami,Oman,,80.0,REVIEW
bdbf6c01-27bc-5ab7-a23f-6c45a20af934,f253e1c8-eb6e-52e5-90ae-7e8f33e16c47,muhammad hanif abbasi,muhammad abbas,Pakistan,sy,80.0,REVIEW
fc84a78f-a672-5959-8501-faffd9dfa7f5,206a73eb-b9b6-53e2-ba63-992ce87611d1,juan carlos orillac,juan carlos villegas loera,Panama,,80.0,REVIEW
41c3835d-6e03-5d1f-afb0-428b27f1c200,c0a9fe8e-890c-5eba-8909-ae2ca0b3082c,mohammed,mohammed nur,Qatar,ng,80.0,REVIEW
42defa76-8f86-50dd-aa3e-996fc951a68e,4c574780-5607-5fd0-90b6-9b8affabfefb,tatyana alekseyevna golikova,tatyana alekseyevna kusayko,Russia,ru,80.0,REVIEW
7577e6ac-6813-5c14-a64b-543cff310d82,f972a973-2a9a-5e4a-96a5-bafe6d56a72c,aleksandr vyacheslavovich kurenkov,alexander vyacheslavovich demin,Russia,ru,80.0,REVIEW
baf13575-cd11-5c0c-ae96-f537015d05c2,ca863378-76eb-5c0f-b699-b779ea83f165,aleksey olegovich chekunkov,aleksey nikolaevich chumakov,Russia,,80.0,REVIEW
2bf83e07-5387-5987-9333-0a44ebdc0a8f,eab05bde-586f-53e1-8854-b8316d56f33a,sergey sergeyevich kravtsov,sergey sergeyevich alekseyev,Russia,ru,80.0,REVIEW
f21fad05-0e28-5492-a4e5-4ca30560fe5c,bfe53839-4a33-525f-905e-ff955046629c,vladimir aleksandrovich kolokoltsev,vladimir aleksandrovich ivanov,Russia,ru,80.0,REVIEW
0a20c63b-a3e5-5b97-9a17-2fa6525d1530,bdd848bf-8c88-5bef-a3d7-a2bec6fc9b13,aleksandr vasilyevich bortnikov,aleksandr valeryevich potapov,Russia,ru,80.0,REVIEW
fc726116-daf6-51fb-8807-341d8d0ce68d,2f4c87b0-a715-5497-a852-abcb67ee4ad0,muhammad al-jadan,ali muhammad kazan,Saudi Arabia,,80.0,REVIEW
9ca93479-0cea-5736-a02d-90775991ebc1,a3a04197-e5bb-5e12-b36a-7be0d00f969c,khalid bin abd al-rahman al-isa,khalid abd al-rahman hamd al-fawaz,Saudi Arabia,sa,80.0,REVIEW
5abf55de-949e-5cd5-8ac3-3b98b2364a55,1c881718-6921-508f-94f8-5ede1fc32c14,ibrahim al-assaf,ibrahim al-moussawi,Saudi Arabia,lb,80.0,REVIEW
567db692-8be9-5a90-b73f-f61db3fa866d,9f155f2b-eaf7-51fe-8216-80ab1dfa4deb,kim yong gan,kyong hak kim,Singapore,kp,80.0,REVIEW
567db692-8be9-5a90-b73f-f61db3fa866d,87261b3b-752a-55f6-bf56-a32e634d2725,kim yong gan,myong jin kim,Singapore,kp,80.0,REVIEW
1f73df7f-690d-505b-a1a2-f2bc1c2228b8,1b7a29a5-f38c-5428-b90b-751fc80c300f,yusuf mohamed adan,abdiweli mohamed yusuf,Somalia,so,80.0,REVIEW
eedd9de3-df3c-5564-a608-c8eb6ac024a3,791140db-b397-5089-abea-4ec3eaf33ceb,ali al-sadiq,ali al-sha'ir,Sudan,,80.0,REVIEW
6f8d3b0a-45bb-5b76-a210-ac13674d0b7b,46b0bcdf-1675-5979-8a28-8da225b6efb8,haitham muhammad ibrahim,muhammad ibrahim,Sudan,sy,80.0,REVIEW
5ec1e0a5-433c-5bf7-8b06-84debf49cce3,24a07ff0-90df-54ad-82a7-04f668c60e4f,hafiz ibrahim,ibrahim aqil,Sudan,lb,80.0,REVIEW
93f38396-d1ec-5818-a7cd-bd96fce10d48,530d6991-18a1-58b0-aedb-12fe5e1ba066,muhammad bashir,muhammad hamsho,Sudan,sy,80.0,REVIEW
c2369b0c-9fa5-5e0b-a144-0128a0d33c6e,0d2aab89-52e7-5356-9873-f9539c5c1830,muhammad al-bashir,muhammad al-hindi,Syria,,80.0,REVIEW
27a606e9-3d1c-5090-87b0-7ed4ad4c2229,14e2b55b-36db-52f5-9dc9-6fc509c6aa40,hussein ali mwinyi,mazen ali hussein,Tanzania,iq,80.0,REVIEW
457dfe54-9420-5119-87a8-a21ea032e7d0,44b08c70-cbcd-5b9c-8bbb-f296a9d98cd9,ahmad belhoul,ahmad ballul,United Arab Emirates,sy,80.0,REVIEW
8cb8bc43-f17b-5c0d-8fe9-2d13d31546f2,4eb30dd0-e9c8-51bf-bc62-fc4d7bf7f843,alyaksandr lukashenka,alyaksandr ryhorovich lukashenka,Belarus,by,79.25,REVIEW
2bf83e07-5387-5987-9333-0a44ebdc0a8f,897d4f6e-ecb7-5cc1-87d4-54a89d8642c7,sergey sergeyevich kravtsov,sergey sergeevich kravtsov,Russia,ru,79.25,REVIEW
9f7f1740-b4dd-5baa-9f5c-0df51713cbf6,7df614da-0a73-5110-acb7-fcaf6b80e7c8,sergey viktorovich lavrov,sergey viktorovich kalashnik,Russia,ru,79.25,REVIEW
ed18924e-5c9b-5e5b-803d-27f2be535e3b,781f5af5-5d9a-50b2-9612-79934b406d90,anton olegovich kotyakov,igor olegovich kostyukov,Russia,,79.17,REVIEW
efd0110e-aa67-5e16-8d24-70ed37d57d84,49cdd224-eace-526b-b56a-a6c1df139ddf,diosdado cabello rondon,jose david cabello rondon,Venezuela,,79.17,REVIEW
b55acad7-333d-594f-8696-86c970fab4f8,beec7640-bc85-5529-98b7-8db713ac42cb,youssoufa mohamed ali,liibaan yousuf mohamed,Comoros,so,79.07,REVIEW
b55acad7-333d-594f-8696-86c970fab4f8,0d28db77-1acc-5075-b46b-c815209f84cf,youssoufa mohamed ali,mohamed mire ali yusuf,Comoros,so,79.07,REVIEW
b55acad7-333d-594f-8696-86c970fab4f8,1b7a29a5-f38c-5428-b90b-751fc80c300f,youssoufa mohamed ali,abdiweli mohamed yusuf,Comoros,so,79.07,REVIEW
d9f564c6-2ce8-5b6c-8ef7-f68bc4718fd6,45a535c9-96af-54ac-b22b-6ec2fc67b6e9,mohamed ahmed awaleh,mohammed ahmed al-dawla,Djibouti,ye,79.07,REVIEW
ede10d47-1dc0-591b-a561-e286797d055d,47d82e5a-4c84-52ee-97d9-6a72e06da980,muhammad nuri karbuli,ali muhammad abu turab,Iraq,pk,79.07,REVIEW
ba85892a-2410-57a7-8218-715f1e6d6cfb,b13dea38-305a-5902-968d-6674a2bb5354,muhammad abdallah,muhammad 'abdallah al-amin,Kuwait,lb,79.07,REVIEW
93331f90-284e-50df-8f23-16e75e367623,9e31f9cc-5f13-596b-b4d4-a947b423ba85,khalifa ahmed khalifa,ahmed khalfan ghailani,Sudan,,79.07,REVIEW
4e5c20f5-e429-5d7c-9cb7-3243fc5a64ce,dfc419c9-6a67-55b1-9fc1-5b656a612805,jose luis guterres,jose luis gutierrez ochoa,Timor-Leste,mx,79.07,REVIEW
4e5c20f5-e429-5d7c-9cb7-3243fc5a64ce,2c36177a-3e87-5e33-a4ed-ad9721770c1c,jose luis guterres,jose luis gutierrez parra,Timor-Leste,ve,79.07,REVIEW
b52b2801-6f97-5c31-bb7c-ee616e85b5b9,802cc3b8-f9bd-5ecb-88c5-183893512a75,salem abdullah al-soqotri,ali abdullah saleh,Yemen,ye,79.07,REVIEW
1a8f313c-00cf-566a-a5e5-16a23c87195d,fc4b0795-746d-548b-98cc-19869fe4a4f1,mohammad-reza aref,mohammad reza ansari,Iran,ir,78.95,REVIEW
1a8f313c-00cf-566a-a5e5-16a23c87195d,72b05d3b-baf3-5c54-8ba2-9befe93c04f0,mohammad-reza aref,mohammad reza kazemi,Iran,ir,78.95,REVIEW
89abf349-1f32-532b-91d9-d10d0ef65511,2aeab189-20f3-533b-9607-b855852a575e,muhammad al-momani,muhammad al-ghorayfi,Jordan,ir,78.95,REVIEW
ff2ee93f-46e3-51b1-92de-4567077fe366,cf9bcb9f-16d9-54fc-864e-95a75b6df554,muhammad al-zaydani,muhammad al-ghazali,Libya,ye,78.95,REVIEW
081d2c10-5a48-5ae2-bc8a-0462300298e7,cf9bcb9f-16d9-54fc-864e-95a75b6df554,muhammad al-shahubi,muhammad al-ghazali,Libya,ye,78.95,REVIEW
877cd955-c0a5-5c61-8729-5f05b1eaf4c7,825245de-ceaf-5d11-92ec-cea450b1c272,armizan mohamad ali,mohammad ali jafari,Malaysia,,78.95,REVIEW
9e146756-735b-5ad7-b52f-82c990b24c59,c7376f43-0a34-5385-89b5-a278cd1f6702,mohamed ould khaled,mohamed ould mataly,Mauritania,ml,78.95,REVIEW
8ae67ed2-1944-586e-a3bc-a18b6ab3a36e,2f4c87b0-a715-5497-a852-abcb67ee4ad0,khwaja muhammad asif,ali muhammad kazan,Pakistan,,78.95,REVIEW
68657b9d-e5cc-59b2-9a65-84e447d02169,71230d36-df59-5745-87ed-29dbefb3d3e6,as’ad hasan al-shaybani,hasan al-shaban,Syria,sy,78.95,REVIEW
0fae46ef-f7b8-5c78-800f-923f94b34cb2,2aeab189-20f3-533b-9607-b855852a575e,muhammad al-zaouri,muhammad al-ghorayfi,Yemen,ir,78.95,REVIEW
9adefaea-1f70-5da3-8eba-36e2668e8f9d,16f9d6c4-078a-57fa-8ca6-2a34f17bff71,arlindo do rosario,rosario guarino,Cabo Verde,,78.79,REVIEW
486633c7-d65d-579c-a85e-bd4fb32cc714,438deb7f-5fec-58b9-b069-3129bf6763c4,mohammad eslami,mohammad eskandari,Iran,ir,78.79,REVIEW
3b010830-4c7f-51c8-b05c-d12a854b19eb,c721b0df-70eb-5774-aaff-89a63f56fac1,mohammad atabak,mohammad al-otaibi,Iran,sa,78.79,REVIEW
ba85892a-2410-57a7-8218-715f1e6d6cfb,716cd5b9-40de-5018-97e9-151d7b8963f4,muhammad abdallah,ramadan abdallah,Kuwait,,78.79,REVIEW
ba85892a-2410-57a7-8218-715f1e6d6cfb,24b50789-f8d0-53db-b7d2-2f4ec2eeccdf,muhammad abdallah,muhammad abbatay,Kuwait,ma,78.79,REVIEW
72004bb0-b77a-50ae-bfde-809521de7dbb,68bbe1cf-00bd-5454-8936-65f8103f9dbf,muhammad al-manfi,muhammad gaddafi,Libya,,78.79,REVIEW
716dd8bc-4a5b-541a-9582-e6fa17d4c6bf,0d2aab89-52e7-5356-9873-f9539c5c1830,muhammad al-ghuj,muhammad al-hindi,Libya,,78.79,REVIEW
297286df-6b6c-54b4-9946-4b32fef1fe91,68bbe1cf-00bd-5454-8936-65f8103f9dbf,muhammad al-dabib,muhammad gaddafi,Libya,,78.79,REVIEW
d20da13a-5329-5e8a-992a-0d941f901075,d1664e23-52cb-5e75-a8e9-810fe9561c4c,muhammad said,muhammad sa'id izadi,Libya,,78.79,REVIEW
151f7c69-018e-5415-a4f3-dec4847a0cbb,1671ce01-bc8d-5c82-978f-e559b3e5a67a,mohamed saeed,mohammed saeed ajily,Maldives,ir,78.79,REVIEW
81a7c0ad-3aec-5edd-b46d-cd3f05a3d732,f3c2adc4-4f72-5e0e-aa9d-f698a7f7c2f0,abdessamad kayouh,abdessamad fateh,Morocco,,78.79,REVIEW
7578ccc2-ed0a-533d-a9e2-3dca8892a23b,0109bef3-6e02-5c31-9f9f-f4f638c6df14,muhammad ishaq dar,muhammad ashraf,Pakistan,,78.79,REVIEW
c2369b0c-9fa5-5e0b-a144-0128a0d33c6e,0109bef3-6e02-5c31-9f9f-f4f638c6df14,muhammad al-bashir,muhammad ashraf,Syria,,78.79,REVIEW
63c158b8-9e66-50e2-8965-42cf519fec9b,a72cd322-d017-5a0b-958a-1aceaebfe32d,mohamed ali nafti,ali mohamed rage,Tunisia,so,78.79,REVIEW
3aea857f-9e58-5050-b08d-a620aeee670e,51af41cb-21f5-55d3-bced-6a8908c5364e,ahmad ali al-sayegh,ahmad al-shami,United Arab Emirates,,78.79,REVIEW
b629371d-eb8a-55fe-a68f-1489ae0065f2,0109bef3-6e02-5c31-9f9f-f4f638c6df14,muhammad abushahab,muhammad ashraf,United Arab Emirates,,78.79,REVIEW
19d89641-666f-5f5d-a65b-d189af5e95fe,eaf0ab35-666a-5d86-9b95-00d8f91049f7,vladimir vladimirovich putin,vladimir vladimirovich mikheychik,Russia,ru,78.69,REVIEW
19d89641-666f-5f5d-a65b-d189af5e95fe,e07d1fbb-5a93-5a41-936a-02f5f70fbbb5,vladimir vladimirovich putin,vladimir vladimirovich vladimirov,Russia,ru,78.69,REVIEW
19d89641-666f-5f5d-a65b-d189af5e95fe,428bfb53-93be-5705-b0bb-110552721841,vladimir vladimirovich putin,vladimir vladimirovich vashkevich,Russia,by,78.69,REVIEW
d6e33049-9c30-57e4-8fa8-e9317955ad2e,034c5e27-760e-584e-b091-6c89bc03cfcf,mikhail vladimirovich degtyarev,mikhail vladimirovich belousov,Russia,ru,78.69,REVIEW
9d2cf264-d4ab-5d45-98ec-1b8379096861,5f7cbd8b-613a-5551-9c5f-ec31a3d7a9fc,mohammad yaqub,mohammad yazdi,Afghanistan,ir,78.57,REVIEW
a4938fc3-9f5a-5d21-91f8-81ed622f48fd,7f82f1be-9b2f-5e70-91de-0dc6fe44efb7,mohamed arkab,mohamed al-kani,Algeria,ly,78.57,REVIEW
353eedcc-2ffb-5352-b6af-806348a119eb,02767790-0df9-58e3-9dd6-e6040b7f7888,muhammad imran,faqir muhammad,Bangladesh,pk,78.57,REVIEW
353eedcc-2ffb-5352-b6af-806348a119eb,0f9172ac-7065-5480-92e7-b862da0a2931,muhammad imran,muhammad maruf,Bangladesh,pk,78.57,REVIEW
353eedcc-2ffb-5352-b6af-806348a119eb,6ee9ef38-22b7-5ed0-a1e4-62b34ae90810,muhammad imran,muhammad ehsan,Bangladesh,,78.57,REVIEW
353eedcc-2ffb-5352-b6af-806348a119eb,2847baf2-192a-516f-86fa-6510ec73abe2,muhammad imran,muhammad iqbal,Bangladesh,pk,78.57,REVIEW
0db21a51-a208-5a27-b570-c3ffb7ec8880,3f69fc59-09d8-507a-a32c-fae7c692bbfc,nazmi mohammad,mohammad rezai,Brunei,ir,78.57,REVIEW
e34a8c44-98dd-5ac0-bc86-3b7b3542af48,926176d6-00e8-5080-aa66-f97474060e5c,myint kyaing,khaing moe myint,Burma,zm,78.57,REVIEW
66dce626-a048-5e69-be2f-aa50b1044098,6757840d-9a20-587a-93ee-6130d27da55e,mbae mohamed,mohamed belkalem,Comoros,dz,78.57,REVIEW
f4bdbc38-6ff0-5833-b8dd-59fcc655b37c,d8dc1405-be34-54db-a35c-12dddd7aaf81,michel djombo,michel djotodia,"Congo, Republic of the",cf,78.57,REVIEW
6ceb3a5c-aab6-5158-807b-83a21a1c559d,707ca07a-1943-577c-adf8-9e0270a34d8a,tomislav coric,tomislav kovac,Croatia,,78.57,REVIEW
2ffd8bc1-fe98-554f-bfb8-3031ef9940be,7f82f1be-9b2f-5e70-91de-0dc6fe44efb7,mohamed maait,mohamed al-kani,Egypt,ly,78.57,REVIEW
e8c40052-304a-5114-8742-1f79872d6752,38ada9e7-2987-5c3c-87a6-49f069ef61fb,hassan abdullah,mian abdullah,Egypt,,78.57,REVIEW
5fc90da7-7344-57c2-b9ad-5b5bf690a6da,78ee28b6-cab3-5a9c-97bc-6af8b0d52d7b,francisco jose alabi montoya,francisco jose ameliach orta,El Salvador,,78.57,REVIEW
4e9a6cda-4d19-5efe-b589-1faae238ef43,51af41cb-21f5-55d3-bced-6a8908c5364e,ahmad al-awidi,ahmad al-shami,Jordan,,78.57,REVIEW
4e9a6cda-4d19-5efe-b589-1faae238ef43,f19c531a-dfb2-57bc-8963-7782d16e4955,ahmad al-awidi,ahmad al-hamzi,Jordan,ye,78.57,REVIEW
215fc3a7-2dba-54d1-877b-cdbd40681523,ac20c82b-a756-5b8b-b07a-a1aecff7e9bc,ryong hae choe,chun yong choe,"Korea, North",kp,78.57,REVIEW
c7a1b474-a0ab-5df4-8d68-f47f5b403fdb,b7d75d20-00cf-59de-81a7-62845dea0474,hyon chol jon,myong hyon choe,"Korea, North",kp,78.57,REVIEW
7c1ecb74-4d2c-5e83-a21f-c54a49f53255,b43ba4cb-d64c-5d14-98e1-bbbae32d319d,ryong guk han,phyong guk kang,"Korea, North",kp,78.57,REVIEW
3fb152be-1f78-5bf9-aa97-cbaa07844038,75aaae71-2cb8-5854-94aa-b3280264cbc5,sung chan kim,chin sung chang,"Korea, North",,78.57,REVIEW
257b7973-9bb2-564f-b8c5-1a55c239efc9,9e35ac25-86f8-5492-92db-d5253cc3f08d,chung song kim,pyong chan kim,"Korea, North",,78.57,REVIEW
257b7973-9bb2-564f-b8c5-1a55c239efc9,e6d6856a-8166-5c08-8d95-f44ed5808324,chung song kim,kwang chun kim,"Korea, North",,78.57,REVIEW
a94b2e8e-85d9-507b-a1ca-4de6aa6b733e,2c7bae9f-46e8-5fc8-9af3-fc0e184a0906,kyong chol choe,chol min choe,"Korea, North",kp,78.57,REVIEW
d20da13a-5329-5e8a-992a-0d941f901075,25067c23-2fad-5c7a-8ab4-37729ad63a93,muhammad said,muhammad sarwar,Libya,pk,78.57,REVIEW
0b0c2896-86b9-500e-91fb-ac24d0550bf9,1bffaf59-bf07-5a9d-b0ef-928470770b5c,halimah ibrahim,ayman ibrahim,Libya,,78.57,REVIEW
c078f534-6871-5142-b5e6-afb51e613971,fb6a1bb9-2537-5380-8945-ccc6b2c07c84,mohamad hasan,mohamad khawaja,Malaysia,,78.57,REVIEW
3a6c6f0e-d272-58f2-a1db-15b683d3cb5f,4e0f7503-c8f3-52ed-b788-f0ff28b842ec,ahmed bouari,ahmed el bouhali,Morocco,ma,78.57,REVIEW
214792da-7f08-5c33-9933-902c919285fb,4f382815-36c4-5579-b32e-c8496745999e,indileni daniel,daniel haindl,Namibia,cz,78.57,REVIEW
820df56b-eb81-562c-9607-589b9986cd85,42bbda7d-d0c0-583f-8a74-97ad52f2788b,masoud al-amiri,masoud jalili,Qatar,ir,78.57,REVIEW
19ff653a-9fd8-5e8e-9100-5ac9c86d729d,de5ab66b-b1fe-5382-b5c8-dd48ebcc15fb,denis valentinovich manturov,denis valentinovich kamyshev,Russia,ru,78.57,REVIEW
97b179e7-8df1-5604-acd0-0ea13054997f,113171d8-7569-5a01-be6c-a0ae0a9fbcd6,sergey yevgenyevich tsivilev,sergey yevgenyevich velichko,Russia,ru,78.57,REVIEW
f0b66f71-01d9-5c51-b9b6-9f9755117404,25067c23-2fad-5c7a-8ab4-37729ad63a93,muhammad skaf,muhammad sarwar,Syria,pk,78.57,REVIEW
d351dba2-3174-5819-a674-855b69ce7c8f,ab05cf8e-c423-5254-974a-41f02f160765,hamza mustafa,mustafa bazvand,Syria,ir,78.57,REVIEW
fe28a4c6-9d92-5e4e-804f-4f03a1c3d81e,b13dea38-305a-5902-968d-6674a2bb5354,muhammad abdallah mahmoud,muhammad 'abdallah al-amin,Sudan,lb,78.43,REVIEW
ef22287a-c508-5f0b-8ed5-bbbb196f9194,c49e4464-0a99-52b4-bcb4-f3e90c24df02,abdul kabir,abdul saboor,Afghanistan,,78.26,REVIEW
ef22287a-c508-5f0b-8ed5-bbbb196f9194,64036305-8ce2-593b-bb00-3529b33e5ec4,abdul kabir,abdul jabbar,Afghanistan,pk,78.26,REVIEW
1e68a075-f6b8-5fef-9e9c-20ba346d9a35,54c8d4bc-15b5-51d0-9721-332344f95224,maung myint,myint kyaing,Burma,zm,78.26,REVIEW
9c99c996-3759-5e63-91a3-9a179d86019b,f3f9491d-bf45-548e-b2f0-4b12e49503ad,joseph le,joseph lambert,Cameroon,ht,78.26,REVIEW
130ff18c-d312-545f-a54d-fb8474b63e02,9dd730a8-76a1-52d0-87f3-991d0e3236f1,guangha wang,guodan wang,China,cn,78.26,REVIEW
eb6a36aa-1cfc-5390-a0e3-d6202149de17,b0bc9fa7-943e-56c4-ac4a-5c25ef99dd51,horace chang,chang ho ri,Jamaica,kp,78.26,REVIEW
f9c11f75-2319-572a-8e2f-c836357552e5,3698581c-eeea-546c-ae82-4e7a14529572,jong un kim,won hong kim,"Korea, North",,78.26,REVIEW
f9c11f75-2319-572a-8e2f-c836357552e5,241d30b0-60ed-5c92-a5e0-84d508031417,jong un kim,jong sik kim,"Korea, North",,78.26,REVIEW
2db666ac-26f4-500d-8e57-d0d421626000,86f78ac3-c178-5fef-8754-9e7ec6d5010b,tok hun kim,song hun kim,"Korea, North",kp,78.26,REVIEW
4a19256d-6939-57ce-8382-7eb6928ad8dd,3306c0a0-f312-56f4-a2ec-2093042bbfef,yong won jo,jin yong jon,"Korea, North",kp,78.26,REVIEW
db80e495-6578-5cc9-8b23-b56d2587e7a3,7e7f14fc-2f97-5696-b2ee-a43d9722648f,song nam kim,song jin im,"Korea, North",kp,78.26,REVIEW
24768d8a-61ab-53d1-b843-282c72f384f2,b0bc9fa7-943e-56c4-ac4a-5c25ef99dd51,chang dae ri,chang ho ri,"Korea, North",kp,78.26,REVIEW
cd2e7228-83bc-53ae-9022-290f7f52a37f,3698581c-eeea-546c-ae82-4e7a14529572,yo jong kim,won hong kim,"Korea, North",,78.26,REVIEW
cd2e7228-83bc-53ae-9022-290f7f52a37f,d00fc5c9-78c0-5d13-a35e-28ce581e024f,yo jong kim,jong man kim,"Korea, North",kp,78.26,REVIEW
cd2e7228-83bc-53ae-9022-290f7f52a37f,241d30b0-60ed-5c92-a5e0-84d508031417,yo jong kim,jong sik kim,"Korea, North",,78.26,REVIEW
1bacae61-7d31-58f3-9a3d-c8f20b1d5fcd,a2cd88a3-e25a-5b1e-8921-c9e13a52648e,jong sun kim,yo jong kim,"Korea, North",,78.26,REVIEW
c85a2ab4-d135-57bf-bdbc-dae1667811ef,bf8cb1d2-5c1f-56f4-b257-24e349c74fac,sung guk jon,yun gun jon,"Korea, North",kp,78.26,REVIEW
1ad2c0de-1de9-5af3-9e95-190396b8005f,c7e8919d-4a6b-5a2b-98bc-f25c625b10d8,song hak ri,chun song ri,"Korea, North",,78.26,REVIEW
1ad2c0de-1de9-5af3-9e95-190396b8005f,a4f82b64-a1c9-5934-9ae9-ea55ed5c776f,song hak ri,tong hyok ri,"Korea, North",kp,78.26,REVIEW
1ad2c0de-1de9-5af3-9e95-190396b8005f,7095b7ba-8ba4-502e-8a16-580cc3e473cf,song hak ri,song chol ri,"Korea, North",,78.26,REVIEW
4f2e5ddc-e7f2-5114-91e0-b66d2b467446,86f78ac3-c178-5fef-8754-9e7ec6d5010b,sung du kim,song hun kim,"Korea, North",kp,78.26,REVIEW
a02de48a-caf5-5505-ba51-5a38d2e02d9f,f94cc52e-7c0e-5ab7-9116-8acb8d38b55e,sok chol jo,yong chol jo,"Korea, North",kp,78.26,REVIEW
a02de48a-caf5-5505-ba51-5a38d2e02d9f,17547bf6-7d8b-554a-9a98-f93e9fed0066,sok chol jo,sok chol kim,"Korea, North",kp,78.26,REVIEW
3dd10b94-ab62-5ae5-a73e-60104d5a70c8,3a697517-1a1e-5bbd-8932-f90088886e14,chol san ri,chol sam kim,"Korea, North",kp,78.26,REVIEW
3dd10b94-ab62-5ae5-a73e-60104d5a70c8,6ca2121f-4d93-5c24-9ed7-0036f0ac6060,chol san ri,thae chol ri,"Korea, North",kp,78.26,REVIEW
aed6b75b-4fc2-5fec-abf0-625322fc4f37,072c2404-41d4-5fb9-ba58-340a2e1052fe,chol ha kim,chol man han,"Korea, North",kp,78.26,REVIEW
fba55d87-e11e-536c-80e8-00fc53ec6dce,3306c0a0-f312-56f4-a2ec-2093042bbfef,jong jin so,jin yong jon,"Korea, North",kp,78.26,REVIEW
8cd0c6e3-caab-55c5-94be-0cc31f55b070,a4f277a4-af5d-5c02-85b9-94baf950dfa5,jong ho yun,song ho jong,"Korea, North",kp,78.26,REVIEW
7c1ecb74-4d2c-5e83-a21f-c54a49f53255,e0d597b0-49d9-5849-83c1-3c2b189426b0,ryong guk han,ryong kang,"Korea, North",kp,78.26,REVIEW
4741c842-aa4f-5cb6-9d00-509b4d4be52a,a2cd88a3-e25a-5b1e-8921-c9e13a52648e,jong nam kim,yo jong kim,"Korea, North",,78.26,REVIEW
cc81e615-d493-582e-afc5-946ac6cfb9f5,be02b909-72bb-50f4-afc7-abae88e2d208,chol su kim,chol nam kim,"Korea, North",,78.26,REVIEW
cc81e615-d493-582e-afc5-946ac6cfb9f5,f0afaf87-0f10-58e2-81f4-392b97f4d363,chol su kim,chol su kang,"Korea, North",,78.26,REVIEW
cc81e615-d493-582e-afc5-946ac6cfb9f5,9fc6c03b-4ec8-5c86-837b-988c47dae158,chol su kim,min chol kim,"Korea, North",kp,78.26,REVIEW
8a4561d5-6e38-5ae7-894b-48966e7707a5,27cd710a-4ea3-532d-aa47-f386f832cb57,sung jin kim,jong un kim,"Korea, North",,78.26,REVIEW
e4b7b6b6-5646-58c5-b575-546a5abccf5e,c0a9fe8e-890c-5eba-8909-ae2ca0b3082c,mohammed vi,mohammed nur,Morocco,ng,78.26,REVIEW
19d64331-4a98-5a1a-8b23-f2b5fc66029a,6c3ef32a-14ed-5588-8d89-6379d7e1b9a1,abd al-aziz al-wasil,samir abd al-aziz al-najim,Saudi Arabia,iq,78.26,REVIEW
567db692-8be9-5a90-b73f-f61db3fa866d,9eddb6a0-baeb-5b5c-b6f2-4b9577c189b7,kim yong gan,yong ju kim,Singapore,kp,78.26,REVIEW
be95870c-a530-5d64-82da-7bcc1f3e21da,4b2febdd-c8d7-51f7-96b8-880fcee52165,mohamed hamdan dagalo,gedo hamdan ahmed mohamed,Sudan,sd,78.26,REVIEW
6f8d3b0a-45bb-5b76-a210-ac13674d0b7b,dd539a8b-4ec6-5e8e-b928-ea2aabf80547,haitham muhammad ibrahim,mohammad ibrahim bazzi,Sudan,lb,78.26,REVIEW
1011af12-a32f-54de-83c1-2d1548c13489,998ff424-99e1-5b51-b9e1-66e3a2ec6074,chun-jung su,chunpeng su,Taiwan,cn,78.26,REVIEW
fcb62581-1bbe-5c65-9fa5-4af1f4a5dfea,1e727806-df08-5e52-a01e-2e6b6b3463e4,carlos alberto gregorio dos santos,carlos alberto osorio zambrano,Angola,,78.12,REVIEW
3fc040f1-6bd8-5052-bef4-25addaa3482e,d30494bd-3bba-51a9-9d7e-aabc0f1662bc,hassan mohamed kamil,mohammad hassan mehri,Djibouti,ir,78.05,REVIEW
51957458-67ed-54a9-9a0a-2c57fc419b81,2611897c-9239-5ba7-8f95-f1e9917f484a,mohamed salah el-din,mohamed hussein salad,Egypt,so,78.05,REVIEW
f09fa64f-3749-5bb9-8eae-47aa0e56fc7c,175f3941-a0ee-5049-bdb1-85d59a66bb67,mohamad-reza farzin,mohammad-reza ashtiani,Iran,ir,78.05,REVIEW
6eaca02e-bd2a-55a4-838f-fb4d56412dfc,c2727085-9b69-55cf-9ebe-130e0a127df8,mohammad al-khalayleh,mohammad khalilzadeh,Jordan,ir,78.05,REVIEW
e99a93cd-d651-54c7-9cfb-47b31d79bd9e,6167b476-0084-5346-ba66-b3173a1b0d32,abd-al-munim salih,abd-al-munim al-qubaysi,Libya,lb,78.05,REVIEW
ff2ee93f-46e3-51b1-92de-4567077fe366,da581888-847b-521c-9b55-ae33ac274626,muhammad al-zaydani,muhammad ali al-qadiri,Libya,ye,78.05,REVIEW
ebde17af-0f5f-5666-9c58-0b7aa0a193b4,d1664e23-52cb-5e75-a8e9-810fe9561c4c,muhammad said al-hilu,muhammad sa'id izadi,Sudan,,78.05,REVIEW
19d89641-666f-5f5d-a65b-d189af5e95fe,1972aeda-a1de-57e2-b2f8-08cb510db8f9,vladimir vladimirovich putin,vladimir vladimirovich kolychev,Russia,ru,77.97,REVIEW
0a20c63b-a3e5-5b97-9a17-2fa6525d1530,b4c5f022-9972-5105-816e-c375d16380fe,aleksandr vasilyevich bortnikov,aleksandr valeryevich dyukov,Russia,ru,77.97,REVIEW
fe28a4c6-9d92-5e4e-804f-4f03a1c3d81e,b420b223-1a83-5a88-bfbe-529984bcb9a3,muhammad abdallah mahmoud,adil muhammad mahmud abd al-khaliq,Sudan,bh,77.97,REVIEW
cdd8b352-c89d-507f-b19d-8850b50d0595,c6fd49b1-958e-5e70-9c4e-1c580057f88b,soe win,win min soe,Burma,zm,77.78,REVIEW
6edb8d16-a351-56c2-ba23-539c0d283047,1342ceb6-62c8-5580-9a9b-1cb2f8fb9352,mohamed irfaan ali,mohamed ali badaas,Guyana,ye,77.78,REVIEW
6edb8d16-a351-56c2-ba23-539c0d283047,e0142d92-a84a-5387-8e74-ff3e3b169bb7,mohamed irfaan ali,mohamed amine akli,Guyana,,77.78,REVIEW
a33f7528-68af-526e-bcec-63208b6222fb,49582da5-a970-58cf-8886-b2c2f96a8831,andi amran sulaiman,sulaiman al-banai,Indonesia,qa,77.78,REVIEW
75d0b232-5d8d-561a-9b0a-a4a6bf4ac414,30506786-54af-52ab-9d86-da4917bc7cc2,umar hadi,asim umar,Indonesia,in,77.78,REVIEW
89abf349-1f32-532b-91d9-d10d0ef65511,c721b0df-70eb-5774-aaff-89a63f56fac1,muhammad al-momani,mohammad al-otaibi,Jordan,sa,77.78,REVIEW
016b063f-7385-5c67-abd3-c36f628d8705,a54486f9-bca7-5cd3-967d-82418e88d91e,o su yong,yong ho o,"Korea, North",kp,77.78,REVIEW
016b063f-7385-5c67-abd3-c36f628d8705,0de4fe4b-c74d-5ed3-a9d1-577c975183af,o su yong,yong su u,"Korea, North",kp,77.78,REVIEW
760e0ba4-7aa7-5ea2-b565-665ad6d216ec,b12bfb7b-7ecf-5b52-be8f-f18b38e15c8d,su il pak,su il kim,"Korea, North",,77.78,REVIEW
90b1bfe1-3891-5856-9781-3d8fbca3cbbf,741c6a5e-d244-5497-b88e-2e55c0447846,hun pak,chun il pak,"Korea, North",kp,77.78,REVIEW
b2e208de-6621-55ac-be25-017b499969b3,b08c4646-4d5e-5f6a-9e7b-60ac21294784,tu il ri,sung il ri,"Korea, North",kp,77.78,REVIEW
6d580cd0-246d-59b1-92c3-1232ce7035b2,987d65a3-20c5-5a58-9585-5d5ed279540e,muhammad haidar,muhammad khizar hayat,Lebanon,pk,77.78,REVIEW
72004bb0-b77a-50ae-bfde-809521de7dbb,cf9bcb9f-16d9-54fc-864e-95a75b6df554,muhammad al-manfi,muhammad al-ghazali,Libya,ye,77.78,REVIEW
716dd8bc-4a5b-541a-9582-e6fa17d4c6bf,2aeab189-20f3-533b-9607-b855852a575e,muhammad al-ghuj,muhammad al-ghorayfi,Libya,ir,77.78,REVIEW
297286df-6b6c-54b4-9946-4b32fef1fe91,cf9bcb9f-16d9-54fc-864e-95a75b6df554,muhammad al-dabib,muhammad al-ghazali,Libya,ye,77.78,REVIEW
ff2ee93f-46e3-51b1-92de-4567077fe366,0d2aab89-52e7-5356-9873-f9539c5c1830,muhammad al-zaydani,muhammad al-hindi,Libya,,77.78,REVIEW
081d2c10-5a48-5ae2-bc8a-0462300298e7,0d2aab89-52e7-5356-9873-f9539c5c1830,muhammad al-shahubi,muhammad al-hindi,Libya,,77.78,REVIEW
877cd955-c0a5-5c61-8729-5f05b1eaf4c7,ba621c89-8016-559d-bb83-f03de54c0b7d,armizan mohamad ali,ali mohamad daoun,Malaysia,lb,77.78,REVIEW
bdbf6c01-27bc-5ab7-a23f-6c45a20af934,0109bef3-6e02-5c31-9f9f-f4f638c6df14,muhammad hanif abbasi,muhammad ashraf,Pakistan,,77.78,REVIEW
fbee7b65-a0d0-5c1f-b1ab-b1bba5553a9b,d7af7ff1-a83f-56ad-bee4-f944198363fe,valeriy nikolayevich falkov,vitaly nikolayevich kovalev,Russia,ru,77.78,REVIEW
85da5294-bb31-5f57-9cb1-bc4d767cffe5,aadfd556-7ca9-5da2-a214-ff83383491ba,igor viktorovich krasnov,grigoriy viktorovich molchanov,Russia,,77.78,REVIEW
fc726116-daf6-51fb-8807-341d8d0ce68d,cf9bcb9f-16d9-54fc-864e-95a75b6df554,muhammad al-jadan,muhammad al-ghazali,Saudi Arabia,ye,77.78,REVIEW
d8eb0d8e-12f4-5d54-a9ba-051bdb69ebaf,b13dea38-305a-5902-968d-6674a2bb5354,abdallah bin hamad al-huqayl,muhammad 'abdallah al-amin,Saudi Arabia,lb,77.78,REVIEW
5abf55de-949e-5cd5-8ac3-3b98b2364a55,0cb65015-7bab-5b0f-a9ba-9295cfc49e0c,ibrahim al-assaf,ibrahim ali alhassan,Saudi Arabia,ng,77.78,REVIEW
63c158b8-9e66-50e2-8965-42cf519fec9b,3ea98938-f59c-5ad8-9035-2405d2fc0877,mohamed ali nafti,mohamed ali nkalubo,Tunisia,ug,77.78,REVIEW
7577e6ac-6813-5c14-a64b-543cff310d82,959dd2e1-3eaa-501e-b754-c43dffabbbd5,aleksandr vyacheslavovich kurenkov,alexander vyacheslavovich mozhaev,Russia,ru,77.61,REVIEW
fc24c7fc-379f-5138-bce3-cd298b2e708e,5252be32-3554-50b4-8a1d-bb0eaf1262cd,ibrahim murtala muhammed,mohammed ibrahim sulaiman,Ghana,sd,77.55,REVIEW
f322b8e0-5492-53f6-9b5f-c2f86507973b,7a16c735-483d-506a-bc2b-35c15cbd1a88,abdulkadir muhammad nur,abdul majeed noor muhammad,Somalia,,77.55,REVIEW
6f8d3b0a-45bb-5b76-a210-ac13674d0b7b,c1f0f927-3c2a-5ffa-b6bb-c00ea5666d28,haitham muhammad ibrahim,mohammad ibrahim al-shaar,Sudan,sy,77.55,REVIEW
f1c1473e-dffb-50fd-bbb3-0f32ea88747d,df72b18f-3793-5d16-9f21-eea5f1432cae,rashad muhammad al-alimi,muhammad qahtan al-sa'idi,Yemen,iq,77.55,REVIEW
23a3c546-d5b6-539c-bc5a-6937b3111c12,24676e7d-4988-50a6-884a-8e6c9c986a11,abdul hakim sharai,abdul jashari,Afghanistan,mk,77.42,REVIEW
505bfc47-dc10-5cb8-a9fb-b8b04e6cbae4,a1683ae8-9d84-575c-8714-e13be351af86,mohammad khalid,mohammad gholami,Afghanistan,ir,77.42,REVIEW
994c01ee-6357-5e9f-b788-ce736b5f8844,e5ce2499-d135-5cb9-b6a0-d77cb35493b1,ahmed osman ali,osman mehmedagic,Djibouti,ba,77.42,REVIEW
af5c03b8-4c69-56dc-b082-c794b2724a90,83220afe-c9f3-5ab3-a939-86b962053698,ayman al-safadi,mansur al-sa'adi,Jordan,ye,77.42,REVIEW
06d3d257-58ce-5a97-b955-9a4d1a44f23e,27d0634d-52ff-51ec-be83-31e1ab3ec41f,walid al-masri,khalid al-marfadi,Jordan,,77.42,REVIEW
2992c062-eb4d-5f44-be4b-d0bca30b2249,88e6cda8-9204-559a-a0a0-90a9d7403516,ahmad abdullah,abdullah nowbahar,Kuwait,,77.42,REVIEW
ba85892a-2410-57a7-8218-715f1e6d6cfb,2847baf2-192a-516f-86fa-6510ec73abe2,muhammad abdallah,muhammad iqbal,Kuwait,pk,77.42,REVIEW
ba85892a-2410-57a7-8218-715f1e6d6cfb,f253e1c8-eb6e-52e5-90ae-7e8f33e16c47,muhammad abdallah,muhammad abbas,Kuwait,sy,77.42,REVIEW
077b02af-3a0a-5e13-9686-dbae18c5ad01,1f20d8f0-3437-5a5b-9444-ebfb0813d522,ruslan suynaliev,ruslan tsalikov,Kyrgyzstan,ru,77.42,REVIEW
6d580cd0-246d-59b1-92c3-1232ce7035b2,971fb4b9-ba28-52fa-871a-346865fa318e,muhammad haidar,kayiira muhammad,Lebanon,ug,77.42,REVIEW
6d580cd0-246d-59b1-92c3-1232ce7035b2,68bbe1cf-00bd-5454-8936-65f8103f9dbf,muhammad haidar,muhammad gaddafi,Lebanon,,77.42,REVIEW
72004bb0-b77a-50ae-bfde-809521de7dbb,0f9172ac-7065-5480-92e7-b862da0a2931,muhammad al-manfi,muhammad maruf,Libya,pk,77.42,REVIEW
ba55e52b-b04b-55d0-acd3-c02ee7077388,02767790-0df9-58e3-9dd6-e6040b7f7888,muhammad al-qaryu,faqir muhammad,Libya,pk,77.42,REVIEW
ba55e52b-b04b-55d0-acd3-c02ee7077388,0f9172ac-7065-5480-92e7-b862da0a2931,muhammad al-qaryu,muhammad maruf,Libya,pk,77.42,REVIEW
297286df-6b6c-54b4-9946-4b32fef1fe91,f253e1c8-eb6e-52e5-90ae-7e8f33e16c47,muhammad al-dabib,muhammad abbas,Libya,sy,77.42,REVIEW
6dd7e1a2-ace6-592d-96ed-99a772a0c57e,4321d542-7831-56b4-aaa5-96e16807495d,anwar ibrahim,ibrahim al-nashiri,Malaysia,ye,77.42,REVIEW
61e7720d-b884-5f01-be53-605701f1da08,0a53717d-5ac5-52d8-b840-9198d945f8a4,ali haidar ahmed,ali ahmed naaji,Maldives,so,77.42,REVIEW
5d69b9ff-8c13-525c-8ffb-9443b3cf4ba6,7b6c63e6-5593-5bdf-bddc-44606bc9a1bb,vladimir jokovic,vladimir krylov,Montenegro,ru,77.42,REVIEW
f6646674-c3ba-529b-8af2-5584b6ee6d51,fa5005a8-6e58-5e95-b690-e2407e804c48,dragan krapovic,dragan obrenovic,Montenegro,,77.42,REVIEW
f3ad120d-947c-5192-8bc7-b02fe72158f7,9c6797e2-7cb9-503d-ba38-9d00a2c36178,ibrahim gaidam,ibrahim ali daher,Nigeria,lb,77.42,REVIEW
08760fca-9e7a-5b85-9c67-ffbba9ffa040,51af41cb-21f5-55d3-bced-6a8908c5364e,ahmad al-khulayfi,ahmad al-shami,Saudi Arabia,,77.42,REVIEW
08760fca-9e7a-5b85-9c67-ffbba9ffa040,f19c531a-dfb2-57bc-8963-7782d16e4955,ahmad al-khulayfi,ahmad al-hamzi,Saudi Arabia,ye,77.42,REVIEW
ab9f2529-ed9b-5956-afab-73f4e0edcd43,d5864712-e474-541e-bfff-6ed513b19169,salah ahmed jama,ahmed ali saleh,Somalia,ye,77.42,REVIEW
911eed12-a02f-5d5a-b2d5-798a46483094,0a53717d-5ac5-52d8-b840-9198d945f8a4,ali sharif ahmed,ali ahmed naaji,Somalia,so,77.42,REVIEW
911eed12-a02f-5d5a-b2d5-798a46483094,064d1528-680d-58c5-8686-bf99a85eecdc,ali sharif ahmed,ahmed alif rauf,Somalia,mv,77.42,REVIEW
911eed12-a02f-5d5a-b2d5-798a46483094,d5864712-e474-541e-bfff-6ed513b19169,ali sharif ahmed,ahmed ali saleh,Somalia,ye,77.42,REVIEW
93f38396-d1ec-5818-a7cd-bd96fce10d48,971fb4b9-ba28-52fa-871a-346865fa318e,muhammad bashir,kayiira muhammad,Sudan,ug,77.42,REVIEW
306920fc-fd0f-5795-8298-3c351b81ed16,5fadab19-7e78-55b0-ab16-4102bb715058,abdallah ulega,ali reda abdallah,Tanzania,lb,77.42,REVIEW
8dd090f4-29df-504a-9413-e6ad62b0dd02,dcafa5b1-1147-51d8-aea6-aa17e9ea3984,nguyen thi hong,van nguyen hoang,Vietnam,vn,77.42,REVIEW
cec684dc-2ef7-50fc-9921-bcab453a3700,4174892c-2ec8-5609-951f-4b1ded52c468,mohammad hassan akhund,hassan muhammad daqqou,Afghanistan,sy,77.27,REVIEW
fabf06b4-4899-5bee-9d88-c344a301a181,fe7e3b49-f907-51e9-bcd8-f22e97d07223,abdul salam hanafi,hafiz abdul salam bhuttavi,Afghanistan,pk,77.27,REVIEW
053197b2-c2cf-5616-8cd1-fa82f161f429,63f715bb-d83b-5a0a-875a-735db749253e,mohammed hasan mahmud,muhammad mahmud mahalla,Bangladesh,sy,77.27,REVIEW
1367c38a-3c76-5936-800b-191530418efa,fc07411e-e660-5486-b08a-29f4857ca614,carlo diaz sanchez,diana maria sanchez carlon,Costa Rica,,77.27,REVIEW
d9f564c6-2ce8-5b6c-8ef7-f68bc4718fd6,cd3303bb-5c17-5152-b9d4-f4129beba3a0,mohamed ahmed awaleh,ahmed mohammed hamed ali,Djibouti,,77.27,REVIEW
8927467c-9af4-5285-aeda-01047675feef,06dfd183-8507-5e75-a49b-b9d26f23108a,ahmad faisal muhamad,muhammad ahmad al-talibi,Malaysia,ye,77.27,REVIEW
a6104e7a-2b06-56bb-a83d-fe890acafba1,6b3f3f6b-6582-58f0-a17f-a19605923a01,khalid muhammad balama,khaled muhammad khalil,United Arab Emirates,ye,77.27,REVIEW
0fae46ef-f7b8-5c78-800f-923f94b34cb2,02761702-0d80-51d2-8394-89889b9b37c3,muhammad al-zaouri,muhammad yousef al-hasouri,Yemen,sy,77.27,REVIEW
6beef345-acb9-517c-82d0-b0e325d53bd1,cd3303bb-5c17-5152-b9d4-f4129beba3a0,mohamed ahmed ould mohamed lemine,ahmed mohammed hamed ali,Mauritania,,77.19,REVIEW
19ff653a-9fd8-5e8e-9100-5ac9c86d729d,a7fb283a-246e-50ca-b220-0301487c092e,denis valentinovich manturov,aleksey valentinovich muratov,Russia,,77.19,REVIEW
b45b6c16-05c3-5345-95eb-c1c6135f61b2,d7783997-1d46-50ff-8e64-3ebf8567630b,aleksandr valentinovich novak,aleksandr leonidovich burkov,Russia,ru,77.19,REVIEW
d6e33049-9c30-57e4-8fa8-e9317955ad2e,bf7d50d2-9897-5ef3-925b-f079005d73ea,mikhail vladimirovich degtyarev,mikhail vadimovich chernov,Russia,ru,77.19,REVIEW
9578ba7b-ed8c-5041-96d8-36f346c46e40,6a229560-a30b-56ae-b2b1-dc832d56c8e0,tariq muhammad abdallah salih,tawfiq muhammad sa'id al-law,Yemen,sy,77.19,REVIEW
c2ad6c13-1cc1-5fd6-9d59-f848e76820d9,83a8d760-730e-5af9-8bdc-7003e96962fe,qari din mohammad,mohammad mehdi sayyari,Afghanistan,ir,76.92,REVIEW
1a2e2138-e04e-50fd-93a4-11295991ac1c,517b2699-9b44-5511-a604-819935494fee,daniel mulino,daniel moreno,Australia,,76.92,REVIEW
c071b104-a924-5125-921d-76deb6272631,98305f70-cf0a-5d57-9a60-3f4721cbd2ad,khazar ibrahim,sadr ibrahim,Azerbaijan,,76.92,REVIEW
d9d20d48-92b2-5eb8-9ee1-38faa1562a34,2de51460-70d9-563e-ba09-b47e89a73727,mohammad ali arafat,mohammad ali mirzaei,Bangladesh,ir,76.92,REVIEW
851ff5bf-2639-5d46-98e6-3a421b5c7c22,98305f70-cf0a-5d57-9a60-3f4721cbd2ad,ibrahim traore,sadr ibrahim,Burkina Faso,,76.92,REVIEW
e04d1361-6c5f-5682-9654-45f6127037f1,52c41d60-797a-56a5-8cdf-de48e86413ae,khin naing oo,aung naing oo,Burma,zm,76.92,REVIEW
916e711b-5ecb-5a02-affd-b48aaabf2bc2,42427498-b94b-5308-be75-c1d44c84f126,mayra arevich marin,mayra galaviz martin,Cuba,mx,76.92,REVIEW
c9f9dd2c-96d5-524e-b096-94ba08721700,929a4ee8-2818-579d-8194-245b03fa041d,muhammad zaki,muhammad suri,Egypt,,76.92,REVIEW
7ec37335-6739-5157-8326-99c88df24edb,1bffaf59-bf07-5a9d-b0ef-928470770b5c,ahmed ibrahim,ayman ibrahim,Ghana,,76.92,REVIEW
77fec094-dd0f-569f-a87a-6572119adad0,f39a7c31-e583-57a6-8aea-d8353f85b93c,mohamed dabo,mohamed abrini,Guinea,be,76.92,REVIEW
1a8f313c-00cf-566a-a5e5-16a23c87195d,467d0b49-1ce0-515a-8412-a55180564489,mohammad-reza aref,mohammad reza khademi,Iran,ir,76.92,REVIEW
1a8f313c-00cf-566a-a5e5-16a23c87195d,df365893-65ae-5252-8f09-118849760cb8,mohammad-reza aref,mohammad reza ale ali,Iran,,76.92,REVIEW
6ded1161-e271-5905-8bc8-8ead02f7dd9e,ebf1aebf-0aa0-5281-b2cc-c06166cf6cca,maysam latifi,maysam jalali,Iran,ir,76.92,REVIEW
727db6a8-7d5f-5398-8847-00584f79a101,1cfb94eb-ce2a-54b4-a3c3-d9bc89b49f4a,abbas araqchi,abbas sartaji,Iran,ir,76.92,REVIEW
e91b66bd-423a-5eda-98ed-290a3b48d3b3,c7fd0bfb-be8c-569f-91f0-a7181780c9a0,esmail khatib,esmail hamidi,Iran,ir,76.92,REVIEW
439764fb-3879-5fdd-a70f-6a138bccd54f,b1c188cd-a51b-58f0-b24e-486af77228bc,eskandar momeni,eskandar momeni kalagari,Iran,ir,76.92,REVIEW
f09fa64f-3749-5bb9-8eae-47aa0e56fc7c,fc4b0795-746d-548b-98cc-19869fe4a4f1,mohamad-reza farzin,mohammad reza ansari,Iran,ir,76.92,REVIEW
f09fa64f-3749-5bb9-8eae-47aa0e56fc7c,72b05d3b-baf3-5c54-8ba2-9befe93c04f0,mohamad-reza farzin,mohammad reza kazemi,Iran,ir,76.92,REVIEW
cdfd7c52-2fa6-55f8-baff-cfe317ebcbc0,791140db-b397-5089-abea-4ec3eaf33ceb,falih al-sari,ali al-sha'ir,Iraq,,76.92,REVIEW
ede10d47-1dc0-591b-a561-e286797d055d,2230a8dd-e836-5aad-8769-1889a8dc3a52,muhammad nuri karbuli,ali muhammad qansu,Iraq,,76.92,REVIEW
4e9a6cda-4d19-5efe-b589-1faae238ef43,34e39cb3-9c4b-5775-9034-7b4013c29fad,ahmad al-awidi,ahmad vahidi,Jordan,ir,76.92,REVIEW
4e9a6cda-4d19-5efe-b589-1faae238ef43,0eaad729-ebfc-5ceb-b0c9-eecfafb92065,ahmad al-awidi,ahmed al-dib,Jordan,sy,76.92,REVIEW
b9bdb536-435b-5fc6-af79-cf064ea64207,cf8b6a77-2e92-5cbe-b1a0-def677d911eb,son hui choe,song chol choe,"Korea, North",kp,76.92,REVIEW
b9bdb536-435b-5fc6-af79-cf064ea64207,ac20c82b-a756-5b8b-b07a-a1aecff7e9bc,son hui choe,chun yong choe,"Korea, North",kp,76.92,REVIEW
f244bdca-f3a8-5d54-9b1b-cc2e39bc638f,87261b3b-752a-55f6-bf56-a32e634d2725,yong hwan kim,myong jin kim,"Korea, North",kp,76.92,REVIEW
f244bdca-f3a8-5d54-9b1b-cc2e39bc638f,dea9ff67-0a20-5138-b969-147f3eccb71d,yong hwan kim,yong chol kim,"Korea, North",,76.92,REVIEW
f244bdca-f3a8-5d54-9b1b-cc2e39bc638f,a8cba52b-1ae3-5e9b-b1fb-e13f1da061fe,yong hwan kim,yong chol kim,"Korea, North",kp,76.92,REVIEW
c85a2ab4-d135-57bf-bdbc-dae1667811ef,d50b4d18-392f-5bcf-8d88-16f8066eeaad,sung guk jon,sung hyok jong,"Korea, North",kp,76.92,REVIEW
0d1d2866-386b-5a8c-8de9-b534f9364050,edc0bc38-33e0-5216-95b3-58804dda6f7a,kum chol kim,myong chol kim,"Korea, North",,76.92,REVIEW
c394fac8-0504-562f-861e-71123974b95f,9f155f2b-eaf7-51fe-8216-80ab1dfa4deb,jae ryong kim,kyong hak kim,"Korea, North",kp,76.92,REVIEW
c394fac8-0504-562f-861e-71123974b95f,4b0f1ccd-590b-5bab-bbc5-00041007b4b4,jae ryong kim,ryong nam rim,"Korea, North",kp,76.92,REVIEW
c394fac8-0504-562f-861e-71123974b95f,87261b3b-752a-55f6-bf56-a32e634d2725,jae ryong kim,myong jin kim,"Korea, North",kp,76.92,REVIEW
00beb610-fbb2-5a55-8217-822f8032b2c7,1605bf8c-9551-53dc-8a8e-a6145ef12888,jong jun kwak,jung jong kim,"Korea, North",,76.92,REVIEW
7c1ecb74-4d2c-5e83-a21f-c54a49f53255,060a5ee9-42b0-5da9-b674-0ce79a0723fd,ryong guk han,myong guk jon,"Korea, North",,76.92,REVIEW
3fb152be-1f78-5bf9-aa97-cbaa07844038,7bb4c3ef-35ef-52a5-96a5-cca060395539,sung chan kim,song chol kim,"Korea, North",kp,76.92,REVIEW
c4e8dab2-3721-51a6-ae63-1e0a6c2721d6,cfb6a5db-80a1-54b7-86cc-52a256c8d770,chang sok kim,kwang sok sim,"Korea, North",kp,76.92,REVIEW
257b7973-9bb2-564f-b8c5-1a55c239efc9,1a737494-4a6d-55cd-b6bf-f2dbd23e696a,chung song kim,man chun kim,"Korea, North",kp,76.92,REVIEW
257b7973-9bb2-564f-b8c5-1a55c239efc9,3698581c-eeea-546c-ae82-4e7a14529572,chung song kim,won hong kim,"Korea, North",,76.92,REVIEW
250b1f74-d92a-5b8e-81fd-91f406313e55,a4f277a4-af5d-5c02-85b9-94baf950dfa5,chun song jang,song ho jong,"Korea, North",kp,76.92,REVIEW
250b1f74-d92a-5b8e-81fd-91f406313e55,c7e8919d-4a6b-5a2b-98bc-f25c625b10d8,chun song jang,chun song ri,"Korea, North",,76.92,REVIEW
229631a1-a4f8-56d3-a528-bcc22873590c,1cfc5b27-3076-5458-bf08-bb796a4f4f58,song hak chae,song nam choe,"Korea, North",,76.92,REVIEW
4ff852b0-5e5d-5795-bdf7-6588a4ba9d95,35ca8590-d88e-5bad-a10d-d3086e0556b7,joseph boakai,joseph gilboa,Liberia,,76.92,REVIEW
ba55e52b-b04b-55d0-acd3-c02ee7077388,da581888-847b-521c-9b55-ae33ac274626,muhammad al-qaryu,muhammad ali al-qadiri,Libya,ye,76.92,REVIEW
297286df-6b6c-54b4-9946-4b32fef1fe91,da581888-847b-521c-9b55-ae33ac274626,muhammad al-dabib,muhammad ali al-qadiri,Libya,ye,76.92,REVIEW
ff2ee93f-46e3-51b1-92de-4567077fe366,2aeab189-20f3-533b-9607-b855852a575e,muhammad al-zaydani,muhammad al-ghorayfi,Libya,ir,76.92,REVIEW
081d2c10-5a48-5ae2-bc8a-0462300298e7,2aeab189-20f3-533b-9607-b855852a575e,muhammad al-shahubi,muhammad al-ghorayfi,Libya,ir,76.92,REVIEW
6dd7e1a2-ace6-592d-96ed-99a772a0c57e,1bffaf59-bf07-5a9d-b0ef-928470770b5c,anwar ibrahim,ayman ibrahim,Malaysia,,76.92,REVIEW
6ec414db-e441-5b52-8f25-a28b285e9e15,1bf26214-0cdc-5d0c-b27b-a0871a994f61,ahmad zahid hamidi,ahmad mohammadi zadeh,Malaysia,ir,76.92,REVIEW
c078f534-6871-5142-b5e6-afb51e613971,48e724dd-d5ab-585b-b85d-1076ac67409c,mohamad hasan,mohamad ameen,Malaysia,mv,76.92,REVIEW
c078f534-6871-5142-b5e6-afb51e613971,ebb38d5d-34ff-58ec-aafe-e370512b8ca7,mohamad hasan,mohamad akbar,Malaysia,za,76.92,REVIEW
e78595b8-6e65-52b4-9d04-6254e9dd860c,8d277494-dbd4-597d-b7c8-5977a577059e,ismail shafeeu,samer ismail,Maldives,sy,76.92,REVIEW
abb1efd2-926b-5b2b-8549-3335c0ba382e,d393e83c-4b3c-5988-aeda-dc91c694fba9,ahmed shiyam,ahmed shamlakh,Maldives,ps,76.92,REVIEW
df1fd7d2-8a3c-5608-b8f7-e89a90550c7d,98305f70-cf0a-5d57-9a60-3f4721cbd2ad,ibrahim waheed,sadr ibrahim,Maldives,,76.92,REVIEW
e4b7b6b6-5646-58c5-b575-546a5abccf5e,7ed1602f-0f18-5c55-8982-78bf9b0f04f1,mohammed vi,mohammed saeedi,Morocco,,76.92,REVIEW
e4b7b6b6-5646-58c5-b575-546a5abccf5e,0842fafe-3242-53aa-92e0-349a50000011,mohammed vi,mohammed tufail,Morocco,pk,76.92,REVIEW
d7486ff5-aff5-5197-8283-fa3dfc38bd9b,466bf018-7ab9-5e38-8130-28bc0f7762c2,rosario murillo zambrana de ortega,rosario maria murillo de ortega,Nicaragua,ni,76.92,REVIEW
f3ad120d-947c-5192-8bc7-b02fe72158f7,24a07ff0-90df-54ad-82a7-04f668c60e4f,ibrahim gaidam,ibrahim aqil,Nigeria,lb,76.92,REVIEW
23394f29-19e2-5963-91b9-cd34b20257a4,bad1191a-b008-573e-963c-70d6c9a89b9e,zoran lyutkov,zoran vukovic,North Macedonia,,76.92,REVIEW
1d62cdde-0bb1-5863-8b11-2e5f58c07875,4d156584-df3b-5991-b1ff-b5226f8ff035,zoran shapuric,zoran petric,North Macedonia,,76.92,REVIEW
fc726116-daf6-51fb-8807-341d8d0ce68d,da581888-847b-521c-9b55-ae33ac274626,muhammad al-jadan,muhammad ali al-qadiri,Saudi Arabia,ye,76.92,REVIEW
ce6f71a4-4a72-5034-b7fd-b13c2117beeb,58cb3eae-dd59-507c-a55e-6558e03b9fce,ahmad bin aqil al-khatib,ahmad al-khatib,Saudi Arabia,eg,76.92,REVIEW
f0b66f71-01d9-5c51-b9b6-9f9755117404,929a4ee8-2818-579d-8194-245b03fa041d,muhammad skaf,muhammad suri,Syria,,76.92,REVIEW
4e6d34c5-fbc2-50fd-8f67-b03d348a2413,7755a8b7-11d6-5508-bba3-1b329dc7ee3e,ra’id al-salih,hamid al-ali,Syria,,76.92,REVIEW
d351dba2-3174-5819-a674-855b69ce7c8f,a3c7b042-4c0e-5dfb-9ac9-4c370815dd71,hamza mustafa,mustafa ayash,Syria,ps,76.92,REVIEW
273f7c93-b943-54f3-b29b-c5b49914c4a7,b7a08f12-2b5b-594f-ba2f-c967e918abb3,muhammad abu al-khayr shukri,surajo abubakar muhammad,Syria,ng,76.92,REVIEW
27a606e9-3d1c-5090-87b0-7ed4ad4c2229,9b11daa9-4be9-59ce-87c0-834fdf2e0c4b,hussein ali mwinyi,ali husseini khamenei,Tanzania,,76.92,REVIEW
f847a50c-d5a3-5e4d-ad4e-aaf3ecc9050c,074fd847-1c30-5b13-95ea-58f2ffc20650,saddam hosein,hosein salimi,Trinidad and Tobago,ir,76.92,REVIEW
9578ba7b-ed8c-5041-96d8-36f346c46e40,8fb7e4d6-3d70-5a4c-8e4c-6ac423127cb0,tariq muhammad abdallah salih,muhammad yusif abdallah,Yemen,,76.92,REVIEW
1b652019-36c0-552b-9031-55ce6822d027,9b1aefb5-4b78-53f5-8c98-9439ab4f4e90,abd al-salam hadi,said jan 'abd al-salam,Yemen,af,76.92,REVIEW
ca2aefc2-ada2-5fb6-99dc-3d9e1b8714a6,e1376111-f083-5fad-8941-e5292c8f55f4,said bin muhammad bin ahmad al-saqri,muhammad ali sayid ahmad,Oman,ca,76.67,REVIEW
cc74e525-c18d-5f6c-8a8b-ea66a557c6bc,489eb23c-2a09-5ebc-983b-cf3f5f1f991c,sergey yevgenyevich naryshkin,sergey yevgeniyevich moskalenko,Russia,,76.67,REVIEW
0a20c63b-a3e5-5b97-9a17-2fa6525d1530,e33c79c3-7c0c-587f-8156-e3bdba2f2a2e,aleksandr vasilyevich bortnikov,alexander vasilyevich rakitin,Russia,ru,76.67,REVIEW
a1ba40bc-1093-5b3a-8915-c71338aae763,c91abe3d-c6f0-5007-9422-912eb0989bfc,andrey removich belousov,andrei removich bokarev,Russia,ru,76.6,REVIEW
f322b8e0-5492-53f6-9b5f-c2f86507973b,b7a08f12-2b5b-594f-ba2f-c967e918abb3,abdulkadir muhammad nur,surajo abubakar muhammad,Somalia,ng,76.6,REVIEW
e1a4fd72-18c9-53c0-a671-e5459f12362c,112d7d7d-07f3-5544-a073-3b9ad5d645da,dhu al-bayt abd al-rahman,abd al-rahman al-faqih,Sudan,,76.6,REVIEW
313c1142-6da4-5faf-a62a-353fb6dcadb8,c4f751d1-ddf2-5283-af70-94acdf1db4f4,sultan ahmad al-jabir,sultan hashim ahmad al-tai,United Arab Emirates,iq,76.6,REVIEW
505bfc47-dc10-5cb8-a9fb-b8b04e6cbae4,8a8dc7c6-c4f4-57b8-a5e4-c3f987eefa75,mohammad khalid,mohammad fakhrzadeh,Afghanistan,,76.47,REVIEW
82c71a50-50b9-5ffc-824a-06c9e3f44ab4,59fb9020-5d84-52c5-9275-489ec5d81e14,ali hassan bahdon,ghassan ali bilal,Djibouti,sy,76.47,REVIEW
1a606687-66cd-5479-baf3-9aa468de5911,0d2aab89-52e7-5356-9873-f9539c5c1830,muhammad herindra,muhammad al-hindi,Indonesia,,76.47,REVIEW
486633c7-d65d-579c-a85e-bd4fb32cc714,8e698ee8-8c98-5c99-8e87-f159e0344b24,mohammad eslami,mohammad abdulsalam,Iran,ye,76.47,REVIEW
89255f10-fc18-5689-9a22-4c759c323524,4321d542-7831-56b4-aaa5-96e16807495d,ibrahim al-badur,ibrahim al-nashiri,Jordan,ye,76.47,REVIEW
ff2ee93f-46e3-51b1-92de-4567077fe366,a0ab2f33-f730-54b9-85db-4d9ed14f6087,muhammad al-zaydani,muhammad haydar,Libya,,76.47,REVIEW
081d2c10-5a48-5ae2-bc8a-0462300298e7,0109bef3-6e02-5c31-9f9f-f4f638c6df14,muhammad al-shahubi,muhammad ashraf,Libya,,76.47,REVIEW
c078f534-6871-5142-b5e6-afb51e613971,74642816-b167-5d54-acc3-88fdfddcf988,mohamad hasan,mohamad hassan ismail,Malaysia,lb,76.47,REVIEW
fc726116-daf6-51fb-8807-341d8d0ce68d,0d2aab89-52e7-5356-9873-f9539c5c1830,muhammad al-jadan,muhammad al-hindi,Saudi Arabia,,76.47,REVIEW
5abf55de-949e-5cd5-8ac3-3b98b2364a55,4321d542-7831-56b4-aaa5-96e16807495d,ibrahim al-assaf,ibrahim al-nashiri,Saudi Arabia,ye,76.47,REVIEW
c2369b0c-9fa5-5e0b-a144-0128a0d33c6e,46b0bcdf-1675-5979-8a28-8da225b6efb8,muhammad al-bashir,muhammad ibrahim,Syria,sy,76.47,REVIEW
3fdad451-7aa4-5ed8-9436-13a9bc846ceb,15ed5fe9-1c7b-536c-a37d-37dbbbdd6416,hamad yusuf masauni,yusuf al-madani,Tanzania,,76.47,REVIEW
b629371d-eb8a-55fe-a68f-1489ae0065f2,24b50789-f8d0-53db-b7d2-2f4ec2eeccdf,muhammad abushahab,muhammad abbatay,United Arab Emirates,ma,76.47,REVIEW
b45b6c16-05c3-5345-95eb-c1c6135f61b2,4506cbeb-e0a6-5a20-b63f-336bb053fd5c,aleksandr valentinovich novak,aleksandr vasilevich basov,Russia,,76.36,REVIEW
c3ca3698-32a5-59f4-9412-8bc9289e85dc,dcd717ae-bf38-5035-adf6-57c9f5e55c6a,mohammed mubarak al-mazrouei,mubarak mohammed a alotaibi,United Arab Emirates,sa,76.36,REVIEW
ef22287a-c508-5f0b-8ed5-bbbb196f9194,22066485-98a3-5eb6-ac1f-16cff5280d05,abdul kabir,abdul aziz,Afghanistan,,76.19,REVIEW
ef22287a-c508-5f0b-8ed5-bbbb196f9194,0b06a8b5-1e4d-5528-9d23-037924700263,abdul kabir,abdul hadi,Afghanistan,,76.19,REVIEW
58ff1772-a249-5524-b501-6f215b414562,929a4ee8-2818-579d-8194-245b03fa041d,muhammad,muhammad suri,Bahrain,,76.19,REVIEW
de8fe64a-33b6-595c-8390-db9007941902,f0f8acaa-3602-566e-be99-4b977ddb67d7,kareem musa,musa kalim,Belize,,76.19,REVIEW
0e3e892e-645b-5404-b7ef-564db69c1653,3a7a1844-99ec-5467-8179-3fa0f206993a,myo zaw thein,zaw hein,Burma,,76.19,REVIEW
7761ba11-48e5-505e-9dac-b7014646adda,71e2c383-be37-5093-847b-bcdc810d2990,tun aung,tun tun naung,Burma,zm,76.19,REVIEW
9e25c3df-58ca-57ed-a0dd-dba15c63ddbb,782015e4-81ce-5acb-bd54-ed123662785e,than maung,than hlaing,Burma,,76.19,REVIEW
98d27086-2d8e-526d-a774-372ba6a50a9c,481b7da8-9abc-5f4f-981d-c36b954ae138,shafqat ali,ali shafiu,Canada,mv,76.19,REVIEW
e4140821-f527-5442-8ef4-3162d56dd806,444ac61d-18b2-5249-8e54-655e22cf1abf,lecheng li,cheng yu li,China,,76.19,REVIEW
7ca666d5-ef17-58e0-921f-386760dae330,370cca07-58bc-5f47-9ca7-b6261d696759,maman abdurrahman,mohamad iqbal abdurrahman,Indonesia,id,76.19,REVIEW
1a8f313c-00cf-566a-a5e5-16a23c87195d,10cb3547-278f-513c-835c-464ee597b34a,mohammad-reza aref,mohammad reza hashemifar,Iran,ir,76.19,REVIEW
b48ea18b-a91f-5b7b-bafa-d69134b9ce24,63360d69-2f3e-5620-a712-bcda0b89c3e7,said ohadi,said bahaji,Iran,ma,76.19,REVIEW
542b4e37-6fc2-5f62-8707-4ef46feb8839,0ce79ae5-6f65-505a-a525-ac0537114bd6,muthana al-tamimi,muhannad juma y al-tamimi,Iraq,,76.19,REVIEW
b700b190-27ae-5cb1-941c-0a513750a653,66ce46ae-ba7f-5d7b-aa70-9905c93d6c05,yong gil ri,yong mu ri,"Korea, North",,76.19,REVIEW
b700b190-27ae-5cb1-941c-0a513750a653,b08c4646-4d5e-5f6a-9e7b-60ac21294784,yong gil ri,sung il ri,"Korea, North",kp,76.19,REVIEW
d7a9ae79-3c5e-52ad-8495-75f9a6443701,a4f277a4-af5d-5c02-85b9-94baf950dfa5,sok ho jo,song ho jong,"Korea, North",kp,76.19,REVIEW
d7a9ae79-3c5e-52ad-8495-75f9a6443701,4c764df4-42ba-5b64-9a59-3fe70dd4d74f,sok ho jo,chol song jo,"Korea, North",kp,76.19,REVIEW
16e2fc62-372f-5b15-a7a0-28390672fd29,f0afaf87-0f10-58e2-81f4-392b97f4d363,kang choe,chol su kang,"Korea, North",,76.19,REVIEW
98d46526-22bc-5092-acc7-39b7ef15df5f,847d9c14-d832-5a3e-acd7-0883167432d4,yu il kim,kyong il kim,"Korea, North",,76.19,REVIEW
8cd0c6e3-caab-55c5-94be-0cc31f55b070,96c5b369-8173-58f8-bd31-63253c0fff4a,jong ho yun,ho-jin yun,"Korea, North",kp,76.19,REVIEW
f3c08208-2b98-5df7-80e3-d940f854096e,93bbb94d-7571-5e6e-84d0-b12b0f27b292,yong il ju,yong su kim,"Korea, North",kp,76.19,REVIEW
f3c08208-2b98-5df7-80e3-d940f854096e,bd3ebc5c-8fa5-5d48-ab43-c0798bd7fb90,yong il ju,yong il sin,"Korea, North",kp,76.19,REVIEW
f3c08208-2b98-5df7-80e3-d940f854096e,40c9e172-e82a-525e-9db4-ff12994ba0f5,yong il ju,yong gil ri,"Korea, North",kp,76.19,REVIEW
077959aa-ee52-5a90-a839-8c3e1ce4feca,12e57457-a05f-5bc0-bc04-2a46b9c67350,kum song jin,jing song,"Korea, North",cn,76.19,REVIEW
a6663a37-373c-55f5-9061-d45fb425f859,fd349e6a-2425-5c4d-bb65-d6cb47a63ebf,chung gol kim,chol kim,"Korea, North",,76.19,REVIEW
cc81e615-d493-582e-afc5-946ac6cfb9f5,12e28eae-3413-5c7f-8543-5361d66133d5,chol su kim,ho kyu kim,"Korea, North",kp,76.19,REVIEW
cc81e615-d493-582e-afc5-946ac6cfb9f5,0bd558aa-1421-5587-843c-f71b34c549df,chol su kim,su gil kim,"Korea, North",kp,76.19,REVIEW
8a4561d5-6e38-5ae7-894b-48966e7707a5,b12bfb7b-7ecf-5b52-be8f-f18b38e15c8d,sung jin kim,su il kim,"Korea, North",,76.19,REVIEW
cc616297-3e2c-5035-bb7f-1fdb127363a5,7bb4c3ef-35ef-52a5-96a5-cca060395539,song kim,song chol kim,"Korea, North",kp,76.19,REVIEW
ba4c7f35-994a-5d59-852e-c450276662a6,4a37330a-ad74-5263-bcef-d6d4186df402,fahad yusuf,yusuf aasi,Kuwait,,76.19,REVIEW
ed4b9c71-18ef-57eb-9596-c047a54c1d91,5fadab19-7e78-55b0-ab16-4102bb715058,anwar ali abdallah mudhaf,ali reda abdallah,Kuwait,lb,76.19,REVIEW
e1bb062a-2ff9-5190-95f5-a70f2c065cb4,1a8eb971-affd-5095-8afb-d544c310fde0,salvador mansell,salvador mansell castrillo,Nicaragua,ni,76.19,REVIEW
f15b2ace-439c-5523-91aa-c10d19cceac0,d69bab78-2b96-5ede-ac34-1ba46d8fd773,david umahi,yafi david,Nigeria,ua,76.19,REVIEW
35dc8d51-863e-50fc-aabd-0b5ff93e21e7,929a4ee8-2818-579d-8194-245b03fa041d,muhammad,muhammad suri,Qatar,,76.19,REVIEW
41c3835d-6e03-5d1f-afb0-428b27f1c200,c9e65eb5-4550-54a6-8ad4-07d18e7039ff,mohammed,mohammed omar,Qatar,,76.19,REVIEW
7577e6ac-6813-5c14-a64b-543cff310d82,a2d6b236-47a4-501e-afdc-ed465b1a638f,aleksandr vyacheslavovich kurenkov,aleksey vyacheslavovich losev,Russia,ru,76.19,REVIEW
f21fad05-0e28-5492-a4e5-4ca30560fe5c,418ed3ec-271d-5ff9-96af-c55baeb8ea45,vladimir aleksandrovich kolokoltsev,vasiliy aleksandrovich orlov,Russia,ru,76.19,REVIEW
d6e33049-9c30-57e4-8fa8-e9317955ad2e,004bbf86-7b5e-52cd-9674-37885196d46d,mikhail vladimirovich degtyarev,mikhail vladimirovich kolesnikov,Russia,ru,76.19,REVIEW
0a20c63b-a3e5-5b97-9a17-2fa6525d1530,41af9f69-5c35-54e0-ab05-481edcf20676,aleksandr vasilyevich bortnikov,aleksandr nikolayevich borodayev,Russia,ru,76.19,REVIEW
ecdf7777-e54f-5b07-90a8-ad2007956d16,c0ea8cc6-bf8c-5c5d-9eeb-3b61ae5fe614,andrew john,andrew kan,Saint Vincent and the Grenadines,hk,76.19,REVIEW
6c144204-64bc-5e4e-92d4-4835465202fd,22066485-98a3-5eb6-ac1f-16cff5280d05,abd al-aziz,abdul aziz,Saudi Arabia,,76.19,REVIEW
c8fb3648-9ff2-594f-9607-5edd2aad9299,00b3a454-8608-582c-bf35-6189342af80c,oscar puente santiago,santiago perez ocampo,Spain,,76.19,REVIEW
d9756efe-cc99-53be-a5ab-5d628cdf6f9e,d42310bb-b308-51c4-bbed-738c7196d3b3,abd al-fatah al-burhan,atiyah abd al-rahman,Sudan,ly,76.19,REVIEW
c6fa8dc2-0c43-5716-a8f0-5846972e48d6,8ae17310-48c5-5cc2-8a98-8f1ac55069fd,muhammad samih hamid,muhammad khalid rahmun,Syria,sy,76.19,REVIEW
9d0a7f37-fcc5-5132-8d6b-38582feeff16,13a551b9-fea1-53b3-a078-96eb28e88433,shyh-fang liu,liu yang,Taiwan,cn,76.19,REVIEW
1faee9eb-5c8b-53c2-b67b-1451fee7a69b,c5a971fe-e502-5a6d-90ed-2ac271e91a5b,muhammad abdallah al-gargawi,ali abd-al-wahhab muhammad al-wazir,United Arab Emirates,ye,76.19,REVIEW
a0d917e6-f4c7-55c5-a65e-1c245d683674,5b1f9cfe-6333-5a34-bf72-4601e91daba9,hassan omar mohamed bourhan,abdirahman mohamed omar,Djibouti,so,76.0,REVIEW
f6fc2069-2869-5228-bae4-9e65d297ee4d,deb4aa3a-ef21-5593-a92f-9725fe9ee589,dmitriy yuriyevich grigorenko,dmitriy yurevich soin,Russia,ru,76.0,REVIEW
a1ba40bc-1093-5b3a-8915-c71338aae763,8fedf3a3-acb0-5e9f-ad44-eb4af3dbdac6,andrey removich belousov,andrey viktorovich borisov,Russia,ru,76.0,REVIEW
ebde17af-0f5f-5666-9c58-0b7aa0a193b4,35ce5ccd-b7de-52e0-ae56-306a3d78da3d,muhammad said al-hilu,muhammad said kazim al-sahhaf,Sudan,,76.0,REVIEW
e614b1a4-c644-556d-bcf4-30f13d9b48ff,33ee3d10-75fe-57f6-958e-78afb079df3f,abdallah ali fadl al-saadi,yahia abdallah al-ubaidi,Yemen,iq,76.0,REVIEW
505bfc47-dc10-5cb8-a9fb-b8b04e6cbae4,d094d3d3-7885-548d-b4f5-01c938916e3f,mohammad khalid,khalid mishaal,Afghanistan,,75.86,REVIEW
cf3a8d4d-fb5f-5485-a19f-cc609b85142a,628cd758-6557-5b4d-8aed-735078409aa8,amel abdelatif,abdelatif gaini,Algeria,,75.86,REVIEW
cf7dfcc6-98ee-5d31-b129-b90afda7fed8,d3c1895b-3e7d-5beb-af74-2039a8bd9773,mustapha hidaoui,mustapha chad,Algeria,td,75.86,REVIEW
dc90cdd5-0715-5ca2-a423-e87a5d565ef8,76a59f9c-bebe-5906-a57f-60a74affdb30,antonio francisco de assis,francisco antonio colorado cessa,Angola,mx,75.86,REVIEW
f8dd3b2b-feb3-546e-9f6e-b5d934c80dd5,3b376dfb-779b-5692-a674-60c7fc008917,rashid bin muhammad al-maraj,amir rashid muhammad al-ubaidi,Bahrain,iq,75.86,REVIEW
353eedcc-2ffb-5352-b6af-806348a119eb,0109bef3-6e02-5c31-9f9f-f4f638c6df14,muhammad imran,muhammad ashraf,Bangladesh,,75.86,REVIEW
4bbebbd0-7bc0-5302-96cf-d9e84ff8b7b6,532689eb-4669-5f5f-b0b6-4ad5a6615678,kareem michael,michael kuajien,Belize,ss,75.86,REVIEW
0db21a51-a208-5a27-b570-c3ffb7ec8880,7511eb13-5514-52b8-8282-77d7aa47f94e,nazmi mohammad,mohammad vahidi,Brunei,ir,75.86,REVIEW
0db21a51-a208-5a27-b570-c3ffb7ec8880,e15c0971-8a86-5a0d-828d-a9dbc046569c,nazmi mohammad,mohammad vakili,Brunei,,75.86,REVIEW
d6349380-567c-5b96-abf4-ddcd3faa1f5a,baba9b2b-728d-5a88-a7c4-8b80eb31ee12,khin maung soe,maung maung soe,Burma,zm,75.86,REVIEW
9d54415d-7bd7-5fd1-a802-831857a8bde0,e65f016d-2d84-528c-8d47-a6b912910869,khin maung yi,mahn nyein maung,Burma,zm,75.86,REVIEW
2ffd8bc1-fe98-554f-bfb8-3031ef9940be,d69934a9-5fe1-572e-beb8-7fbcafcdbb2b,mohamed maait,mohamed al-atifi,Egypt,ye,75.86,REVIEW
c4ba11f4-de20-54b3-b57e-ea71be84c9ed,81e8309d-ff99-582f-b964-3c6baa95f573,aisha mohammed,mohammed khatib,Ethiopia,ps,75.86,REVIEW
3b010830-4c7f-51c8-b05c-d12a854b19eb,ed49d93e-b21d-5f7b-840c-f005c34b9c9d,mohammad atabak,mohammad jaber,Iran,,75.86,REVIEW
73b86e04-58c5-5d25-a2d6-c5c0ffd9d255,12044e5a-4765-5190-89e1-eadf8ec16847,wahab muhammad,muhammad yazbak,Iraq,,75.86,REVIEW
73b86e04-58c5-5d25-a2d6-c5c0ffd9d255,25067c23-2fad-5c7a-8ab4-37729ad63a93,wahab muhammad,muhammad sarwar,Iraq,pk,75.86,REVIEW
e5bad524-d691-5ca6-8b59-7f6cb28e9c8f,beafabe5-3611-5d23-aa20-39c683608b99,antonio tajani,antonio zagaria,Italy,,75.86,REVIEW
4e9a6cda-4d19-5efe-b589-1faae238ef43,58cb3eae-dd59-507c-a55e-6558e03b9fce,ahmad al-awidi,ahmad al-khatib,Jordan,eg,75.86,REVIEW
215fc3a7-2dba-54d1-877b-cdbd40681523,b7d75d20-00cf-59de-81a7-62845dea0474,ryong hae choe,myong hyon choe,"Korea, North",kp,75.86,REVIEW
a94b2e8e-85d9-507b-a1ca-4de6aa6b733e,8d06c9b6-acc5-5d74-8218-083c6bfb4599,kyong chol choe,ryong hae choe,"Korea, North",,75.86,REVIEW
250b1f74-d92a-5b8e-81fd-91f406313e55,3223540a-8b91-52b2-a4bb-3d3725575aa3,chun song jang,myong chol jang,"Korea, North",kp,75.86,REVIEW
a3b61386-951d-5aa7-a077-3285a302627c,b13dea38-305a-5902-968d-6674a2bb5354,adel muhammad abdullah al-adwani,muhammad 'abdallah al-amin,Kuwait,lb,75.86,REVIEW
940e4817-dc8f-5e77-ad70-f5a848a2503c,51af41cb-21f5-55d3-bced-6a8908c5364e,ahmad al-hajjar,ahmad al-shami,Lebanon,,75.86,REVIEW
940e4817-dc8f-5e77-ad70-f5a848a2503c,f19c531a-dfb2-57bc-8963-7782d16e4955,ahmad al-hajjar,ahmad al-hamzi,Lebanon,ye,75.86,REVIEW
6d580cd0-246d-59b1-92c3-1232ce7035b2,0f9172ac-7065-5480-92e7-b862da0a2931,muhammad haidar,muhammad maruf,Lebanon,pk,75.86,REVIEW
6d580cd0-246d-59b1-92c3-1232ce7035b2,6ee9ef38-22b7-5ed0-a1e4-62b34ae90810,muhammad haidar,muhammad ehsan,Lebanon,,75.86,REVIEW
6d580cd0-246d-59b1-92c3-1232ce7035b2,2847baf2-192a-516f-86fa-6510ec73abe2,muhammad haidar,muhammad iqbal,Lebanon,pk,75.86,REVIEW
6d580cd0-246d-59b1-92c3-1232ce7035b2,f253e1c8-eb6e-52e5-90ae-7e8f33e16c47,muhammad haidar,muhammad abbas,Lebanon,sy,75.86,REVIEW
336bf454-a678-5c9a-989f-f0c76e205220,e6e37ccb-995b-51d2-ac0d-bc1865a412ec,abdullah al-lafi,amir abdullah,Libya,,75.86,REVIEW
0b0c2896-86b9-500e-91fb-ac24d0550bf9,2112f3ae-3a88-548f-ad96-9f0ca06c0862,halimah ibrahim,ibrahim chibli,Libya,lb,75.86,REVIEW
6dd7e1a2-ace6-592d-96ed-99a772a0c57e,2e321339-8992-5b86-aa61-d23b97409b42,anwar ibrahim,ibrahim al-banna,Malaysia,eg,75.86,REVIEW
c078f534-6871-5142-b5e6-afb51e613971,5c951252-5c2b-5227-9a5a-16502f8b1eb7,mohamad hasan,mohamad katrangi,Malaysia,,75.86,REVIEW
151f7c69-018e-5415-a4f3-dec4847a0cbb,1607cb3a-30a4-5337-9451-1e8aed958030,mohamed saeed,mohamed thasleem,Maldives,mv,75.86,REVIEW
cc4c7321-26c2-556e-bee2-00d9f01e0dd9,20cf27f6-eaa5-50e6-b586-033316cb0350,mossa ag attaher,bah ag moussa,Mali,ml,75.86,REVIEW
9f322d7f-9aa5-5b39-a223-1568ac34bdc3,cab5605a-71fa-57bf-97a2-2aaabf0008e0,mohamed hajoui,mohamed lahbous,Morocco,ml,75.86,REVIEW
35a00a7d-4ea8-5494-aaa6-b26ed2b7705c,4b6ad94e-d646-5444-b68c-e56518a47184,youssef amrani,youssef abdaoui,Morocco,tn,75.86,REVIEW
6512ab0b-9c59-5a90-8fe6-6b49e3bbc04f,dc758408-e18c-5002-a345-41fe7802b1b9,abubakar kyari,abubakar shekau,Nigeria,,75.86,REVIEW
94236c17-114a-5982-a3c0-f41abced05da,4fbe4aae-4b66-57e0-abb9-067b28014568,abdul aleem khan,abid ali khan,Pakistan,pk,75.86,REVIEW
82596291-9c02-5242-a302-55dcc2c2b1d8,deac2947-e61c-590b-9603-f1e6c1374687,jameel ahmad,nehme ahmad jamil,Pakistan,lb,75.86,REVIEW
b45b6c16-05c3-5345-95eb-c1c6135f61b2,a7fb283a-246e-50ca-b220-0301487c092e,aleksandr valentinovich novak,aleksey valentinovich muratov,Russia,,75.86,REVIEW
0a20c63b-a3e5-5b97-9a17-2fa6525d1530,2c2dba62-e520-5e92-bcf1-02a1ac75f2e6,aleksandr vasilyevich bortnikov,alexander vasilyevich fomin,Russia,ru,75.86,REVIEW
c8b759a7-ef1f-503a-b3a9-cbe9bf211b96,0cecc3d2-7c58-5fa8-9248-7a0cb69742f1,ibrahim jalloh,ibrahim jadhran,Sierra Leone,ly,75.86,REVIEW
9e652d34-33f0-55be-9065-021f6d5b73a0,c0a9fe8e-890c-5eba-8909-ae2ca0b3082c,mohamed farah nur,mohammed nur,Somalia,ng,75.86,REVIEW
93f38396-d1ec-5818-a7cd-bd96fce10d48,0f9172ac-7065-5480-92e7-b862da0a2931,muhammad bashir,muhammad maruf,Sudan,pk,75.86,REVIEW
93f38396-d1ec-5818-a7cd-bd96fce10d48,2847baf2-192a-516f-86fa-6510ec73abe2,muhammad bashir,muhammad iqbal,Sudan,pk,75.86,REVIEW
cf279927-1aab-53bc-8a74-14d1ce495a2b,9139e377-8306-5c78-89e3-9c3921beb2af,ching-wen chang,chang-ha chang,Taiwan,,75.86,REVIEW
8f3dbf58-8a95-5cf5-adf5-f78ba723d8e4,07518b15-fe62-5e07-a541-f642141b45d8,muhammad bin hadi al-hussaini,husam muhammad amin al-yassin,United Arab Emirates,iq,75.86,REVIEW
1ca4bc17-ae3b-5120-b5a3-0d53b0dcbeff,bd0e2f51-3eed-52bf-941e-23ce748dbede,shabana mahmood,shahid mahmood,United Kingdom,pk,75.86,REVIEW
2b3f5941-714c-545b-9c2b-28e03c283d4d,7dc15c05-4513-5674-97af-4e7a13a4850d,andrew napuat,andrew nyamvumba,Vanuatu,rw,75.86,REVIEW
f21fad05-0e28-5492-a4e5-4ca30560fe5c,00fbfb34-f2e7-5d42-acba-73f60b4b6bcd,vladimir aleksandrovich kolokoltsev,vasili aleksandrovich kolchanov,Russia,,75.76,REVIEW
c2ad6c13-1cc1-5fd6-9d59-f848e76820d9,9dfd14c6-3be8-54e6-a51b-5f67afeeac64,qari din mohammad,mohammad javad zarif,Afghanistan,,75.68,REVIEW
505bfc47-dc10-5cb8-a9fb-b8b04e6cbae4,5cd955df-158e-5c51-9eb6-10a3397ff5dc,mohammad khalid,khalid shaikh mohammed,Afghanistan,,75.68,REVIEW
505bfc47-dc10-5cb8-a9fb-b8b04e6cbae4,8ae17310-48c5-5cc2-8a98-8f1ac55069fd,mohammad khalid,muhammad khalid rahmun,Afghanistan,sy,75.68,REVIEW
9f0aa0d4-f7e6-5336-87bb-90d92d8863f2,2f4c87b0-a715-5497-a852-abcb67ee4ad0,muhammad faruk khan,ali muhammad kazan,Bangladesh,,75.68,REVIEW
9f0aa0d4-f7e6-5336-87bb-90d92d8863f2,c928e5ff-5690-5828-ab89-222b7a629dd1,muhammad faruk khan,khan mohammad azad,Bangladesh,bd,75.68,REVIEW
d9d20d48-92b2-5eb8-9ee1-38faa1562a34,2f4c87b0-a715-5497-a852-abcb67ee4ad0,mohammad ali arafat,ali muhammad kazan,Bangladesh,,75.68,REVIEW
d9d20d48-92b2-5eb8-9ee1-38faa1562a34,4775ae62-a448-52ed-bec2-138e53a72aeb,mohammad ali arafat,ali mohamad karnib,Bangladesh,lb,75.68,REVIEW
d9d20d48-92b2-5eb8-9ee1-38faa1562a34,1342ceb6-62c8-5580-9a9b-1cb2f8fb9352,mohammad ali arafat,mohamed ali badaas,Bangladesh,ye,75.68,REVIEW
c787b502-56b3-5126-b60f-7d9caca4b19b,b66ede65-4240-58a8-b695-6b6c45c0cae1,said mohamed ali said,salim ahmed said,Comoros,gb,75.68,REVIEW
6edb8d16-a351-56c2-ba23-539c0d283047,aceb2bed-ce22-54e2-8858-69fce81edc85,mohamed irfaan ali,mohamed abdi garaad,Guyana,,75.68,REVIEW
89abf349-1f32-532b-91d9-d10d0ef65511,cf9bcb9f-16d9-54fc-864e-95a75b6df554,muhammad al-momani,muhammad al-ghazali,Jordan,ye,75.68,REVIEW
89abf349-1f32-532b-91d9-d10d0ef65511,82dfadfc-06b9-5b21-a6ef-8328713c447c,muhammad al-momani,muhamad ali al-hebo,Jordan,sy,75.68,REVIEW
89255f10-fc18-5689-9a22-4c759c323524,64896101-e37a-563d-8171-9b9cdb298f5d,ibrahim al-badur,izzat ibrahim al-duri,Jordan,iq,75.68,REVIEW
6d580cd0-246d-59b1-92c3-1232ce7035b2,411c55ae-43dc-54f7-b674-1f64a985839c,muhammad haidar,muhammad ghaleb hamdar,Lebanon,,75.68,REVIEW
ba55e52b-b04b-55d0-acd3-c02ee7077388,b40c5ae2-6ff8-5232-84a7-4be080a8476b,muhammad al-qaryu,muhammad al-sunaydar,Libya,ye,75.68,REVIEW
ba55e52b-b04b-55d0-acd3-c02ee7077388,2aeab189-20f3-533b-9607-b855852a575e,muhammad al-qaryu,muhammad al-ghorayfi,Libya,ir,75.68,REVIEW
297286df-6b6c-54b4-9946-4b32fef1fe91,9406c2bc-38c4-50f8-b342-09c4d35a25f8,muhammad al-dabib,muhammad badr-al-din,Libya,,75.68,REVIEW
297286df-6b6c-54b4-9946-4b32fef1fe91,b40c5ae2-6ff8-5232-84a7-4be080a8476b,muhammad al-dabib,muhammad al-sunaydar,Libya,ye,75.68,REVIEW
297286df-6b6c-54b4-9946-4b32fef1fe91,2aeab189-20f3-533b-9607-b855852a575e,muhammad al-dabib,muhammad al-ghorayfi,Libya,ir,75.68,REVIEW
ff2ee93f-46e3-51b1-92de-4567077fe366,2f4c87b0-a715-5497-a852-abcb67ee4ad0,muhammad al-zaydani,ali muhammad kazan,Libya,,75.68,REVIEW
081d2c10-5a48-5ae2-bc8a-0462300298e7,c721b0df-70eb-5774-aaff-89a63f56fac1,muhammad al-shahubi,mohammad al-otaibi,Libya,sa,75.68,REVIEW
b7c878f1-ff17-5033-8e09-b96f9d59f372,3ea98938-f59c-5ad8-9035-2405d2fc0877,ali naseer mohamed,mohamed ali nkalubo,Maldives,ug,75.68,REVIEW
bdbf6c01-27bc-5ab7-a23f-6c45a20af934,24b50789-f8d0-53db-b7d2-2f4ec2eeccdf,muhammad hanif abbasi,muhammad abbatay,Pakistan,ma,75.68,REVIEW
28dfcbe3-854d-5b4d-973a-0f66e327165b,25067c23-2fad-5c7a-8ab4-37729ad63a93,sardar muhammad yousaf,muhammad sarwar,Pakistan,pk,75.68,REVIEW
fc726116-daf6-51fb-8807-341d8d0ce68d,9406c2bc-38c4-50f8-b342-09c4d35a25f8,muhammad al-jadan,muhammad badr-al-din,Saudi Arabia,,75.68,REVIEW
c2369b0c-9fa5-5e0b-a144-0128a0d33c6e,cf9bcb9f-16d9-54fc-864e-95a75b6df554,muhammad al-bashir,muhammad al-ghazali,Syria,ye,75.68,REVIEW
c2369b0c-9fa5-5e0b-a144-0128a0d33c6e,82dfadfc-06b9-5b21-a6ef-8328713c447c,muhammad al-bashir,muhamad ali al-hebo,Syria,sy,75.68,REVIEW
c2369b0c-9fa5-5e0b-a144-0128a0d33c6e,353d33bb-6dc1-5a91-bdd2-e8c889702d03,muhammad al-bashir,ali muhammad hamsho,Syria,sy,75.68,REVIEW
63c158b8-9e66-50e2-8965-42cf519fec9b,72a0f499-a80f-5ffe-a94f-0bc25809bf33,mohamed ali nafti,mohammed ali tolibov,Tunisia,by,75.68,REVIEW
3a0d6570-b49b-518d-986e-d4d4a15cc518,3d03156c-1c9d-5ef4-845a-d9d2acee9e60,muhammad bin zayid,muhammad nafi bilal,United Arab Emirates,sy,75.68,REVIEW
237056ce-a24f-5993-acd9-be7e08f66010,02daf54e-02ba-57c5-8e10-dfa255d0cbea,moustoifa hassane mohamed,mohamed amin mostafa,Comoros,iq,75.56,REVIEW
cb18185d-3d43-5f7d-a35c-02e3e37d3071,87e2acdc-d48b-5798-a092-a4b21d800eb0,mohamed ahmed assoumani,hassan ahmed moukalled,Comoros,lb,75.56,REVIEW
847d41c7-d0a3-5204-9c5e-bb27b8ef4262,5c426280-06e0-55f6-bf96-9cc44fa58487,juan carlos vega malo,juan carlos mesa vallejo,Ecuador,,75.56,REVIEW
6bf403eb-cd49-5885-a951-153e5cde5d09,d1664e23-52cb-5e75-a8e9-810fe9561c4c,nizar muhammad said amedi,muhammad sa'id izadi,Iraq,,75.56,REVIEW
81ce52d0-3415-5cf1-80b8-dc77ed8e3ee5,93bb4600-d2fb-5e03-9e63-be7fcb794178,mohamed abdallahi louly,mohamed abdullah hirey,Mauritania,so,75.56,REVIEW
fc84a78f-a672-5959-8501-faffd9dfa7f5,e5a68f35-cb52-5f59-b9ba-a723aae3a50f,juan carlos orillac,juan carlos ortega murillo,Panama,ni,75.56,REVIEW
f322b8e0-5492-53f6-9b5f-c2f86507973b,47d82e5a-4c84-52ee-97d9-6a72e06da980,abdulkadir muhammad nur,ali muhammad abu turab,Somalia,pk,75.56,REVIEW
ebde17af-0f5f-5666-9c58-0b7aa0a193b4,e1376111-f083-5fad-8941-e5292c8f55f4,muhammad said al-hilu,muhammad ali sayid ahmad,Sudan,ca,75.56,REVIEW
ae54960f-d347-5091-8aed-043644222a3d,22308161-827c-5c1a-be93-5080efa03b61,ahmad omar muhammad arman,ahmad muhammed harun,Yemen,sd,75.56,REVIEW
f3c2d686-f289-58b3-ad34-39e1dd36de6f,ec1abb9f-52b8-5180-a0f3-eda567169445,abdullah ali abdullah al-yahya,abdullah ahmed abdullah,Kuwait,,75.47,REVIEW
3906d529-bf14-5f98-9d95-f8d943bb8cdc,e1376111-f083-5fad-8941-e5292c8f55f4,muhammad bin sayid al maamari,muhammad ali sayid ahmad,Oman,ca,75.47,REVIEW
80e85b20-3659-5497-a31c-e42e37437cc0,490f0cd6-c110-5b34-aa36-101e8c6484dc,abdirahman mohamed abdullahi,hassan abdirahman mahamed,Somalia,so,75.47,REVIEW
f1c1473e-dffb-50fd-bbb3-0f32ea88747d,27133e60-4034-5af4-8cc4-8a4729eb33e2,rashad muhammad al-alimi,saad rashed mohammad al-faqih,Yemen,,75.47,REVIEW
f3c2d686-f289-58b3-ad34-39e1dd36de6f,0dde30be-fbde-5d51-964f-1bda1abcdf53,abdullah ali abdullah al-yahya,abdullah ahsan abdullah dabbash,Kuwait,ye,75.41,REVIEW
7f0c559d-538c-5f91-994c-d122e9e1994d,b839b79a-2bbf-5c16-abd9-a715c1c7bfb1,francisco antonio duarte lopes,francisco antonio florez upegui,Portugal,co,75.41,REVIEW
707d43e8-fd9d-552b-9d4e-c962dfa72b32,86552079-c77b-5496-beda-310cda172282,muhammad abdallah idris muhammad,ahmad muhammad muhammad hasan al-hadi,Sudan,ye,75.36,REVIEW
cec684dc-2ef7-50fc-9921-bcab453a3700,c928e5ff-5690-5828-ab89-222b7a629dd1,mohammad hassan akhund,khan mohammad azad,Afghanistan,bd,75.0,REVIEW
22a90d9b-1224-53d5-8b6f-8521113fdb1c,17965d0b-0e41-5d1f-b510-a806312eb534,abdul haq wasiq,abdul haq,Afghanistan,cn,75.0,REVIEW
6bc4b919-fe0b-5d7f-9165-76a69b95837b,3055d1ea-c75d-595e-b7af-677a4d9e2cf9,yahia bachir,bachir saleh,Algeria,,75.0,REVIEW
9f0aa0d4-f7e6-5336-87bb-90d92d8863f2,dbfba397-f2fc-5c9c-a9f8-b7ce48e183e1,muhammad faruk khan,mohammad khan,Bangladesh,,75.0,REVIEW
353eedcc-2ffb-5352-b6af-806348a119eb,2f4c87b0-a715-5497-a852-abcb67ee4ad0,muhammad imran,ali muhammad kazan,Bangladesh,,75.0,REVIEW
eba87400-83e5-5d50-b509-a4173b5cbc77,08133155-98b4-586b-9203-4c063f71f2f0,stephen modise,stephen lo,Botswana,hk,75.0,REVIEW
7761ba11-48e5-505e-9dac-b7014646adda,85307220-c044-51d3-94fd-8f1f710a516a,tun aung,aung min,Burma,zm,75.0,REVIEW
39fa2df2-bd23-592f-829d-992d069a2c67,e46340e4-d5a9-5904-ac31-248a33a42ca5,nyunt win swe,thein nyunt,Burma,zm,75.0,REVIEW
39fa2df2-bd23-592f-829d-992d069a2c67,4b492a42-257b-561b-b934-11bd8a89b7b9,nyunt win swe,myo swe win,Burma,zm,75.0,REVIEW
cdd8b352-c89d-507f-b19d-8850b50d0595,87970c53-24df-5bdc-b2e4-08b9e5135518,soe win,win shein,Burma,zm,75.0,REVIEW
cdd8b352-c89d-507f-b19d-8850b50d0595,9382f386-d9b2-5c07-9eab-300d721e9b80,soe win,thein soe,Burma,zm,75.0,REVIEW
b05ed206-a84b-5bef-ad39-8bfa03419c61,dade11d1-8fbc-585e-81ce-6a84642c8bcd,tin aung san,tin myo aung,Burma,zm,75.0,REVIEW
b05ed206-a84b-5bef-ad39-8bfa03419c61,ae441ad0-97a9-5e25-9ba3-ee31c43e09a7,tin aung san,saw san aung,Burma,zm,75.0,REVIEW
d3ecd1d1-9e29-5852-bcdc-b5790545e3b6,d83f960e-bc03-57b9-9808-93c51543450a,hassan bouba,basil hassan,Central African Republic,,75.0,REVIEW
98bcccb4-1ddd-5661-bd12-357350b22014,74117bc7-c8ce-5a6b-bc3c-f2bcbcaf6bcc,lifeng he,jing he,China,,75.0,REVIEW
fd8a9ab7-bb25-519d-b586-97a61c0e8c59,ef863950-c76d-5053-8837-7f75c7650d8b,shanjie zheng,yanni zheng,China,cn,75.0,REVIEW
130ff18c-d312-545f-a54d-fb8474b63e02,d1809a72-f91b-56d7-ad23-99b2379ab40f,guangha wang,guoying wang,China,cn,75.0,REVIEW
a59fe935-4b7e-5c40-8022-880607226d89,74e0dd6e-bcf9-5d4b-8e21-4477201e92b5,daniel ali bandar,ali bayandarian,Comoros,,75.0,REVIEW
cb18185d-3d43-5f7d-a35c-02e3e37d3071,4b2febdd-c8d7-51f7-96b8-880fcee52165,mohamed ahmed assoumani,gedo hamdan ahmed mohamed,Comoros,sd,75.0,REVIEW
58d98eec-ba0f-575b-be44-e3f993dea09d,dd998935-59db-59aa-8dd8-6f43469d0586,amadou kone,amadou kouffa,Cote d'Ivoire,ml,75.0,REVIEW
d9f564c6-2ce8-5b6c-8ef7-f68bc4718fd6,ac7db0e1-9354-5ecb-81b1-c2d4a4d8d20c,mohamed ahmed awaleh,khalifa mohamed ahmed ghawil,Djibouti,ly,75.0,REVIEW
994c01ee-6357-5e9f-b788-ce736b5f8844,06fde29f-f1e0-5dfa-80bd-de6d2310ea48,ahmed osman ali,ali ahmed hussein,Djibouti,so,75.0,REVIEW
5b5f0797-9ad2-5ce6-a38e-03afde88abe5,eef70c62-3e7f-5c71-b928-5a56f76e3e63,ahmed samir,ahmed brahimi,Egypt,dz,75.0,REVIEW
5b5f0797-9ad2-5ce6-a38e-03afde88abe5,b764064c-fe98-5b5c-a89f-817fdc1dc585,ahmed samir,benazir ahmed,Egypt,bd,75.0,REVIEW
c4ba11f4-de20-54b3-b57e-ea71be84c9ed,5c9ad666-29f2-55ad-a2b9-04be01ed30e3,aisha mohammed,mohammed al ghabra,Ethiopia,gb,75.0,REVIEW
392afc5f-52a0-5827-9c25-a1ba79f70055,cf350077-285c-58b8-8875-08ec56a313d8,ahmed shide,shahzad ahmed,Ethiopia,pk,75.0,REVIEW
3777f28c-cc12-5522-833c-e388765720ac,e23e2e13-a3c5-5755-8f96-dec196db94b4,alexander stubb,alexander sakulin,Finland,ru,75.0,REVIEW
fc24c7fc-379f-5138-bce3-cd298b2e708e,46b0bcdf-1675-5979-8a28-8da225b6efb8,ibrahim murtala muhammed,muhammad ibrahim,Ghana,sy,75.0,REVIEW
1a606687-66cd-5479-baf3-9aa468de5911,a0ab2f33-f730-54b9-85db-4d9ed14f6087,muhammad herindra,muhammad haydar,Indonesia,,75.0,REVIEW
1a606687-66cd-5479-baf3-9aa468de5911,0109bef3-6e02-5c31-9f9f-f4f638c6df14,muhammad herindra,muhammad ashraf,Indonesia,,75.0,REVIEW
1a8f313c-00cf-566a-a5e5-16a23c87195d,175f3941-a0ee-5049-bdb1-85d59a66bb67,mohammad-reza aref,mohammad-reza ashtiani,Iran,ir,75.0,REVIEW
1a8f313c-00cf-566a-a5e5-16a23c87195d,3f69fc59-09d8-507a-a32c-fae7c692bbfc,mohammad-reza aref,mohammad rezai,Iran,ir,75.0,REVIEW
d92323a3-f42b-55fb-8054-61ed32350322,874110b7-7f28-5f9c-ab18-b6ac55f43693,majid ansari,majid agha'i,Iran,ir,75.0,REVIEW
d92323a3-f42b-55fb-8054-61ed32350322,e16625c1-9008-5806-954e-92c80a4291b9,majid ansari,majid a'zami,Iran,ir,75.0,REVIEW
486633c7-d65d-579c-a85e-bd4fb32cc714,6dfe3845-4ce2-5b81-8758-a75686bcbe28,mohammad eslami,mohammad mahmoudi,Iran,ir,75.0,REVIEW
937ff010-fc55-517b-bce3-bc1e78fa761d,b9f84a4d-9478-5709-ba10-c385de0faa3b,jafar hassan,jamil hassan,Jordan,sy,75.0,REVIEW
6eaca02e-bd2a-55a4-838f-fb4d56412dfc,cf9bcb9f-16d9-54fc-864e-95a75b6df554,mohammad al-khalayleh,muhammad al-ghazali,Jordan,ye,75.0,REVIEW
6eaca02e-bd2a-55a4-838f-fb4d56412dfc,8a8dc7c6-c4f4-57b8-a5e4-c3f987eefa75,mohammad al-khalayleh,mohammad fakhrzadeh,Jordan,,75.0,REVIEW
0342b279-2b5b-5828-9d1f-85268f760287,04b0b3d7-5973-5dca-8610-6b7e5d18a061,abdul hakim al-shibli,ali abdul karim ali,Jordan,sy,75.0,REVIEW
7bc3cc11-e084-5718-9ce8-54a7aad7eaa3,e1fee062-d3e6-50ba-ac2b-aabb50dc74d9,hassan ali joho,ali hassan khalil,Kenya,,75.0,REVIEW
4a19256d-6939-57ce-8382-7eb6928ad8dd,2ea72da9-edb8-54e7-9101-7fd192d24b3b,yong won jo,yong nam jong,"Korea, North",kp,75.0,REVIEW
4a19256d-6939-57ce-8382-7eb6928ad8dd,7725fd5c-cd5e-5a47-a960-87b96f9e937c,yong won jo,yong son jang,"Korea, North",kp,75.0,REVIEW
db80e495-6578-5cc9-8b23-b56d2587e7a3,730507a8-1028-50f1-8b74-e63ff1a5bd0e,song nam kim,sang man kim,"Korea, North",kp,75.0,REVIEW
cd2e7228-83bc-53ae-9022-290f7f52a37f,2ea72da9-edb8-54e7-9101-7fd192d24b3b,yo jong kim,yong nam jong,"Korea, North",kp,75.0,REVIEW
cd2e7228-83bc-53ae-9022-290f7f52a37f,87261b3b-752a-55f6-bf56-a32e634d2725,yo jong kim,myong jin kim,"Korea, North",kp,75.0,REVIEW
f244bdca-f3a8-5d54-9b1b-cc2e39bc638f,05295a1f-3193-5ce8-bb09-449b7fd68ddc,yong hwan kim,yon hui kim,"Korea, North",kp,75.0,REVIEW
f244bdca-f3a8-5d54-9b1b-cc2e39bc638f,9eddb6a0-baeb-5b5c-b6f2-4b9577c189b7,yong hwan kim,yong ju kim,"Korea, North",kp,75.0,REVIEW
0dfb6602-2cb9-593e-9549-4b97c0d28e5c,fd349e6a-2425-5c4d-bb65-d6cb47a63ebf,chol mun,chol kim,"Korea, North",,75.0,REVIEW
d0495abd-8e55-518b-87c8-ff979fa8ac3f,409f605a-c08e-52a3-ab92-1b951394bad3,in chol pak,jong chon pak,"Korea, North",kp,75.0,REVIEW
1bacae61-7d31-58f3-9a3d-c8f20b1d5fcd,3698581c-eeea-546c-ae82-4e7a14529572,jong sun kim,won hong kim,"Korea, North",,75.0,REVIEW
ee714e14-ed52-53c9-a0f3-0a0fb01c9e2c,0e9a260b-0ef4-5d08-bc3c-4465e23f4543,jong gun pak,jong hun kil,"Korea, North",kp,75.0,REVIEW
c85a2ab4-d135-57bf-bdbc-dae1667811ef,abbc7385-4a6d-56c0-8034-d61f10609891,sung guk jon,song guk yun,"Korea, North",kp,75.0,REVIEW
1ad2c0de-1de9-5af3-9e95-190396b8005f,9f155f2b-eaf7-51fe-8216-80ab1dfa4deb,song hak ri,kyong hak kim,"Korea, North",kp,75.0,REVIEW
3dd10b94-ab62-5ae5-a73e-60104d5a70c8,7bb4c3ef-35ef-52a5-96a5-cca060395539,chol san ri,song chol kim,"Korea, North",kp,75.0,REVIEW
aed6b75b-4fc2-5fec-abf0-625322fc4f37,317983e5-097d-5c89-8458-35268be76109,chol ha kim,chol hak kang,"Korea, North",kp,75.0,REVIEW
3aea3e76-cdbe-5543-8f1e-79e51652cf89,072c2404-41d4-5fb9-ba58-340a2e1052fe,hak chol jon,chol man han,"Korea, North",kp,75.0,REVIEW
3aea3e76-cdbe-5543-8f1e-79e51652cf89,f46b91e1-d7a0-59a1-b231-26c7c4c19d88,hak chol jon,yong chol ho,"Korea, North",kp,75.0,REVIEW
3aea3e76-cdbe-5543-8f1e-79e51652cf89,255af80c-23aa-5e30-812f-dde7dff45ed7,hak chol jon,in chol jong,"Korea, North",kp,75.0,REVIEW
98d46526-22bc-5092-acc7-39b7ef15df5f,a0be472f-abfc-5db1-a5fd-05db7d9ae185,yu il kim,kyu kim,"Korea, North",kp,75.0,REVIEW
8cd0c6e3-caab-55c5-94be-0cc31f55b070,697bfa89-7abb-5e26-b7a4-1c957a52b950,jong ho yun,jong hyok son,"Korea, North",kp,75.0,REVIEW
077959aa-ee52-5a90-a839-8c3e1ce4feca,86f78ac3-c178-5fef-8754-9e7ec6d5010b,kum song jin,song hun kim,"Korea, North",kp,75.0,REVIEW
47ad2603-a5d2-5b3c-b035-391c6c9fadf7,c7e8919d-4a6b-5a2b-98bc-f25c625b10d8,song jun kim,chun song ri,"Korea, North",,75.0,REVIEW
4741c842-aa4f-5cb6-9d00-509b4d4be52a,be02b909-72bb-50f4-afc7-abae88e2d208,jong nam kim,chol nam kim,"Korea, North",,75.0,REVIEW
4741c842-aa4f-5cb6-9d00-509b4d4be52a,3698581c-eeea-546c-ae82-4e7a14529572,jong nam kim,won hong kim,"Korea, North",,75.0,REVIEW
4741c842-aa4f-5cb6-9d00-509b4d4be52a,241d30b0-60ed-5c92-a5e0-84d508031417,jong nam kim,jong sik kim,"Korea, North",,75.0,REVIEW
cc81e615-d493-582e-afc5-946ac6cfb9f5,dea9ff67-0a20-5138-b969-147f3eccb71d,chol su kim,yong chol kim,"Korea, North",,75.0,REVIEW
cc81e615-d493-582e-afc5-946ac6cfb9f5,a8cba52b-1ae3-5e9b-b1fb-e13f1da061fe,chol su kim,yong chol kim,"Korea, North",kp,75.0,REVIEW
cc81e615-d493-582e-afc5-946ac6cfb9f5,45fcb1b5-c09d-5e13-aa64-522eb50e18ef,chol su kim,tong chol kim,"Korea, North",,75.0,REVIEW
3f5caa9c-1967-511d-a235-da7d3d2c5422,f0afaf87-0f10-58e2-81f4-392b97f4d363,chol gu kang,chol su kang,"Korea, North",,75.0,REVIEW
8a4561d5-6e38-5ae7-894b-48966e7707a5,86f78ac3-c178-5fef-8754-9e7ec6d5010b,sung jin kim,song hun kim,"Korea, North",kp,75.0,REVIEW
90a27d3f-6f13-5d1c-acc0-a6f4059ad87c,22525815-dc67-580b-a833-9183d1656e5b,sung-whan kim,sang-ho kim,"Korea, South",,75.0,REVIEW
ba85892a-2410-57a7-8218-715f1e6d6cfb,a0ab2f33-f730-54b9-85db-4d9ed14f6087,muhammad abdallah,muhammad haydar,Kuwait,,75.0,REVIEW
ba85892a-2410-57a7-8218-715f1e6d6cfb,63f715bb-d83b-5a0a-875a-735db749253e,muhammad abdallah,muhammad mahmud mahalla,Kuwait,sy,75.0,REVIEW
940e4817-dc8f-5e77-ad70-f5a848a2503c,dce09c1b-b72a-5fb7-b7dc-dde9daf3eaff,ahmad al-hajjar,ahmad al-hamidawi,Lebanon,iq,75.0,REVIEW
6d580cd0-246d-59b1-92c3-1232ce7035b2,0d2aab89-52e7-5356-9873-f9539c5c1830,muhammad haidar,muhammad al-hindi,Lebanon,,75.0,REVIEW
72004bb0-b77a-50ae-bfde-809521de7dbb,0109bef3-6e02-5c31-9f9f-f4f638c6df14,muhammad al-manfi,muhammad ashraf,Libya,,75.0,REVIEW
72004bb0-b77a-50ae-bfde-809521de7dbb,7f82f1be-9b2f-5e70-91de-0dc6fe44efb7,muhammad al-manfi,mohamed al-kani,Libya,ly,75.0,REVIEW
3367d1e0-b60f-59dc-8193-5e08b56fccee,a432834d-3662-5a9e-8289-cb48280c0b0e,husayn al-qatrani,husayn al-shami,Libya,,75.0,REVIEW
3367d1e0-b60f-59dc-8193-5e08b56fccee,3797825b-8c39-5161-a574-e125d28a2d35,husayn al-qatrani,saud al-qahtani,Libya,sa,75.0,REVIEW
ba55e52b-b04b-55d0-acd3-c02ee7077388,a0ab2f33-f730-54b9-85db-4d9ed14f6087,muhammad al-qaryu,muhammad haydar,Libya,,75.0,REVIEW
297286df-6b6c-54b4-9946-4b32fef1fe91,a0ab2f33-f730-54b9-85db-4d9ed14f6087,muhammad al-dabib,muhammad haydar,Libya,,75.0,REVIEW
84c1dd33-be88-5663-9470-06526958fbe2,791140db-b397-5089-abea-4ec3eaf33ceb,ali al-abid,ali al-sha'ir,Libya,,75.0,REVIEW
ff2ee93f-46e3-51b1-92de-4567077fe366,4cbd83f9-f87a-5f0d-a468-903ce5f2de29,muhammad al-zaydani,muhammad kamal al-ayy,Libya,,75.0,REVIEW
c078f534-6871-5142-b5e6-afb51e613971,de83e0e7-6e28-54fc-941a-4997cbf117c9,mohamad hasan,muhammad hasan ra'd,Malaysia,,75.0,REVIEW
8927467c-9af4-5285-aeda-01047675feef,e02fe571-7d8d-58ba-be4c-c3a26292d01d,ahmad faisal muhamad,muhammad ahmad 'ali al-isawi,Malaysia,eg,75.0,REVIEW
61e7720d-b884-5f01-be53-605701f1da08,cc612d8a-68be-5479-b5a7-e9c56e9226cf,ali haidar ahmed,ahmed haji ali haji omar,Maldives,so,75.0,REVIEW
fdf5b127-c44a-538f-8520-3b6557a30c9c,aceb2bed-ce22-54e2-8858-69fce81edc85,abdul ghafoor mohamed,mohamed abdi garaad,Maldives,,75.0,REVIEW
ee9e8d52-c2ac-5cd5-835f-f76f27fe9489,9e3f8a27-3fc9-5665-bcd7-0739376f6ea7,abdoulaye maiga,abdoulaye miskine,Mali,td,75.0,REVIEW
5d69b9ff-8c13-525c-8ffb-9443b3cf4ba6,6d94b2df-eef5-59cb-8e2e-3360a59d2c6c,vladimir jokovic,vladimir kononov,Montenegro,,75.0,REVIEW
e4b7b6b6-5646-58c5-b575-546a5abccf5e,c9e65eb5-4550-54a6-8ad4-07d18e7039ff,mohammed vi,mohammed omar,Morocco,,75.0,REVIEW
e6e0c5ee-2d29-592e-81d8-eacdbd9baac7,b98fed29-0a74-5de9-9503-8c8d7640baa5,ali pate,ali atwa,Nigeria,,75.0,REVIEW
e6e0c5ee-2d29-592e-81d8-eacdbd9baac7,5605e2a0-001d-5a03-a528-7b6a0bfca50d,ali pate,ali zare,Nigeria,ir,75.0,REVIEW
82596291-9c02-5242-a302-55dcc2c2b1d8,d294099d-1e0b-5016-a4c2-7dedd42fa29f,jameel ahmad,ahmad jabril,Pakistan,,75.0,REVIEW
19d89641-666f-5f5d-a65b-d189af5e95fe,1ac32124-4921-5a46-9b65-c28f44718e6f,vladimir vladimirovich putin,vadim vladimirovich belousov,Russia,ru,75.0,REVIEW
b45b6c16-05c3-5345-95eb-c1c6135f61b2,92ea8feb-8106-5771-b82e-da98d2ef981b,aleksandr valentinovich novak,aleksandr ivanovich alyoksa,Russia,by,75.0,REVIEW
b45b6c16-05c3-5345-95eb-c1c6135f61b2,397f5c13-e218-58bd-8e09-f29e8cd70dba,aleksandr valentinovich novak,aleksandr olegovich kalinin,Russia,ru,75.0,REVIEW
b45b6c16-05c3-5345-95eb-c1c6135f61b2,b781b5ac-fd19-5e39-815a-d733435fc764,aleksandr valentinovich novak,aleksandr viktorovich ionov,Russia,ru,75.0,REVIEW
7577e6ac-6813-5c14-a64b-543cff310d82,b12d63f3-441b-5c08-a3e8-48e95626ac09,aleksandr vyacheslavovich kurenkov,gennady vyacheslavovich karlov,Russia,,75.0,REVIEW
ed18924e-5c9b-5e5b-803d-27f2be535e3b,d8ea9ef7-ae70-5841-8fd4-4ae25ca6fbc8,anton olegovich kotyakov,anton olegovich elizarev,Russia,ru,75.0,REVIEW
fbee7b65-a0d0-5c1f-b1ab-b1bba5553a9b,c0ee9b8c-6180-52fd-904e-3f25a888c4f3,valeriy nikolayevich falkov,vasily nikolayevich ikonnikov,Russia,ru,75.0,REVIEW
dbe82bd4-dc46-57b0-b0e4-d46ff1522618,bb79b0e1-9787-5832-a6bf-7daaa4f2917c,roman vladimirovich starovoyt,igor vladimirovich nesterov,Russia,,75.0,REVIEW
fc726116-daf6-51fb-8807-341d8d0ce68d,a0ab2f33-f730-54b9-85db-4d9ed14f6087,muhammad al-jadan,muhammad haydar,Saudi Arabia,,75.0,REVIEW
19d64331-4a98-5a1a-8b23-f2b5fc66029a,2406ba11-05b7-59a5-8322-64de95fa22d1,abd al-aziz al-wasil,abd al-hadi al-iraqi,Saudi Arabia,iq,75.0,REVIEW
4678e32c-6186-5a0c-b6fe-e17eb29e35e8,c6388284-f6bd-50b9-a06f-ea3f7edfb9d5,marko djuric,marko jaksic,Serbia,,75.0,REVIEW
65c1c009-8b93-5ba0-8cff-fde39245efcf,8d63a8fa-433f-52b5-8ddd-c52e235ef793,nenad vujic,nenad popovic,Serbia,rs,75.0,REVIEW
567db692-8be9-5a90-b73f-f61db3fa866d,86f78ac3-c178-5fef-8754-9e7ec6d5010b,kim yong gan,song hun kim,Singapore,kp,75.0,REVIEW
567db692-8be9-5a90-b73f-f61db3fa866d,cb469236-b7f5-5d91-82ab-566e6d934301,kim yong gan,yong bok kim,Singapore,kp,75.0,REVIEW
567db692-8be9-5a90-b73f-f61db3fa866d,847d9c14-d832-5a3e-acd7-0883167432d4,kim yong gan,kyong il kim,Singapore,,75.0,REVIEW
1f73df7f-690d-505b-a1a2-f2bc1c2228b8,0d28db77-1acc-5075-b46b-c815209f84cf,yusuf mohamed adan,mohamed mire ali yusuf,Somalia,so,75.0,REVIEW
911eed12-a02f-5d5a-b2d5-798a46483094,b66ede65-4240-58a8-b695-6b6c45c0cae1,ali sharif ahmed,salim ahmed said,Somalia,gb,75.0,REVIEW
911eed12-a02f-5d5a-b2d5-798a46483094,d46be7b1-26be-5684-9e8d-3bbd2275570d,ali sharif ahmed,ali ahmad safawi,Somalia,lb,75.0,REVIEW
5a456c04-9b49-5ff9-9882-053d87f0225f,06fde29f-f1e0-5dfa-80bd-de6d2310ea48,adel al-hussein,ali ahmed hussein,Sudan,so,75.0,REVIEW
6f8d3b0a-45bb-5b76-a210-ac13674d0b7b,a4084f07-66bb-58b8-b39b-de59b1b476f3,haitham muhammad ibrahim,muhammad ibrahim habib al-sayyid,Sudan,lb,75.0,REVIEW
c3bbe851-9ce5-554f-ada1-dce8062fef6f,a6c385a2-a585-5bc9-8900-f1f1fa0de7b5,muhammad hassan dahab,muhammad harris dar,Sudan,,75.0,REVIEW
93f38396-d1ec-5818-a7cd-bd96fce10d48,0d2aab89-52e7-5356-9873-f9539c5c1830,muhammad bashir,muhammad al-hindi,Sudan,,75.0,REVIEW
c2369b0c-9fa5-5e0b-a144-0128a0d33c6e,da581888-847b-521c-9b55-ae33ac274626,muhammad al-bashir,muhammad ali al-qadiri,Syria,ye,75.0,REVIEW
c2369b0c-9fa5-5e0b-a144-0128a0d33c6e,02767790-0df9-58e3-9dd6-e6040b7f7888,muhammad al-bashir,faqir muhammad,Syria,pk,75.0,REVIEW
0610d2c0-faef-53d1-ad15-4070dc8f7137,870eaa9e-60f4-5b8d-a7a3-1f114a47b042,marwan al-halabi,bilal bin marwan,Syria,,75.0,REVIEW
43b6ef8b-4f1b-57af-8e1a-e1552fdd6344,a0ab2f33-f730-54b9-85db-4d9ed14f6087,muhammad anjarani,muhammad haydar,Syria,,75.0,REVIEW
43b6ef8b-4f1b-57af-8e1a-e1552fdd6344,999b80bc-9b08-5936-bbfe-89c46d521c29,muhammad anjarani,muhammad dandi adhiguna,Syria,id,75.0,REVIEW
43b6ef8b-4f1b-57af-8e1a-e1552fdd6344,0109bef3-6e02-5c31-9f9f-f4f638c6df14,muhammad anjarani,muhammad ashraf,Syria,,75.0,REVIEW
c6fa8dc2-0c43-5716-a8f0-5846972e48d6,d1664e23-52cb-5e75-a8e9-810fe9561c4c,muhammad samih hamid,muhammad sa'id izadi,Syria,,75.0,REVIEW
943eb742-68a2-5428-aef3-3910e5ecec87,444ac61d-18b2-5249-8e54-655e22cf1abf,li-chun cheng,cheng yu li,Taiwan,,75.0,REVIEW
363a881e-6838-5bf9-8cb0-769d8385846e,ae883b32-5d9b-535f-b515-80b8dfdc2a93,chu chen,zhi chen,Taiwan,cn,75.0,REVIEW
690a5f19-7c9e-5a06-8c00-a3359e9d8c8e,00d61557-b5f4-5c68-b860-5b22e3da9dc0,yuan li,youmin li,Taiwan,cn,75.0,REVIEW
01ea857c-9e27-5934-b945-a034d1fdf72f,4e8b1bb1-c038-5146-8ba9-9c41e2734370,yaw-shyang chen,chen wang,Taiwan,,75.0,REVIEW
b3892fcc-4aae-53cd-bc69-11be0a75c815,bcaf6060-6be2-5cc1-9f70-16ef327736fa,rachid amri,rachid fettar,Tunisia,,75.0,REVIEW
d455f5e9-30d5-54a7-8ed7-7d83cac011cb,0e14b858-e03f-5bfc-9230-8dc10246acd1,cevdet yilmaz,adem yilmaz,Turkey,,75.0,REVIEW
f2d822d8-8662-581e-b8fd-aa0f3ae396ce,cf5b8493-aa4c-5f84-a5df-30ec6bcf6c93,maktum bin muhammad,muhammad ma'ruf balwi,United Arab Emirates,sy,75.0,REVIEW
1faee9eb-5c8b-53c2-b67b-1451fee7a69b,a13642ba-cbe6-5cb0-9dc6-1fd49313f420,muhammad abdallah al-gargawi,muhammad abdallah hasan abu-al-khayr,United Arab Emirates,,75.0,REVIEW
b629371d-eb8a-55fe-a68f-1489ae0065f2,f253e1c8-eb6e-52e5-90ae-7e8f33e16c47,muhammad abushahab,muhammad abbas,United Arab Emirates,sy,75.0,REVIEW
b0654420-c034-5096-9710-656720166c3b,c5db0d05-a7a3-590b-8102-9596a48f2611,shaya al-zindani,rayan al-kildani,Yemen,iq,75.0,REVIEW
0fae46ef-f7b8-5c78-800f-923f94b34cb2,da581888-847b-521c-9b55-ae33ac274626,muhammad al-zaouri,muhammad ali al-qadiri,Yemen,ye,75.0,REVIEW
19d89641-666f-5f5d-a65b-d189af5e95fe,2310a27a-4cda-58ae-a5ef-2e7685d03015,vladimir vladimirovich putin,vladimir vladimirovich yakushev,Russia,ru,74.58,REVIEW
cd6c171d-c9ca-554f-891b-755908ea691e,176db1b4-9a56-5d0c-b818-0914e22031a6,aleksandr aleksandrovich kozlov,aleksandr arkadyevich zhukov,Russia,ru,74.58,REVIEW
d6e33049-9c30-57e4-8fa8-e9317955ad2e,e68576f7-c130-5926-a97a-5ccadecd1b38,mikhail vladimirovich degtyarev,mikhail vladimirovich kuzmin,Russia,ru,74.58,REVIEW
0a20c63b-a3e5-5b97-9a17-2fa6525d1530,d7783997-1d46-50ff-8e64-3ebf8567630b,aleksandr vasilyevich bortnikov,aleksandr leonidovich burkov,Russia,ru,74.58,REVIEW
271c9cc3-8590-5a64-a024-de42dbde6e8f,58f3b954-aef4-56a7-9ac2-e861a421b2eb,juan carlos garcia granda,juan carlos giraldo franco,Cuba,,74.51,REVIEW
fbee7b65-a0d0-5c1f-b1ab-b1bba5553a9b,1ae6738e-a3ad-5fe4-b4d5-0d70d6866c25,valeriy nikolayevich falkov,yury nikolayevich koptev,Russia,ru,74.51,REVIEW
053197b2-c2cf-5616-8cd1-fa82f161f429,84d1bc84-6871-5939-b393-f56f8e1a9bc3,mohammed hasan mahmud,mohammad hasan khoda'i,Bangladesh,,74.42,REVIEW
139f8b08-da25-5d92-a1e5-8c1315b84e4b,6310c1bb-5451-580b-8bba-a041e926be53,christodoulos patsalidis,christodoulos xiros,Cyprus,,74.42,REVIEW
d9f564c6-2ce8-5b6c-8ef7-f68bc4718fd6,79028932-2766-5fca-8792-73c2d835fbcd,mohamed ahmed awaleh,mohamed ben ahmed mahri,Djibouti,ml,74.42,REVIEW
d9f564c6-2ce8-5b6c-8ef7-f68bc4718fd6,de27b4ae-658e-5936-9205-e721969d9fa8,mohamed ahmed awaleh,ali ahmed karti mohamed,Djibouti,sd,74.42,REVIEW
1c6ee159-d1bc-52b6-9b43-c211b6a8ae1d,8075f8a2-587e-541d-af23-82d72d52da44,konstantinos tasoulas,konstantinos stavridis,Greece,gr,74.42,REVIEW
fdf5b127-c44a-538f-8520-3b6557a30c9c,93bb4600-d2fb-5e03-9e63-be7fcb794178,abdul ghafoor mohamed,mohamed abdullah hirey,Maldives,so,74.42,REVIEW
0a1384cd-63d0-5f0d-addc-4ec9a070bcb1,5c426280-06e0-55f6-bf96-9cc44fa58487,juan carlos navarro,juan carlos mesa vallejo,Panama,,74.42,REVIEW
ac9c6dc5-aee9-5725-a52b-091d465c61b4,d0b2d3e3-6cb0-5397-9d0a-4d18d3d5e6ac,khadija mohamed dirie,ibrahim mohamed khalil,Somalia,sy,74.42,REVIEW
6f8d3b0a-45bb-5b76-a210-ac13674d0b7b,d72482c5-ddc9-5b1f-b377-a3d91bbc073c,haitham muhammad ibrahim,muhammad kawtharani,Sudan,lb,74.42,REVIEW
c3bbe851-9ce5-554f-ada1-dce8062fef6f,411c55ae-43dc-54f7-b674-1f64a985839c,muhammad hassan dahab,muhammad ghaleb hamdar,Sudan,,74.42,REVIEW
c47c862d-75e5-5f45-adca-974521f25671,b40c5ae2-6ff8-5232-84a7-4be080a8476b,muhammad nidal al-shaar,muhammad al-sunaydar,Syria,ye,74.42,REVIEW
a6104e7a-2b06-56bb-a83d-fe890acafba1,4cbd83f9-f87a-5f0d-a468-903ce5f2de29,khalid muhammad balama,muhammad kamal al-ayy,United Arab Emirates,,74.42,REVIEW
cec684dc-2ef7-50fc-9921-bcab453a3700,dbfba397-f2fc-5c9c-a9f8-b7ce48e183e1,mohammad hassan akhund,mohammad khan,Afghanistan,,74.29,REVIEW
82c71a50-50b9-5ffc-824a-06c9e3f44ab4,c434976b-fe95-50ef-96ee-4eef89fd5bb1,ali hassan bahdon,hassan al-baghdadi,Djibouti,,74.29,REVIEW
f0d138bd-ee5c-52c9-a34f-5124674cac54,2a2c5dc1-a321-5908-8ae0-bc36dde5ff70,fernando lopez,josue lopez hernandez,El Salvador,mx,74.29,REVIEW
6edb8d16-a351-56c2-ba23-539c0d283047,ba621c89-8016-559d-bb83-f03de54c0b7d,mohamed irfaan ali,ali mohamad daoun,Guyana,lb,74.29,REVIEW
dd9c3037-a953-52b4-a3e2-2e6f5fb936de,50ecbbe9-94f8-5c64-9ee2-e305a574366a,hamid pur-mohammadi,behzad mohammadi,Iran,ir,74.29,REVIEW
23ba379d-8492-5e9e-997d-eb6a1e08510d,d664249c-d8b8-5b65-95c4-d283e7e7b051,ali muhsin al-allaq,muhsin al-fadhli,Iraq,,74.29,REVIEW
89abf349-1f32-532b-91d9-d10d0ef65511,e12446d6-7577-580a-921f-3b5fc7951bf1,muhammad al-momani,hamad al-moussawi,Jordan,iq,74.29,REVIEW
6d580cd0-246d-59b1-92c3-1232ce7035b2,b40c5ae2-6ff8-5232-84a7-4be080a8476b,muhammad haidar,muhammad al-sunaydar,Lebanon,ye,74.29,REVIEW
72004bb0-b77a-50ae-bfde-809521de7dbb,2f4c87b0-a715-5497-a852-abcb67ee4ad0,muhammad al-manfi,ali muhammad kazan,Libya,,74.29,REVIEW
72004bb0-b77a-50ae-bfde-809521de7dbb,c721b0df-70eb-5774-aaff-89a63f56fac1,muhammad al-manfi,mohammad al-otaibi,Libya,sa,74.29,REVIEW
336bf454-a678-5c9a-989f-f0c76e205220,2e4e46bf-c55a-5fdc-941d-f5e529b64d8f,abdullah al-lafi,abdullah al-senussi,Libya,,74.29,REVIEW
ff2ee93f-46e3-51b1-92de-4567077fe366,68bbe1cf-00bd-5454-8936-65f8103f9dbf,muhammad al-zaydani,muhammad gaddafi,Libya,,74.29,REVIEW
6ec414db-e441-5b52-8f25-a28b285e9e15,72ba188f-4cb8-595a-9c3b-26763387cf00,ahmad zahid hamidi,haj ahmad mirzaei,Malaysia,ir,74.29,REVIEW
6ec414db-e441-5b52-8f25-a28b285e9e15,dce09c1b-b72a-5fb7-b7dc-dde9daf3eaff,ahmad zahid hamidi,ahmad al-hamidawi,Malaysia,iq,74.29,REVIEW
c078f534-6871-5142-b5e6-afb51e613971,84d1bc84-6871-5939-b393-f56f8e1a9bc3,mohamad hasan,mohammad hasan khoda'i,Malaysia,,74.29,REVIEW
b7c878f1-ff17-5033-8e09-b96f9d59f372,3135800d-fa6c-53ab-a2b3-8391b79e5172,ali naseer mohamed,ali mohamad saleh,Maldives,,74.29,REVIEW
ff5e62cd-9248-5093-b7d0-0c434afa2f55,6fb357b1-abe3-530a-b026-b2bf6b3319a0,abdellatif ouahbi,abdellatif hamideh,Morocco,sy,74.29,REVIEW
9f322d7f-9aa5-5b39-a223-1568ac34bdc3,50c4ab12-62a0-5a60-9e38-ff758dde3138,mohamed hajoui,ali mohamed kharroubi,Morocco,lb,74.29,REVIEW
51cf82c4-0144-570a-a05f-eec9c255d693,5609fed5-da87-5e12-bfe7-cd2708f1b42d,aissatou abdoulaye,abdoulaye hissene,Niger,cf,74.29,REVIEW
ca2aefc2-ada2-5fb6-99dc-3d9e1b8714a6,7ab54f67-ce75-580c-acb9-d7c9a16b4e7e,said bin muhammad bin ahmad al-saqri,muhammad ahmad shawqi al-islambuli,Oman,eg,74.29,REVIEW
8ae67ed2-1944-586e-a3bc-a18b6ab3a36e,0109bef3-6e02-5c31-9f9f-f4f638c6df14,khwaja muhammad asif,muhammad ashraf,Pakistan,,74.29,REVIEW
1d3648e0-890b-5857-b494-38f5e5169785,ba221396-7140-52d1-ad5b-fff4c8488c22,muhammad bin salman,muhammad qabalan,Saudi Arabia,,74.29,REVIEW
8592acdc-cf3f-522a-a249-31e31749f215,716cd5b9-40de-5018-97e9-151d7b8963f4,abdallah bin bandar,ramadan abdallah,Saudi Arabia,,74.29,REVIEW
0a3f10af-c114-59f6-886c-5cd7531e25b3,0220f676-66e6-508b-b541-a53832569aea,ahmed hassan adan,alaa hassan hamieh,Somalia,lb,74.29,REVIEW
1dcf3990-9516-511e-8265-3dee1e6fdaf0,7a199900-dcff-51a3-9fae-364f35ea1ec2,ali yusuf ali hoosh,bashir ali yusuf,Somalia,ng,74.29,REVIEW
6fe76e44-142e-53d5-9576-0ff60aa7b805,a72cd322-d017-5a0b-958a-1aceaebfe32d,dahir shire mohamed,ali mohamed rage,Somalia,so,74.29,REVIEW
e0c0d89f-efd1-5531-8fc6-db6660cbee4d,a4d9ee2e-5a61-5559-8bf8-30cc385991e7,abdulkadir ali,abdulkader ali bazara,Somalia,ye,74.29,REVIEW
41f73c9a-0576-5c99-a90f-8953fecc781b,164e7b5d-30a9-5d6f-918e-e3a017a16e5f,atong kuol manyang,kuol manyang juuk,South Sudan,ss,74.29,REVIEW
c3bbe851-9ce5-554f-ada1-dce8062fef6f,6ee9ef38-22b7-5ed0-a1e4-62b34ae90810,muhammad hassan dahab,muhammad ehsan,Sudan,,74.29,REVIEW
c3bbe851-9ce5-554f-ada1-dce8062fef6f,f253e1c8-eb6e-52e5-90ae-7e8f33e16c47,muhammad hassan dahab,muhammad abbas,Sudan,sy,74.29,REVIEW
43b6ef8b-4f1b-57af-8e1a-e1552fdd6344,2f4c87b0-a715-5497-a852-abcb67ee4ad0,muhammad anjarani,ali muhammad kazan,Syria,,74.29,REVIEW
3fee6e99-1e49-59ce-8c2a-06e8f58d59b0,e29c705f-9048-563c-aa97-b1d4342eef3b,khaled ahmad al-wasabi,ahmad alkhald,Yemen,sy,74.29,REVIEW
0fae46ef-f7b8-5c78-800f-923f94b34cb2,0d2aab89-52e7-5356-9873-f9539c5c1830,muhammad al-zaouri,muhammad al-hindi,Yemen,,74.29,REVIEW
006ad23e-54a7-54a1-8822-9ce4af2635fc,1631be43-a92c-5ee2-a591-7ed362f0d73d,mikhail vladimirovich mishustin,dmitrii vladimirovich alikhanov,Russia,ru,74.19,REVIEW
a7f6b2f9-1666-5d11-966d-b03d88a6038c,4574e5de-7515-53dd-a371-951120004b12,dmitriy nikolayevich chernyshenko,dmitriy nikolaevich bezrukikh,Russia,ru,74.19,REVIEW
b45b6c16-05c3-5345-95eb-c1c6135f61b2,6db1b7ea-2dc3-52ee-9111-d20dfb6efe53,aleksandr valentinovich novak,aleksandr vladimirovich konovalov,Russia,ru,74.19,REVIEW
0a20c63b-a3e5-5b97-9a17-2fa6525d1530,4c73922d-0762-5de7-9958-cfa5bec36bdb,aleksandr vasilyevich bortnikov,alexander vasilyevich terentyev,Russia,ru,74.19,REVIEW
0a20c63b-a3e5-5b97-9a17-2fa6525d1530,9d0e9a0a-b11c-5b48-82cd-7a56d458ea4d,aleksandr vasilyevich bortnikov,aleksandr sergeyevich bolshakov,Russia,ru,74.19,REVIEW
0a20c63b-a3e5-5b97-9a17-2fa6525d1530,8dc59fe1-c9bc-5884-981f-090a59f0f708,aleksandr vasilyevich bortnikov,aleksandr valentinovich sokolov,Russia,ru,74.19,REVIEW
6295a5d3-37bc-5428-bf03-30e95ed71313,00cd914e-781d-5200-8f71-da95235bf13c,hassan hussein mohamed “elaay”,mohammed hussein salih al hasani,Somalia,,74.19,REVIEW
9d2cf264-d4ab-5d45-98ec-1b8379096861,7c6c9a2d-969b-5a2f-b4b0-a1bee9d26e8f,mohammad yaqub,mohammad wali,Afghanistan,,74.07,REVIEW
505bfc47-dc10-5cb8-a9fb-b8b04e6cbae4,bbd84618-6841-5316-af05-1a1d7956f37a,mohammad khalid,baz mohammad,Afghanistan,af,74.07,REVIEW
505bfc47-dc10-5cb8-a9fb-b8b04e6cbae4,0d4898c4-7d4a-55e2-bf2d-f65f4d181a23,mohammad khalid,baz mohammad,Afghanistan,,74.07,REVIEW
a4938fc3-9f5a-5d21-91f8-81ed622f48fd,f39a7c31-e583-57a6-8aea-d8353f85b93c,mohamed arkab,mohamed abrini,Algeria,be,74.07,REVIEW
c071b104-a924-5125-921d-76deb6272631,ebf75025-d523-596a-bfe6-238142602a8f,khazar ibrahim,ibrahim taher,Azerbaijan,lb,74.07,REVIEW
8cb8bc43-f17b-5c0d-8fe9-2d13d31546f2,f7caf788-0402-500a-bf8f-f2ec1b41b076,alyaksandr lukashenka,viktar aliaksandravich lukashenka,Belarus,,74.07,REVIEW
b99820e0-0d65-5e7b-88fd-0062889e7aff,43907554-4851-512d-8aed-9ef20a6647d6,zeljko komsic,zeljko mejakic,Bosnia and Herzegovina,,74.07,REVIEW
0db21a51-a208-5a27-b570-c3ffb7ec8880,a1f5c6de-83f8-5bc9-8662-c59ece820211,nazmi mohammad,mohammad noor,Brunei,,74.07,REVIEW
928d4f05-b0ba-5cf1-84d6-44838e4dc4a6,ceb3204d-198c-575f-9e43-f0cfba38f11b,min aung hlaing,tin aung san,Burma,,74.07,REVIEW
b05ed206-a84b-5bef-ad39-8bfa03419c61,aefc9d4a-ee59-504a-bb2b-38969074ec6c,tin aung san,min aung hlaing,Burma,,74.07,REVIEW
e04d1361-6c5f-5682-9654-45f6127037f1,767511b4-cd47-587c-888a-eaa38c4ae8cc,khin naing oo,khin maung soe,Burma,,74.07,REVIEW
b763a905-8245-5ecd-98c7-069313da9814,7a3fb8be-832e-5e4c-8203-79bb5816f264,guoqing zhang,xiaoming zhang,China,cn,74.07,REVIEW
8c924422-4201-58d0-8ef4-e35d5d3fa6fc,3583bc25-073a-5ad0-adc5-f52251ab2a3a,eduardo rodriguez davila,allan estuardo rodriguez reyes,Cuba,gt,74.07,REVIEW
c9f9dd2c-96d5-524e-b096-94ba08721700,576750a6-7af1-540d-87d6-526b659dfbd6,muhammad zaki,muhammad sarur,Egypt,,74.07,REVIEW
c9f9dd2c-96d5-524e-b096-94ba08721700,1063c7e3-70eb-5930-9681-33e3faa88826,muhammad zaki,muhammad saeed,Egypt,pk,74.07,REVIEW
1a0007c9-1aa6-591f-b0dd-2a2c38e7f64e,552802b8-ecf0-590d-b757-3ed9a0cb6ce3,mohamed shaker,nazar mohamed,Egypt,gy,74.07,REVIEW
1a0007c9-1aa6-591f-b0dd-2a2c38e7f64e,a61cf931-20d1-5e97-b8d3-fc6742411678,mohamed shaker,mohamed sa'id,Egypt,,74.07,REVIEW
2ffd8bc1-fe98-554f-bfb8-3031ef9940be,f39a7c31-e583-57a6-8aea-d8353f85b93c,mohamed maait,mohamed abrini,Egypt,be,74.07,REVIEW
e8c40052-304a-5114-8742-1f79872d6752,a5ac7e6a-ee9e-5efd-95cf-0d43a9e27059,hassan abdullah,hassan ayash,Egypt,lb,74.07,REVIEW
7ec37335-6739-5157-8326-99c88df24edb,90162978-0160-51c2-8ee5-a7e5723a4fe9,ahmed ibrahim,dawood ibrahim,Ghana,in,74.07,REVIEW
7ec37335-6739-5157-8326-99c88df24edb,f9dbac00-e334-5229-a9db-73cc0245997e,ahmed ibrahim,ahmed dabbashi,Ghana,ly,74.07,REVIEW
486633c7-d65d-579c-a85e-bd4fb32cc714,bbd84618-6841-5316-af05-1a1d7956f37a,mohammad eslami,baz mohammad,Iran,af,74.07,REVIEW
486633c7-d65d-579c-a85e-bd4fb32cc714,0d4898c4-7d4a-55e2-bf2d-f65f4d181a23,mohammad eslami,baz mohammad,Iran,,74.07,REVIEW
727db6a8-7d5f-5398-8847-00584f79a101,dae84491-8dee-573f-97c4-f98d5870acb2,abbas araqchi,abbas eberahim,Iran,au,74.07,REVIEW
d9d793ea-a5cc-5664-ad62-a47cfae10f56,d094d3d3-7885-548d-b4f5-01c938916e3f,khalid shwani,khalid mishaal,Iraq,,74.07,REVIEW
4e9a6cda-4d19-5efe-b589-1faae238ef43,e29c705f-9048-563c-aa97-b1d4342eef3b,ahmad al-awidi,ahmad alkhald,Jordan,sy,74.07,REVIEW
215fc3a7-2dba-54d1-877b-cdbd40681523,1cfc5b27-3076-5458-bf08-bb796a4f4f58,ryong hae choe,song nam choe,"Korea, North",,74.07,REVIEW
f244bdca-f3a8-5d54-9b1b-cc2e39bc638f,edc0bc38-33e0-5216-95b3-58804dda6f7a,yong hwan kim,myong chol kim,"Korea, North",,74.07,REVIEW
f244bdca-f3a8-5d54-9b1b-cc2e39bc638f,ed9c67fc-09ae-5043-81d2-acce8f4b49b9,yong hwan kim,kyong hwan mun,"Korea, North",kp,74.07,REVIEW
f244bdca-f3a8-5d54-9b1b-cc2e39bc638f,4d472996-e9ed-5444-aec4-5b3f6e6261b4,yong hwan kim,kyong hyok kim,"Korea, North",,74.07,REVIEW
c394fac8-0504-562f-861e-71123974b95f,9e35ac25-86f8-5492-92db-d5253cc3f08d,jae ryong kim,pyong chan kim,"Korea, North",,74.07,REVIEW
3fb152be-1f78-5bf9-aa97-cbaa07844038,e6d6856a-8166-5c08-8d95-f44ed5808324,sung chan kim,kwang chun kim,"Korea, North",,74.07,REVIEW
c7e8fc46-b063-59fc-9f2c-549482d15202,953dd495-b9bf-54e0-8ea8-963ac47643f3,jong gwan kang,song hwa jong,"Korea, North",kp,74.07,REVIEW
c4e8dab2-3721-51a6-ae63-1e0a6c2721d6,9e35ac25-86f8-5492-92db-d5253cc3f08d,chang sok kim,pyong chan kim,"Korea, North",,74.07,REVIEW
257b7973-9bb2-564f-b8c5-1a55c239efc9,dea9ff67-0a20-5138-b969-147f3eccb71d,chung song kim,yong chol kim,"Korea, North",,74.07,REVIEW
257b7973-9bb2-564f-b8c5-1a55c239efc9,a8cba52b-1ae3-5e9b-b1fb-e13f1da061fe,chung song kim,yong chol kim,"Korea, North",kp,74.07,REVIEW
257b7973-9bb2-564f-b8c5-1a55c239efc9,45fcb1b5-c09d-5e13-aa64-522eb50e18ef,chung song kim,tong chol kim,"Korea, North",,74.07,REVIEW
a94b2e8e-85d9-507b-a1ca-4de6aa6b733e,f94cc52e-7c0e-5ab7-9116-8acb8d38b55e,kyong chol choe,yong chol jo,"Korea, North",kp,74.07,REVIEW
a94b2e8e-85d9-507b-a1ca-4de6aa6b733e,4ca0e61f-bbc4-5f03-ad0b-26627336a285,kyong chol choe,song il choe,"Korea, North",,74.07,REVIEW
250b1f74-d92a-5b8e-81fd-91f406313e55,953dd495-b9bf-54e0-8ea8-963ac47643f3,chun song jang,song hwa jong,"Korea, North",kp,74.07,REVIEW
229631a1-a4f8-56d3-a528-bcc22873590c,cf8b6a77-2e92-5cbe-b1a0-def677d911eb,song hak chae,song chol choe,"Korea, North",kp,74.07,REVIEW
e3fffdf9-96bc-5c43-b16a-8ceeb84de4a5,18fd7590-758d-584f-8fed-b1e975dd7c85,young-hoon kim,tong-chol kim,"Korea, South",,74.07,REVIEW
0b0c2896-86b9-500e-91fb-ac24d0550bf9,24a07ff0-90df-54ad-82a7-04f668c60e4f,halimah ibrahim,ibrahim aqil,Libya,lb,74.07,REVIEW
6dd7e1a2-ace6-592d-96ed-99a772a0c57e,90162978-0160-51c2-8ee5-a7e5723a4fe9,anwar ibrahim,dawood ibrahim,Malaysia,in,74.07,REVIEW
55dd8a94-e430-5cc6-8fe4-7569591bb2c0,cf350077-285c-58b8-8875-08ec56a313d8,uz ahmed usham,shahzad ahmed,Maldives,pk,74.07,REVIEW
b4fd7a0c-c5d1-50fe-a8ed-3a39360f756d,1bffaf59-bf07-5a9d-b0ef-928470770b5c,ibrahim faisal,ayman ibrahim,Maldives,,74.07,REVIEW
aa56f7cd-8124-55bc-8dcd-de6ced13604a,f39a7c31-e583-57a6-8aea-d8353f85b93c,mohamed ameen,mohamed abrini,Maldives,be,74.07,REVIEW
df7ee2f8-209e-5be5-806f-210226dae1b8,02239112-3fce-55fe-af97-1ef7537ab990,david paul,david paul crosby,Marshall Islands,gb,74.07,REVIEW
f6646674-c3ba-529b-8af2-5584b6ee6d51,9b348034-64e1-509a-965e-67129fc0339d,dragan krapovic,dragan jokic,Montenegro,,74.07,REVIEW
dc4b0d7b-5ea4-5c0c-a1ad-5a92e6b55624,64a82b4f-7736-54c5-bc52-59f04bcc26bd,aziz akhannouch,aziz allouch,Morocco,,74.07,REVIEW
f3ad120d-947c-5192-8bc7-b02fe72158f7,1bffaf59-bf07-5a9d-b0ef-928470770b5c,ibrahim gaidam,ayman ibrahim,Nigeria,,74.07,REVIEW
14092f4a-c5ff-5312-bf1b-9b85c2ff6187,7bda2664-4838-5fb5-b5d4-7ba6340ecee4,naser nuradini,naser rashedi,North Macedonia,ir,74.07,REVIEW
ad34ca9f-0fca-5de9-920b-76bd91664d97,e8b72b58-ec59-5dcf-a650-0fba6e2b3d11,zoran sapuric,zoran petrovic,North Macedonia,rs,74.07,REVIEW
04607535-7ab7-5a2a-8166-b3fbfd9d6ca7,1873b830-2454-597b-bee0-fc0ac0babb31,sultan bin muhammad al-numani,mohammad roslan bin ahmad,Oman,,74.07,REVIEW
971ea469-4699-592e-a087-9e045462bc65,0a09cfad-c443-5ce1-9713-c89d1edce6d8,saad al-kabi,sa'ad al-dajani,Qatar,,74.07,REVIEW
19d89641-666f-5f5d-a65b-d189af5e95fe,7d1d2bc9-655e-5932-b0ac-977a8c5f942e,vladimir vladimirovich putin,pavel vladimirovich kuzmin,Russia,ru,74.07,REVIEW
2bf83e07-5387-5987-9333-0a44ebdc0a8f,b849d2e4-a731-56a6-9b43-0ec25b6818ac,sergey sergeyevich kravtsov,sergey valeryevich aksyonov,Russia,,74.07,REVIEW
9f7f1740-b4dd-5baa-9f5c-0df51713cbf6,436f7273-f94b-54d9-8c6b-2f34f4190fa3,sergey viktorovich lavrov,sergey vladimirovich burlakov,Russia,ru,74.07,REVIEW
fbee7b65-a0d0-5c1f-b1ab-b1bba5553a9b,68ff4927-930f-5682-88ef-ee2d1cee6323,valeriy nikolayevich falkov,sergey nikolayevich muratov,Russia,ru,74.07,REVIEW
dbe82bd4-dc46-57b0-b0e4-d46ff1522618,690dd320-25be-5c76-bd92-f59230e72b3a,roman vladimirovich starovoyt,ivan vladimirovich osipov,Russia,,74.07,REVIEW
dbe82bd4-dc46-57b0-b0e4-d46ff1522618,d56d1462-b34b-5634-a864-4b671cf45d6f,roman vladimirovich starovoyt,ivan vladimirovich tavrin,Russia,ru,74.07,REVIEW
dbe82bd4-dc46-57b0-b0e4-d46ff1522618,3d451922-e373-51ac-a947-51068fdaf883,roman vladimirovich starovoyt,oleg vladimirovich petrov,Russia,ru,74.07,REVIEW
6c144204-64bc-5e4e-92d4-4835465202fd,b616033a-9cb3-5501-a3da-09da5d22ae75,abd al-aziz,abd al aziz awda,Saudi Arabia,,74.07,REVIEW
4c11ee80-b4ac-5705-b5a8-953d7a931383,53512943-4e7e-5565-babe-316db863ecf7,ousmane diagne,ousmane conte,Senegal,gn,74.07,REVIEW
0d6d5874-41b2-56b8-9b81-2aa6901058f7,9b348034-64e1-509a-965e-67129fc0339d,dragan glamocic,dragan jokic,Serbia,,74.07,REVIEW
0c7339e7-8f32-5760-a401-1e20b934aa7e,552802b8-ecf0-590d-b757-3ed9a0cb6ce3,mohamed swaray,nazar mohamed,Sierra Leone,gy,74.07,REVIEW
0c7339e7-8f32-5760-a401-1e20b934aa7e,a61cf931-20d1-5e97-b8d3-fc6742411678,mohamed swaray,mohamed sa'id,Sierra Leone,,74.07,REVIEW
c8b759a7-ef1f-503a-b3a9-cbe9bf211b96,ebf75025-d523-596a-bfe6-238142602a8f,ibrahim jalloh,ibrahim taher,Sierra Leone,lb,74.07,REVIEW
df5b3d0e-3a8f-5892-87d7-3b9026d11472,3535166a-2f4b-52b0-8448-f5b109cf82cc,stephen kumi,stephen mutamba,Solomon Islands,zw,74.07,REVIEW
e0c0d89f-efd1-5531-8fc6-db6660cbee4d,9b364552-62af-544a-af4a-82a5652b6d3f,abdulkadir ali,ali abdollahi,Somalia,ir,74.07,REVIEW
911eed12-a02f-5d5a-b2d5-798a46483094,27aeaf13-9f93-5e01-b055-26762972ac28,ali sharif ahmed,ali sharifi,Somalia,,74.07,REVIEW
4b871fd3-0e86-54f9-b055-6cfe082e8d59,502197bb-083e-500b-ab49-3e3a29fd9e6f,puot kang chol,kuk chol jang,South Sudan,kp,74.07,REVIEW
5ec1e0a5-433c-5bf7-8b06-84debf49cce3,2112f3ae-3a88-548f-ad96-9f0ca06c0862,hafiz ibrahim,ibrahim chibli,Sudan,lb,74.07,REVIEW
f0b66f71-01d9-5c51-b9b6-9f9755117404,bd77ca51-03ae-512d-839b-619fba8b20a1,muhammad skaf,muhammad qasir,Syria,,74.07,REVIEW
131ebe19-c134-5d43-a669-75fe98bc5f6b,1c5aa9db-941d-5cb5-84a8-26d11d2d3434,leonard akwilapo,leonard lai,Tanzania,,74.07,REVIEW
68a20052-6c90-5fd0-a11a-b364c65321d3,80ca8ffe-a0a3-5a0a-bdb3-8aa110997a58,khaled nouri,khaled qaddoumi,Tunisia,jo,74.07,REVIEW
8f3dbf58-8a95-5cf5-adf5-f78ba723d8e4,f35d448e-5516-5c47-84c4-90d045f0cb82,muhammad bin hadi al-hussaini,ayadi chafiq bin muhammad,United Arab Emirates,tn,74.07,REVIEW
01d76a7c-6d55-5e36-87f1-dfc7072f55c3,d537a550-3921-5f6b-ac89-248557fa55b6,mohsen al-daeri,mohsen asadi,Yemen,ir,74.07,REVIEW
ae54960f-d347-5091-8aed-043644222a3d,115f5e23-3991-5525-b7b4-a38a85dae4f2,ahmad omar muhammad arman,sa'id ahmad muhammad al-jamal,Yemen,ye,74.07,REVIEW
86ceeac3-b7e7-59c2-b10b-ecf2db9f916a,ac9d6356-4e8a-5b2e-85d2-87757bfe6563,jamil muhammad ali humaydan,jami' 'ali muhammad,Bahrain,so,73.91,REVIEW
cb18185d-3d43-5f7d-a35c-02e3e37d3071,79028932-2766-5fca-8792-73c2d835fbcd,mohamed ahmed assoumani,mohamed ben ahmed mahri,Comoros,ml,73.91,REVIEW
cb18185d-3d43-5f7d-a35c-02e3e37d3071,de27b4ae-658e-5936-9205-e721969d9fa8,mohamed ahmed assoumani,ali ahmed karti mohamed,Comoros,sd,73.91,REVIEW
4bda527a-60dc-5ccd-af24-023f27434fba,8075f8a2-587e-541d-af23-82d72d52da44,konstantinos letymbiotis,konstantinos stavridis,Cyprus,gr,73.91,REVIEW
5fdf818b-384a-52ce-9bba-d547e86c2239,02daf54e-02ba-57c5-8e10-dfa255d0cbea,moustapha mohamed mahamoud,mohamed amin mostafa,Djibouti,iq,73.91,REVIEW
1a8f313c-00cf-566a-a5e5-16a23c87195d,358953ac-361a-5861-ad92-568c3d08c5d6,mohammad-reza aref,mohammad reza moaref jahromi,Iran,ir,73.91,REVIEW
b4739228-8770-5f35-9a18-0c857200eb69,9636b92d-acb0-5a33-8da1-5d8dd1634d84,abd al-husayn al-musawi,abd al-muayyid al-banai,Iraq,qa,73.91,REVIEW
a97fc3c0-a6ca-5497-82c6-fc5700fb4f52,7d37421f-5244-59ad-89ff-c2082f7d3d93,aleksandar nikoloski,aleksandar hristov nikolov,North Macedonia,bg,73.91,REVIEW
c3bbe851-9ce5-554f-ada1-dce8062fef6f,490f0cd6-c110-5b34-aa36-101e8c6484dc,muhammad hassan dahab,hassan abdirahman mahamed,Sudan,so,73.91,REVIEW
ea7e8ab1-0b3e-5477-9efc-81b4021f53c5,5545d883-35b7-5a98-a807-34f7d376a1c2,ahmad husayn al-shara’,ahmad hussein al-khodair,Syria,,73.91,REVIEW
6431c011-7e65-57eb-be58-5fd69139c64a,8fb7e4d6-3d70-5a4c-8e4c-6ac423127cb0,muhammad yasir barniyah,muhammad yusif abdallah,Syria,,73.91,REVIEW
8f3dbf58-8a95-5cf5-adf5-f78ba723d8e4,0d2aab89-52e7-5356-9873-f9539c5c1830,muhammad bin hadi al-hussaini,muhammad al-hindi,United Arab Emirates,,73.91,REVIEW
ca2aefc2-ada2-5fb6-99dc-3d9e1b8714a6,115f5e23-3991-5525-b7b4-a38a85dae4f2,said bin muhammad bin ahmad al-saqri,sa'id ahmad muhammad al-jamal,Oman,ye,73.85,REVIEW
fd64f12d-74b5-53a9-af8e-5ce84b93bb23,b13dea38-305a-5902-968d-6674a2bb5354,abdallah bin muhammad bin said al-saidi,muhammad 'abdallah al-amin,Oman,lb,73.85,REVIEW
7577e6ac-6813-5c14-a64b-543cff310d82,2dc3eb8a-c6fe-53c1-b468-2322a0c1d8fa,aleksandr vyacheslavovich kurenkov,alexei vyacheslavovich karyakin,Russia,,73.85,REVIEW
f21fad05-0e28-5492-a4e5-4ca30560fe5c,f0316e9e-c1b5-5460-b4a0-b57dbea80a68,vladimir aleksandrovich kolokoltsev,vladimir alekseyevich koshelev,Russia,ru,73.85,REVIEW
f21fad05-0e28-5492-a4e5-4ca30560fe5c,c63ca910-dc35-5bcd-abf6-a5af36234fcd,vladimir aleksandrovich kolokoltsev,vladimir alexandrovich panyaev,Russia,,73.85,REVIEW
0a20c63b-a3e5-5b97-9a17-2fa6525d1530,9e4709db-f150-56f6-809e-1bce23cf8674,aleksandr vasilyevich bortnikov,aleksandr vyacheslavovich kurenkov,Russia,ru,73.85,REVIEW
c2ad6c13-1cc1-5fd6-9d59-f848e76820d9,e23565b4-d195-5737-b41c-c55de9620a3e,qari din mohammad,mohammad javad safari,Afghanistan,,73.68,REVIEW
da9f0a66-4da8-5f5d-9e28-e97eb5aaac06,443935ad-b187-5b9d-b943-8b56d522dbb9,ali asadov,ali saade,Azerbaijan,lb,73.68,REVIEW
9f0aa0d4-f7e6-5336-87bb-90d92d8863f2,a6c385a2-a585-5bc9-8900-f1f1fa0de7b5,muhammad faruk khan,muhammad harris dar,Bangladesh,,73.68,REVIEW
d9d20d48-92b2-5eb8-9ee1-38faa1562a34,00841ad2-a0a5-5c0d-b995-a69596db994d,mohammad ali arafat,mohammad jalal maab,Bangladesh,ir,73.68,REVIEW
8d87b4fd-d5aa-5184-bddb-fe924dc592b5,c56798b8-1a7e-57e5-b764-a87dda221bcd,rumana ali,usama ali,Bangladesh,ps,73.68,REVIEW
31bc6af8-18d2-5a6d-9bd4-d0e4b93151b2,96f896c2-7369-5995-92b4-99a1ea7545e4,yixin chen,ting chen,China,cn,73.68,REVIEW
a6dfc114-b00a-5fe4-8c48-c584cdf11d8a,13a551b9-fea1-53b3-a078-96eb28e88433,xiaodu yang,liu yang,China,cn,73.68,REVIEW
c787b502-56b3-5126-b60f-7d9caca4b19b,3135800d-fa6c-53ab-a2b3-8391b79e5172,said mohamed ali said,ali mohamad saleh,Comoros,,73.68,REVIEW
be8cf081-bd09-5287-9a35-856dca599495,1c92c8eb-db6e-5c88-869b-73e5a4845f85,alberto lopez diaz,gilberto lopez lopez,Cuba,mx,73.68,REVIEW
e568e77a-15fe-5f35-aaf1-8cf12515fddf,9c0a9d0d-bfb9-534f-bb0e-11f8ca4336ee,nabil mohamed ahmed,mohamed nayef maged,Djibouti,lb,73.68,REVIEW
0c1ef187-f1e9-5c1d-8a59-d178d0e16b02,7ed1602f-0f18-5c55-8982-78bf9b0f04f1,nesredin mohammed-saleh,mohammed saeedi,Eritrea,,73.68,REVIEW
6edb8d16-a351-56c2-ba23-539c0d283047,2de51460-70d9-563e-ba09-b47e89a73727,mohamed irfaan ali,mohammad ali mirzaei,Guyana,ir,73.68,REVIEW
75d0b232-5d8d-561a-9b0a-a4a6bf4ac414,0e7cd1f0-dda3-5163-bf60-8c3b80b1e32f,umar hadi,hadi nouri,Indonesia,ir,73.68,REVIEW
dd9c3037-a953-52b4-a3e2-2e6f5fb936de,f8d6008c-9553-5c94-b30c-d02f481bee61,hamid pur-mohammadi,gholamali mohammadi,Iran,ir,73.68,REVIEW
b48ea18b-a91f-5b7b-bafa-d69134b9ce24,93dde747-7bcc-53e6-9914-e2c19a78e36f,said ohadi,said arif,Iran,dz,73.68,REVIEW
b48ea18b-a91f-5b7b-bafa-d69134b9ce24,e7859196-db82-5839-9eb9-874b7434a489,said ohadi,khan said,Iran,,73.68,REVIEW
016b063f-7385-5c67-abd3-c36f628d8705,cbaf9ce0-7aa1-5d1a-bb4e-4c420fa45ee0,o su yong,yong il ho,"Korea, North",,73.68,REVIEW
760e0ba4-7aa7-5ea2-b565-665ad6d216ec,0bd558aa-1421-5587-843c-f71b34c549df,su il pak,su gil kim,"Korea, North",kp,73.68,REVIEW
0dfb6602-2cb9-593e-9549-4b97c0d28e5c,f15b0163-a1a1-58a6-a397-5687c5fd54e3,chol mun,chol man ko,"Korea, North",,73.68,REVIEW
1ad2c0de-1de9-5af3-9e95-190396b8005f,118a1ba5-17c3-5ef9-b6da-2b5c86ddb3a2,song hak ri,song kim,"Korea, North",kp,73.68,REVIEW
4f2e5ddc-e7f2-5114-91e0-b66d2b467446,118a1ba5-17c3-5ef9-b6da-2b5c86ddb3a2,sung du kim,song kim,"Korea, North",kp,73.68,REVIEW
98d46526-22bc-5092-acc7-39b7ef15df5f,12e28eae-3413-5c7f-8543-5361d66133d5,yu il kim,ho kyu kim,"Korea, North",kp,73.68,REVIEW
f3c08208-2b98-5df7-80e3-d940f854096e,0de4fe4b-c74d-5ed3-a9d1-577c975183af,yong il ju,yong su u,"Korea, North",kp,73.68,REVIEW
cc616297-3e2c-5035-bb7f-1fdb127363a5,7e7f14fc-2f97-5696-b2ee-a43d9722648f,song kim,song jin im,"Korea, North",kp,73.68,REVIEW
cc616297-3e2c-5035-bb7f-1fdb127363a5,3994612e-996b-596c-91b7-90cd5320c49c,song kim,tong-ho kim,"Korea, North",kp,73.68,REVIEW
cc616297-3e2c-5035-bb7f-1fdb127363a5,62fa7bc2-cae8-54af-9190-4a72c055be38,song kim,song sun im,"Korea, North",kp,73.68,REVIEW
cc616297-3e2c-5035-bb7f-1fdb127363a5,22525815-dc67-580b-a833-9183d1656e5b,song kim,sang-ho kim,"Korea, North",,73.68,REVIEW
cc616297-3e2c-5035-bb7f-1fdb127363a5,0885644a-9a39-5222-abbc-2fbe58935244,song kim,ung sun kim,"Korea, North",kp,73.68,REVIEW
cc616297-3e2c-5035-bb7f-1fdb127363a5,9eddb6a0-baeb-5b5c-b6f2-4b9577c189b7,song kim,yong ju kim,"Korea, North",kp,73.68,REVIEW
72004bb0-b77a-50ae-bfde-809521de7dbb,4cbd83f9-f87a-5f0d-a468-903ce5f2de29,muhammad al-manfi,muhammad kamal al-ayy,Libya,,73.68,REVIEW
72004bb0-b77a-50ae-bfde-809521de7dbb,cf5b8493-aa4c-5f84-a5df-30ec6bcf6c93,muhammad al-manfi,muhammad ma'ruf balwi,Libya,sy,73.68,REVIEW
ba55e52b-b04b-55d0-acd3-c02ee7077388,4cbd83f9-f87a-5f0d-a468-903ce5f2de29,muhammad al-qaryu,muhammad kamal al-ayy,Libya,,73.68,REVIEW
ba55e52b-b04b-55d0-acd3-c02ee7077388,cf5b8493-aa4c-5f84-a5df-30ec6bcf6c93,muhammad al-qaryu,muhammad ma'ruf balwi,Libya,sy,73.68,REVIEW
297286df-6b6c-54b4-9946-4b32fef1fe91,1c402d27-756e-5147-9c2c-1015eed7a9b1,muhammad al-dabib,hasib muhammad hadwan,Libya,lb,73.68,REVIEW
84c1dd33-be88-5663-9470-06526958fbe2,04988ed9-92b2-5160-851e-05eec93efd6b,ali al-abid,ali abdi,Libya,ir,73.68,REVIEW
ff2ee93f-46e3-51b1-92de-4567077fe366,d72482c5-ddc9-5b1f-b377-a3d91bbc073c,muhammad al-zaydani,muhammad kawtharani,Libya,lb,73.68,REVIEW
081d2c10-5a48-5ae2-bc8a-0462300298e7,82dfadfc-06b9-5b21-a6ef-8328713c447c,muhammad al-shahubi,muhamad ali al-hebo,Libya,sy,73.68,REVIEW
081d2c10-5a48-5ae2-bc8a-0462300298e7,353d33bb-6dc1-5a91-bdd2-e8c889702d03,muhammad al-shahubi,ali muhammad hamsho,Libya,sy,73.68,REVIEW
e6e0c5ee-2d29-592e-81d8-eacdbd9baac7,a17a76a2-1bab-560a-8479-0b9df039317f,ali pate,ali zeaiter,Nigeria,lb,73.68,REVIEW
bf7e72ce-d50e-5a0d-92d2-9d66bd68623b,39b90c3e-6b84-5b2a-8c8a-0f4436a93152,amir muqam,amir azam,Pakistan,,73.68,REVIEW
19d89641-666f-5f5d-a65b-d189af5e95fe,a4cea016-c0b2-5770-9206-8e9d4e47f159,vladimir vladimirovich putin,vadim vladimirovich podkopaev,Russia,,73.68,REVIEW
19ff653a-9fd8-5e8e-9100-5ac9c86d729d,6f45de5e-6d0e-5dac-a986-60e94eef7138,denis valentinovich manturov,mikhail valentinovich romanov,Russia,ru,73.68,REVIEW
19ff653a-9fd8-5e8e-9100-5ac9c86d729d,cad6a2a0-e6f0-5a52-b5c5-4660dc15d508,denis valentinovich manturov,aleksandr valentinovich novak,Russia,ru,73.68,REVIEW
b45b6c16-05c3-5345-95eb-c1c6135f61b2,b4c5f022-9972-5105-816e-c375d16380fe,aleksandr valentinovich novak,aleksandr valeryevich dyukov,Russia,ru,73.68,REVIEW
b45b6c16-05c3-5345-95eb-c1c6135f61b2,6b275edd-e429-5f28-9c99-c3211b6641ed,aleksandr valentinovich novak,denis valentinovich manturov,Russia,ru,73.68,REVIEW
d6e33049-9c30-57e4-8fa8-e9317955ad2e,19ab3328-7dac-51f7-81cd-e0f3beffde53,mikhail vladimirovich degtyarev,nikita vladimirovich gusev,Russia,ru,73.68,REVIEW
fc726116-daf6-51fb-8807-341d8d0ce68d,4cbd83f9-f87a-5f0d-a468-903ce5f2de29,muhammad al-jadan,muhammad kamal al-ayy,Saudi Arabia,,73.68,REVIEW
147ba313-ef1d-5225-bc02-d52875086c66,35ce5ccd-b7de-52e0-ae56-306a3d78da3d,musaid bin muhammad al-ayban,muhammad said kazim al-sahhaf,Saudi Arabia,,73.68,REVIEW
ee16f6fc-f917-556d-858e-dd894b7bd052,6deeb7b5-f2f2-510b-9b67-ddc5c0e45e44,aleksander jevsek,aleksander omelchenko,Slovenia,,73.68,REVIEW
ebde17af-0f5f-5666-9c58-0b7aa0a193b4,0d2aab89-52e7-5356-9873-f9539c5c1830,muhammad said al-hilu,muhammad al-hindi,Sudan,,73.68,REVIEW
93f38396-d1ec-5818-a7cd-bd96fce10d48,6ad005c0-b3d5-555b-8be0-efebe062a29b,muhammad bashir,bashir mohamed mahamoud,Sudan,so,73.68,REVIEW
c2369b0c-9fa5-5e0b-a144-0128a0d33c6e,b40c5ae2-6ff8-5232-84a7-4be080a8476b,muhammad al-bashir,muhammad al-sunaydar,Syria,ye,73.68,REVIEW
c2369b0c-9fa5-5e0b-a144-0128a0d33c6e,2aeab189-20f3-533b-9607-b855852a575e,muhammad al-bashir,muhammad al-ghorayfi,Syria,ir,73.68,REVIEW
c6fa8dc2-0c43-5716-a8f0-5846972e48d6,e1a230f5-c100-5945-bd6c-d5e71aa63ee7,muhammad samih hamid,mukhtar hamid shah,Syria,pk,73.68,REVIEW
3fdad451-7aa4-5ed8-9436-13a9bc846ceb,e718431a-700e-52da-984c-e79ebf76acb8,hamad yusuf masauni,mohammad yusuf shah,Tanzania,in,73.68,REVIEW
3a0d6570-b49b-518d-986e-d4d4a15cc518,d1664e23-52cb-5e75-a8e9-810fe9561c4c,muhammad bin zayid,muhammad sa'id izadi,United Arab Emirates,,73.68,REVIEW
74ed3947-e707-5a63-b531-5e996beb145b,3d03156c-1c9d-5ef4-845a-d9d2acee9e60,muhammad bin rashid,muhammad nafi bilal,United Arab Emirates,sy,73.68,REVIEW
74ed3947-e707-5a63-b531-5e996beb145b,de83e0e7-6e28-54fc-941a-4997cbf117c9,muhammad bin rashid,muhammad hasan ra'd,United Arab Emirates,,73.68,REVIEW
97d98aa4-12ab-5ad5-8a91-a3f8304101f5,a234fc8b-ec9e-5dfe-87c3-5a335e415929,alejandro sanchez,pedro sanchez medrano,Uruguay,,73.68,REVIEW
9578ba7b-ed8c-5041-96d8-36f346c46e40,a1e55e79-b40a-5593-bb5f-45028430abed,tariq muhammad abdallah salih,salah abdallah mohamed salah,Yemen,sd,73.68,REVIEW
0fae46ef-f7b8-5c78-800f-923f94b34cb2,b40c5ae2-6ff8-5232-84a7-4be080a8476b,muhammad al-zaouri,muhammad al-sunaydar,Yemen,ye,73.68,REVIEW
7577e6ac-6813-5c14-a64b-543cff310d82,aebe400c-2f17-5c31-a7d7-27e8aea289be,aleksandr vyacheslavovich kurenkov,aleksandr vyacheslavovich zakharov,Russia,ru,73.53,REVIEW
38c8f948-c467-5866-a293-99e974e8102e,a3a04197-e5bb-5e12-b36a-7be0d00f969c,yasir abd al-rahman hassan al-atta,khalid abd al-rahman hamd al-fawaz,Sudan,sa,73.53,REVIEW
1d85cbd3-6c94-5a9e-b8c4-952dd2988e86,b49c4415-85eb-559d-90e2-5eac291b7dac,silvia riva gonzalez,ian jassiel gonzalez villegas,Andorra,mx,73.47,REVIEW
6bf403eb-cd49-5885-a951-153e5cde5d09,e1376111-f083-5fad-8941-e5292c8f55f4,nizar muhammad said amedi,muhammad ali sayid ahmad,Iraq,ca,73.47,REVIEW
097a8758-2d29-57d6-aaf9-7e0eea775503,6e2c11be-ba21-506d-be20-4aa839e16a51,jose antonio dos santos,jose antonio soto gastelum,Paraguay,mx,73.47,REVIEW
b4d55674-25eb-59a0-9fb3-8e4679b29480,21d39ec0-7574-5a43-be3f-5d2213aa7e2d,jose maria balcazar zelada,jose maria ruelas avila,Peru,,73.47,REVIEW
ed18924e-5c9b-5e5b-803d-27f2be535e3b,9ffd1a09-af58-5993-87fd-4cac16829f81,anton olegovich kotyakov,anton viktorovich koltsov,Russia,ru,73.47,REVIEW
85da5294-bb31-5f57-9cb1-bc4d767cffe5,9ffd1a09-af58-5993-87fd-4cac16829f81,igor viktorovich krasnov,anton viktorovich koltsov,Russia,ru,73.47,REVIEW
85da5294-bb31-5f57-9cb1-bc4d767cffe5,ed675647-df5f-5424-a044-6a122e2e7684,igor viktorovich krasnov,boris viktorovich obnosov,Russia,ru,73.47,REVIEW
fe28a4c6-9d92-5e4e-804f-4f03a1c3d81e,c1629bb7-deab-5b00-a754-83b58a7495fb,muhammad abdallah mahmoud,mahmoud mohammadi dayeni,Sudan,,73.47,REVIEW
ebde17af-0f5f-5666-9c58-0b7aa0a193b4,6a229560-a30b-56ae-b2b1-dc832d56c8e0,muhammad said al-hilu,tawfiq muhammad sa'id al-law,Sudan,sy,73.47,REVIEW
74ed3947-e707-5a63-b531-5e996beb145b,3b376dfb-779b-5692-a674-60c7fc008917,muhammad bin rashid,amir rashid muhammad al-ubaidi,United Arab Emirates,iq,73.47,REVIEW
e2f1e3b6-6f9d-585e-a15d-b2e87b8c3d32,2c9501c8-32ea-5aed-b7f4-9b0f96ede12e,miguel angel perez pirela,miguel angel uribe uribe,Venezuela,,73.47,REVIEW
ae54960f-d347-5091-8aed-043644222a3d,e1376111-f083-5fad-8941-e5292c8f55f4,ahmad omar muhammad arman,muhammad ali sayid ahmad,Yemen,ca,73.47,REVIEW
60703c42-976d-5078-8240-0e96bfee1620,adff777e-b2e7-5a26-b7a1-a1b629b628b2,abd al-wahab abdullah ahmed al-hajri,ahmed abdullah saleh al-khazmari al-zahrani,Yemen,,73.42,REVIEW
9d2cf264-d4ab-5d45-98ec-1b8379096861,b6994956-fca0-530f-b963-f0d3483fecad,mohammad yaqub,mohammad pakpour,Afghanistan,,73.33,REVIEW
c2ad6c13-1cc1-5fd6-9d59-f848e76820d9,7c6c9a2d-969b-5a2f-b4b0-a1bee9d26e8f,qari din mohammad,mohammad wali,Afghanistan,,73.33,REVIEW
22a90d9b-1224-53d5-8b6f-8521113fdb1c,3e4375bf-fb61-5613-9d2a-d6be35526bcd,abdul haq wasiq,abdul baqi bari,Afghanistan,,73.33,REVIEW
505bfc47-dc10-5cb8-a9fb-b8b04e6cbae4,09a37407-4fad-5e58-8a91-a367926774c7,mohammad khalid,mohammad baseri,Afghanistan,ir,73.33,REVIEW
505bfc47-dc10-5cb8-a9fb-b8b04e6cbae4,bc245e07-5a67-57e4-917f-70ff84fa950d,mohammad khalid,mohammad magham,Afghanistan,ir,73.33,REVIEW
505bfc47-dc10-5cb8-a9fb-b8b04e6cbae4,a8f81007-08b3-5db4-8e8c-f6ba5d8e8a4d,mohammad khalid,mohammad asgari,Afghanistan,ir,73.33,REVIEW
505bfc47-dc10-5cb8-a9fb-b8b04e6cbae4,007ca928-678e-58d6-ae82-e6d84b4df15f,mohammad khalid,mohammad mina'i,Afghanistan,,73.33,REVIEW
c071b104-a924-5125-921d-76deb6272631,46b0bcdf-1675-5979-8a28-8da225b6efb8,khazar ibrahim,muhammad ibrahim,Azerbaijan,sy,73.33,REVIEW
04a9459c-862c-5276-b1cd-bbe1192b9e80,e7edf78c-43d4-541e-9ab2-5348d350a3ca,abdur rahman,abdul rahman yasin,Bangladesh,,73.33,REVIEW
0db21a51-a208-5a27-b570-c3ffb7ec8880,1bf49fbb-1ce5-56b8-9c23-d560ba452726,nazmi mohammad,mohammad moloudi,Brunei,ir,73.33,REVIEW
0db21a51-a208-5a27-b570-c3ffb7ec8880,75879083-c8a9-5fdd-84fd-ff08f2f924dd,nazmi mohammad,mohammad soltani,Brunei,ir,73.33,REVIEW
806e777c-488f-512f-8245-1f028fe3325b,707ca07a-1943-577c-adf8-9e0270a34d8a,tomislav donchev,tomislav kovac,Bulgaria,,73.33,REVIEW
eaed8485-961b-504c-b1b4-1dc3fa9d17c1,b5e7ef74-957c-5d48-8d8b-a13c51add0f5,ivan ivanov,ivan ivanovich loor,Bulgaria,ru,73.33,REVIEW
d3ecd1d1-9e29-5852-bcdc-b5790545e3b6,5a4508d5-bb8f-5df4-a60c-d2ca9fbf742a,hassan bouba,hassan firouzabadi,Central African Republic,,73.33,REVIEW
994c01ee-6357-5e9f-b788-ce736b5f8844,0a53717d-5ac5-52d8-b840-9198d945f8a4,ahmed osman ali,ali ahmed naaji,Djibouti,so,73.33,REVIEW
994c01ee-6357-5e9f-b788-ce736b5f8844,064d1528-680d-58c5-8686-bf99a85eecdc,ahmed osman ali,ahmed alif rauf,Djibouti,mv,73.33,REVIEW
1a0007c9-1aa6-591f-b0dd-2a2c38e7f64e,1607cb3a-30a4-5337-9451-1e8aed958030,mohamed shaker,mohamed thasleem,Egypt,mv,73.33,REVIEW
7ec37335-6739-5157-8326-99c88df24edb,9c6797e2-7cb9-503d-ba38-9d00a2c36178,ahmed ibrahim,ibrahim ali daher,Ghana,lb,73.33,REVIEW
486633c7-d65d-579c-a85e-bd4fb32cc714,09a37407-4fad-5e58-8a91-a367926774c7,mohammad eslami,mohammad baseri,Iran,ir,73.33,REVIEW
486633c7-d65d-579c-a85e-bd4fb32cc714,bc245e07-5a67-57e4-917f-70ff84fa950d,mohammad eslami,mohammad magham,Iran,ir,73.33,REVIEW
486633c7-d65d-579c-a85e-bd4fb32cc714,007ca928-678e-58d6-ae82-e6d84b4df15f,mohammad eslami,mohammad mina'i,Iran,,73.33,REVIEW
6e2c26a1-61fd-5266-a3d7-f39cf4b2321a,024affcb-56f8-5634-8ce0-cfa6ef9799fa,abbas ali-abadi,fadi abbas saad,Iran,lb,73.33,REVIEW
3b010830-4c7f-51c8-b05c-d12a854b19eb,09a37407-4fad-5e58-8a91-a367926774c7,mohammad atabak,mohammad baseri,Iran,ir,73.33,REVIEW
3b010830-4c7f-51c8-b05c-d12a854b19eb,bc245e07-5a67-57e4-917f-70ff84fa950d,mohammad atabak,mohammad magham,Iran,ir,73.33,REVIEW
3b010830-4c7f-51c8-b05c-d12a854b19eb,a8f81007-08b3-5db4-8e8c-f6ba5d8e8a4d,mohammad atabak,mohammad asgari,Iran,ir,73.33,REVIEW
3b010830-4c7f-51c8-b05c-d12a854b19eb,7216e8e2-b480-55a7-8d14-40f8d0e2c42e,mohammad atabak,mohammad karami,Iran,ir,73.33,REVIEW
73b86e04-58c5-5d25-a2d6-c5c0ffd9d255,ba221396-7140-52d1-ad5b-fff4c8488c22,wahab muhammad,muhammad qabalan,Iraq,,73.33,REVIEW
6cd08bd9-bb07-5aa5-9132-2206bddf940f,3f2e2746-e064-54c5-84b8-c83906b92936,abdallah ii,adil abdallah mahdi,Jordan,,73.33,REVIEW
89255f10-fc18-5689-9a22-4c759c323524,a802a7f4-afa7-5f52-a4a2-154915f1ae8e,ibrahim al-badur,ibrahim buisir,Jordan,,73.33,REVIEW
300b3419-91ca-5863-b11d-2e1823e7eca3,4ded3e94-789a-5292-822f-de61c393d1eb,khaled al-bakkar,khaled barakat,Jordan,,73.33,REVIEW
4e9a6cda-4d19-5efe-b589-1faae238ef43,d46be7b1-26be-5684-9e8d-3bbd2275570d,ahmad al-awidi,ali ahmad safawi,Jordan,lb,73.33,REVIEW
2992c062-eb4d-5f44-be4b-d0bca30b2249,d2395979-e77f-59d5-b6ad-ba0cd9767b1e,ahmad abdullah,abdullah anshori,Kuwait,id,73.33,REVIEW
a3b61386-951d-5aa7-a077-3285a302627c,e02fe571-7d8d-58ba-be4c-c3a26292d01d,adel muhammad abdullah al-adwani,muhammad ahmad 'ali al-isawi,Kuwait,eg,73.33,REVIEW
940e4817-dc8f-5e77-ad70-f5a848a2503c,58cb3eae-dd59-507c-a55e-6558e03b9fce,ahmad al-hajjar,ahmad al-khatib,Lebanon,eg,73.33,REVIEW
6d580cd0-246d-59b1-92c3-1232ce7035b2,530d6991-18a1-58b0-aedb-12fe5e1ba066,muhammad haidar,muhammad hamsho,Lebanon,sy,73.33,REVIEW
6d580cd0-246d-59b1-92c3-1232ce7035b2,0109bef3-6e02-5c31-9f9f-f4f638c6df14,muhammad haidar,muhammad ashraf,Lebanon,,73.33,REVIEW
6d580cd0-246d-59b1-92c3-1232ce7035b2,53468a54-f437-53b4-bc2b-0be24f195d16,muhammad haidar,muhammad farooq,Lebanon,pk,73.33,REVIEW
716dd8bc-4a5b-541a-9582-e6fa17d4c6bf,0f9172ac-7065-5480-92e7-b862da0a2931,muhammad al-ghuj,muhammad maruf,Libya,pk,73.33,REVIEW
716dd8bc-4a5b-541a-9582-e6fa17d4c6bf,2847baf2-192a-516f-86fa-6510ec73abe2,muhammad al-ghuj,muhammad iqbal,Libya,pk,73.33,REVIEW
cb7cef2d-ebaa-5adf-9d01-f80315e9c345,27d0634d-52ff-51ec-be83-31e1ab3ec41f,walid al-lafi,khalid al-marfadi,Libya,,73.33,REVIEW
6dd7e1a2-ace6-592d-96ed-99a772a0c57e,9c6797e2-7cb9-503d-ba38-9d00a2c36178,anwar ibrahim,ibrahim ali daher,Malaysia,lb,73.33,REVIEW
6ec414db-e441-5b52-8f25-a28b285e9e15,53cf1cc3-b39f-59c3-a65f-5dbd84671389,ahmad zahid hamidi,ahmad khazai,Malaysia,,73.33,REVIEW
c078f534-6871-5142-b5e6-afb51e613971,ba621c89-8016-559d-bb83-f03de54c0b7d,mohamad hasan,ali mohamad daoun,Malaysia,lb,73.33,REVIEW
61e7720d-b884-5f01-be53-605701f1da08,221ec38e-fbe8-53dc-871f-fe595fc224c7,ali haidar ahmed,ahmad iman ali,Maldives,ke,73.33,REVIEW
35a00a7d-4ea8-5494-aaa6-b26ed2b7705c,95796ac9-c09c-5efd-8b7d-01eba8471093,youssef amrani,youssef ben azza,Morocco,be,73.33,REVIEW
232e9cb1-f166-56b5-8d24-da4035459160,e5335211-34f2-5325-9892-e976d63dac20,charles mubita,charles sematama,Namibia,cd,73.33,REVIEW
ca2aefc2-ada2-5fb6-99dc-3d9e1b8714a6,06dfd183-8507-5e75-a49b-b9d26f23108a,said bin muhammad bin ahmad al-saqri,muhammad ahmad al-talibi,Oman,ye,73.33,REVIEW
60379f20-f448-58bf-96e0-635c21e27f03,f19c531a-dfb2-57bc-8963-7782d16e4955,ahmed al-musalmi,ahmad al-hamzi,Oman,ye,73.33,REVIEW
820df56b-eb81-562c-9607-589b9986cd85,37c7e6b0-2fb9-52b8-b3b8-a806c4e0efe7,masoud al-amiri,masoud bahadori,Qatar,ir,73.33,REVIEW
b45b6c16-05c3-5345-95eb-c1c6135f61b2,681c72fa-e026-5b4b-aab7-38d87c8427dd,aleksandr valentinovich novak,nikolay valentinovich andrianov,Russia,ru,73.33,REVIEW
dbe82bd4-dc46-57b0-b0e4-d46ff1522618,66191a6a-06af-5cb7-8604-e8a425ee2bb4,roman vladimirovich starovoyt,alexey vladimirovich ostrovskiy,Russia,ru,73.33,REVIEW
0a20c63b-a3e5-5b97-9a17-2fa6525d1530,cad6a2a0-e6f0-5a52-b5c5-4660dc15d508,aleksandr vasilyevich bortnikov,aleksandr valentinovich novak,Russia,ru,73.33,REVIEW
08760fca-9e7a-5b85-9c67-ffbba9ffa040,e29c705f-9048-563c-aa97-b1d4342eef3b,ahmad al-khulayfi,ahmad alkhald,Saudi Arabia,sy,73.33,REVIEW
5abf55de-949e-5cd5-8ac3-3b98b2364a55,0a069157-219a-55fd-b922-25ad51d12f8e,ibrahim al-assaf,karam al-assad,Saudi Arabia,sy,73.33,REVIEW
aed33a52-62ce-5240-9ca2-e86db05eb20b,538be600-e17f-5c41-b7e0-982e49ac38ff,dragan sutanovac,dragan lalovic,Serbia,,73.33,REVIEW
ab9f2529-ed9b-5956-afab-73f4e0edcd43,d393e83c-4b3c-5988-aeda-dc91c694fba9,salah ahmed jama,ahmed shamlakh,Somalia,ps,73.33,REVIEW
93f38396-d1ec-5818-a7cd-bd96fce10d48,a0ab2f33-f730-54b9-85db-4d9ed14f6087,muhammad bashir,muhammad haydar,Sudan,,73.33,REVIEW
93f38396-d1ec-5818-a7cd-bd96fce10d48,53468a54-f437-53b4-bc2b-0be24f195d16,muhammad bashir,muhammad farooq,Sudan,pk,73.33,REVIEW
cf279927-1aab-53bc-8a74-14d1ce495a2b,75aaae71-2cb8-5854-94aa-b3280264cbc5,ching-wen chang,chin sung chang,Taiwan,,73.33,REVIEW
a78ba60b-7571-5240-8600-6c5eee890fea,8491a9b7-74ba-5f9b-8364-51f7fa4658a4,mondher belaid,mondher baazaoui,Tunisia,tn,73.33,REVIEW
1faee9eb-5c8b-53c2-b67b-1451fee7a69b,e69ac5cf-6e65-55a7-976c-38ba5f1bff5d,muhammad abdallah al-gargawi,muhammad abd al-karim al-ghamari,United Arab Emirates,ye,73.33,REVIEW
9578ba7b-ed8c-5041-96d8-36f346c46e40,8b5e0a66-837f-5226-af7a-8c2d3cadd73c,tariq muhammad abdallah salih,wail muhammad said abd-al-wadud,Yemen,ye,73.33,REVIEW
01d76a7c-6d55-5e36-87f1-dfc7072f55c3,c4dff94b-e53a-5121-8e45-9c44b547c615,mohsen al-daeri,mohsen alikhani,Yemen,ir,73.33,REVIEW
55b79106-f430-50c6-a96e-1d741e74bfa2,d60ef154-2460-5a93-9c51-6b27f06351a2,salim al-hurayzi,salih al-aruri,Yemen,,73.33,REVIEW
48b2c6ec-0530-5ecc-8823-4708105b688a,424d2451-8de6-51f3-a468-d92f9a614d9b,noor mohammad saqib,mohammad taghi osanloo,Afghanistan,ir,73.17,REVIEW
9f0aa0d4-f7e6-5336-87bb-90d92d8863f2,8e5c46d1-12ae-528b-9461-577247385887,muhammad faruk khan,muhammad javed khanani,Bangladesh,,73.17,REVIEW
9f0aa0d4-f7e6-5336-87bb-90d92d8863f2,4174892c-2ec8-5609-951f-4b1ded52c468,muhammad faruk khan,hassan muhammad daqqou,Bangladesh,sy,73.17,REVIEW
54d52457-cdc0-516d-9244-d426faa39520,e34e737c-63a0-55f1-a821-2182a6d0f9fc,halbi muhammad yussof,muhammad yunis ahmad,Brunei,iq,73.17,REVIEW
b55acad7-333d-594f-8696-86c970fab4f8,02daf54e-02ba-57c5-8e10-dfa255d0cbea,youssoufa mohamed ali,mohamed amin mostafa,Comoros,iq,73.17,REVIEW
d9f564c6-2ce8-5b6c-8ef7-f68bc4718fd6,a1a5a5b2-15e5-59f1-bde3-392510f2ad39,mohamed ahmed awaleh,ahmed abdi aw-mohamed,Djibouti,so,73.17,REVIEW
d9f564c6-2ce8-5b6c-8ef7-f68bc4718fd6,03009359-616c-5506-9656-043b0db95aeb,mohamed ahmed awaleh,ahmed abdi aw-mohamed,Djibouti,so,73.17,REVIEW
be478623-af90-5dd2-9410-f7cd304eb757,0cb65015-7bab-5b0f-a9ba-9295cfc49e0c,hassan houmed ibrahim,ibrahim ali alhassan,Djibouti,ng,73.17,REVIEW
12ff8334-76bd-532f-87d6-d455cb77a891,93bb4600-d2fb-5e03-9e63-be7fcb794178,mohamed abbas helmy,mohamed abdullah hirey,Egypt,so,73.17,REVIEW
0342b279-2b5b-5828-9d1f-85268f760287,ad7df207-f6cd-5f10-9347-2818aaa731ed,abdul hakim al-shibli,abdul rahim al-talhi,Jordan,sa,73.17,REVIEW
297286df-6b6c-54b4-9946-4b32fef1fe91,06dfd183-8507-5e75-a49b-b9d26f23108a,muhammad al-dabib,muhammad ahmad al-talibi,Libya,ye,73.17,REVIEW
ff2ee93f-46e3-51b1-92de-4567077fe366,0a8efc38-c56b-5504-b1ca-3465823a3b64,muhammad al-zaydani,abu mohammed al-adnani,Libya,sy,73.17,REVIEW
6bf3a239-8579-5d35-96ca-46944f033656,de83e0e7-6e28-54fc-941a-4997cbf117c9,husni muhammad uwaydan,muhammad hasan ra'd,Libya,,73.17,REVIEW
9412ad48-ae9b-5557-b3c8-0e2f80fc9fff,6676865c-3b5a-5664-950b-7dac11640ad1,mohamed khaled nordin,mohamed omar mohamed,Malaysia,so,73.17,REVIEW
1a5b76cc-1c0d-58cf-8c41-1a4633184512,c7376f43-0a34-5385-89b5-a278cd1f6702,mohamedou ould mhaimid,mohamed ould mataly,Mauritania,ml,73.17,REVIEW
8ae67ed2-1944-586e-a3bc-a18b6ab3a36e,e21c51d5-6d18-5920-aeba-a6e136a341b3,khwaja muhammad asif,muhammad hasan hamieh,Pakistan,lb,73.17,REVIEW
ad87dcb0-dde5-525c-b332-fcd02bbadcbc,576c2668-8145-5d2e-a0f6-7efdb90a1a2f,roberto josé linares,jose roberto orellana,Panama,,73.17,REVIEW
db319bef-0ee7-5055-84fb-65ce22e909e9,33ee3d10-75fe-57f6-958e-78afb079df3f,abdallah al-swaha,yahia abdallah al-ubaidi,Saudi Arabia,iq,73.17,REVIEW
6fe76e44-142e-53d5-9576-0ff60aa7b805,90228af4-054e-516b-8af8-5296e63e1167,dahir shire mohamed,mohamed bachir suleman,Somalia,,73.17,REVIEW
f322b8e0-5492-53f6-9b5f-c2f86507973b,2230a8dd-e836-5aad-8769-1889a8dc3a52,abdulkadir muhammad nur,ali muhammad qansu,Somalia,,73.17,REVIEW
e56e3b81-b04b-5746-bf5a-dcad73bc4bbb,9b1aefb5-4b78-53f5-8c98-9439ab4f4e90,abd al-salam haykal,said jan 'abd al-salam,Syria,af,73.17,REVIEW
74ed3947-e707-5a63-b531-5e996beb145b,bf549732-8324-59b7-80a9-0caa7c33a0a3,muhammad bin rashid,muhammad ijaz safarash,United Arab Emirates,pk,73.17,REVIEW
a6104e7a-2b06-56bb-a83d-fe890acafba1,cf9bcb9f-16d9-54fc-864e-95a75b6df554,khalid muhammad balama,muhammad al-ghazali,United Arab Emirates,ye,73.17,REVIEW
97d98aa4-12ab-5ad5-8a91-a3f8304101f5,62e06056-bd3a-5739-ad0c-4ef0c24637f6,alejandro sanchez,alejandro perez mancilla,Uruguay,mx,73.17,REVIEW
1b652019-36c0-552b-9031-55ce6822d027,51326364-f0e4-5c60-9b49-68215a4968db,abd al-salam hadi,nabil abdul salam sayadi,Yemen,,73.17,REVIEW
fbdd9e88-ef75-59db-8f38-7a1743746263,f59d0811-f3cb-599f-ab8c-ed45c449c46f,bruno rodriguez parrilla,juan pablo penilla rodriguez,Cuba,mx,73.08,REVIEW
de40fa77-6851-54c7-b791-d509ee035418,fdb904b1-939a-5949-9187-e8fd014b197b,abdoulkader kamil mohamed,abdikadir mohamed abdikadir,Djibouti,ke,73.08,REVIEW
a0d917e6-f4c7-55c5-a65e-1c245d683674,490f0cd6-c110-5b34-aa36-101e8c6484dc,hassan omar mohamed bourhan,hassan abdirahman mahamed,Djibouti,so,73.08,REVIEW
097a8758-2d29-57d6-aaf9-7e0eea775503,743587c0-13d0-5871-904e-d2f85824a50c,jose antonio dos santos,antonio jose benavides torres,Paraguay,,73.08,REVIEW
85da5294-bb31-5f57-9cb1-bc4d767cffe5,79b603ac-5ba8-5bed-b16e-5df171078f73,igor viktorovich krasnov,mikhail viktorovich turkanov,Russia,ru,73.08,REVIEW
85da5294-bb31-5f57-9cb1-bc4d767cffe5,87b6ee2f-4640-5368-b2a8-300133ac6912,igor viktorovich krasnov,roman viktorovich nechiporuk,Russia,ru,73.08,REVIEW
c47c862d-75e5-5f45-adca-974521f25671,35ce5ccd-b7de-52e0-ae56-306a3d78da3d,muhammad nidal al-shaar,muhammad said kazim al-sahhaf,Syria,,73.08,REVIEW
8ccd6ff8-3d3d-5016-993c-1130fb200eb8,d60ef72e-007a-5309-a40b-bd31b9272462,abdullah bin muhair al-katbi,ghalib abdullah al-zaidi,United Arab Emirates,,73.08,REVIEW
ae54960f-d347-5091-8aed-043644222a3d,e5203a2f-3972-5dbb-9d0e-3c6c4d0f3b1e,ahmad omar muhammad arman,muhammad yusuf ahmad mansur,Yemen,,73.08,REVIEW
5f272a74-f9a6-53b5-a1b2-5ce576352220,07518b15-fe62-5e07-a541-f642141b45d8,muhammad hazm al-ashwal,husam muhammad amin al-yassin,Yemen,iq,73.08,REVIEW
5f272a74-f9a6-53b5-a1b2-5ce576352220,35ce5ccd-b7de-52e0-ae56-306a3d78da3d,muhammad hazm al-ashwal,muhammad said kazim al-sahhaf,Yemen,,73.08,REVIEW
3d523dcd-c8d6-5e00-b157-3197d7b04786,cfe3ecfe-d22f-5509-89dd-5c04f2cab556,antonio rodriguez rodriguez,caryslia beatriz rodriguez rodriguez,Cuba,ve,73.02,REVIEW
006ad23e-54a7-54a1-8822-9ce4af2635fc,03353df4-01c0-50c1-a6c8-1c4d6268f922,mikhail vladimirovich mishustin,mikhail vladimirovich razvozhaev,Russia,,73.02,REVIEW
cec684dc-2ef7-50fc-9921-bcab453a3700,7ebb7392-814e-5f2d-935a-15e3ab1ef59e,mohammad hassan akhund,hosein mohammad haruni,Afghanistan,ir,72.73,REVIEW
c2ad6c13-1cc1-5fd6-9d59-f848e76820d9,eb519384-d0a5-5f38-9fc9-317c7373860e,qari din mohammad,mohammad abedini,Afghanistan,ir,72.73,REVIEW
48b2c6ec-0530-5ecc-8823-4708105b688a,3f69fc59-09d8-507a-a32c-fae7c692bbfc,noor mohammad saqib,mohammad rezai,Afghanistan,ir,72.73,REVIEW
22a90d9b-1224-53d5-8b6f-8521113fdb1c,e7edf78c-43d4-541e-9ab2-5348d350a3ca,abdul haq wasiq,abdul rahman yasin,Afghanistan,,72.73,REVIEW
23a3c546-d5b6-539c-bc5a-6937b3111c12,3e4375bf-fb61-5613-9d2a-d6be35526bcd,abdul hakim sharai,abdul baqi bari,Afghanistan,,72.73,REVIEW
505bfc47-dc10-5cb8-a9fb-b8b04e6cbae4,c721b0df-70eb-5774-aaff-89a63f56fac1,mohammad khalid,mohammad al-otaibi,Afghanistan,sa,72.73,REVIEW
505bfc47-dc10-5cb8-a9fb-b8b04e6cbae4,501fb6fb-8d80-5158-afb4-d4ae256d6673,mohammad khalid,mohammad abdollahi,Afghanistan,ir,72.73,REVIEW
505bfc47-dc10-5cb8-a9fb-b8b04e6cbae4,c928e5ff-5690-5828-ab89-222b7a629dd1,mohammad khalid,khan mohammad azad,Afghanistan,bd,72.73,REVIEW
505bfc47-dc10-5cb8-a9fb-b8b04e6cbae4,438deb7f-5fec-58b9-b069-3129bf6763c4,mohammad khalid,mohammad eskandari,Afghanistan,ir,72.73,REVIEW
952e5da8-2667-52f7-a4cc-42a8a0d95126,f5c928bd-0fe8-5074-be98-23884e171927,peter hanke,peter gadet,Austria,,72.73,REVIEW
c071b104-a924-5125-921d-76deb6272631,30f91308-966a-5721-a9f6-54bcd42b1f92,khazar ibrahim,anis ibrahim kaskar,Azerbaijan,in,72.73,REVIEW
6c3c926d-60e2-53cb-bf69-5d92ce31ecb9,b13dea38-305a-5902-968d-6674a2bb5354,abdallah bin hassan al-nuaymi,muhammad 'abdallah al-amin,Bahrain,lb,72.73,REVIEW
86ceeac3-b7e7-59c2-b10b-ecf2db9f916a,e02fe571-7d8d-58ba-be4c-c3a26292d01d,jamil muhammad ali humaydan,muhammad ahmad 'ali al-isawi,Bahrain,eg,72.73,REVIEW
58ff1772-a249-5524-b501-6f215b414562,576750a6-7af1-540d-87d6-526b659dfbd6,muhammad,muhammad sarur,Bahrain,,72.73,REVIEW
58ff1772-a249-5524-b501-6f215b414562,02767790-0df9-58e3-9dd6-e6040b7f7888,muhammad,faqir muhammad,Bahrain,pk,72.73,REVIEW
58ff1772-a249-5524-b501-6f215b414562,0f9172ac-7065-5480-92e7-b862da0a2931,muhammad,muhammad maruf,Bahrain,pk,72.73,REVIEW
58ff1772-a249-5524-b501-6f215b414562,6ee9ef38-22b7-5ed0-a1e4-62b34ae90810,muhammad,muhammad ehsan,Bahrain,,72.73,REVIEW
58ff1772-a249-5524-b501-6f215b414562,bd77ca51-03ae-512d-839b-619fba8b20a1,muhammad,muhammad qasir,Bahrain,,72.73,REVIEW
58ff1772-a249-5524-b501-6f215b414562,1063c7e3-70eb-5930-9681-33e3faa88826,muhammad,muhammad saeed,Bahrain,pk,72.73,REVIEW
58ff1772-a249-5524-b501-6f215b414562,2847baf2-192a-516f-86fa-6510ec73abe2,muhammad,muhammad iqbal,Bahrain,pk,72.73,REVIEW
58ff1772-a249-5524-b501-6f215b414562,f253e1c8-eb6e-52e5-90ae-7e8f33e16c47,muhammad,muhammad abbas,Bahrain,sy,72.73,REVIEW
9f0aa0d4-f7e6-5336-87bb-90d92d8863f2,02767790-0df9-58e3-9dd6-e6040b7f7888,muhammad faruk khan,faqir muhammad,Bangladesh,pk,72.73,REVIEW
9f0aa0d4-f7e6-5336-87bb-90d92d8863f2,0f9172ac-7065-5480-92e7-b862da0a2931,muhammad faruk khan,muhammad maruf,Bangladesh,pk,72.73,REVIEW
9f0aa0d4-f7e6-5336-87bb-90d92d8863f2,6ee9ef38-22b7-5ed0-a1e4-62b34ae90810,muhammad faruk khan,muhammad ehsan,Bangladesh,,72.73,REVIEW
f3c13a54-0061-5ad6-a12a-6d35bc978294,0a53717d-5ac5-52d8-b840-9198d945f8a4,zunaid ahmed palak,ali ahmed naaji,Bangladesh,so,72.73,REVIEW
353eedcc-2ffb-5352-b6af-806348a119eb,d72482c5-ddc9-5b1f-b377-a3d91bbc073c,muhammad imran,muhammad kawtharani,Bangladesh,lb,72.73,REVIEW
5ab9cd0b-888d-5ad3-ab62-4f17c22b1e9d,8fb7e4d6-3d70-5a4c-8e4c-6ac423127cb0,muhammad abdul muhith,muhammad yusif abdallah,Bangladesh,,72.73,REVIEW
8cb8bc43-f17b-5c0d-8fe9-2d13d31546f2,3cbeb04b-6550-581a-a1f5-1f241e6a9296,alyaksandr lukashenka,dzmitry aliaksandravich lukashenka,Belarus,by,72.73,REVIEW
0db21a51-a208-5a27-b570-c3ffb7ec8880,45fc9a87-c84e-5d7b-919f-5c53ef64b9cb,nazmi mohammad,mohammad reza naqdi,Brunei,ir,72.73,REVIEW
54d52457-cdc0-516d-9244-d426faa39520,8fb7e4d6-3d70-5a4c-8e4c-6ac423127cb0,halbi muhammad yussof,muhammad yusif abdallah,Brunei,,72.73,REVIEW
d31b78b7-f052-529f-8c93-d2621f5e0885,27aeaf13-9f93-5e01-b055-26762972ac28,serbini ali,ali sharifi,Brunei,,72.73,REVIEW
7761ba11-48e5-505e-9dac-b7014646adda,a0340dc0-59ba-593d-83ff-5d2f53241d5c,tun aung,tun aung myint,Burma,,72.73,REVIEW
d6349380-567c-5b96-abf4-ddcd3faa1f5a,293d576a-8246-5fe2-98c2-0bff474068cc,khin maung soe,aung soe,Burma,zm,72.73,REVIEW
4f703139-e0ac-56e7-82d2-3af76b873177,5b17c30c-7c1c-5112-9ab8-415b36e32d58,kyaw moe tun,mya tun oo,Burma,,72.73,REVIEW
9c99c996-3759-5e63-91a3-9a179d86019b,169b9d23-fd36-564f-b094-b638c6c9413f,joseph le,wilson joseph,Cameroon,ht,72.73,REVIEW
98d27086-2d8e-526d-a774-372ba6a50a9c,27aeaf13-9f93-5e01-b055-26762972ac28,shafqat ali,ali sharifi,Canada,,72.73,REVIEW
e59f0f47-31d3-5f4e-9c53-9497d721689e,aaa676dd-66d4-5e64-aea8-f180342a0b44,zheng han,guangfu zheng,China,cn,72.73,REVIEW
31bc6af8-18d2-5a6d-9bd4-d0e4b93151b2,d2d69697-9199-5713-8872-6ab39f2ed389,yixin chen,xiuling chen,China,sg,72.73,REVIEW
6a22787f-016c-5c95-bb89-6685cf3f51e3,d1809a72-f91b-56d7-ad23-99b2379ab40f,guoying li,guoying wang,China,cn,72.73,REVIEW
0d39bb01-068e-53f7-9da1-2b020ccc460d,533eeb60-01ca-597d-b5f8-75bd8f4b2691,jun zhang,jicheng zhang,China,,72.73,REVIEW
473e59b9-1af0-5b02-8e2a-f8800f4b65b2,38576d53-b295-59e7-90c2-1cbcff16547d,daniel rojas,saw daniel,Colombia,zm,72.73,REVIEW
f72c129c-b5b3-5456-bda6-de4afb11cb98,adf83b2e-9e21-5018-bb2a-bfe04348af6b,amina abdi aden,mohamoud abdi aden,Djibouti,ke,72.73,REVIEW
72bc62d9-4546-5a6b-a087-568f08befa13,22691b83-62bd-54ca-9069-d8ac5cb075c0,levi peter,peter cherif,Dominica,fr,72.73,REVIEW
12ff8334-76bd-532f-87d6-d455cb77a891,d4740de9-0c0f-5d33-a6f5-ec79cb755255,mohamed abbas helmy,mohamed atta emoula abbas,Egypt,sd,72.73,REVIEW
5b5f0797-9ad2-5ce6-a38e-03afde88abe5,75a9ecb6-7f7d-5ad8-92f1-c607d6655dde,ahmed samir,ameen ahmed,Egypt,mv,72.73,REVIEW
e8c40052-304a-5114-8742-1f79872d6752,802cc3b8-f9bd-5ecb-88c5-183893512a75,hassan abdullah,ali abdullah saleh,Egypt,ye,72.73,REVIEW
c7439bcf-1771-5f04-9632-821be43bc653,c9e65eb5-4550-54a6-8ad4-07d18e7039ff,osman saleh mohammed,mohammed omar,Eritrea,,72.73,REVIEW
fc24c7fc-379f-5138-bce3-cd298b2e708e,1223b7e2-ff8c-5aca-94c1-b2b1e3870cc2,ibrahim murtala muhammed,muhammed ibrahim isa,Ghana,ng,72.73,REVIEW
292604b4-63da-5da7-91c0-1efdf406c4f4,e883a06a-5f15-5b61-b17f-0cac1e4518e7,johnson asiama,johnson byabashaija,Ghana,ug,72.73,REVIEW
ab85fb76-7da0-5e82-945b-79b6036b22e6,92558d9d-8a1b-58d6-8663-2057e52074ab,miguel angel diaz bobadilla,miguel angel arriola marquez,Guatemala,mx,72.73,REVIEW
63de3c52-daf4-5b3a-a430-032f5338c0d6,4041cb5c-8167-5fbb-af0b-9f8cb29fad0d,ismael nabe,ismael tash,Guinea,iq,72.73,REVIEW
6edb8d16-a351-56c2-ba23-539c0d283047,7f82f1be-9b2f-5e70-91de-0dc6fe44efb7,mohamed irfaan ali,mohamed al-kani,Guyana,ly,72.73,REVIEW
1a606687-66cd-5479-baf3-9aa468de5911,971fb4b9-ba28-52fa-871a-346865fa318e,muhammad herindra,kayiira muhammad,Indonesia,ug,72.73,REVIEW
1a606687-66cd-5479-baf3-9aa468de5911,46b0bcdf-1675-5979-8a28-8da225b6efb8,muhammad herindra,muhammad ibrahim,Indonesia,sy,72.73,REVIEW
71e240eb-741e-57da-994b-2cc7abbc865f,deed08d9-7c5c-5154-948d-486204e2df41,mohsen haji-mirzaei,mohsen chizari,Iran,ir,72.73,REVIEW
486633c7-d65d-579c-a85e-bd4fb32cc714,c721b0df-70eb-5774-aaff-89a63f56fac1,mohammad eslami,mohammad al-otaibi,Iran,sa,72.73,REVIEW
486633c7-d65d-579c-a85e-bd4fb32cc714,501fb6fb-8d80-5158-afb4-d4ae256d6673,mohammad eslami,mohammad abdollahi,Iran,ir,72.73,REVIEW
286d8443-aff7-5178-b2a1-75291c9f61ae,40caeb44-4367-5c87-98b0-88ee4bfe2d57,mohammad-reza zafarqandi,mohammed reza zahedi,Iran,ir,72.73,REVIEW
3b010830-4c7f-51c8-b05c-d12a854b19eb,501fb6fb-8d80-5158-afb4-d4ae256d6673,mohammad atabak,mohammad abdollahi,Iran,ir,72.73,REVIEW
3b010830-4c7f-51c8-b05c-d12a854b19eb,c928e5ff-5690-5828-ab89-222b7a629dd1,mohammad atabak,khan mohammad azad,Iran,bd,72.73,REVIEW
0a616d2a-f8fa-56fe-8b7c-17a664162cc1,a3c7b042-4c0e-5dfb-9ac9-4c370815dd71,mustafa al-rawashdeh,mustafa ayash,Jordan,ps,72.73,REVIEW
89abf349-1f32-532b-91d9-d10d0ef65511,530d6991-18a1-58b0-aedb-12fe5e1ba066,muhammad al-momani,muhammad hamsho,Jordan,sy,72.73,REVIEW
89abf349-1f32-532b-91d9-d10d0ef65511,7f82f1be-9b2f-5e70-91de-0dc6fe44efb7,muhammad al-momani,mohamed al-kani,Jordan,ly,72.73,REVIEW
89255f10-fc18-5689-9a22-4c759c323524,9c6797e2-7cb9-503d-ba38-9d00a2c36178,ibrahim al-badur,ibrahim ali daher,Jordan,lb,72.73,REVIEW
300b3419-91ca-5863-b11d-2e1823e7eca3,73ffb38c-7f3a-55eb-9182-2819ffbb418f,khaled al-bakkar,khalid al-barnawi,Jordan,,72.73,REVIEW
c167da31-16d1-5f44-bc15-2dc32b0786de,64550ccb-f51f-5704-950d-df9bce86d195,alexander teabo,alexander khryakov,Kiribati,,72.73,REVIEW
f9c11f75-2319-572a-8e2f-c836357552e5,534f66ce-8fc1-5f5e-9012-e5eae0bf3338,jong un kim,jong won ri,"Korea, North",,72.73,REVIEW
2db666ac-26f4-500d-8e57-d0d421626000,05295a1f-3193-5ce8-bb09-449b7fd68ddc,tok hun kim,yon hui kim,"Korea, North",kp,72.73,REVIEW
c18a864c-2479-54f5-83a8-a797da2be8f7,534f66ce-8fc1-5f5e-9012-e5eae0bf3338,son gwon ri,jong won ri,"Korea, North",,72.73,REVIEW
cd2e7228-83bc-53ae-9022-290f7f52a37f,534f66ce-8fc1-5f5e-9012-e5eae0bf3338,yo jong kim,jong won ri,"Korea, North",,72.73,REVIEW
cd2e7228-83bc-53ae-9022-290f7f52a37f,9eddb6a0-baeb-5b5c-b6f2-4b9577c189b7,yo jong kim,yong ju kim,"Korea, North",kp,72.73,REVIEW
d0495abd-8e55-518b-87c8-ff979fa8ac3f,741c6a5e-d244-5497-b88e-2e55c0447846,in chol pak,chun il pak,"Korea, North",kp,72.73,REVIEW
1bacae61-7d31-58f3-9a3d-c8f20b1d5fcd,0bd558aa-1421-5587-843c-f71b34c549df,jong sun kim,su gil kim,"Korea, North",kp,72.73,REVIEW
1bacae61-7d31-58f3-9a3d-c8f20b1d5fcd,b52ea946-9779-5651-ac56-b69a876bf91a,jong sun kim,se gon kim,"Korea, North",,72.73,REVIEW
6fa2335d-266a-53e7-8246-ad15133afa37,8fca5417-eadd-53eb-b3b2-1319cdca551c,chol min pak,mun il pak,"Korea, North",kp,72.73,REVIEW
4f2e5ddc-e7f2-5114-91e0-b66d2b467446,93bbb94d-7571-5e6e-84d0-b12b0f27b292,sung du kim,yong su kim,"Korea, North",kp,72.73,REVIEW
4f2e5ddc-e7f2-5114-91e0-b66d2b467446,0885644a-9a39-5222-abbc-2fbe58935244,sung du kim,ung sun kim,"Korea, North",kp,72.73,REVIEW
4f2e5ddc-e7f2-5114-91e0-b66d2b467446,9eddb6a0-baeb-5b5c-b6f2-4b9577c189b7,sung du kim,yong ju kim,"Korea, North",kp,72.73,REVIEW
16e2fc62-372f-5b15-a7a0-28390672fd29,1cfc5b27-3076-5458-bf08-bb796a4f4f58,kang choe,song nam choe,"Korea, North",,72.73,REVIEW
16e2fc62-372f-5b15-a7a0-28390672fd29,317983e5-097d-5c89-8458-35268be76109,kang choe,chol hak kang,"Korea, North",kp,72.73,REVIEW
3dd10b94-ab62-5ae5-a73e-60104d5a70c8,f15b0163-a1a1-58a6-a397-5687c5fd54e3,chol san ri,chol man ko,"Korea, North",,72.73,REVIEW
277b79f8-2ac4-5584-9f5d-955980bfc4c6,4e8b1bb1-c038-5146-8ba9-9c41e2734370,chang uk wang,chen wang,"Korea, North",,72.73,REVIEW
277b79f8-2ac4-5584-9f5d-955980bfc4c6,7dee37e3-125e-51fa-b10a-8997aae65fbb,chang uk wang,chao wang,"Korea, North",cn,72.73,REVIEW
fba55d87-e11e-536c-80e8-00fc53ec6dce,290a5a17-12ba-54d3-8934-69e1a8f01234,jong jin so,jong son ho,"Korea, North",kp,72.73,REVIEW
8cd0c6e3-caab-55c5-94be-0cc31f55b070,bf8cb1d2-5c1f-56f4-b257-24e349c74fac,jong ho yun,yun gun jon,"Korea, North",kp,72.73,REVIEW
8cd0c6e3-caab-55c5-94be-0cc31f55b070,8f1c1152-1c0e-5b3e-a115-3f5f487a27ca,jong ho yun,kwang ho yu,"Korea, North",kp,72.73,REVIEW
bd8abcfa-887a-5ca1-8f14-a5dd8c78110c,3bc2050b-4fe1-5ea9-8982-85539bcdf35f,jong bom ko,bom su jang,"Korea, North",,72.73,REVIEW
bd8abcfa-887a-5ca1-8f14-a5dd8c78110c,290a5a17-12ba-54d3-8934-69e1a8f01234,jong bom ko,jong son ho,"Korea, North",kp,72.73,REVIEW
86e14e01-a80e-5017-b9fc-aaa22aefdf76,0729191e-da85-5385-b070-2f5a858c01e3,chun sop song,in chun o,"Korea, North",kp,72.73,REVIEW
f3c08208-2b98-5df7-80e3-d940f854096e,f94cc52e-7c0e-5ab7-9116-8acb8d38b55e,yong il ju,yong chol jo,"Korea, North",kp,72.73,REVIEW
f3c08208-2b98-5df7-80e3-d940f854096e,847d9c14-d832-5a3e-acd7-0883167432d4,yong il ju,kyong il kim,"Korea, North",,72.73,REVIEW
f3c08208-2b98-5df7-80e3-d940f854096e,3306c0a0-f312-56f4-a2ec-2093042bbfef,yong il ju,jin yong jon,"Korea, North",kp,72.73,REVIEW
4741c842-aa4f-5cb6-9d00-509b4d4be52a,bc69c0d9-404f-5610-9e5e-823f29b4fc3f,jong nam kim,ki nam kim,"Korea, North",,72.73,REVIEW
257b7973-9bb2-564f-b8c5-1a55c239efc9,118a1ba5-17c3-5ef9-b6da-2b5c86ddb3a2,chung song kim,song kim,"Korea, North",kp,72.73,REVIEW
8a4561d5-6e38-5ae7-894b-48966e7707a5,0bd558aa-1421-5587-843c-f71b34c549df,sung jin kim,su gil kim,"Korea, North",kp,72.73,REVIEW
8a4561d5-6e38-5ae7-894b-48966e7707a5,b08c4646-4d5e-5f6a-9e7b-60ac21294784,sung jin kim,sung il ri,"Korea, North",kp,72.73,REVIEW
5414a0e8-1e68-57e8-a2a8-189544f525a5,12e57457-a05f-5bc0-bc04-2a46b9c67350,mi-ryung song,jing song,"Korea, South",cn,72.73,REVIEW
ba85892a-2410-57a7-8218-715f1e6d6cfb,68bbe1cf-00bd-5454-8936-65f8103f9dbf,muhammad abdallah,muhammad gaddafi,Kuwait,,72.73,REVIEW
ba85892a-2410-57a7-8218-715f1e6d6cfb,46b0bcdf-1675-5979-8a28-8da225b6efb8,muhammad abdallah,muhammad ibrahim,Kuwait,sy,72.73,REVIEW
4a82bb26-89d2-5f89-af57-d94ae60338fc,b5fa39ee-5c33-52bc-a641-31cfe4c92bf7,yusuf raji,yusuf arbash,Lebanon,ru,72.73,REVIEW
4a82bb26-89d2-5f89-af57-d94ae60338fc,f15ec0d9-7634-5c1a-8583-5c23f466603b,yusuf raji,yusuf hashim,Lebanon,,72.73,REVIEW
940e4817-dc8f-5e77-ad70-f5a848a2503c,b19d8aeb-7573-5537-b40f-fc20ff26600e,ahmad al-hajjar,ahmad harb al-kurd,Lebanon,,72.73,REVIEW
6d580cd0-246d-59b1-92c3-1232ce7035b2,2f4c87b0-a715-5497-a852-abcb67ee4ad0,muhammad haidar,ali muhammad kazan,Lebanon,,72.73,REVIEW
72004bb0-b77a-50ae-bfde-809521de7dbb,d69934a9-5fe1-572e-beb8-7fbcafcdbb2b,muhammad al-manfi,mohamed al-atifi,Libya,ye,72.73,REVIEW
2fd0eced-d01f-5769-ba01-df6ceda2fc5f,f0f8acaa-3602-566e-be99-4b977ddb67d7,musa al-koni,musa kalim,Libya,,72.73,REVIEW
3367d1e0-b60f-59dc-8193-5e08b56fccee,37656bc5-aab6-5f84-be85-217e8adfc1f7,husayn al-qatrani,husayn al-khalil,Libya,,72.73,REVIEW
ba55e52b-b04b-55d0-acd3-c02ee7077388,24b50789-f8d0-53db-b7d2-2f4ec2eeccdf,muhammad al-qaryu,muhammad abbatay,Libya,ma,72.73,REVIEW
297286df-6b6c-54b4-9946-4b32fef1fe91,24b50789-f8d0-53db-b7d2-2f4ec2eeccdf,muhammad al-dabib,muhammad abbatay,Libya,ma,72.73,REVIEW
0b0c2896-86b9-500e-91fb-ac24d0550bf9,4321d542-7831-56b4-aaa5-96e16807495d,halimah ibrahim,ibrahim al-nashiri,Libya,ye,72.73,REVIEW
081d2c10-5a48-5ae2-bc8a-0462300298e7,c1f0f927-3c2a-5ffa-b6bb-c00ea5666d28,muhammad al-shahubi,mohammad ibrahim al-shaar,Libya,sy,72.73,REVIEW
8b1dee5b-daf0-5406-864d-39df0f6300fe,38576d53-b295-59e7-90c2-1cbcff16547d,daniel risch,saw daniel,Liechtenstein,zm,72.73,REVIEW
6dd7e1a2-ace6-592d-96ed-99a772a0c57e,e0cbd226-33b6-5545-bf42-92070b994e8c,anwar ibrahim,rao anwar,Malaysia,pk,72.73,REVIEW
a8639612-82ef-593c-b03a-6cf416b6e13c,3e4375bf-fb61-5613-9d2a-d6be35526bcd,johari abdul ghani,abdul baqi bari,Malaysia,,72.73,REVIEW
8927467c-9af4-5285-aeda-01047675feef,e1376111-f083-5fad-8941-e5292c8f55f4,ahmad faisal muhamad,muhammad ali sayid ahmad,Malaysia,ca,72.73,REVIEW
abb1efd2-926b-5b2b-8549-3335c0ba382e,a1d68227-5af2-5fb2-8a3d-6a9db2556d98,ahmed shiyam,ali shiyam,Maldives,mv,72.73,REVIEW
61e7720d-b884-5f01-be53-605701f1da08,06fde29f-f1e0-5dfa-80bd-de6d2310ea48,ali haidar ahmed,ali ahmed hussein,Maldives,so,72.73,REVIEW
61e7720d-b884-5f01-be53-605701f1da08,a5a9ea71-fbc9-5a9a-bac1-00bf3eb6edbe,ali haidar ahmed,ali ahmad chehade,Maldives,,72.73,REVIEW
0330a30e-3969-5f54-bfa1-8ef9ce0f00aa,b66ede65-4240-58a8-b695-6b6c45c0cae1,ahmed salem ebode,salim ahmed said,Mauritania,gb,72.73,REVIEW
3ebe571d-2a34-521f-92f3-20aafa13a478,a0d8c339-daa4-5a0e-88ab-9ba3b9a151e9,mahomed osman cassam mahomed,osman mohamed hamid mohamed,Mauritius,sd,72.73,REVIEW
5a13abd4-a847-5447-ad68-ca901dbd091a,0109bef3-6e02-5c31-9f9f-f4f638c6df14,muhammad aurangzeb,muhammad ashraf,Pakistan,,72.73,REVIEW
7578ccc2-ed0a-533d-a9e2-3dca8892a23b,a0ab2f33-f730-54b9-85db-4d9ed14f6087,muhammad ishaq dar,muhammad haydar,Pakistan,,72.73,REVIEW
7578ccc2-ed0a-533d-a9e2-3dca8892a23b,530d6991-18a1-58b0-aedb-12fe5e1ba066,muhammad ishaq dar,muhammad hamsho,Pakistan,sy,72.73,REVIEW
7578ccc2-ed0a-533d-a9e2-3dca8892a23b,53468a54-f437-53b4-bc2b-0be24f195d16,muhammad ishaq dar,muhammad farooq,Pakistan,pk,72.73,REVIEW
9bea2ca6-bc82-5895-b0f3-acd58e4c97b2,bc8d3b89-ec54-55a3-b427-bd57b5c8c20c,santiago pena palacios,flavio mendez santiago,Paraguay,mx,72.73,REVIEW
35dc8d51-863e-50fc-aabd-0b5ff93e21e7,576750a6-7af1-540d-87d6-526b659dfbd6,muhammad,muhammad sarur,Qatar,,72.73,REVIEW
35dc8d51-863e-50fc-aabd-0b5ff93e21e7,02767790-0df9-58e3-9dd6-e6040b7f7888,muhammad,faqir muhammad,Qatar,pk,72.73,REVIEW
35dc8d51-863e-50fc-aabd-0b5ff93e21e7,0f9172ac-7065-5480-92e7-b862da0a2931,muhammad,muhammad maruf,Qatar,pk,72.73,REVIEW
35dc8d51-863e-50fc-aabd-0b5ff93e21e7,6ee9ef38-22b7-5ed0-a1e4-62b34ae90810,muhammad,muhammad ehsan,Qatar,,72.73,REVIEW
35dc8d51-863e-50fc-aabd-0b5ff93e21e7,bd77ca51-03ae-512d-839b-619fba8b20a1,muhammad,muhammad qasir,Qatar,,72.73,REVIEW
35dc8d51-863e-50fc-aabd-0b5ff93e21e7,1063c7e3-70eb-5930-9681-33e3faa88826,muhammad,muhammad saeed,Qatar,pk,72.73,REVIEW
35dc8d51-863e-50fc-aabd-0b5ff93e21e7,2847baf2-192a-516f-86fa-6510ec73abe2,muhammad,muhammad iqbal,Qatar,pk,72.73,REVIEW
35dc8d51-863e-50fc-aabd-0b5ff93e21e7,f253e1c8-eb6e-52e5-90ae-7e8f33e16c47,muhammad,muhammad abbas,Qatar,sy,72.73,REVIEW
41c3835d-6e03-5d1f-afb0-428b27f1c200,c2f878da-dfb6-5f36-aed0-582dced26897,mohammed,mohammed qasim,Qatar,,72.73,REVIEW
19d89641-666f-5f5d-a65b-d189af5e95fe,2014156a-eb35-5e71-ab7d-084a2ecde420,vladimir vladimirovich putin,eddie vladimirovich astanin,Russia,ru,72.73,REVIEW
19d89641-666f-5f5d-a65b-d189af5e95fe,540a94a7-135e-570b-a13d-b60c6506bbf0,vladimir vladimirovich putin,pavel vladimirovich simigin,Russia,ru,72.73,REVIEW
19d89641-666f-5f5d-a65b-d189af5e95fe,f91acbe2-158e-5e3c-aea3-54248ab60a7b,vladimir vladimirovich putin,vladimir zalmanovich litvin,Russia,ru,72.73,REVIEW
19ff653a-9fd8-5e8e-9100-5ac9c86d729d,c1bb018c-8e64-5b61-ad98-b71ceb5b520e,denis valentinovich manturov,lev valentinovich gershanok,Russia,ru,72.73,REVIEW
19ff653a-9fd8-5e8e-9100-5ac9c86d729d,ba0bfe46-563d-5a3d-8d0b-290badf92181,denis valentinovich manturov,german valentinovich belous,Russia,ru,72.73,REVIEW
42defa76-8f86-50dd-aa3e-996fc951a68e,9d63cae0-cb42-51be-842d-65e143a4c846,tatyana alekseyevna golikova,galina alekseyevna tokareva,Russia,,72.73,REVIEW
baf13575-cd11-5c0c-ae96-f537015d05c2,bebe8eec-6f48-5ae6-8b57-ee71afadb521,aleksey olegovich chekunkov,aleksey sergeyevich chubarov,Russia,ru,72.73,REVIEW
fbee7b65-a0d0-5c1f-b1ab-b1bba5553a9b,9242dcb3-1cbc-51d6-827d-223d13244753,valeriy nikolayevich falkov,valery nikolayevich vasilyev,Russia,ru,72.73,REVIEW
dbe82bd4-dc46-57b0-b0e4-d46ff1522618,ed9be0ac-4bcc-5ef5-b1e1-9fe7abe7fc1e,roman vladimirovich starovoyt,pavel vladimirovich malgin,Russia,,72.73,REVIEW
dbe82bd4-dc46-57b0-b0e4-d46ff1522618,bfc752f7-4b48-5b25-874d-98884ce5c3bc,roman vladimirovich starovoyt,andrey vladimirovich burov,Russia,ru,72.73,REVIEW
1d3648e0-890b-5857-b494-38f5e5169785,ac2ff888-6f91-5da9-9099-ac536d9084ac,muhammad bin salman,musa muhammad salim dudin,Saudi Arabia,ps,72.73,REVIEW
1d3648e0-890b-5857-b494-38f5e5169785,ee2b7f40-6bbc-5255-8868-aad5a6b44069,muhammad bin salman,salama aziz muhammad mari,Saudi Arabia,,72.73,REVIEW
1d3648e0-890b-5857-b494-38f5e5169785,1873b830-2454-597b-bee0-fc0ac0babb31,muhammad bin salman,mohammad roslan bin ahmad,Saudi Arabia,,72.73,REVIEW
db319bef-0ee7-5055-84fb-65ce22e909e9,716cd5b9-40de-5018-97e9-151d7b8963f4,abdallah al-swaha,ramadan abdallah,Saudi Arabia,,72.73,REVIEW
fc726116-daf6-51fb-8807-341d8d0ce68d,68bbe1cf-00bd-5454-8936-65f8103f9dbf,muhammad al-jadan,muhammad gaddafi,Saudi Arabia,,72.73,REVIEW
fc726116-daf6-51fb-8807-341d8d0ce68d,24b50789-f8d0-53db-b7d2-2f4ec2eeccdf,muhammad al-jadan,muhammad abbatay,Saudi Arabia,ma,72.73,REVIEW
7f2bd9a7-2082-5c6d-b33f-cc1a53252c9a,9944515e-ae84-548f-a239-cfded544381f,mohamed orman bangura,abdullahi osman mohamed,Sierra Leone,,72.73,REVIEW
df5b3d0e-3a8f-5892-87d7-3b9026d11472,08133155-98b4-586b-9203-4c063f71f2f0,stephen kumi,stephen lo,Solomon Islands,hk,72.73,REVIEW
d10d534e-56a9-5f9d-a0f5-ae60a596b4e1,b66ede65-4240-58a8-b695-6b6c45c0cae1,ahmed moalim fiqi,salim ahmed said,Somalia,gb,72.73,REVIEW
e0c0d89f-efd1-5531-8fc6-db6660cbee4d,04988ed9-92b2-5160-851e-05eec93efd6b,abdulkadir ali,ali abdi,Somalia,ir,72.73,REVIEW
911eed12-a02f-5d5a-b2d5-798a46483094,06fde29f-f1e0-5dfa-80bd-de6d2310ea48,ali sharif ahmed,ali ahmed hussein,Somalia,so,72.73,REVIEW
fe28a4c6-9d92-5e4e-804f-4f03a1c3d81e,3995066b-8379-5f75-9e45-7e592302a33c,muhammad abdallah mahmoud,mahmoud mohammad ahmed bahaziq,Sudan,sa,72.73,REVIEW
d6785356-98c4-53ae-a2ce-aba7ba2858a3,84e499a4-c135-58b5-87eb-7197bcfb600f,ahlam mahdi,mahdi amiri,Sudan,ir,72.73,REVIEW
eef16a91-ed9b-5a41-80c5-798d6279b0e1,0d9f5040-5e66-5e21-abcb-9a3f5b46743e,amjad badr,amjad sazgar,Syria,ir,72.73,REVIEW
ac15a0ce-1f00-5033-aaf7-a2414ed975e4,371fe94e-80d1-5e84-b411-b93248534017,muhammad adbul rahman turko,muhammad jibril abdul rahman,Syria,id,72.73,REVIEW
c2369b0c-9fa5-5e0b-a144-0128a0d33c6e,a0ab2f33-f730-54b9-85db-4d9ed14f6087,muhammad al-bashir,muhammad haydar,Syria,,72.73,REVIEW
c2369b0c-9fa5-5e0b-a144-0128a0d33c6e,530d6991-18a1-58b0-aedb-12fe5e1ba066,muhammad al-bashir,muhammad hamsho,Syria,sy,72.73,REVIEW
6431c011-7e65-57eb-be58-5fd69139c64a,3072a731-d164-500e-b0a5-ea13710a505a,muhammad yasir barniyah,ja'far muhammad qasir,Syria,lb,72.73,REVIEW
43b6ef8b-4f1b-57af-8e1a-e1552fdd6344,24b50789-f8d0-53db-b7d2-2f4ec2eeccdf,muhammad anjarani,muhammad abbatay,Syria,ma,72.73,REVIEW
43b6ef8b-4f1b-57af-8e1a-e1552fdd6344,971fb4b9-ba28-52fa-871a-346865fa318e,muhammad anjarani,kayiira muhammad,Syria,ug,72.73,REVIEW
43b6ef8b-4f1b-57af-8e1a-e1552fdd6344,68bbe1cf-00bd-5454-8936-65f8103f9dbf,muhammad anjarani,muhammad gaddafi,Syria,,72.73,REVIEW
43b6ef8b-4f1b-57af-8e1a-e1552fdd6344,46b0bcdf-1675-5979-8a28-8da225b6efb8,muhammad anjarani,muhammad ibrahim,Syria,sy,72.73,REVIEW
c6fa8dc2-0c43-5716-a8f0-5846972e48d6,e1376111-f083-5fad-8941-e5292c8f55f4,muhammad samih hamid,muhammad ali sayid ahmad,Syria,ca,72.73,REVIEW
943eb742-68a2-5428-aef3-3910e5ecec87,8bc32dba-1c05-5a2f-bc9d-8dfd33325723,li-chun cheng,cheng yun,Taiwan,,72.73,REVIEW
e4d149dc-bdf3-5f34-b9ff-6b37778c5d3f,b0bb62be-befe-59f0-84b3-6de436d4117f,che shih,shih huan chen,Taiwan,tw,72.73,REVIEW
ef0ed10a-106d-5c78-90dd-54d489c5e55c,bd40bf9b-6358-523a-b6f0-e156ee45fa3b,abdul fahd fofana,abdul manan agha,Togo,,72.73,REVIEW
169c5a42-3d76-576e-ad7c-d688cc69e983,965a6cd1-096d-5eb6-a3da-47c2d8d0fcde,michelle benjamin,benjamin bol mel,Trinidad and Tobago,ss,72.73,REVIEW
79043bc5-397e-55e6-ac1c-169a8142876b,64550ccb-f51f-5704-950d-df9bce86d195,roger alexander,alexander khryakov,Trinidad and Tobago,,72.73,REVIEW
53e396d7-8e55-5c32-8e35-0c45a9f20e2f,f8329bd6-c576-578a-a3fa-4e506e6c5d60,omer bolat,omer boztepe,Turkey,tr,72.73,REVIEW
90c37efe-99a8-5519-83ab-54c924a64e8c,f5447a27-c1ac-5a70-bf4e-c884abe17dac,ahmet yildiz,ahmet duri,Turkey,tr,72.73,REVIEW
74ed3947-e707-5a63-b531-5e996beb145b,bd77ca51-03ae-512d-839b-619fba8b20a1,muhammad bin rashid,muhammad qasir,United Arab Emirates,,72.73,REVIEW
f2d822d8-8662-581e-b8fd-aa0f3ae396ce,0f9172ac-7065-5480-92e7-b862da0a2931,maktum bin muhammad,muhammad maruf,United Arab Emirates,pk,72.73,REVIEW
0e1af496-0602-5443-aa46-bfd53436aecd,2c7b5b61-7328-5e11-bfe2-5f1e2ce982ef,mohamed hassan al-suwaidi,ahmad hassan mohammed al asiri,United Arab Emirates,sa,72.73,REVIEW
3aea857f-9e58-5050-b08d-a620aeee670e,f19c531a-dfb2-57bc-8963-7782d16e4955,ahmad ali al-sayegh,ahmad al-hamzi,United Arab Emirates,ye,72.73,REVIEW
a6104e7a-2b06-56bb-a83d-fe890acafba1,da581888-847b-521c-9b55-ae33ac274626,khalid muhammad balama,muhammad ali al-qadiri,United Arab Emirates,ye,72.73,REVIEW
b629371d-eb8a-55fe-a68f-1489ae0065f2,a0ab2f33-f730-54b9-85db-4d9ed14f6087,muhammad abushahab,muhammad haydar,United Arab Emirates,,72.73,REVIEW
b629371d-eb8a-55fe-a68f-1489ae0065f2,530d6991-18a1-58b0-aedb-12fe5e1ba066,muhammad abushahab,muhammad hamsho,United Arab Emirates,sy,72.73,REVIEW
81993390-f8c5-5a5c-96b2-30d9c1508113,dcafa5b1-1147-51d8-aea6-aa17e9ea3984,nguyen thanh nghi,van nguyen hoang,Vietnam,vn,72.73,REVIEW
eba79a90-7192-5d67-a85d-8eb28bb3e5a0,ec18033a-570b-5157-9cd3-16c528860478,nguyen van thang,quang viet nguyen,Vietnam,vn,72.73,REVIEW
5f272a74-f9a6-53b5-a1b2-5ce576352220,4cbd83f9-f87a-5f0d-a468-903ce5f2de29,muhammad hazm al-ashwal,muhammad kamal al-ayy,Yemen,,72.73,REVIEW
0fae46ef-f7b8-5c78-800f-923f94b34cb2,a0ab2f33-f730-54b9-85db-4d9ed14f6087,muhammad al-zaouri,muhammad haydar,Yemen,,72.73,REVIEW
fd64f12d-74b5-53a9-af8e-5ce84b93bb23,cf3d659b-2534-52dd-9456-899b605dbf54,abdallah bin muhammad bin said al-saidi,'abd al-latif bin 'abdallah salih muhammad al-kawari,Oman,qa,72.53,REVIEW
86ceeac3-b7e7-59c2-b10b-ecf2db9f916a,be1ba60e-438f-559b-a0c5-ae34f9ed4a10,jamil muhammad ali humaydan,muhammad jamal hassan al-najjar,Bahrain,ps,72.41,REVIEW
21059102-2062-53ab-a0f2-acfb86a428a7,8129dd78-3e06-5967-8fb3-4348773ce4a3,oscar manuel silvera martinez,manuel victor martinez olivet,Cuba,gt,72.41,REVIEW
326bbf97-0571-554d-ba54-2459d51323f5,dcd717ae-bf38-5035-adf6-57c9f5e55c6a,alhaji mohammed mubarak muntaka,mubarak mohammed a alotaibi,Ghana,sa,72.41,REVIEW
833a1992-ee6f-5f4d-8b93-7ff3d9d0affd,e9212872-ee4f-5429-89e2-8ffc2d02bd1f,imad muhammad abdulaziz al-ateeqi,muhammad fadl abd al-nabi,Kuwait,ye,72.41,REVIEW
006ad23e-54a7-54a1-8822-9ce4af2635fc,540a94a7-135e-570b-a13d-b60c6506bbf0,mikhail vladimirovich mishustin,pavel vladimirovich simigin,Russia,ru,72.41,REVIEW
006ad23e-54a7-54a1-8822-9ce4af2635fc,78d1bfd3-41ba-5dd9-8d45-6ee767a5f851,mikhail vladimirovich mishustin,ulan vladimirovich ilishkin,Russia,ru,72.41,REVIEW
19ff653a-9fd8-5e8e-9100-5ac9c86d729d,38e07d9f-5711-569c-919d-0c5d62cbba2c,denis valentinovich manturov,valentin valentinovich demidov,Russia,,72.41,REVIEW
f11ad005-002c-53ae-9cda-c70654fa1f7d,58d2a774-87aa-5e6d-ab99-7d01212bb5bb,vitaliy gennadyevich savelyev,vitaliy anatolyevich markelov,Russia,ru,72.41,REVIEW
b45b6c16-05c3-5345-95eb-c1c6135f61b2,7ad426d2-ce91-5baa-955e-f57a41e81aa9,aleksandr valentinovich novak,aleksandr vasilyevich bogomaz,Russia,ru,72.41,REVIEW
b45b6c16-05c3-5345-95eb-c1c6135f61b2,e1f1409e-d42e-57de-b891-5d93e19327ec,aleksandr valentinovich novak,aleksandr vasilyevich tanchev,Russia,ru,72.41,REVIEW
b45b6c16-05c3-5345-95eb-c1c6135f61b2,bdd848bf-8c88-5bef-a3d7-a2bec6fc9b13,aleksandr valentinovich novak,aleksandr valeryevich potapov,Russia,ru,72.41,REVIEW
cd6c171d-c9ca-554f-891b-755908ea691e,92ea8feb-8106-5771-b82e-da98d2ef981b,aleksandr aleksandrovich kozlov,aleksandr ivanovich alyoksa,Russia,by,72.41,REVIEW
dbe82bd4-dc46-57b0-b0e4-d46ff1522618,48351c68-3cf7-5f95-8c86-6cfc82d896ff,roman vladimirovich starovoyt,pavel vladimirovich tarakanov,Russia,ru,72.41,REVIEW
0a20c63b-a3e5-5b97-9a17-2fa6525d1530,b781b5ac-fd19-5e39-815a-d733435fc764,aleksandr vasilyevich bortnikov,aleksandr viktorovich ionov,Russia,ru,72.41,REVIEW
80e85b20-3659-5497-a31c-e42e37437cc0,f3808244-9e06-5651-a5e6-f9ce19956617,abdirahman mohamed abdullahi,abdirahman fahiye isse mohamud,Somalia,so,72.41,REVIEW
fe28a4c6-9d92-5e4e-804f-4f03a1c3d81e,31bba84b-831f-5831-aa9f-d17c39e70e4e,muhammad abdallah mahmoud,muhammad mahoud ahmad awad hanoun,Sudan,jo,72.41,REVIEW
53993237-ba81-5cb4-8a2e-b868dcdc50ac,a0941c5d-486a-596c-8201-51fe5de5866a,alexander van der bellen,alexander celis durango,Austria,co,72.34,REVIEW
54d52457-cdc0-516d-9244-d426faa39520,02761702-0d80-51d2-8394-89889b9b37c3,halbi muhammad yussof,muhammad yousef al-hasouri,Brunei,sy,72.34,REVIEW
5cc31f78-a7b5-5cdb-89c6-ff6a71c3d5e1,4be6cd1d-7989-5983-a7d2-bc54dc02b2f8,ahmaddin abdullah rahman,abdullah yahya al hakim,Brunei,ye,72.34,REVIEW
d8844566-a34c-59af-843c-14929587c9d1,78f2ce4c-e1d5-5ad3-a5bc-22754c68a729,safia mohamed ali gadileh,mustafa mohamed fadhil,Djibouti,,72.34,REVIEW
d8844566-a34c-59af-843c-14929587c9d1,0d28db77-1acc-5075-b46b-c815209f84cf,safia mohamed ali gadileh,mohamed mire ali yusuf,Djibouti,so,72.34,REVIEW
9802944f-dc1a-590d-8876-8b05d3dbb317,dfe2eccc-cb45-568f-9a56-f31493cb5cb5,maria jose pinto gonzalez,porthos marin gonzalez,Ecuador,mx,72.34,REVIEW
fc24c7fc-379f-5138-bce3-cd298b2e708e,c3e8284a-acb3-55e0-8195-9d059ef681a6,ibrahim murtala muhammed,muhammad sholeh ibrahim,Ghana,id,72.34,REVIEW
496a7478-0a0e-5a9e-b9a8-046fa8512bd6,643c816e-65bc-52bf-a527-b25c345246c4,muhammad bin ghalbon,muhammad danial bin fadzlon,Libya,sg,72.34,REVIEW
8927467c-9af4-5285-aeda-01047675feef,0c464f3c-2437-56ec-9aa3-20c70cb0156a,ahmad faisal muhamad,fathi ahmad mohammad hammad,Malaysia,,72.34,REVIEW
41cefcd6-58d0-590a-bfcf-b58be352ae10,f18cc64f-4341-5877-9444-291553315f05,abdulla nazim ibrahim,ibrahim abdul razaaq memon,Maldives,in,72.34,REVIEW
84cb0efa-ffc9-5af5-8bff-3cbc5043506c,f023e909-87a7-5882-953d-e1006888fe7d,jose manuel fernandes,omar jose prieto fernandez,Portugal,,72.34,REVIEW
bb38a58b-4874-577a-8715-5812ec6b7ab1,efbe65e6-1ba9-5346-99d1-653aa3c41c07,ali bin ahmed al-kuwari,nabil ali ahmed al-hadha,Qatar,ye,72.34,REVIEW
a1ba40bc-1093-5b3a-8915-c71338aae763,114031e3-ad77-5b39-ab8c-53ba26782737,andrey removich belousov,andrey yurievich shutov,Russia,ru,72.34,REVIEW
85da5294-bb31-5f57-9cb1-bc4d767cffe5,31388727-70df-5326-bcbf-b3b1ae2640a5,igor viktorovich krasnov,roman viktorovich labin,Russia,ru,72.34,REVIEW
3d183f8b-0eea-532c-aba7-dd3657d29cfd,65283edb-cb3c-59ec-9d8e-738fbbf32373,pedro sanchez perez-castejon,pedro rivas sanchez,Spain,mx,72.34,REVIEW
0e1af496-0602-5443-aa46-bfd53436aecd,3f852506-d3f3-5f82-813b-a7f661120393,mohamed hassan al-suwaidi,hasan qahtan al-sa'idi,United Arab Emirates,iq,72.34,REVIEW
b52b2801-6f97-5c31-bb7c-ee616e85b5b9,b4b8cdb1-1aff-5539-a795-148e4420c6a5,salem abdullah al-soqotri,abdullah samad faroqui,Yemen,,72.34,REVIEW
23a3c546-d5b6-539c-bc5a-6937b3111c12,0353e298-f2e8-55dc-a204-8bf80a415191,abdul hakim sharai,abdul aziz haqqani,Afghanistan,,72.22,REVIEW
23a3c546-d5b6-539c-bc5a-6937b3111c12,b783fcde-1bfd-5a9b-b4d4-0bb1dfc4f54f,abdul hakim sharai,abdul reza shahlai,Afghanistan,,72.22,REVIEW
505bfc47-dc10-5cb8-a9fb-b8b04e6cbae4,467d0b49-1ce0-515a-8412-a55180564489,mohammad khalid,mohammad reza khademi,Afghanistan,ir,72.22,REVIEW
505bfc47-dc10-5cb8-a9fb-b8b04e6cbae4,238dacc5-2131-5ca9-889c-c424f7a5e84c,mohammad khalid,seyed mohammad kalami,Afghanistan,ir,72.22,REVIEW
d9d20d48-92b2-5eb8-9ee1-38faa1562a34,ba621c89-8016-559d-bb83-f03de54c0b7d,mohammad ali arafat,ali mohamad daoun,Bangladesh,lb,72.22,REVIEW
495cd936-c823-5516-81c3-645258aba430,24864ffd-1960-5403-b5d9-0aafbbb94755,ali ahmat akhabach,ali akbar ahmadian,Chad,ir,72.22,REVIEW
12ff8334-76bd-532f-87d6-d455cb77a891,e2c35e75-0ead-5e06-89a0-d472055a42f7,mohamed abbas helmy,mohamed abu dhess,Egypt,,72.22,REVIEW
50f07931-af55-5625-ad62-4897bf70e68a,3f54f5da-bbe6-5a94-9cb1-00be28841a58,francois ndong obiang,francois olenga,Gabon,cd,72.22,REVIEW
6edb8d16-a351-56c2-ba23-539c0d283047,2f4c87b0-a715-5497-a852-abcb67ee4ad0,mohamed irfaan ali,ali muhammad kazan,Guyana,,72.22,REVIEW
6edb8d16-a351-56c2-ba23-539c0d283047,4775ae62-a448-52ed-bec2-138e53a72aeb,mohamed irfaan ali,ali mohamad karnib,Guyana,lb,72.22,REVIEW
486633c7-d65d-579c-a85e-bd4fb32cc714,d30494bd-3bba-51a9-9d7e-aabc0f1662bc,mohammad eslami,mohammad hassan mehri,Iran,ir,72.22,REVIEW
486633c7-d65d-579c-a85e-bd4fb32cc714,238dacc5-2131-5ca9-889c-c424f7a5e84c,mohammad eslami,seyed mohammad kalami,Iran,ir,72.22,REVIEW
89abf349-1f32-532b-91d9-d10d0ef65511,2f4c87b0-a715-5497-a852-abcb67ee4ad0,muhammad al-momani,ali muhammad kazan,Jordan,,72.22,REVIEW
2992c062-eb4d-5f44-be4b-d0bca30b2249,93bb4600-d2fb-5e03-9e63-be7fcb794178,ahmad abdullah,mohamed abdullah hirey,Kuwait,so,72.22,REVIEW
2992c062-eb4d-5f44-be4b-d0bca30b2249,b4b8cdb1-1aff-5539-a795-148e4420c6a5,ahmad abdullah,abdullah samad faroqui,Kuwait,,72.22,REVIEW
ba85892a-2410-57a7-8218-715f1e6d6cfb,353d33bb-6dc1-5a91-bdd2-e8c889702d03,muhammad abdallah,ali muhammad hamsho,Kuwait,sy,72.22,REVIEW
ba85892a-2410-57a7-8218-715f1e6d6cfb,3f2e2746-e064-54c5-84b8-c83906b92936,muhammad abdallah,adil abdallah mahdi,Kuwait,,72.22,REVIEW
6d580cd0-246d-59b1-92c3-1232ce7035b2,cf5b8493-aa4c-5f84-a5df-30ec6bcf6c93,muhammad haidar,muhammad ma'ruf balwi,Lebanon,sy,72.22,REVIEW
6d580cd0-246d-59b1-92c3-1232ce7035b2,e21c51d5-6d18-5920-aeba-a6e136a341b3,muhammad haidar,muhammad hasan hamieh,Lebanon,lb,72.22,REVIEW
6d580cd0-246d-59b1-92c3-1232ce7035b2,1c402d27-756e-5147-9c2c-1015eed7a9b1,muhammad haidar,hasib muhammad hadwan,Lebanon,lb,72.22,REVIEW
72004bb0-b77a-50ae-bfde-809521de7dbb,82dfadfc-06b9-5b21-a6ef-8328713c447c,muhammad al-manfi,muhamad ali al-hebo,Libya,sy,72.22,REVIEW
72004bb0-b77a-50ae-bfde-809521de7dbb,d72482c5-ddc9-5b1f-b377-a3d91bbc073c,muhammad al-manfi,muhammad kawtharani,Libya,lb,72.22,REVIEW
72004bb0-b77a-50ae-bfde-809521de7dbb,ac9d6356-4e8a-5b2e-85d2-87757bfe6563,muhammad al-manfi,jami' 'ali muhammad,Libya,so,72.22,REVIEW
ba55e52b-b04b-55d0-acd3-c02ee7077388,cf9bcb9f-16d9-54fc-864e-95a75b6df554,muhammad al-qaryu,muhammad al-ghazali,Libya,ye,72.22,REVIEW
716dd8bc-4a5b-541a-9582-e6fa17d4c6bf,b40c5ae2-6ff8-5232-84a7-4be080a8476b,muhammad al-ghuj,muhammad al-sunaydar,Libya,ye,72.22,REVIEW
297286df-6b6c-54b4-9946-4b32fef1fe91,82dfadfc-06b9-5b21-a6ef-8328713c447c,muhammad al-dabib,muhamad ali al-hebo,Libya,sy,72.22,REVIEW
297286df-6b6c-54b4-9946-4b32fef1fe91,ac9d6356-4e8a-5b2e-85d2-87757bfe6563,muhammad al-dabib,jami' 'ali muhammad,Libya,so,72.22,REVIEW
ff2ee93f-46e3-51b1-92de-4567077fe366,01acb0eb-38bd-57b4-8434-fbf6f14f9e56,muhammad al-zaydani,muhannad al-najdi,Libya,sa,72.22,REVIEW
8927467c-9af4-5285-aeda-01047675feef,05f32c3c-4099-5853-9e8a-5a3b07c69a77,ahmad faisal muhamad,issam ahmad saad,Malaysia,,72.22,REVIEW
aa56f7cd-8124-55bc-8dcd-de6ced13604a,79028932-2766-5fca-8792-73c2d835fbcd,mohamed ameen,mohamed ben ahmed mahri,Maldives,ml,72.22,REVIEW
4c72fafb-b437-5121-bd89-45e29dff005a,6fb357b1-abe3-530a-b026-b2bf6b3319a0,abdellatif jouahri,abdellatif hamideh,Morocco,sy,72.22,REVIEW
f3ad120d-947c-5192-8bc7-b02fe72158f7,31670900-56a8-5a65-a390-7aefda1260e6,ibrahim gaidam,ibrahim amin al-sayyid,Nigeria,,72.22,REVIEW
a97fc3c0-a6ca-5497-82c6-fc5700fb4f52,e5e98089-536e-595f-b9cf-1edcc07dc3b7,aleksandar nikoloski,aleksandar vulin,North Macedonia,rs,72.22,REVIEW
28dfcbe3-854d-5b4d-973a-0f66e327165b,576750a6-7af1-540d-87d6-526b659dfbd6,sardar muhammad yousaf,muhammad sarur,Pakistan,,72.22,REVIEW
db319bef-0ee7-5055-84fb-65ce22e909e9,3f2e2746-e064-54c5-84b8-c83906b92936,abdallah al-swaha,adil abdallah mahdi,Saudi Arabia,,72.22,REVIEW
fc726116-daf6-51fb-8807-341d8d0ce68d,d72482c5-ddc9-5b1f-b377-a3d91bbc073c,muhammad al-jadan,muhammad kawtharani,Saudi Arabia,lb,72.22,REVIEW
fc726116-daf6-51fb-8807-341d8d0ce68d,ac9d6356-4e8a-5b2e-85d2-87757bfe6563,muhammad al-jadan,jami' 'ali muhammad,Saudi Arabia,so,72.22,REVIEW
5abf55de-949e-5cd5-8ac3-3b98b2364a55,e8a3460d-5e68-56dd-92b5-b68fd497f603,ibrahim al-assaf,ali ibrahim al-watfa,Saudi Arabia,,72.22,REVIEW
2dc0ca55-add7-5a08-a89a-188ee20cebcc,cb0f253e-1138-5243-a63e-42cd0f3f2e2a,dejan vuk stankovic,radovan stankovic,Serbia,,72.22,REVIEW
c8b759a7-ef1f-503a-b3a9-cbe9bf211b96,d0b2d3e3-6cb0-5397-9d0a-4d18d3d5e6ac,ibrahim jalloh,ibrahim mohamed khalil,Sierra Leone,sy,72.22,REVIEW
fc6a5676-22b3-59b8-a16e-7d7897b73581,1f4f0404-b45c-524d-9d40-59ebe6b2c4d8,ana redondo garcia,rene arzate garcia,Spain,mx,72.22,REVIEW
93f38396-d1ec-5818-a7cd-bd96fce10d48,cf5b8493-aa4c-5f84-a5df-30ec6bcf6c93,muhammad bashir,muhammad ma'ruf balwi,Sudan,sy,72.22,REVIEW
93f38396-d1ec-5818-a7cd-bd96fce10d48,987d65a3-20c5-5a58-9585-5d5ed279540e,muhammad bashir,muhammad khizar hayat,Sudan,pk,72.22,REVIEW
8feaa1cb-e173-5c7b-9df6-b24fa30b911f,4697c39c-ea9f-59cf-9fa0-93962cc88784,hazar abd al-rasul,abu hamza al-masri,Sudan,,72.22,REVIEW
93331f90-284e-50df-8f23-16e75e367623,064d1528-680d-58c5-8686-bf99a85eecdc,khalifa ahmed khalifa,ahmed alif rauf,Sudan,mv,72.22,REVIEW
707d43e8-fd9d-552b-9d4e-c962dfa72b32,3bb9fd58-1edf-5dbe-87e2-6a32d2528634,muhammad abdallah idris muhammad,arshad muhammad ahmad muhammad al-zibari,Sudan,,72.22,REVIEW
bf25ab26-bc71-5198-97f7-626c6a2c5ccf,ba221396-7140-52d1-ad5b-fff4c8488c22,muhammad yasin salih,muhammad qabalan,Syria,,72.22,REVIEW
bf25ab26-bc71-5198-97f7-626c6a2c5ccf,57e8c04e-a34b-530a-83d0-c9087cd341d2,muhammad yasin salih,yasin ahmad dahi,Syria,sy,72.22,REVIEW
c2369b0c-9fa5-5e0b-a144-0128a0d33c6e,c721b0df-70eb-5774-aaff-89a63f56fac1,muhammad al-bashir,mohammad al-otaibi,Syria,sa,72.22,REVIEW
43b6ef8b-4f1b-57af-8e1a-e1552fdd6344,cf9bcb9f-16d9-54fc-864e-95a75b6df554,muhammad anjarani,muhammad al-ghazali,Syria,ye,72.22,REVIEW
43b6ef8b-4f1b-57af-8e1a-e1552fdd6344,ac9d6356-4e8a-5b2e-85d2-87757bfe6563,muhammad anjarani,jami' 'ali muhammad,Syria,so,72.22,REVIEW
43b6ef8b-4f1b-57af-8e1a-e1552fdd6344,a6c385a2-a585-5bc9-8900-f1f1fa0de7b5,muhammad anjarani,muhammad harris dar,Syria,,72.22,REVIEW
63c158b8-9e66-50e2-8965-42cf519fec9b,9c0a9d0d-bfb9-534f-bb0e-11f8ca4336ee,mohamed ali nafti,mohamed nayef maged,Tunisia,lb,72.22,REVIEW
dd664d25-67a8-5268-ab40-0f566fd51348,fa5e6467-4f7b-5629-a360-d4c54ac73e3e,hussein al-aghbari,abbas hussein harb,Yemen,,72.22,REVIEW
dd664d25-67a8-5268-ab40-0f566fd51348,c434976b-fe95-50ef-96ee-4eef89fd5bb1,hussein al-aghbari,hassan al-baghdadi,Yemen,,72.22,REVIEW
0fae46ef-f7b8-5c78-800f-923f94b34cb2,2f4c87b0-a715-5497-a852-abcb67ee4ad0,muhammad al-zaouri,ali muhammad kazan,Yemen,,72.22,REVIEW
0fae46ef-f7b8-5c78-800f-923f94b34cb2,c721b0df-70eb-5774-aaff-89a63f56fac1,muhammad al-zaouri,mohammad al-otaibi,Yemen,sa,72.22,REVIEW
b45b6c16-05c3-5345-95eb-c1c6135f61b2,bd704a5f-6ad2-53da-9e59-0b17fb7892b5,aleksandr valentinovich novak,aleksandr vladimirovich osadchuk,Russia,ru,72.13,REVIEW
d6e33049-9c30-57e4-8fa8-e9317955ad2e,3f548ac6-e7f3-5cef-a62a-6c3d15f3a110,mikhail vladimirovich degtyarev,andrei vladimirovich nikipelov,Russia,ru,72.13,REVIEW
d6e33049-9c30-57e4-8fa8-e9317955ad2e,8d91b6e2-089d-5c65-a122-e31f6fe8ee05,mikhail vladimirovich degtyarev,dmitriy vladimirovich artyakov,Russia,ru,72.13,REVIEW
0a20c63b-a3e5-5b97-9a17-2fa6525d1530,08aab50e-9e8f-51d3-9064-021d3d6ae467,aleksandr vasilyevich bortnikov,aleksandr mikhailovich bodyako,Russia,by,72.13,REVIEW
0a20c63b-a3e5-5b97-9a17-2fa6525d1530,79a8e35a-8a46-5cca-a1e6-8652bba15fe9,aleksandr vasilyevich bortnikov,aleksandr nikolaevich nekrasov,Russia,ru,72.13,REVIEW
0a20c63b-a3e5-5b97-9a17-2fa6525d1530,af0aa35e-ffa9-5fe4-bf1a-2212cd8d8137,aleksandr vasilyevich bortnikov,denis aleksandrovich bortnikov,Russia,ru,72.13,REVIEW
9d2cf264-d4ab-5d45-98ec-1b8379096861,baa5f39c-2f14-5416-9654-b2be40244ae4,mohammad yaqub,ahmed yaqub,Afghanistan,,72.0,REVIEW
22a90d9b-1224-53d5-8b6f-8521113fdb1c,0b06a8b5-1e4d-5528-9d23-037924700263,abdul haq wasiq,abdul hadi,Afghanistan,,72.0,REVIEW
a4938fc3-9f5a-5d21-91f8-81ed622f48fd,dcf232fc-16a6-560e-b674-ed50f4d8f1af,mohamed arkab,mohamed mire,Algeria,so,72.0,REVIEW
71843300-ef3f-5160-bf9a-6815fd90d030,ab69abb1-26c2-5dc0-8467-cd5c33d09496,andrey shved,andrey serbin,Belarus,,72.0,REVIEW
54d52457-cdc0-516d-9244-d426faa39520,387de7c5-88b7-55e8-96fc-b68a19bbee24,halbi muhammad yussof,hani muhammad yusuf al-siba'i,Brunei,eg,72.0,REVIEW
fe210f54-f3c1-5ee2-92a1-31c75460084b,4cbfacea-5472-5f7e-9f67-b446c22a845c,daniel mitov,daniel hamieh,Bulgaria,pl,72.0,REVIEW
fe210f54-f3c1-5ee2-92a1-31c75460084b,517b2699-9b44-5511-a604-819935494fee,daniel mitov,daniel moreno,Bulgaria,,72.0,REVIEW
40d741c9-456a-5a8c-9a04-618bfaf79267,a0b26f6f-a9b7-5ded-ae93-9788771f63bf,tin maung swe,swe swe aung,Burma,zm,72.0,REVIEW
40d741c9-456a-5a8c-9a04-618bfaf79267,dade11d1-8fbc-585e-81ce-6a84642c8bcd,tin maung swe,tin myo aung,Burma,zm,72.0,REVIEW
86f62f16-2175-5afa-b820-a898c02c9063,37b6ce18-fc8b-5d86-b851-65e27975b16c,ye myint tun,moe myint tun,Burma,zm,72.0,REVIEW
b763a905-8245-5ecd-98c7-069313da9814,5afe4181-09e9-5e0a-b379-54a8f89b5428,guoqing zhang,hongbo zhang,China,cn,72.0,REVIEW
b763a905-8245-5ecd-98c7-069313da9814,e908c926-0aa9-5a3b-a41d-1415131145aa,guoqing zhang,keping zhang,China,,72.0,REVIEW
dbb1d05c-aab2-51f9-afc7-97ddbd7200b9,ee315b49-9565-5bd5-95a2-35d344545b52,xiaohong wang,xueqing wang,China,cn,72.0,REVIEW
b21dfe57-d539-5d63-95a2-ab77db90b9cd,ee315b49-9565-5bd5-95a2-35d344545b52,xiaoping wang,xueqing wang,China,cn,72.0,REVIEW
b21dfe57-d539-5d63-95a2-ab77db90b9cd,46ac963b-95c8-51c6-9a14-11ef29e37e49,xiaoping wang,zhiqing wang,China,cn,72.0,REVIEW
130ff18c-d312-545f-a54d-fb8474b63e02,69a4a398-19dd-56fc-ab63-b56f6cb03aad,guangha wang,mingshan wang,China,,72.0,REVIEW
473e59b9-1af0-5b02-8e2a-f8800f4b65b2,517b2699-9b44-5511-a604-819935494fee,daniel rojas,daniel moreno,Colombia,,72.0,REVIEW
f3ed4b66-3926-5ebf-9146-1715c8f78d8d,d5864712-e474-541e-bfff-6ed513b19169,ahmed issa,ahmed ali saleh,Egypt,ye,72.0,REVIEW
5b5f0797-9ad2-5ce6-a38e-03afde88abe5,d393e83c-4b3c-5988-aeda-dc91c694fba9,ahmed samir,ahmed shamlakh,Egypt,ps,72.0,REVIEW
392afc5f-52a0-5827-9c25-a1ba79f70055,f9dbac00-e334-5229-a9db-73cc0245997e,ahmed shide,ahmed dabbashi,Ethiopia,ly,72.0,REVIEW
392afc5f-52a0-5827-9c25-a1ba79f70055,cbe3652e-1912-5acd-992d-fbcabb7b26e6,ahmed shide,ahmed deghdegh,Ethiopia,,72.0,REVIEW
7ec37335-6739-5157-8326-99c88df24edb,26ac22a3-31f0-5009-9e74-3f7805f71c29,ahmed ibrahim,ahmed diriye,Ghana,,72.0,REVIEW
7ec37335-6739-5157-8326-99c88df24edb,24a07ff0-90df-54ad-82a7-04f668c60e4f,ahmed ibrahim,ibrahim aqil,Ghana,lb,72.0,REVIEW
910a56da-5560-54c3-84b9-e5cf63890f11,78ccb126-8f0b-5eeb-a2a9-0fb2bf094092,james monazard,james nando,Haiti,ss,72.0,REVIEW
db27c655-64ab-527e-8c4b-64025244201b,9311d96b-4fa7-5c68-8f75-212afc4c7a1a,fernando puerto castro,edgar fernando blanco puerta,Honduras,,72.0,REVIEW
65fba98e-6201-5335-8267-3d1508645bdb,a1b636c8-166f-5f14-abb2-4709ebdf7874,hosein afshin,hosein hemsi,Iran,ir,72.0,REVIEW
363283d1-bd77-5bb4-bb10-143090a3b8bb,d294099d-1e0b-5016-a4c2-7dedd42fa29f,ahmad meydari,ahmad jabril,Iran,,72.0,REVIEW
363283d1-bd77-5bb4-bb10-143090a3b8bb,6079eedd-7023-5fdf-b98d-b8eaf3d62552,ahmad meydari,ahmad ghaedi,Iran,ir,72.0,REVIEW
363283d1-bd77-5bb4-bb10-143090a3b8bb,cce48022-cdda-59c1-9000-c17721e94acf,ahmad meydari,ahmad ismail,Iran,sy,72.0,REVIEW
363283d1-bd77-5bb4-bb10-143090a3b8bb,41dc7795-ddd4-56bb-9951-7959a2d6c182,ahmad meydari,ahmad taheri,Iran,ir,72.0,REVIEW
363283d1-bd77-5bb4-bb10-143090a3b8bb,7ef9d4df-0c77-5553-b05c-c7d1b21677e0,ahmad meydari,ahmad karimi,Iran,ir,72.0,REVIEW
eb6a36aa-1cfc-5390-a0e3-d6202149de17,9ccafa3a-b245-5378-8c7c-30122d1d7ef8,horace chang,chang-ho paek,Jamaica,,72.0,REVIEW
937ff010-fc55-517b-bce3-bc1e78fa761d,e897e989-f91b-57b2-b719-551f7de4ef4e,jafar hassan,hassan karami,Jordan,ir,72.0,REVIEW
937ff010-fc55-517b-bce3-bc1e78fa761d,92ed566e-ce0b-53dc-99cc-3a0bbebb5a33,jafar hassan,hassan tabaja,Jordan,,72.0,REVIEW
d5baf3d2-fc00-5366-a356-8581edce2661,5d0129f4-8489-54ab-b32a-93e6c67c6cd5,ayman sulayman,ayman ahmad,Jordan,sy,72.0,REVIEW
2db666ac-26f4-500d-8e57-d0d421626000,e6d6856a-8166-5c08-8d95-f44ed5808324,tok hun kim,kwang chun kim,"Korea, North",,72.0,REVIEW
db80e495-6578-5cc9-8b23-b56d2587e7a3,1cfc5b27-3076-5458-bf08-bb796a4f4f58,song nam kim,song nam choe,"Korea, North",,72.0,REVIEW
b9bdb536-435b-5fc6-af79-cf064ea64207,1cfc5b27-3076-5458-bf08-bb796a4f4f58,son hui choe,song nam choe,"Korea, North",,72.0,REVIEW
b9bdb536-435b-5fc6-af79-cf064ea64207,9b4c97e1-e3b6-5ec4-8963-58ebb6aa0441,son hui choe,chun pom choe,"Korea, North",kp,72.0,REVIEW
f244bdca-f3a8-5d54-9b1b-cc2e39bc638f,cb469236-b7f5-5d91-82ab-566e6d934301,yong hwan kim,yong bok kim,"Korea, North",kp,72.0,REVIEW
f244bdca-f3a8-5d54-9b1b-cc2e39bc638f,3698581c-eeea-546c-ae82-4e7a14529572,yong hwan kim,won hong kim,"Korea, North",,72.0,REVIEW
f244bdca-f3a8-5d54-9b1b-cc2e39bc638f,847d9c14-d832-5a3e-acd7-0883167432d4,yong hwan kim,kyong il kim,"Korea, North",,72.0,REVIEW
6fa2335d-266a-53e7-8246-ad15133afa37,409f605a-c08e-52a3-ab92-1b951394bad3,chol min pak,jong chon pak,"Korea, North",kp,72.0,REVIEW
ee714e14-ed52-53c9-a0f3-0a0fb01c9e2c,d6f7853b-e6f6-5a32-8df3-92938e5c158b,jong gun pak,kwang hun pak,"Korea, North",kp,72.0,REVIEW
c7a1b474-a0ab-5df4-8d68-f47f5b403fdb,072c2404-41d4-5fb9-ba58-340a2e1052fe,hyon chol jon,chol man han,"Korea, North",kp,72.0,REVIEW
c7a1b474-a0ab-5df4-8d68-f47f5b403fdb,4c764df4-42ba-5b64-9a59-3fe70dd4d74f,hyon chol jon,chol song jo,"Korea, North",kp,72.0,REVIEW
c7a1b474-a0ab-5df4-8d68-f47f5b403fdb,f94cc52e-7c0e-5ab7-9116-8acb8d38b55e,hyon chol jon,yong chol jo,"Korea, North",kp,72.0,REVIEW
0d1d2866-386b-5a8c-8de9-b534f9364050,7bb4c3ef-35ef-52a5-96a5-cca060395539,kum chol kim,song chol kim,"Korea, North",kp,72.0,REVIEW
0d1d2866-386b-5a8c-8de9-b534f9364050,dea9ff67-0a20-5138-b969-147f3eccb71d,kum chol kim,yong chol kim,"Korea, North",,72.0,REVIEW
0d1d2866-386b-5a8c-8de9-b534f9364050,a8cba52b-1ae3-5e9b-b1fb-e13f1da061fe,kum chol kim,yong chol kim,"Korea, North",kp,72.0,REVIEW
0d1d2866-386b-5a8c-8de9-b534f9364050,318d473c-416c-5253-8f6e-2d358011fbdd,kum chol kim,hyok chol kim,"Korea, North",,72.0,REVIEW
0d1d2866-386b-5a8c-8de9-b534f9364050,45fcb1b5-c09d-5e13-aa64-522eb50e18ef,kum chol kim,tong chol kim,"Korea, North",,72.0,REVIEW
a02de48a-caf5-5505-ba51-5a38d2e02d9f,57a04792-22f6-5407-b134-7ae3891e193f,sok chol jo,song chol jang,"Korea, North",kp,72.0,REVIEW
c394fac8-0504-562f-861e-71123974b95f,cb469236-b7f5-5d91-82ab-566e6d934301,jae ryong kim,yong bok kim,"Korea, North",kp,72.0,REVIEW
c394fac8-0504-562f-861e-71123974b95f,847d9c14-d832-5a3e-acd7-0883167432d4,jae ryong kim,kyong il kim,"Korea, North",,72.0,REVIEW
aed6b75b-4fc2-5fec-abf0-625322fc4f37,bdf7db8d-caa4-59b3-a63f-3baaecc9bba3,chol ha kim,geum cheol kim,"Korea, North",kp,72.0,REVIEW
3aea3e76-cdbe-5543-8f1e-79e51652cf89,7bb4c3ef-35ef-52a5-96a5-cca060395539,hak chol jon,song chol kim,"Korea, North",kp,72.0,REVIEW
3aea3e76-cdbe-5543-8f1e-79e51652cf89,45fcb1b5-c09d-5e13-aa64-522eb50e18ef,hak chol jon,tong chol kim,"Korea, North",,72.0,REVIEW
3aea3e76-cdbe-5543-8f1e-79e51652cf89,a8cba52b-1ae3-5e9b-b1fb-e13f1da061fe,hak chol jon,yong chol kim,"Korea, North",kp,72.0,REVIEW
3aea3e76-cdbe-5543-8f1e-79e51652cf89,dea9ff67-0a20-5138-b969-147f3eccb71d,hak chol jon,yong chol kim,"Korea, North",,72.0,REVIEW
e28ecbaf-3233-5e7f-aed6-d0721c8b3bc9,a4f277a4-af5d-5c02-85b9-94baf950dfa5,jong gyu sung,song ho jong,"Korea, North",kp,72.0,REVIEW
e28ecbaf-3233-5e7f-aed6-d0721c8b3bc9,87285f8f-9572-5b10-abba-1e79dc0b295e,jong gyu sung,yong su jong,"Korea, North",kp,72.0,REVIEW
86e14e01-a80e-5017-b9fc-aaa22aefdf76,c7e8919d-4a6b-5a2b-98bc-f25c625b10d8,chun sop song,chun song ri,"Korea, North",,72.0,REVIEW
7c1ecb74-4d2c-5e83-a21f-c54a49f53255,9725385d-e066-52d3-b946-2a87a77d9cb2,ryong guk han,hong gil han,"Korea, North",kp,72.0,REVIEW
3fb152be-1f78-5bf9-aa97-cbaa07844038,1a737494-4a6d-55cd-b6bf-f2dbd23e696a,sung chan kim,man chun kim,"Korea, North",kp,72.0,REVIEW
3fb152be-1f78-5bf9-aa97-cbaa07844038,3a3dfc35-72b0-569a-82a6-51179e0d7e1e,sung chan kim,mun chol kim,"Korea, North",kp,72.0,REVIEW
3fb152be-1f78-5bf9-aa97-cbaa07844038,a8fb7799-fa76-59f8-8c9c-12eb35795a66,sung chan kim,sung jun cha,"Korea, North",kp,72.0,REVIEW
077959aa-ee52-5a90-a839-8c3e1ce4feca,379aa3c4-5a5a-5a6b-93ee-c71e924570ba,kum song jin,kum hyok song,"Korea, North",kp,72.0,REVIEW
47ad2603-a5d2-5b3c-b035-391c6c9fadf7,7bb4c3ef-35ef-52a5-96a5-cca060395539,song jun kim,song chol kim,"Korea, North",kp,72.0,REVIEW
c4e8dab2-3721-51a6-ae63-1e0a6c2721d6,3698581c-eeea-546c-ae82-4e7a14529572,chang sok kim,won hong kim,"Korea, North",,72.0,REVIEW
c4e8dab2-3721-51a6-ae63-1e0a6c2721d6,86f78ac3-c178-5fef-8754-9e7ec6d5010b,chang sok kim,song hun kim,"Korea, North",kp,72.0,REVIEW
c4e8dab2-3721-51a6-ae63-1e0a6c2721d6,241d30b0-60ed-5c92-a5e0-84d508031417,chang sok kim,jong sik kim,"Korea, North",,72.0,REVIEW
4741c842-aa4f-5cb6-9d00-509b4d4be52a,284aff52-29dd-50ed-98fa-3ca5a9d16c0a,jong nam kim,jong sam paek,"Korea, North",kp,72.0,REVIEW
cc81e615-d493-582e-afc5-946ac6cfb9f5,edc0bc38-33e0-5216-95b3-58804dda6f7a,chol su kim,myong chol kim,"Korea, North",,72.0,REVIEW
257b7973-9bb2-564f-b8c5-1a55c239efc9,05295a1f-3193-5ce8-bb09-449b7fd68ddc,chung song kim,yon hui kim,"Korea, North",kp,72.0,REVIEW
257b7973-9bb2-564f-b8c5-1a55c239efc9,9eddb6a0-baeb-5b5c-b6f2-4b9577c189b7,chung song kim,yong ju kim,"Korea, North",kp,72.0,REVIEW
250b1f74-d92a-5b8e-81fd-91f406313e55,106f292b-3a11-5e43-9a43-2e57bfcf1bf9,chun song jang,jang su han,"Korea, North",kp,72.0,REVIEW
3f5caa9c-1967-511d-a235-da7d3d2c5422,1e7bc14e-c510-5c41-9b16-8d2bc69ef3da,chol gu kang,kwang chol ro,"Korea, North",kp,72.0,REVIEW
6671dde0-c650-53c2-a9cd-d29a239ac0ca,04b8113c-2623-5e7c-9dcc-90fc1726dfbe,kyong jae im,kyong il kang,"Korea, North",kp,72.0,REVIEW
229631a1-a4f8-56d3-a528-bcc22873590c,4ca0e61f-bbc4-5f03-ad0b-26627336a285,song hak chae,song il choe,"Korea, North",,72.0,REVIEW
8a4561d5-6e38-5ae7-894b-48966e7707a5,cd75bd05-5c73-53bc-b023-0e77b8d3d046,sung jin kim,sung nam jang,"Korea, North",,72.0,REVIEW
e3fffdf9-96bc-5c43-b16a-8ceeb84de4a5,22525815-dc67-580b-a833-9183d1656e5b,young-hoon kim,sang-ho kim,"Korea, South",,72.0,REVIEW
7d08db14-3bd5-5169-811f-cf015e80aac2,6523aede-4c18-5abb-a14c-3cb99b7d7c6a,jung-kwan kim,kang jin kim,"Korea, South",kp,72.0,REVIEW
ba4c7f35-994a-5d59-852e-c450276662a6,3a04d998-32b8-5717-8f2a-33e3d1e26fd0,fahad yusuf,yusuf al-hatum,Kuwait,sy,72.0,REVIEW
b3fce8a0-b61f-5db2-89d9-5d6f7758230e,98305f70-cf0a-5d57-9a60-3f4721cbd2ad,ibrahim munir,sadr ibrahim,Libya,,72.0,REVIEW
84c1dd33-be88-5663-9470-06526958fbe2,d60ef154-2460-5a93-9c51-6b27f06351a2,ali al-abid,salih al-aruri,Libya,,72.0,REVIEW
cb7cef2d-ebaa-5adf-9d01-f80315e9c345,7755a8b7-11d6-5508-bba3-1b329dc7ee3e,walid al-lafi,hamid al-ali,Libya,,72.0,REVIEW
133c0309-6350-5ac3-9e45-9e32c2aa3ddb,94d92f99-3768-5f6b-90ef-064c4bd81bd4,tahir al-sunni,tahir nasuf,Libya,,72.0,REVIEW
8b1dee5b-daf0-5406-864d-39df0f6300fe,31ef5987-4fc1-5df3-8a71-bf8f780a7577,daniel risch,daniel geiges,Liechtenstein,ch,72.0,REVIEW
8b1dee5b-daf0-5406-864d-39df0f6300fe,4cbfacea-5472-5f7e-9f67-b446c22a845c,daniel risch,daniel hamieh,Liechtenstein,pl,72.0,REVIEW
6dd7e1a2-ace6-592d-96ed-99a772a0c57e,24a07ff0-90df-54ad-82a7-04f668c60e4f,anwar ibrahim,ibrahim aqil,Malaysia,lb,72.0,REVIEW
fde34c69-5958-544a-b977-9f525f11d06c,1b5f3680-ba17-58d8-af8a-03bfb113ff5d,mohamad sabu,mohamad wehbe,Malaysia,lb,72.0,REVIEW
abb1efd2-926b-5b2b-8549-3335c0ba382e,eef70c62-3e7f-5c71-b928-5a56f76e3e63,ahmed shiyam,ahmed brahimi,Maldives,dz,72.0,REVIEW
abb1efd2-926b-5b2b-8549-3335c0ba382e,cf350077-285c-58b8-8875-08ec56a313d8,ahmed shiyam,shahzad ahmed,Maldives,pk,72.0,REVIEW
41cefcd6-58d0-590a-bfcf-b58be352ae10,0aff5e86-1dd5-5bce-bbb2-4c2639382b53,abdulla nazim ibrahim,zeki abdullah ibrahim ararawi,Maldives,jo,72.0,REVIEW
366233c8-1b7c-54f3-b9ff-b023b0ea8116,dd998935-59db-59aa-8dd8-6f43469d0586,amadou keita,amadou kouffa,Mali,ml,72.0,REVIEW
3a6c6f0e-d272-58f2-a1db-15b683d3cb5f,eef70c62-3e7f-5c71-b928-5a56f76e3e63,ahmed bouari,ahmed brahimi,Morocco,dz,72.0,REVIEW
3a6c6f0e-d272-58f2-a1db-15b683d3cb5f,b764064c-fe98-5b5c-a89f-817fdc1dc585,ahmed bouari,benazir ahmed,Morocco,bd,72.0,REVIEW
f15b2ace-439c-5523-91aa-c10d19cceac0,6e6cc941-94a5-57ce-9526-aab8898b69cd,david umahi,david guberman,Nigeria,,72.0,REVIEW
f976226e-c87f-598d-b487-abce24c7ee29,6f3197a6-4c53-58d6-8a50-544d7b923b42,fatmir levani,fatmir limaj,North Macedonia,,72.0,REVIEW
bdbf6c01-27bc-5ab7-a23f-6c45a20af934,387de7c5-88b7-55e8-96fc-b68a19bbee24,muhammad hanif abbasi,hani muhammad yusuf al-siba'i,Pakistan,eg,72.0,REVIEW
72a87e62-4a60-5d38-8ad9-92d5072ae9a5,9f10baea-e486-5810-aa54-153649b22633,marco aurelio gonzalez,proceso arturo muro gonzalez,Paraguay,mx,72.0,REVIEW
ec4d69fd-f10c-5b5c-a037-b6412d4a9af4,7ceea676-efd1-5ebb-a720-04e5dc7cb398,mario centeno,mario cerkez,Portugal,,72.0,REVIEW
a1ba40bc-1093-5b3a-8915-c71338aae763,bfc752f7-4b48-5b25-874d-98884ce5c3bc,andrey removich belousov,andrey vladimirovich burov,Russia,ru,72.0,REVIEW
85da5294-bb31-5f57-9cb1-bc4d767cffe5,8fedf3a3-acb0-5e9f-ad44-eb4af3dbdac6,igor viktorovich krasnov,andrey viktorovich borisov,Russia,ru,72.0,REVIEW
85da5294-bb31-5f57-9cb1-bc4d767cffe5,d86cafd1-d0aa-596e-ada6-d1cec190f0e0,igor viktorovich krasnov,dmitry viktorovich islamov,Russia,ru,72.0,REVIEW
6c144204-64bc-5e4e-92d4-4835465202fd,f19c531a-dfb2-57bc-8963-7782d16e4955,abd al-aziz,ahmad al-hamzi,Saudi Arabia,ye,72.0,REVIEW
567db692-8be9-5a90-b73f-f61db3fa866d,dea9ff67-0a20-5138-b969-147f3eccb71d,kim yong gan,yong chol kim,Singapore,,72.0,REVIEW
567db692-8be9-5a90-b73f-f61db3fa866d,a8cba52b-1ae3-5e9b-b1fb-e13f1da061fe,kim yong gan,yong chol kim,Singapore,kp,72.0,REVIEW
af3e102c-ced2-522c-805b-fa367a9efb20,d2633c00-777a-5912-9e50-1a4766cd783d,burhan gafoor,sahir burhan,Singapore,iq,72.0,REVIEW
0eaf2f48-4163-5fd2-8924-46b5e50e4c3c,22691b83-62bd-54ca-9069-d8ac5cb075c0,peter hulenyi,peter cherif,Slovakia,fr,72.0,REVIEW
fe28a4c6-9d92-5e4e-804f-4f03a1c3d81e,e9212872-ee4f-5429-89e2-8ffc2d02bd1f,muhammad abdallah mahmoud,muhammad fadl abd al-nabi,Sudan,ye,72.0,REVIEW
ebde17af-0f5f-5666-9c58-0b7aa0a193b4,115f5e23-3991-5525-b7b4-a38a85dae4f2,muhammad said al-hilu,sa'id ahmad muhammad al-jamal,Sudan,ye,72.0,REVIEW
a4b219dd-5ad1-5763-89d9-4010801b09c4,c0ea8cc6-bf8c-5c5d-9eeb-3b61ae5fe614,andrew baasaron,andrew kan,Suriname,hk,72.0,REVIEW
273f7c93-b943-54f3-b29b-c5b49914c4a7,47d82e5a-4c84-52ee-97d9-6a72e06da980,muhammad abu al-khayr shukri,ali muhammad abu turab,Syria,pk,72.0,REVIEW
92482e5f-9f71-569e-b188-ae56ff949f2a,efbc1ca4-b9d2-5225-8b38-46421bdbe7c0,chin-ching liu,cuiying liu,Taiwan,,72.0,REVIEW
68a20052-6c90-5fd0-a11a-b364c65321d3,b85ac805-802d-52de-a112-4429bb43c1c6,khaled nouri,tohami khaled,Tunisia,,72.0,REVIEW
6dad241d-ae83-5d82-a5f1-7d5b6ce19ca5,0eaad729-ebfc-5ceb-b0c9-eecfafb92065,ahmed bouhali,ahmed al-dib,Tunisia,sy,72.0,REVIEW
a6104e7a-2b06-56bb-a83d-fe890acafba1,e02fe571-7d8d-58ba-be4c-c3a26292d01d,khalid muhammad balama,muhammad ahmad 'ali al-isawi,United Arab Emirates,eg,72.0,REVIEW
23fb90fb-6d1a-57f1-8c57-72a9312b5185,fcad552a-f45d-5da3-9bf2-c9bafeb7b3c8,darren jones,darren debono,United Kingdom,mt,72.0,REVIEW
692d0217-0dbb-5722-b4f2-ed73c5bdc12a,d60ef72e-007a-5309-a40b-bd31b9272462,abdullah al-alimi ba wazir,ghalib abdullah al-zaidi,Yemen,,72.0,REVIEW
692d0217-0dbb-5722-b4f2-ed73c5bdc12a,3b56a03a-0376-5a62-a9ad-cf03bc1f2125,abdullah al-alimi ba wazir,abdullah barakzai ansari,Yemen,af,72.0,REVIEW
be30e613-4ecc-5b3a-8663-9658c8735de6,58d5bb0d-d815-5321-bb48-906776444336,fuad hussein,hussein atris,Yemen,,72.0,REVIEW
3fee6e99-1e49-59ce-8c2a-06e8f58d59b0,f0a1f407-5374-5502-95f8-41d66e360e9b,khaled ahmad al-wasabi,khalid ahmad jumah al-sudani,Yemen,,72.0,REVIEW
ae54960f-d347-5091-8aed-043644222a3d,1873b830-2454-597b-bee0-fc0ac0babb31,ahmad omar muhammad arman,mohammad roslan bin ahmad,Yemen,,72.0,REVIEW
d673bd64-7515-5966-9e29-0990efbfcb22,ff4fa36b-33e3-51e7-aa0d-ce39f193ac24,ibrahim ali ahmad haydan,ahmad ibrahim al-mughassil,Yemen,,72.0,REVIEW
e614b1a4-c644-556d-bcf4-30f13d9b48ff,d60ef72e-007a-5309-a40b-bd31b9272462,abdallah ali fadl al-saadi,ghalib abdullah al-zaidi,Yemen,,72.0,REVIEW
67dd0857-175c-5a23-bba8-2dba3f8c8f62,31ef5987-4fc1-5df3-8a71-bf8f780a7577,daniel garwe,daniel geiges,Zimbabwe,ch,72.0,REVIEW
67dd0857-175c-5a23-bba8-2dba3f8c8f62,4cbfacea-5472-5f7e-9f67-b446c22a845c,daniel garwe,daniel hamieh,Zimbabwe,pl,72.0,REVIEW
67dd0857-175c-5a23-bba8-2dba3f8c8f62,517b2699-9b44-5511-a604-819935494fee,daniel garwe,daniel moreno,Zimbabwe,,72.0,REVIEW
833a1992-ee6f-5f4d-8b93-7ff3d9d0affd,c4149db2-ac5f-578b-b347-ed61ebe8889c,imad muhammad abdulaziz al-ateeqi,abdulaziz mohammed m. alhawsawi,Kuwait,sa,71.88,REVIEW
7577e6ac-6813-5c14-a64b-543cff310d82,65da8e78-c3f2-5806-84a8-817e5de47608,aleksandr vyacheslavovich kurenkov,sergei vyacheslavovich makarov,Russia,ru,71.88,REVIEW
d8eb0d8e-12f4-5d54-a9ba-051bdb69ebaf,a13642ba-cbe6-5cb0-9dc6-1fd49313f420,abdallah bin hamad al-huqayl,muhammad abdallah hasan abu-al-khayr,Saudi Arabia,,71.88,REVIEW
8dff148d-4a18-5f86-adcc-4043ac3d5ff9,b13dea38-305a-5902-968d-6674a2bb5354,muhammad bin abd al-malik al al-shaykh,muhammad 'abdallah al-amin,Saudi Arabia,lb,71.88,REVIEW
707d43e8-fd9d-552b-9d4e-c962dfa72b32,f64599db-033a-55aa-a26e-98d7d5fb2f25,muhammad abdallah idris muhammad,muhammad sami muhammad abu marei,Sudan,ps,71.88,REVIEW
3894e1ff-c4e1-5ca0-82f8-1ffa5ae3c616,e0142d92-a84a-5387-8e74-ff3e3b169bb7,mohamed ait mesoudane,mohamed amine akli,Algeria,,71.79,REVIEW
54d52457-cdc0-516d-9244-d426faa39520,2230a8dd-e836-5aad-8769-1889a8dc3a52,halbi muhammad yussof,ali muhammad qansu,Brunei,,71.79,REVIEW
e568e77a-15fe-5f35-aaf1-8cf12515fddf,6676865c-3b5a-5664-950b-7dac11640ad1,nabil mohamed ahmed,mohamed omar mohamed,Djibouti,so,71.79,REVIEW
e7fa5fd1-8f5d-5066-8de3-b6e31dc82e08,0ab70be4-7689-5333-bd81-dafededbc2a4,catherine vautrin,catherine esther temin,France,ee,71.79,REVIEW
30e84c08-0100-5fb9-adba-9b44b6b03513,ad7df207-f6cd-5f10-9347-2818aaa731ed,abd al-rahim jassim,abdul rahim al-talhi,Iraq,sa,71.79,REVIEW
30e84c08-0100-5fb9-adba-9b44b6b03513,d42310bb-b308-51c4-bbed-738c7196d3b3,abd al-rahim jassim,atiyah abd al-rahman,Iraq,ly,71.79,REVIEW
6eaca02e-bd2a-55a4-838f-fb4d56412dfc,501fb6fb-8d80-5158-afb4-d4ae256d6673,mohammad al-khalayleh,mohammad abdollahi,Jordan,ir,71.79,REVIEW
89abf349-1f32-532b-91d9-d10d0ef65511,4cbd83f9-f87a-5f0d-a468-903ce5f2de29,muhammad al-momani,muhammad kamal al-ayy,Jordan,,71.79,REVIEW
2992c062-eb4d-5f44-be4b-d0bca30b2249,702004b8-0572-594f-9de7-ac41434b6ea3,ahmad abdullah,ahmad abdullah al-jubouri,Kuwait,iq,71.79,REVIEW
ba85892a-2410-57a7-8218-715f1e6d6cfb,6b3f3f6b-6582-58f0-a17f-a19605923a01,muhammad abdallah,khaled muhammad khalil,Kuwait,ye,71.79,REVIEW
72004bb0-b77a-50ae-bfde-809521de7dbb,da581888-847b-521c-9b55-ae33ac274626,muhammad al-manfi,muhammad ali al-qadiri,Libya,ye,71.79,REVIEW
297286df-6b6c-54b4-9946-4b32fef1fe91,6b3f3f6b-6582-58f0-a17f-a19605923a01,muhammad al-dabib,khaled muhammad khalil,Libya,ye,71.79,REVIEW
ff2ee93f-46e3-51b1-92de-4567077fe366,9406c2bc-38c4-50f8-b342-09c4d35a25f8,muhammad al-zaydani,muhammad badr-al-din,Libya,,71.79,REVIEW
081d2c10-5a48-5ae2-bc8a-0462300298e7,b40c5ae2-6ff8-5232-84a7-4be080a8476b,muhammad al-shahubi,muhammad al-sunaydar,Libya,ye,71.79,REVIEW
496a7478-0a0e-5a9e-b9a8-046fa8512bd6,353d33bb-6dc1-5a91-bdd2-e8c889702d03,muhammad bin ghalbon,ali muhammad hamsho,Libya,sy,71.79,REVIEW
6ec414db-e441-5b52-8f25-a28b285e9e15,4cd5cce6-8192-56f7-af77-8f2b4c931ddb,ahmad zahid hamidi,ahmad vahid dastjerdi,Malaysia,,71.79,REVIEW
877cd955-c0a5-5c61-8729-5f05b1eaf4c7,a78dedf5-402b-5cb6-96ec-3f96dbbb9c8d,armizan mohamad ali,adel mohamad mansour,Malaysia,lb,71.79,REVIEW
9e146756-735b-5ad7-b52f-82c990b24c59,6676865c-3b5a-5664-950b-7dac11640ad1,mohamed ould khaled,mohamed omar mohamed,Mauritania,so,71.79,REVIEW
416eb7e2-cfa3-52ec-8759-c3655a0b39d3,9a376aa7-0e8f-54a6-924c-92777fc642ad,qaiser ahmed sheikh,nasser al sheikh ali,Pakistan,ps,71.79,REVIEW
8ae67ed2-1944-586e-a3bc-a18b6ab3a36e,ac9d6356-4e8a-5b2e-85d2-87757bfe6563,khwaja muhammad asif,jami' 'ali muhammad,Pakistan,so,71.79,REVIEW
8ae67ed2-1944-586e-a3bc-a18b6ab3a36e,353d33bb-6dc1-5a91-bdd2-e8c889702d03,khwaja muhammad asif,ali muhammad hamsho,Pakistan,sy,71.79,REVIEW
7578ccc2-ed0a-533d-a9e2-3dca8892a23b,1c402d27-756e-5147-9c2c-1015eed7a9b1,muhammad ishaq dar,hasib muhammad hadwan,Pakistan,lb,71.79,REVIEW
bdbf6c01-27bc-5ab7-a23f-6c45a20af934,2f4c87b0-a715-5497-a852-abcb67ee4ad0,muhammad hanif abbasi,ali muhammad kazan,Pakistan,,71.79,REVIEW
db319bef-0ee7-5055-84fb-65ce22e909e9,112d7d7d-07f3-5544-a073-3b9ad5d645da,abdallah al-swaha,abd al-rahman al-faqih,Saudi Arabia,,71.79,REVIEW
76ea2549-ffcf-5399-b826-0fcb2ce4ce68,0d008a93-504a-57ee-9eff-1c4ca4732c51,abd al-aziz bin salman,abd al nur shalan,Saudi Arabia,,71.79,REVIEW
fc726116-daf6-51fb-8807-341d8d0ce68d,8e5c46d1-12ae-528b-9461-577247385887,muhammad al-jadan,muhammad javed khanani,Saudi Arabia,,71.79,REVIEW
fc726116-daf6-51fb-8807-341d8d0ce68d,411c55ae-43dc-54f7-b674-1f64a985839c,muhammad al-jadan,muhammad ghaleb hamdar,Saudi Arabia,,71.79,REVIEW
fc726116-daf6-51fb-8807-341d8d0ce68d,0a8efc38-c56b-5504-b1ca-3465823a3b64,muhammad al-jadan,abu mohammed al-adnani,Saudi Arabia,sy,71.79,REVIEW
8592acdc-cf3f-522a-a249-31e31749f215,135825d6-dc06-513b-a5ed-5578a26f4b4a,abdallah bin bandar,abdallah asad tahini,Saudi Arabia,,71.79,REVIEW
6fe76e44-142e-53d5-9576-0ff60aa7b805,72f8f519-fbb6-549b-b6d8-3b3a6bb1dac8,dahir shire mohamed,mohamed ahmed qahiye,Somalia,so,71.79,REVIEW
ac9c6dc5-aee9-5725-a52b-091d465c61b4,be588661-1fbe-5994-9526-d9d9e5cfa006,khadija mohamed dirie,faris mohamed didi,Somalia,mv,71.79,REVIEW
e0c0d89f-efd1-5531-8fc6-db6660cbee4d,5c166351-d58d-5e83-9085-692c51be099e,abdulkadir ali,abdulkadir omar abdullahi,Somalia,ke,71.79,REVIEW
911eed12-a02f-5d5a-b2d5-798a46483094,4dd0f520-50f4-5a61-980d-784d7b0eb547,ali sharif ahmed,sherif ahmed ewis ahmed,Somalia,eg,71.79,REVIEW
be95870c-a530-5d64-82da-7bcc1f3e21da,1342ceb6-62c8-5580-9a9b-1cb2f8fb9352,mohamed hamdan dagalo,mohamed ali badaas,Sudan,ye,71.79,REVIEW
be95870c-a530-5d64-82da-7bcc1f3e21da,e0142d92-a84a-5387-8e74-ff3e3b169bb7,mohamed hamdan dagalo,mohamed amine akli,Sudan,,71.79,REVIEW
c3bbe851-9ce5-554f-ada1-dce8062fef6f,2f4c87b0-a715-5497-a852-abcb67ee4ad0,muhammad hassan dahab,ali muhammad kazan,Sudan,,71.79,REVIEW
25e8d9f6-574b-5931-9978-dde9395c9711,ad7df207-f6cd-5f10-9347-2818aaa731ed,graham abd al-qadir,abdul rahim al-talhi,Sudan,sa,71.79,REVIEW
ebde17af-0f5f-5666-9c58-0b7aa0a193b4,2230a8dd-e836-5aad-8769-1889a8dc3a52,muhammad said al-hilu,ali muhammad qansu,Sudan,,71.79,REVIEW
c2369b0c-9fa5-5e0b-a144-0128a0d33c6e,987d65a3-20c5-5a58-9585-5d5ed279540e,muhammad al-bashir,muhammad khizar hayat,Syria,pk,71.79,REVIEW
43b6ef8b-4f1b-57af-8e1a-e1552fdd6344,da581888-847b-521c-9b55-ae33ac274626,muhammad anjarani,muhammad ali al-qadiri,Syria,ye,71.79,REVIEW
43b6ef8b-4f1b-57af-8e1a-e1552fdd6344,8e5c46d1-12ae-528b-9461-577247385887,muhammad anjarani,muhammad javed khanani,Syria,,71.79,REVIEW
74ed3947-e707-5a63-b531-5e996beb145b,d1664e23-52cb-5e75-a8e9-810fe9561c4c,muhammad bin rashid,muhammad sa'id izadi,United Arab Emirates,,71.79,REVIEW
a6104e7a-2b06-56bb-a83d-fe890acafba1,0d2aab89-52e7-5356-9873-f9539c5c1830,khalid muhammad balama,muhammad al-hindi,United Arab Emirates,,71.79,REVIEW
b629371d-eb8a-55fe-a68f-1489ae0065f2,1c402d27-756e-5147-9c2c-1015eed7a9b1,muhammad abushahab,hasib muhammad hadwan,United Arab Emirates,lb,71.79,REVIEW
97d98aa4-12ab-5ad5-8a91-a3f8304101f5,5f854e2f-6498-5474-905e-e172bfac8b33,alejandro sanchez,alejandro flores cacho,Uruguay,mx,71.79,REVIEW
dd664d25-67a8-5268-ab40-0f566fd51348,67eb305b-dc93-54c5-b468-f332f353a091,hussein al-aghbari,hussein qaid al-awadi,Yemen,iq,71.79,REVIEW
6c3c926d-60e2-53cb-bf69-5d92ce31ecb9,33ee3d10-75fe-57f6-958e-78afb079df3f,abdallah bin hassan al-nuaymi,yahia abdallah al-ubaidi,Bahrain,iq,71.7,REVIEW
fc24c7fc-379f-5138-bce3-cd298b2e708e,33c1378f-b27a-5662-9696-ff8e4d503063,ibrahim murtala muhammed,tijani ibrahim moussa mohamed,Ghana,sd,71.7,REVIEW
aa2c260a-d679-5cbb-89ad-ed55a4c87874,f35d448e-5516-5c47-84c4-90d045f0cb82,muhammad bin awadh al hassan,ayadi chafiq bin muhammad,Oman,tn,71.7,REVIEW
59552685-02a2-51e3-b3c4-01587c77f47c,1829f42b-80b4-586e-8078-77b5d915eba7,muhammad raza hayat harraj,hayat ullah ghulam muhammad,Pakistan,,71.7,REVIEW
c0eb9258-c5d0-5cb5-8131-d11ec6579a6e,447c1f01-f8bc-560a-bd1b-4da30710950e,carlos fernandez valdovinos,alfonso fernandez magallon,Paraguay,mx,71.7,REVIEW
19d89641-666f-5f5d-a65b-d189af5e95fe,d56d1462-b34b-5634-a864-4b671cf45d6f,vladimir vladimirovich putin,ivan vladimirovich tavrin,Russia,ru,71.7,REVIEW
19ff653a-9fd8-5e8e-9100-5ac9c86d729d,115db609-e816-53c6-a9f6-3cf2532b32fd,denis valentinovich manturov,denis valeriyevich tyurin,Russia,ru,71.7,REVIEW
19ff653a-9fd8-5e8e-9100-5ac9c86d729d,e481b0a0-0779-5e29-b6da-2e7ffc76593f,denis valentinovich manturov,roman valentinovich kopin,Russia,ru,71.7,REVIEW
b45b6c16-05c3-5345-95eb-c1c6135f61b2,62d94c9d-2ad8-5f26-ba8d-ba79b89474fa,aleksandr valentinovich novak,oleg valentinovich larin,Russia,by,71.7,REVIEW
baf13575-cd11-5c0c-ae96-f537015d05c2,e11ce34b-3974-5664-9632-501df7fb7467,aleksey olegovich chekunkov,aleksey leonidovich kudrin,Russia,ru,71.7,REVIEW
2bf83e07-5387-5987-9333-0a44ebdc0a8f,83d84a40-9dee-5412-9ae7-708fdd6162aa,sergey sergeyevich kravtsov,sergey valeriyevich petrov,Russia,ru,71.7,REVIEW
9f7f1740-b4dd-5baa-9f5c-0df51713cbf6,6a147acf-f36a-5ccc-adf9-590b2d069598,sergey viktorovich lavrov,sergey vladimirovich kolunov,Russia,ru,71.7,REVIEW
fbee7b65-a0d0-5c1f-b1ab-b1bba5553a9b,645c7439-0816-541c-a9da-610dd6cb11a2,valeriy nikolayevich falkov,sergey nikolayevich kotkin,Russia,ru,71.7,REVIEW
fbee7b65-a0d0-5c1f-b1ab-b1bba5553a9b,a4321bc2-890a-5458-9c22-36eb203db17e,valeriy nikolayevich falkov,sergey nikolayevich kolbin,Russia,ru,71.7,REVIEW
6f8d3b0a-45bb-5b76-a210-ac13674d0b7b,7f993ff9-ca95-5088-aa9e-042109af6bd3,haitham muhammad ibrahim,yisra muhammad ibrahim bayumi,Sudan,eg,71.7,REVIEW
f1c1473e-dffb-50fd-bbb3-0f32ea88747d,35ce5ccd-b7de-52e0-ae56-306a3d78da3d,rashad muhammad al-alimi,muhammad said kazim al-sahhaf,Yemen,,71.7,REVIEW
c309640a-c084-5456-ae1b-48034d1c7209,e1376111-f083-5fad-8941-e5292c8f55f4,muhammad edhah mahdi shabibah,muhammad ali sayid ahmad,Yemen,ca,71.7,REVIEW
833a1992-ee6f-5f4d-8b93-7ff3d9d0affd,b420b223-1a83-5a88-bfbe-529984bcb9a3,imad muhammad abdulaziz al-ateeqi,adil muhammad mahmud abd al-khaliq,Kuwait,bh,71.64,REVIEW
dcf96fd6-92c1-591b-b501-2c5dce49ba27,78adfc64-e656-51a1-9ce0-c1ca9dfcd2f1,muhammad ibrahim muhammad al-wasmi al-wasmi,ma'ad ibrahim muhammad rashid al-atili,Kuwait,ps,71.6,REVIEW
fabf06b4-4899-5bee-9d88-c344a301a181,51326364-f0e4-5c60-9b49-68215a4968db,abdul salam hanafi,nabil abdul salam sayadi,Afghanistan,,71.43,REVIEW
9d2cf264-d4ab-5d45-98ec-1b8379096861,3f69fc59-09d8-507a-a32c-fae7c692bbfc,mohammad yaqub,mohammad rezai,Afghanistan,ir,71.43,REVIEW
a4938fc3-9f5a-5d21-91f8-81ed622f48fd,cab5605a-71fa-57bf-97a2-2aaabf0008e0,mohamed arkab,mohamed lahbous,Algeria,ml,71.43,REVIEW
a4938fc3-9f5a-5d21-91f8-81ed622f48fd,9cbb8210-5bb9-5db4-b2a2-f0d2cf0cda35,mohamed arkab,mohamed koshlaf,Algeria,ly,71.43,REVIEW
90813b12-5fec-5c3d-aed6-adf461208644,eb5df118-30a1-5367-b9c0-ac053c3581d2,tete antonio,antonio mennetta,Angola,,71.43,REVIEW
108fba2f-710e-50f6-9337-3e53740317b1,c926595d-26ad-52eb-8fdf-6e9bff9b2c6e,gerhard karner,gerhard wisser,Austria,de,71.43,REVIEW
9f901361-b66e-5d55-89a4-f3ffeca8936c,61d43028-37e8-53ca-b092-16ffec76e39a,a.h. mahmood ali,aqsa mahmood,Bangladesh,gb,71.43,REVIEW
d9d20d48-92b2-5eb8-9ee1-38faa1562a34,76bceea7-b5c1-5696-b423-bd5601cfe35c,mohammad ali arafat,mohammad ali damirchilu,Bangladesh,ir,71.43,REVIEW
353eedcc-2ffb-5352-b6af-806348a119eb,f253e1c8-eb6e-52e5-90ae-7e8f33e16c47,muhammad imran,muhammad abbas,Bangladesh,sy,71.43,REVIEW
71843300-ef3f-5160-bf9a-6815fd90d030,de1e6f59-92ee-5e9b-a44e-60289db9b1d8,andrey shved,andrey patrushev,Belarus,ru,71.43,REVIEW
64306468-4482-5186-a233-649419934e24,7b6c63e6-5593-5bdf-bddc-44606bc9a1bb,vladimir lima,vladimir krylov,Brazil,ru,71.43,REVIEW
82f1c986-271c-5fff-9317-b81a0b68e1ea,f2fbc04b-766d-53cd-9b7b-4c61da2c323d,george santoro,george haswani,Brazil,sy,71.43,REVIEW
b118e743-4d1b-573f-a93e-b90f719f6000,2e4e46bf-c55a-5fdc-941d-f5e529b64d8f,abdullah manaf metussin,abdullah al-senussi,Brunei,,71.43,REVIEW
928d4f05-b0ba-5cf1-84d6-44838e4dc4a6,52c41d60-797a-56a5-8cdf-de48e86413ae,min aung hlaing,aung naing oo,Burma,zm,71.43,REVIEW
928d4f05-b0ba-5cf1-84d6-44838e4dc4a6,a7b4eba5-e9f9-5183-a65c-84bfc371c410,min aung hlaing,aung linn sai,Burma,kh,71.43,REVIEW
40dc6e88-31c2-58d0-9e4d-ca4288801a59,9130bd1f-8b7d-5dfd-b715-c25f49028aac,kan zaw,zaw min,Burma,zm,71.43,REVIEW
a62082bb-02ac-54a1-a89f-a0e1812e97ab,dbacaa13-d70f-5bd3-bd49-afdc3dcf480b,thet khaing win,khin phyu win,Burma,zm,71.43,REVIEW
8bfebf3d-d2e1-51f2-80ad-b9825a093331,49aaa9ba-92d3-5116-94f0-0f49d004ba20,thida oo,tin oo,Burma,zm,71.43,REVIEW
742715d8-3bfb-530f-9ab3-22f24e888ba5,b7137ebd-47bc-55d3-a954-9b703e3905fd,paul atanga nji,hana paul jon,Cameroon,,71.43,REVIEW
7a8b17b9-9919-5858-8702-218b93117d9d,b0ab6569-7538-5cb7-87a1-0a5d5f72ff37,zara mahamat issa,issa kamara,Chad,sl,71.43,REVIEW
ba86ca3b-083c-5ae8-a04a-038e210b7bd8,fb3c7487-becc-5435-8031-0c07682d7004,jose garcia ruminot,julio jose garcia zerpa,Chile,,71.43,REVIEW
3e826c33-e6ac-5267-b64b-29eeb924855c,74117bc7-c8ce-5a6b-bc3c-f2bcbcaf6bcc,rong he,jing he,China,,71.43,REVIEW
2665d59f-1b17-5930-8785-c02aeb2c467c,1b4dba1b-e3a0-52f5-a13b-d6d67d37a321,wei liu,wei sun,China,,71.43,REVIEW
1367c38a-3c76-5936-800b-191530418efa,7884d8e7-8b54-5f17-8f5a-3d626736ea87,carlo diaz sanchez,arnulfo sanchez gonzalez,Costa Rica,co,71.43,REVIEW
e59826cc-7c31-5294-8a5f-840fc4cd0a46,bad1191a-b008-573e-963c-70d6c9a89b9e,zoran milanovic,zoran vukovic,Croatia,,71.43,REVIEW
be478623-af90-5dd2-9410-f7cd304eb757,d38a81f1-1290-570c-933b-8757c9d4bea0,hassan houmed ibrahim,rani hassan moukalled,Djibouti,lb,71.43,REVIEW
994c01ee-6357-5e9f-b788-ce736b5f8844,9320d0c3-6bd1-508c-9ced-c50d13389db5,ahmed osman ali,taha osman ahmed al-hussein,Djibouti,sd,71.43,REVIEW
c9f9dd2c-96d5-524e-b096-94ba08721700,25067c23-2fad-5c7a-8ab4-37729ad63a93,muhammad zaki,muhammad sarwar,Egypt,pk,71.43,REVIEW
81356bc9-3fc6-5051-bf57-0fadfb0f34bd,38ff345f-feb2-5b8a-bb44-2df729e895b3,hassan shehata,hassan pelarak,Egypt,ir,71.43,REVIEW
e8c40052-304a-5114-8742-1f79872d6752,e6e37ccb-995b-51d2-ac0d-bc1865a412ec,hassan abdullah,amir abdullah,Egypt,,71.43,REVIEW
738d4d75-5694-5a60-914f-dcb9593148ae,7b6c63e6-5593-5bdf-bddc-44606bc9a1bb,vladimir svet,vladimir krylov,Estonia,ru,71.43,REVIEW
3bb8ba38-7b29-5e0d-bafe-d375beaf083f,b7606b8c-9eff-5233-9016-1f32c64ada63,sandra paulemon,sandra mpunga,Haiti,zw,71.43,REVIEW
487529d2-1ee4-5b46-bdb9-f8782250d02f,c9daa33a-6a20-5d27-b0b7-048ea14371b7,roberto fernando lagos,fernando lopez trejo,Honduras,mx,71.43,REVIEW
d7cd3441-bcb0-5c6e-b594-08be03d52615,638f6d00-8b73-5ac0-9cf7-603b64d9cef4,abdul mu'ti,mufti abdul rahim,Indonesia,pk,71.43,REVIEW
1a8f313c-00cf-566a-a5e5-16a23c87195d,25927a3e-f6c7-5667-898a-cb15e1f442b9,mohammad-reza aref,mohammad reza falahzadeh,Iran,ir,71.43,REVIEW
1a8f313c-00cf-566a-a5e5-16a23c87195d,bc34ad9d-6181-5bc7-ac40-063030a4df6f,mohammad-reza aref,mohammad reza mirheydary,Iran,ir,71.43,REVIEW
65fba98e-6201-5335-8267-3d1508645bdb,7e07d972-6cd2-5146-b32c-b3b313b78c9b,hosein afshin,hosein aghajani,Iran,ir,71.43,REVIEW
486633c7-d65d-579c-a85e-bd4fb32cc714,dbfba397-f2fc-5c9c-a9f8-b7ce48e183e1,mohammad eslami,mohammad khan,Iran,,71.43,REVIEW
3b010830-4c7f-51c8-b05c-d12a854b19eb,dbfba397-f2fc-5c9c-a9f8-b7ce48e183e1,mohammad atabak,mohammad khan,Iran,,71.43,REVIEW
f5bba0b2-1672-538d-a57d-6a7713adea30,b40c5ae2-6ff8-5232-84a7-4be080a8476b,basim muhammad khudayr,muhammad al-sunaydar,Iraq,ye,71.43,REVIEW
73b86e04-58c5-5d25-a2d6-c5c0ffd9d255,576750a6-7af1-540d-87d6-526b659dfbd6,wahab muhammad,muhammad sarur,Iraq,,71.43,REVIEW
73b86e04-58c5-5d25-a2d6-c5c0ffd9d255,bd77ca51-03ae-512d-839b-619fba8b20a1,wahab muhammad,muhammad qasir,Iraq,,71.43,REVIEW
73b86e04-58c5-5d25-a2d6-c5c0ffd9d255,1063c7e3-70eb-5930-9681-33e3faa88826,wahab muhammad,muhammad saeed,Iraq,pk,71.43,REVIEW
6cd08bd9-bb07-5aa5-9132-2206bddf940f,5fadab19-7e78-55b0-ab16-4102bb715058,abdallah ii,ali reda abdallah,Jordan,lb,71.43,REVIEW
af5c03b8-4c69-56dc-b082-c794b2724a90,785e9b68-719b-5d18-98b4-ff03694af775,ayman al-safadi,asma al-assad,Jordan,sy,71.43,REVIEW
6eaca02e-bd2a-55a4-838f-fb4d56412dfc,4cbd83f9-f87a-5f0d-a468-903ce5f2de29,mohammad al-khalayleh,muhammad kamal al-ayy,Jordan,,71.43,REVIEW
89255f10-fc18-5689-9a22-4c759c323524,24a07ff0-90df-54ad-82a7-04f668c60e4f,ibrahim al-badur,ibrahim aqil,Jordan,lb,71.43,REVIEW
06d3d257-58ce-5a97-b955-9a4d1a44f23e,59569427-7dcb-5c86-b621-ddfcb76bfab1,walid al-masri,zaid al-washli,Jordan,ye,71.43,REVIEW
06d3d257-58ce-5a97-b955-9a4d1a44f23e,d60ef154-2460-5a93-9c51-6b27f06351a2,walid al-masri,salih al-aruri,Jordan,,71.43,REVIEW
8394a87b-eb95-519a-9c18-a0bb28d8c186,6167b476-0084-5346-ba66-b3173a1b0d32,abdelmunim al-oudat,abd-al-munim al-qubaysi,Jordan,lb,71.43,REVIEW
4e9a6cda-4d19-5efe-b589-1faae238ef43,221ec38e-fbe8-53dc-871f-fe595fc224c7,ahmad al-awidi,ahmad iman ali,Jordan,ke,71.43,REVIEW
215fc3a7-2dba-54d1-877b-cdbd40681523,16601c26-ad2e-593e-b854-8787f0703b14,ryong hae choe,chun-ryong cho,"Korea, North",,71.43,REVIEW
215fc3a7-2dba-54d1-877b-cdbd40681523,cf8b6a77-2e92-5cbe-b1a0-def677d911eb,ryong hae choe,song chol choe,"Korea, North",kp,71.43,REVIEW
257b7973-9bb2-564f-b8c5-1a55c239efc9,edc0bc38-33e0-5216-95b3-58804dda6f7a,chung song kim,myong chol kim,"Korea, North",,71.43,REVIEW
a94b2e8e-85d9-507b-a1ca-4de6aa6b733e,a8cba52b-1ae3-5e9b-b1fb-e13f1da061fe,kyong chol choe,yong chol kim,"Korea, North",kp,71.43,REVIEW
a94b2e8e-85d9-507b-a1ca-4de6aa6b733e,dea9ff67-0a20-5138-b969-147f3eccb71d,kyong chol choe,yong chol kim,"Korea, North",,71.43,REVIEW
ba4c7f35-994a-5d59-852e-c450276662a6,3d9763c2-c9ee-567a-8eac-919dd62bcf6f,fahad yusuf,ahmad hasan yusuf,Kuwait,,71.43,REVIEW
ba85892a-2410-57a7-8218-715f1e6d6cfb,e9212872-ee4f-5429-89e2-8ffc2d02bd1f,muhammad abdallah,muhammad fadl abd al-nabi,Kuwait,ye,71.43,REVIEW
1ed39955-2f56-54fe-b59a-1f127440790b,7d76796b-f981-5649-ba27-5623925e89d8,basel ahmed al-haroon,bassam ahmad al-hasri,Kuwait,sy,71.43,REVIEW
940e4817-dc8f-5e77-ad70-f5a848a2503c,e29c705f-9048-563c-aa97-b1d4342eef3b,ahmad al-hajjar,ahmad alkhald,Lebanon,sy,71.43,REVIEW
eacbcfe3-5287-57ba-8170-a4c7e0523cab,b30afe4b-e940-5f6b-8b67-a063a73af594,charles al-hajj,yahya al-hajj,Lebanon,,71.43,REVIEW
336bf454-a678-5c9a-989f-f0c76e205220,256afe63-8d64-5f75-acdf-4ea84e64b6ba,abdullah al-lafi,abdullah ibrahim al-faisal,Libya,,71.43,REVIEW
297286df-6b6c-54b4-9946-4b32fef1fe91,e9212872-ee4f-5429-89e2-8ffc2d02bd1f,muhammad al-dabib,muhammad fadl abd al-nabi,Libya,ye,71.43,REVIEW
d20da13a-5329-5e8a-992a-0d941f901075,12044e5a-4765-5190-89e1-eadf8ec16847,muhammad said,muhammad yazbak,Libya,,71.43,REVIEW
ff2ee93f-46e3-51b1-92de-4567077fe366,999b80bc-9b08-5936-bbfe-89c46d521c29,muhammad al-zaydani,muhammad dandi adhiguna,Libya,id,71.43,REVIEW
877cd955-c0a5-5c61-8729-5f05b1eaf4c7,76bceea7-b5c1-5696-b423-bd5601cfe35c,armizan mohamad ali,mohammad ali damirchilu,Malaysia,ir,71.43,REVIEW
fa3be1f8-724c-5115-bdbb-2fbed5c51275,4bffaaa0-862f-528b-9696-a1e9c58cbf57,amir hamzah azizan,amir hamza,Malaysia,,71.43,REVIEW
65da3135-9790-5003-aaa6-0efb1ce58612,4bffaaa0-862f-528b-9696-a1e9c58cbf57,amir hamzah azizan,amir hamza,Malaysia,,71.43,REVIEW
d82ac4b0-2a23-5426-bee2-357fc93203c2,9139e377-8306-5c78-89e3-9c3921beb2af,chang lih kang,chang-ha chang,Malaysia,,71.43,REVIEW
88311b3e-c524-56a0-856a-4d8c577c8130,41dc7795-ddd4-56bb-9951-7959a2d6c182,ahmad terrirudin,ahmad taheri,Malaysia,ir,71.43,REVIEW
55dd8a94-e430-5cc6-8fe4-7569591bb2c0,d393e83c-4b3c-5988-aeda-dc91c694fba9,uz ahmed usham,ahmed shamlakh,Maldives,ps,71.43,REVIEW
151f7c69-018e-5415-a4f3-dec4847a0cbb,24673a33-9df2-51c1-a1a6-939225f5e73a,mohamed saeed,saeed mostafaei,Maldives,ir,71.43,REVIEW
abb1efd2-926b-5b2b-8549-3335c0ba382e,b66ede65-4240-58a8-b695-6b6c45c0cae1,ahmed shiyam,salim ahmed said,Maldives,gb,71.43,REVIEW
17ca8132-371b-5b30-8f9c-76a5584240ea,3135800d-fa6c-53ab-a2b3-8391b79e5172,mohamed shaheem ali saeed,ali mohamad saleh,Maldives,,71.43,REVIEW
98b9a757-2882-50a6-a3af-25f98e68b5bf,f7214ed3-631d-5968-9c16-47403084fa81,abdulla rafiu,abdulla shareef,Maldives,mv,71.43,REVIEW
b4fd7a0c-c5d1-50fe-a8ed-3a39360f756d,a802a7f4-afa7-5f52-a4a2-154915f1ae8e,ibrahim faisal,ibrahim buisir,Maldives,,71.43,REVIEW
b4fd7a0c-c5d1-50fe-a8ed-3a39360f756d,2112f3ae-3a88-548f-ad96-9f0ca06c0862,ibrahim faisal,ibrahim chibli,Maldives,lb,71.43,REVIEW
aa56f7cd-8124-55bc-8dcd-de6ced13604a,7f82f1be-9b2f-5e70-91de-0dc6fe44efb7,mohamed ameen,mohamed al-kani,Maldives,ly,71.43,REVIEW
cbe4c160-84a5-57f9-bfe2-8266c8f1f07d,72f8f519-fbb6-549b-b6d8-3b3a6bb1dac8,sid ahmed ould mohamed,mohamed ahmed qahiye,Mauritania,so,71.43,REVIEW
491fcb31-4c85-5571-89fd-5de45b321fdd,743b15e2-9a9d-53c3-b098-9c061017471e,rosa icela rodriguez velazquez,rosalina rodriguez olivera,Mexico,,71.43,REVIEW
8d233d9f-b5bd-5d94-bb9a-68174db30e40,875597ee-18e2-5096-a8cb-6457bfd2285e,nasser bourita,nasser muthana,Morocco,,71.43,REVIEW
9f322d7f-9aa5-5b39-a223-1568ac34bdc3,f39a7c31-e583-57a6-8aea-d8353f85b93c,mohamed hajoui,mohamed abrini,Morocco,be,71.43,REVIEW
bdf1a08c-6e6a-50d5-b9ae-71f2ad5e8636,d3c1895b-3e7d-5beb-af74-2039a8bd9773,mustapha baitas,mustapha chad,Morocco,td,71.43,REVIEW
19f99915-f2f8-50fb-9b85-566fdfcf4721,d9c9bc23-8c30-57ec-844c-6552016e3851,ahmed dangiwa,ahmed jan wazir,Nigeria,,71.43,REVIEW
f3ad120d-947c-5192-8bc7-b02fe72158f7,90162978-0160-51c2-8ee5-a7e5723a4fe9,ibrahim gaidam,dawood ibrahim,Nigeria,in,71.43,REVIEW
b1744b64-5abf-557a-87c5-f2e4b05d53e4,0cecc3d2-7c58-5fa8-9248-7a0cb69742f1,jimoh ibrahim,ibrahim jadhran,Nigeria,ly,71.43,REVIEW
1d62cdde-0bb1-5863-8b11-2e5f58c07875,e8b72b58-ec59-5dcf-a650-0fba6e2b3d11,zoran shapuric,zoran petrovic,North Macedonia,rs,71.43,REVIEW
60379f20-f448-58bf-96e0-635c21e27f03,0eaad729-ebfc-5ceb-b0c9-eecfafb92065,ahmed al-musalmi,ahmed al-dib,Oman,sy,71.43,REVIEW
8ae67ed2-1944-586e-a3bc-a18b6ab3a36e,8e5c46d1-12ae-528b-9461-577247385887,khwaja muhammad asif,muhammad javed khanani,Pakistan,,71.43,REVIEW
bdbf6c01-27bc-5ab7-a23f-6c45a20af934,cf5b8493-aa4c-5f84-a5df-30ec6bcf6c93,muhammad hanif abbasi,muhammad ma'ruf balwi,Pakistan,sy,71.43,REVIEW
bdbf6c01-27bc-5ab7-a23f-6c45a20af934,e21c51d5-6d18-5920-aeba-a6e136a341b3,muhammad hanif abbasi,muhammad hasan hamieh,Pakistan,lb,71.43,REVIEW
bdbf6c01-27bc-5ab7-a23f-6c45a20af934,1c402d27-756e-5147-9c2c-1015eed7a9b1,muhammad hanif abbasi,hasib muhammad hadwan,Pakistan,lb,71.43,REVIEW
fc84a78f-a672-5959-8501-faffd9dfa7f5,ad832761-e201-5b8f-985c-f679c6098e0f,juan carlos orillac,juan carlos cruz ovalle,Panama,gt,71.43,REVIEW
deffef92-5e4e-5bef-be86-70cff77a0947,f50bb868-295a-5dc2-bd03-6c2a4b14ec3c,oscar gonzalez canete,sonia castro gonzalez,Paraguay,ni,71.43,REVIEW
19d89641-666f-5f5d-a65b-d189af5e95fe,327633c4-34ad-5e18-9ce6-c38e495c00f7,vladimir vladimirovich putin,viktor vladimirovich smirnov,Russia,ru,71.43,REVIEW
19d89641-666f-5f5d-a65b-d189af5e95fe,e68576f7-c130-5926-a97a-5ccadecd1b38,vladimir vladimirovich putin,mikhail vladimirovich kuzmin,Russia,ru,71.43,REVIEW
006ad23e-54a7-54a1-8822-9ce4af2635fc,d56d1462-b34b-5634-a864-4b671cf45d6f,mikhail vladimirovich mishustin,ivan vladimirovich tavrin,Russia,ru,71.43,REVIEW
42defa76-8f86-50dd-aa3e-996fc951a68e,a8a26dd9-0faf-524f-aa88-9a80d95f97a8,tatyana alekseyevna golikova,yelena alekseyevna perminova,Russia,ru,71.43,REVIEW
b45b6c16-05c3-5345-95eb-c1c6135f61b2,114ca1e6-8ade-563f-80db-2a02607036a4,aleksandr valentinovich novak,pavel valentinovich shperov,Russia,,71.43,REVIEW
b45b6c16-05c3-5345-95eb-c1c6135f61b2,c1bb018c-8e64-5b61-ad98-b71ceb5b520e,aleksandr valentinovich novak,lev valentinovich gershanok,Russia,ru,71.43,REVIEW
b45b6c16-05c3-5345-95eb-c1c6135f61b2,614a972d-6f19-5c0a-8ce6-7e358cee1be1,aleksandr valentinovich novak,aleksandr vladimirovich pan,Russia,ru,71.43,REVIEW
5e7ae156-a13d-5428-a59e-f95c95f775d2,9dde5bdc-57e3-5f10-bd59-e9fef1c969fa,anton andreyevich alikhanov,aleksandr andreyevich gayevoy,Russia,ru,71.43,REVIEW
f21fad05-0e28-5492-a4e5-4ca30560fe5c,c18e38fb-d9f8-534c-9b2e-44c5a43ed57d,vladimir aleksandrovich kolokoltsev,vasiliy aleksandrovich khristoforov,Russia,ru,71.43,REVIEW
dbe82bd4-dc46-57b0-b0e4-d46ff1522618,3d8db14d-6653-57ed-939b-f51a4d6d3c1d,roman vladimirovich starovoyt,eduard vladimirovich isakov,Russia,ru,71.43,REVIEW
dbe82bd4-dc46-57b0-b0e4-d46ff1522618,7054e897-d7ac-5eb0-b872-4ff856339393,roman vladimirovich starovoyt,valery vladimirovich kaurov,Russia,,71.43,REVIEW
8dff148d-4a18-5f86-adcc-4043ac3d5ff9,e69ac5cf-6e65-55a7-976c-38ba5f1bff5d,muhammad bin abd al-malik al al-shaykh,muhammad abd al-karim al-ghamari,Saudi Arabia,ye,71.43,REVIEW
5abf55de-949e-5cd5-8ac3-3b98b2364a55,24a07ff0-90df-54ad-82a7-04f668c60e4f,ibrahim al-assaf,ibrahim aqil,Saudi Arabia,lb,71.43,REVIEW
19d64331-4a98-5a1a-8b23-f2b5fc66029a,ef9e5aa7-449d-5251-99e0-e8114cf0e482,abd al-aziz al-wasil,'abd-al-hamid al-masli,Saudi Arabia,ly,71.43,REVIEW
b273d1ba-32a5-5dd2-9449-5439bd442e43,ac20c82b-a756-5b8b-b07a-a1aecff7e9bc,chun sing chan,chun yong choe,Singapore,kp,71.43,REVIEW
d39cb8e2-c5f0-530e-9a21-add7718153a5,0a53717d-5ac5-52d8-b840-9198d945f8a4,ali haji adan,ali ahmed naaji,Somalia,so,71.43,REVIEW
31610762-9343-5e90-99ea-daf4f663ac69,e897e989-f91b-57b2-b719-551f7de4ef4e,hassan macallin,hassan karami,Somalia,ir,71.43,REVIEW
31610762-9343-5e90-99ea-daf4f663ac69,a59c98bf-4304-5715-b617-0df9fd8584b2,hassan macallin,hassan khalil,Somalia,lb,71.43,REVIEW
31610762-9343-5e90-99ea-daf4f663ac69,06fb3a59-958b-5543-ac09-61af4e8ee614,hassan macallin,hassan jafari,Somalia,ir,71.43,REVIEW
9813a436-bcaf-50ee-a39a-8e63b50c7a09,79028932-2766-5fca-8792-73c2d835fbcd,mohamed adan moalim,mohamed ben ahmed mahri,Somalia,ml,71.43,REVIEW
4b871fd3-0e86-54f9-b055-6cfe082e8d59,e472907a-de0a-5171-9835-3ac562d6e529,puot kang chol,tae chol ryang,South Sudan,kp,71.43,REVIEW
4b871fd3-0e86-54f9-b055-6cfe082e8d59,57a04792-22f6-5407-b134-7ae3891e193f,puot kang chol,song chol jang,South Sudan,kp,71.43,REVIEW
510a1792-b3db-5740-b718-f4d6c0e4f4f3,7d5fe07f-690a-568e-8cac-dfefbd79dde4,ibrahim jaber ibrahim,bashir ibrahim mansur,Sudan,lb,71.43,REVIEW
c3bbe851-9ce5-554f-ada1-dce8062fef6f,1c402d27-756e-5147-9c2c-1015eed7a9b1,muhammad hassan dahab,hasib muhammad hadwan,Sudan,lb,71.43,REVIEW
f0b66f71-01d9-5c51-b9b6-9f9755117404,12044e5a-4765-5190-89e1-eadf8ec16847,muhammad skaf,muhammad yazbak,Syria,,71.43,REVIEW
c47c862d-75e5-5f45-adca-974521f25671,cf9bcb9f-16d9-54fc-864e-95a75b6df554,muhammad nidal al-shaar,muhammad al-ghazali,Syria,ye,71.43,REVIEW
4e6d34c5-fbc2-50fd-8f67-b03d348a2413,59569427-7dcb-5c86-b621-ddfcb76bfab1,ra’id al-salih,zaid al-washli,Syria,ye,71.43,REVIEW
6431c011-7e65-57eb-be58-5fd69139c64a,3d03156c-1c9d-5ef4-845a-d9d2acee9e60,muhammad yasir barniyah,muhammad nafi bilal,Syria,sy,71.43,REVIEW
f8068481-1599-5d0c-85d8-eb88cabf5a54,d664249c-d8b8-5b65-95c4-d283e7e7b051,musab al-ali,muhsin al-fadhli,Syria,,71.43,REVIEW
f8068481-1599-5d0c-85d8-eb88cabf5a54,37656bc5-aab6-5f84-be85-217e8adfc1f7,musab al-ali,husayn al-khalil,Syria,,71.43,REVIEW
41992751-4cb4-50af-9b30-6da3e4e26739,dc21f101-5597-5945-8e16-7ffcde8cddb0,mazhar al-wais,maher al-assad,Syria,sy,71.43,REVIEW
c6fa8dc2-0c43-5716-a8f0-5846972e48d6,df910b27-582d-52d9-9d98-887728077534,muhammad samih hamid,muhammad hamza zubaidi,Syria,iq,71.43,REVIEW
690a5f19-7c9e-5a06-8c00-a3359e9d8c8e,2c461536-e085-5bb0-8fca-5b089449a92e,yuan li,ying li,Taiwan,cn,71.43,REVIEW
da6bb7e1-ebf4-56f4-a019-905fa36e655a,a1e207ec-8fd6-5f79-b649-950b328a5478,yevhen khmara,yevhen skriabin,Ukraine,ua,71.43,REVIEW
3a0d6570-b49b-518d-986e-d4d4a15cc518,e1376111-f083-5fad-8941-e5292c8f55f4,muhammad bin zayid,muhammad ali sayid ahmad,United Arab Emirates,ca,71.43,REVIEW
1faee9eb-5c8b-53c2-b67b-1451fee7a69b,e02fe571-7d8d-58ba-be4c-c3a26292d01d,muhammad abdallah al-gargawi,muhammad ahmad 'ali al-isawi,United Arab Emirates,eg,71.43,REVIEW
1faee9eb-5c8b-53c2-b67b-1451fee7a69b,8783577c-17c2-586b-8061-685b88b64665,muhammad abdallah al-gargawi,'adnan muhammad amin al-rawi,United Arab Emirates,,71.43,REVIEW
cce89b74-c8b4-59c3-92c5-11fd66faec6b,e5a68f35-cb52-5f59-b9ba-a723aae3a50f,juan carlos loyo,juan carlos ortega murillo,Venezuela,ni,71.43,REVIEW
f1c1473e-dffb-50fd-bbb3-0f32ea88747d,2230a8dd-e836-5aad-8769-1889a8dc3a52,rashad muhammad al-alimi,ali muhammad qansu,Yemen,,71.43,REVIEW
f1c1473e-dffb-50fd-bbb3-0f32ea88747d,6e28c4bd-db1d-5ec1-8bda-9af1635c5bb9,rashad muhammad al-alimi,yahya muhammad al-'abd-al-muhsin,Yemen,,71.43,REVIEW
5f272a74-f9a6-53b5-a1b2-5ce576352220,cf9bcb9f-16d9-54fc-864e-95a75b6df554,muhammad hazm al-ashwal,muhammad al-ghazali,Yemen,ye,71.43,REVIEW
5f272a74-f9a6-53b5-a1b2-5ce576352220,353d33bb-6dc1-5a91-bdd2-e8c889702d03,muhammad hazm al-ashwal,ali muhammad hamsho,Yemen,sy,71.43,REVIEW
d673bd64-7515-5966-9e29-0990efbfcb22,c1eea7a0-6d29-541f-ba23-6f3bb396d413,ibrahim ali ahmad haydan,ahmed ibrahim hassan ahmed arafa,Yemen,eg,71.43,REVIEW
e614b1a4-c644-556d-bcf4-30f13d9b48ff,784fb5ae-5201-5259-a6d8-e52a7e47c373,abdallah ali fadl al-saadi,abdallah faysal sadiq al-ahdal,Yemen,,71.43,REVIEW
833a1992-ee6f-5f4d-8b93-7ff3d9d0affd,ec5d7c10-31a9-5491-997f-64f95ec99b3a,imad muhammad abdulaziz al-ateeqi,fahd muhammad 'abd al-'aziz al-khashiban,Kuwait,sa,71.23,REVIEW
3d523dcd-c8d6-5e00-b157-3197d7b04786,4f35863a-4359-5735-8268-f9c498656f56,antonio rodriguez rodriguez,mario antonio rodriguez espinoza,Cuba,,71.19,REVIEW
3906d529-bf14-5f98-9d95-f8d943bb8cdc,3b376dfb-779b-5692-a674-60c7fc008917,muhammad bin sayid al maamari,amir rashid muhammad al-ubaidi,Oman,iq,71.19,REVIEW
19d89641-666f-5f5d-a65b-d189af5e95fe,1631be43-a92c-5ee2-a591-7ed362f0d73d,vladimir vladimirovich putin,dmitrii vladimirovich alikhanov,Russia,ru,71.19,REVIEW
006ad23e-54a7-54a1-8822-9ce4af2635fc,2f94bcaf-26b0-5b44-94c7-d0f971edb51c,mikhail vladimirovich mishustin,maksim vladimirovich makarov,Russia,ru,71.19,REVIEW
006ad23e-54a7-54a1-8822-9ce4af2635fc,b651e692-4517-547e-b736-7b01abfc92cd,mikhail vladimirovich mishustin,anton vladimirovich shipulin,Russia,ru,71.19,REVIEW
006ad23e-54a7-54a1-8822-9ce4af2635fc,26a83c3b-1a8e-5ac5-ba41-05129d653657,mikhail vladimirovich mishustin,mikhail vladimirovich kizeev,Russia,ru,71.19,REVIEW
006ad23e-54a7-54a1-8822-9ce4af2635fc,e68576f7-c130-5926-a97a-5ccadecd1b38,mikhail vladimirovich mishustin,mikhail vladimirovich kuzmin,Russia,ru,71.19,REVIEW
19ff653a-9fd8-5e8e-9100-5ac9c86d729d,8dc59fe1-c9bc-5884-981f-090a59f0f708,denis valentinovich manturov,aleksandr valentinovich sokolov,Russia,ru,71.19,REVIEW
a1fcf254-dd99-5958-ace3-bcc964752c0c,34bb1583-d0b1-56f3-989d-e75647642f26,dmitriy nikolayevich patrushev,arkady nikolayevich ponomarev,Russia,ru,71.19,REVIEW
42defa76-8f86-50dd-aa3e-996fc951a68e,755ab0e1-e965-56d1-a01a-9e8bdb2cf789,tatyana alekseyevna golikova,tatyana aleksandrovna kovalchuk,Russia,ru,71.19,REVIEW
b45b6c16-05c3-5345-95eb-c1c6135f61b2,08aab50e-9e8f-51d3-9064-021d3d6ae467,aleksandr valentinovich novak,aleksandr mikhailovich bodyako,Russia,by,71.19,REVIEW
b45b6c16-05c3-5345-95eb-c1c6135f61b2,79a8e35a-8a46-5cca-a1e6-8652bba15fe9,aleksandr valentinovich novak,aleksandr nikolaevich nekrasov,Russia,ru,71.19,REVIEW
d6e33049-9c30-57e4-8fa8-e9317955ad2e,2f94bcaf-26b0-5b44-94c7-d0f971edb51c,mikhail vladimirovich degtyarev,maksim vladimirovich makarov,Russia,ru,71.19,REVIEW
d6e33049-9c30-57e4-8fa8-e9317955ad2e,6f9f55a6-e62e-5165-be54-a4f5d6f2d153,mikhail vladimirovich degtyarev,oleg vladimirovich deripaska,Russia,,71.19,REVIEW
dbe82bd4-dc46-57b0-b0e4-d46ff1522618,5863277e-6f06-5e29-a6dd-abc5d6d3e59b,roman vladimirovich starovoyt,ivan vladimirovich seliverstov,Russia,ru,71.19,REVIEW
0a20c63b-a3e5-5b97-9a17-2fa6525d1530,5e844404-cb60-5cb9-902b-a0865cdb921c,aleksandr vasilyevich bortnikov,aleksandr yurievich timofeev,Russia,,71.19,REVIEW
0a20c63b-a3e5-5b97-9a17-2fa6525d1530,71704c6f-a48e-5756-a19c-bf551ebd1736,aleksandr vasilyevich bortnikov,aleksandr sergeyevich kozlov,Russia,ru,71.19,REVIEW
0a20c63b-a3e5-5b97-9a17-2fa6525d1530,0ad09817-10b8-59e2-a2da-c172d84490e6,aleksandr vasilyevich bortnikov,aleksandr sergeyevich ershov,Russia,ru,71.19,REVIEW
8a21dd11-e6fa-5f90-9c20-a2320c99d9f7,5041e8eb-9a56-5a70-a327-f6409c7c946a,turki bin muhammad bin fahd,khalifa muhammad turki al-subaiy,Saudi Arabia,,71.19,REVIEW
e1a4fd72-18c9-53c0-a671-e5459f12362c,a3a04197-e5bb-5e12-b36a-7be0d00f969c,dhu al-bayt abd al-rahman,khalid abd al-rahman hamd al-fawaz,Sudan,sa,71.19,REVIEW
86ceeac3-b7e7-59c2-b10b-ecf2db9f916a,2f4c87b0-a715-5497-a852-abcb67ee4ad0,jamil muhammad ali humaydan,ali muhammad kazan,Bahrain,,71.11,REVIEW
d9d20d48-92b2-5eb8-9ee1-38faa1562a34,f3f6a050-e2ce-50ae-a2ea-d375973b197d,mohammad ali arafat,mohammad masood azhar alvi,Bangladesh,pk,71.11,REVIEW
d9f564c6-2ce8-5b6c-8ef7-f68bc4718fd6,4b2febdd-c8d7-51f7-96b8-880fcee52165,mohamed ahmed awaleh,gedo hamdan ahmed mohamed,Djibouti,sd,71.11,REVIEW
847d41c7-d0a3-5204-9c5e-bb27b8ef4262,16296554-b28f-54da-a0f6-921b2a084b42,juan carlos vega malo,juan carlos olivas ojeda,Ecuador,mx,71.11,REVIEW
8cf459fb-69de-55d2-88d9-0e5880f934e0,4b2febdd-c8d7-51f7-96b8-880fcee52165,mohamed ayman ashour,gedo hamdan ahmed mohamed,Egypt,sd,71.11,REVIEW
db27c655-64ab-527e-8c4b-64025244201b,c0b73c05-36df-5406-bdb7-c7cecc6b8bab,fernando puerto castro,rolando verduzco castro,Honduras,mx,71.11,REVIEW
1ddb5994-034a-5058-b85d-3bdcfd56853e,7b9c33b3-61ec-51aa-ae12-bb9113f9ca0e,gerson onan velasquez,ivan velasquez caballero,Honduras,mx,71.11,REVIEW
6bf403eb-cd49-5885-a951-153e5cde5d09,e34e737c-63a0-55f1-a821-2182a6d0f9fc,nizar muhammad said amedi,muhammad yunis ahmad,Iraq,iq,71.11,REVIEW
ba85892a-2410-57a7-8218-715f1e6d6cfb,025b2e36-0642-57d4-a99d-721d5669d8ae,muhammad abdallah,muhammad 'abd-al-amir farhat,Kuwait,,71.11,REVIEW
ba85892a-2410-57a7-8218-715f1e6d6cfb,8b4ea004-21b5-5a1e-b3e9-8ebee15b42e5,muhammad abdallah,muhammad 'abd-al-hadi farhat,Kuwait,lb,71.11,REVIEW
888d9ff4-da50-55ca-94bf-f2d711ebe9b6,ef9e5aa7-449d-5251-99e0-e8114cf0e482,abd-al-shafi al-juwaifi,'abd-al-hamid al-masli,Libya,ly,71.11,REVIEW
081d2c10-5a48-5ae2-bc8a-0462300298e7,02761702-0d80-51d2-8394-89889b9b37c3,muhammad al-shahubi,muhammad yousef al-hasouri,Libya,sy,71.11,REVIEW
17ca8132-371b-5b30-8f9c-76a5584240ea,1671ce01-bc8d-5c82-978f-e559b3e5a67a,mohamed shaheem ali saeed,mohammed saeed ajily,Maldives,ir,71.11,REVIEW
0e377fe5-e9bb-57a3-b655-12b5d0766a54,94c71714-5472-59cb-a331-9fd5773a94ae,roberto velasco alvarez,roberto perez verduzco,Mexico,mx,71.11,REVIEW
68c871cc-f006-53ac-b118-e0e1372b981e,90228af4-054e-516b-8af8-5296e63e1167,mohamed toumba boubacar,mohamed bachir suleman,Niger,,71.11,REVIEW
6e64d722-4500-5140-af5d-1c5d0a42fc16,d01bc837-6503-523f-bf79-c7bee18a290c,mohamed juldeh jalloh,mohamed jumale ali awale,Sierra Leone,so,71.11,REVIEW
1f73df7f-690d-505b-a1a2-f2bc1c2228b8,e5203a2f-3972-5dbb-9d0e-3c6c4d0f3b1e,yusuf mohamed adan,muhammad yusuf ahmad mansur,Somalia,,71.11,REVIEW
06ea8d5b-6792-571b-b5b4-2654fd81bff7,d1664e23-52cb-5e75-a8e9-810fe9561c4c,muhammad kortikaila salih,muhammad sa'id izadi,Sudan,,71.11,REVIEW
ebde17af-0f5f-5666-9c58-0b7aa0a193b4,708ce53b-0d4a-589e-956e-7708a079d315,muhammad said al-hilu,muhammad qasim al-bazzal,Sudan,,71.11,REVIEW
c6fa8dc2-0c43-5716-a8f0-5846972e48d6,ee2b7f40-6bbc-5255-8868-aad5a6b44069,muhammad samih hamid,salama aziz muhammad mari,Syria,,71.11,REVIEW
a6104e7a-2b06-56bb-a83d-fe890acafba1,63f715bb-d83b-5a0a-875a-735db749253e,khalid muhammad balama,muhammad mahmud mahalla,United Arab Emirates,sy,71.11,REVIEW
3a68d536-9df2-5088-800b-54957b8b1d94,b0c88332-ee90-5545-b21b-880b4899048c,delcy rodriguez gomez,dimas gonzalez rodriguez,Venezuela,mx,71.11,REVIEW
3a68d536-9df2-5088-800b-54957b8b1d94,31922ae8-ebfe-5211-b09e-432ca2a596d1,delcy rodriguez gomez,daniel rodriguez olivera,Venezuela,mx,71.11,REVIEW
803c68f4-eac6-5295-9b06-c18d910d8372,d86092ef-5e74-572a-9387-1fe70445de35,gustavo gonzalez lopez,gustavo gonzalez castro,Venezuela,mx,71.11,REVIEW
5f272a74-f9a6-53b5-a1b2-5ce576352220,411c55ae-43dc-54f7-b674-1f64a985839c,muhammad hazm al-ashwal,muhammad ghaleb hamdar,Yemen,,71.11,REVIEW
d673bd64-7515-5966-9e29-0990efbfcb22,8ebc09fd-c962-5f9a-920c-a0ba65ae8531,ibrahim ali ahmad haydan,ibrahim fadel ghaddar,Yemen,fr,71.11,REVIEW
e614b1a4-c644-556d-bcf4-30f13d9b48ff,3f2e2746-e064-54c5-84b8-c83906b92936,abdallah ali fadl al-saadi,adil abdallah mahdi,Yemen,,71.11,REVIEW
707d43e8-fd9d-552b-9d4e-c962dfa72b32,4a71728a-dc72-5482-80d1-5727f1de0679,muhammad abdallah idris muhammad,muhammad hisham muhammad isma'il abu ghazala,Sudan,jo,71.05,REVIEW
c2ad6c13-1cc1-5fd6-9d59-f848e76820d9,5f7cbd8b-613a-5551-9c5f-ec31a3d7a9fc,qari din mohammad,mohammad yazdi,Afghanistan,ir,70.97,REVIEW
c2ad6c13-1cc1-5fd6-9d59-f848e76820d9,3f69fc59-09d8-507a-a32c-fae7c692bbfc,qari din mohammad,mohammad rezai,Afghanistan,ir,70.97,REVIEW
505bfc47-dc10-5cb8-a9fb-b8b04e6cbae4,f3272569-03ab-598d-9b3b-ebc1063f9c65,mohammad khalid,mohammad bagheri,Afghanistan,ir,70.97,REVIEW
505bfc47-dc10-5cb8-a9fb-b8b04e6cbae4,eb519384-d0a5-5f38-9fc9-317c7373860e,mohammad khalid,mohammad abedini,Afghanistan,ir,70.97,REVIEW
a4938fc3-9f5a-5d21-91f8-81ed622f48fd,5b2f2117-06a8-53ff-96b3-afa215503142,mohamed arkab,amr mohamed hamsho,Algeria,sy,70.97,REVIEW
a4938fc3-9f5a-5d21-91f8-81ed622f48fd,e0142d92-a84a-5387-8e74-ff3e3b169bb7,mohamed arkab,mohamed amine akli,Algeria,,70.97,REVIEW
353eedcc-2ffb-5352-b6af-806348a119eb,0d2aab89-52e7-5356-9873-f9539c5c1830,muhammad imran,muhammad al-hindi,Bangladesh,,70.97,REVIEW
d3747779-453f-5960-9a27-a7a93df1b235,3f6f23e7-dcb6-5f62-acbf-07c7c1dd68b0,victor fernandes,prophane victor,Barbados,ht,70.97,REVIEW
64306468-4482-5186-a233-649419934e24,6de858cf-5b0d-55e0-b747-c1c4b6790cf7,vladimir lima,vladimir lazarevic,Brazil,,70.97,REVIEW
64306468-4482-5186-a233-649419934e24,195d171b-3ea6-5561-8b0c-c6fe96b83db7,vladimir lima,vladimir kulemekov,Brazil,ru,70.97,REVIEW
928d4f05-b0ba-5cf1-84d6-44838e4dc4a6,22e106db-9cfe-5a66-8bdb-1517755c9af3,min aung hlaing,hlaing bwar aung,Burma,zm,70.97,REVIEW
a62082bb-02ac-54a1-a89f-a0e1812e97ab,926176d6-00e8-5080-aa66-f97474060e5c,thet khaing win,khaing moe myint,Burma,zm,70.97,REVIEW
d5feb914-e903-5498-af8e-e3509ade21d8,beafabe5-3611-5d23-aa20-39c683608b99,antonio sanguino,antonio zagaria,Colombia,,70.97,REVIEW
66dce626-a048-5e69-be2f-aa50b1044098,9c0a9d0d-bfb9-534f-bb0e-11f8ca4336ee,mbae mohamed,mohamed nayef maged,Comoros,lb,70.97,REVIEW
dfa5ae21-c582-5a9b-9897-b307af1a2505,4c3ec060-5304-580a-83fc-f85182c2dd58,marija vuckovic,marija milosevic,Croatia,,70.97,REVIEW
2975a204-2487-5982-ae8d-09f5340fbec4,d71b41fa-ef2f-5254-8a82-1413e4bdcb07,kassim haroun ali,nasir ali khan,Djibouti,,70.97,REVIEW
2975a204-2487-5982-ae8d-09f5340fbec4,67d6f701-2df5-53c0-87d0-253a55719171,kassim haroun ali,ali ouni harzi,Djibouti,,70.97,REVIEW
994c01ee-6357-5e9f-b788-ce736b5f8844,b66ede65-4240-58a8-b695-6b6c45c0cae1,ahmed osman ali,salim ahmed said,Djibouti,gb,70.97,REVIEW
994c01ee-6357-5e9f-b788-ce736b5f8844,d46be7b1-26be-5684-9e8d-3bbd2275570d,ahmed osman ali,ali ahmad safawi,Djibouti,lb,70.97,REVIEW
adee80ba-ef80-53b4-b0ce-78888ce54484,1960d572-94ed-5e23-b494-21973f55e060,mostafa madbouly,mostafa mahamed,Egypt,au,70.97,REVIEW
2ffd8bc1-fe98-554f-bfb8-3031ef9940be,e0142d92-a84a-5387-8e74-ff3e3b169bb7,mohamed maait,mohamed amine akli,Egypt,,70.97,REVIEW
81356bc9-3fc6-5051-bf57-0fadfb0f34bd,55ed9946-7ac7-5f73-8b13-7beaa719b610,hassan shehata,hassan mahat omar,Egypt,ke,70.97,REVIEW
e8c40052-304a-5114-8742-1f79872d6752,d2395979-e77f-59d5-b6ad-ba0cd9767b1e,hassan abdullah,abdullah anshori,Egypt,id,70.97,REVIEW
738d4d75-5694-5a60-914f-dcb9593148ae,a34e5021-d3dc-5c91-a71f-1b65274afad8,vladimir svet,vladimir kovacevic,Estonia,,70.97,REVIEW
d4d26cc6-1969-5d3a-81bf-13d3a579e8fe,3abde4d8-a3c9-5b99-9ea3-f58402f14b5a,gloria ann thomas,thomas lubanga,Grenada,cd,70.97,REVIEW
1a606687-66cd-5479-baf3-9aa468de5911,02767790-0df9-58e3-9dd6-e6040b7f7888,muhammad herindra,faqir muhammad,Indonesia,pk,70.97,REVIEW
1a606687-66cd-5479-baf3-9aa468de5911,6ee9ef38-22b7-5ed0-a1e4-62b34ae90810,muhammad herindra,muhammad ehsan,Indonesia,,70.97,REVIEW
1a606687-66cd-5479-baf3-9aa468de5911,2847baf2-192a-516f-86fa-6510ec73abe2,muhammad herindra,muhammad iqbal,Indonesia,pk,70.97,REVIEW
486633c7-d65d-579c-a85e-bd4fb32cc714,f3272569-03ab-598d-9b3b-ebc1063f9c65,mohammad eslami,mohammad bagheri,Iran,ir,70.97,REVIEW
486633c7-d65d-579c-a85e-bd4fb32cc714,eb519384-d0a5-5f38-9fc9-317c7373860e,mohammad eslami,mohammad abedini,Iran,ir,70.97,REVIEW
3b010830-4c7f-51c8-b05c-d12a854b19eb,f3272569-03ab-598d-9b3b-ebc1063f9c65,mohammad atabak,mohammad bagheri,Iran,ir,70.97,REVIEW
3b010830-4c7f-51c8-b05c-d12a854b19eb,eb519384-d0a5-5f38-9fc9-317c7373860e,mohammad atabak,mohammad abedini,Iran,ir,70.97,REVIEW
f57ff2a3-e8df-593b-9e2b-a887dc3b6f48,074fd847-1c30-5b13-95ea-58f2ffc20650,amin-hosein rahimi,hosein salimi,Iran,ir,70.97,REVIEW
e4a15ba7-8373-5eee-9122-61513ebfe98a,17b151d7-58fe-578b-b428-1db546512edd,mohsen pak-nejad,mohsen parsajam,Iran,ir,70.97,REVIEW
87f842cc-288e-55f0-b582-ea1f8ebbec8d,45f32d46-00bc-50cd-81e1-b12c9da2a876,ahmad donyamali,nazem said ahmad,Iran,lb,70.97,REVIEW
6cd08bd9-bb07-5aa5-9132-2206bddf940f,a143461c-24bd-5a8f-a9a0-5e95e1bcbb95,abdallah ii,abdallah safi-al-din,Jordan,,70.97,REVIEW
6cd08bd9-bb07-5aa5-9132-2206bddf940f,135825d6-dc06-513b-a5ed-5578a26f4b4a,abdallah ii,abdallah asad tahini,Jordan,,70.97,REVIEW
06d3d257-58ce-5a97-b955-9a4d1a44f23e,73ffb38c-7f3a-55eb-9182-2819ffbb418f,walid al-masri,khalid al-barnawi,Jordan,,70.97,REVIEW
816ccbe3-624b-563b-a135-e11172516538,a4b5dbd1-43fa-5dc4-a4c8-b0ca611ca938,nidal al-qatamin,nidal al-rabi'i,Jordan,iq,70.97,REVIEW
8b1b713b-16c4-5501-ac9a-f724829720f3,ac04061d-0f23-50b6-81e4-2e63b6913a20,sabah al-khalid,saifullah khalid,Kuwait,,70.97,REVIEW
8b1b713b-16c4-5501-ac9a-f724829720f3,37656bc5-aab6-5f84-be85-217e8adfc1f7,sabah al-khalid,husayn al-khalil,Kuwait,,70.97,REVIEW
8b1b713b-16c4-5501-ac9a-f724829720f3,0617dbd9-b54f-53db-937e-80d38c1db01b,sabah al-khalid,laith al-khazali,Kuwait,iq,70.97,REVIEW
2992c062-eb4d-5f44-be4b-d0bca30b2249,8ac751cb-74e9-5071-9280-74d5fa75068d,ahmad abdullah,abdullah muntazir,Kuwait,,70.97,REVIEW
60e74c34-1259-5b1c-8f4a-5c5363c39599,811a0034-7dbe-511e-acb9-eeecb6ed4144,nasser al-hayan,bassam al-hassan,Kuwait,sy,70.97,REVIEW
6d580cd0-246d-59b1-92c3-1232ce7035b2,24b50789-f8d0-53db-b7d2-2f4ec2eeccdf,muhammad haidar,muhammad abbatay,Lebanon,ma,70.97,REVIEW
6d580cd0-246d-59b1-92c3-1232ce7035b2,46b0bcdf-1675-5979-8a28-8da225b6efb8,muhammad haidar,muhammad ibrahim,Lebanon,sy,70.97,REVIEW
72004bb0-b77a-50ae-bfde-809521de7dbb,f253e1c8-eb6e-52e5-90ae-7e8f33e16c47,muhammad al-manfi,muhammad abbas,Libya,sy,70.97,REVIEW
72004bb0-b77a-50ae-bfde-809521de7dbb,02767790-0df9-58e3-9dd6-e6040b7f7888,muhammad al-manfi,faqir muhammad,Libya,pk,70.97,REVIEW
72004bb0-b77a-50ae-bfde-809521de7dbb,6ee9ef38-22b7-5ed0-a1e4-62b34ae90810,muhammad al-manfi,muhammad ehsan,Libya,,70.97,REVIEW
72004bb0-b77a-50ae-bfde-809521de7dbb,2847baf2-192a-516f-86fa-6510ec73abe2,muhammad al-manfi,muhammad iqbal,Libya,pk,70.97,REVIEW
ba55e52b-b04b-55d0-acd3-c02ee7077388,f253e1c8-eb6e-52e5-90ae-7e8f33e16c47,muhammad al-qaryu,muhammad abbas,Libya,sy,70.97,REVIEW
ba55e52b-b04b-55d0-acd3-c02ee7077388,2847baf2-192a-516f-86fa-6510ec73abe2,muhammad al-qaryu,muhammad iqbal,Libya,pk,70.97,REVIEW
716dd8bc-4a5b-541a-9582-e6fa17d4c6bf,0109bef3-6e02-5c31-9f9f-f4f638c6df14,muhammad al-ghuj,muhammad ashraf,Libya,,70.97,REVIEW
716dd8bc-4a5b-541a-9582-e6fa17d4c6bf,530d6991-18a1-58b0-aedb-12fe5e1ba066,muhammad al-ghuj,muhammad hamsho,Libya,sy,70.97,REVIEW
297286df-6b6c-54b4-9946-4b32fef1fe91,02767790-0df9-58e3-9dd6-e6040b7f7888,muhammad al-dabib,faqir muhammad,Libya,pk,70.97,REVIEW
297286df-6b6c-54b4-9946-4b32fef1fe91,2847baf2-192a-516f-86fa-6510ec73abe2,muhammad al-dabib,muhammad iqbal,Libya,pk,70.97,REVIEW
0b0c2896-86b9-500e-91fb-ac24d0550bf9,2e321339-8992-5b86-aa61-d23b97409b42,halimah ibrahim,ibrahim al-banna,Libya,eg,70.97,REVIEW
5f71344c-4274-5a0c-8ee1-2e1e72fbbbb3,674dbac7-8005-5d5b-b7f4-113c58899908,jamal abu-qarin,jamal babamoradi,Libya,ir,70.97,REVIEW
a7dfd61c-afd0-5390-b56d-fb02220c91d9,0cecc3d2-7c58-5fa8-9248-7a0cb69742f1,ibrahim iskandar,ibrahim jadhran,Malaysia,ly,70.97,REVIEW
6ec414db-e441-5b52-8f25-a28b285e9e15,ebbeac18-0c44-5cfd-beab-379581de9f5a,ahmad zahid hamidi,ahmad shafahi,Malaysia,ir,70.97,REVIEW
c078f534-6871-5142-b5e6-afb51e613971,4775ae62-a448-52ed-bec2-138e53a72aeb,mohamad hasan,ali mohamad karnib,Malaysia,lb,70.97,REVIEW
a8639612-82ef-593c-b03a-6cf416b6e13c,24676e7d-4988-50a6-884a-8e6c9c986a11,johari abdul ghani,abdul jashari,Malaysia,mk,70.97,REVIEW
61e7720d-b884-5f01-be53-605701f1da08,064d1528-680d-58c5-8686-bf99a85eecdc,ali haidar ahmed,ahmed alif rauf,Maldives,mv,70.97,REVIEW
61e7720d-b884-5f01-be53-605701f1da08,d9c9bc23-8c30-57ec-844c-6552016e3851,ali haidar ahmed,ahmed jan wazir,Maldives,,70.97,REVIEW
61e7720d-b884-5f01-be53-605701f1da08,d5864712-e474-541e-bfff-6ed513b19169,ali haidar ahmed,ahmed ali saleh,Maldives,ye,70.97,REVIEW
61e7720d-b884-5f01-be53-605701f1da08,2bb0f74e-ea05-5834-8b39-07429821f80b,ali haidar ahmed,halima adan ali,Maldives,ke,70.97,REVIEW
b4fd7a0c-c5d1-50fe-a8ed-3a39360f756d,9c6797e2-7cb9-503d-ba38-9d00a2c36178,ibrahim faisal,ibrahim ali daher,Maldives,lb,70.97,REVIEW
aa56f7cd-8124-55bc-8dcd-de6ced13604a,e0142d92-a84a-5387-8e74-ff3e3b169bb7,mohamed ameen,mohamed amine akli,Maldives,,70.97,REVIEW
b7c878f1-ff17-5033-8e09-b96f9d59f372,552802b8-ecf0-590d-b757-3ed9a0cb6ce3,ali naseer mohamed,nazar mohamed,Maldives,gy,70.97,REVIEW
2dedc4ee-6cdd-53db-bf94-fc5eec491616,9e3f8a27-3fc9-5665-bcd7-0739376f6ea7,abdoulaye diop,abdoulaye miskine,Mali,td,70.97,REVIEW
2dedc4ee-6cdd-53db-bf94-fc5eec491616,5609fed5-da87-5e12-bfe7-cd2708f1b42d,abdoulaye diop,abdoulaye hissene,Mali,cf,70.97,REVIEW
60379f20-f448-58bf-96e0-635c21e27f03,d5864712-e474-541e-bfff-6ed513b19169,ahmed al-musalmi,ahmed ali saleh,Oman,ye,70.97,REVIEW
0613e1cc-0464-5a35-b8d2-f128893b060a,b0832df3-d526-58d2-bd95-4179c27ff618,william bando,obac william olawo,Papua New Guinea,,70.97,REVIEW
0613e1cc-0464-5a35-b8d2-f128893b060a,a69264f5-2c8f-5dca-b154-5a1c88d7cd63,william bando,william abu shanab,Papua New Guinea,lb,70.97,REVIEW
006ad23e-54a7-54a1-8822-9ce4af2635fc,ca9660d7-907c-5d6b-9b97-d675c1dc3b9b,mikhail vladimirovich mishustin,dmitry vladimirovich khotimskiy,Russia,ru,70.97,REVIEW
a1fcf254-dd99-5958-ace3-bcc964752c0c,76470353-d501-5f15-b6cf-695815435267,dmitriy nikolayevich patrushev,nikolay nikolayevich trushchalov,Russia,,70.97,REVIEW
7577e6ac-6813-5c14-a64b-543cff310d82,b4c5f022-9972-5105-816e-c375d16380fe,aleksandr vyacheslavovich kurenkov,aleksandr valeryevich dyukov,Russia,ru,70.97,REVIEW
7577e6ac-6813-5c14-a64b-543cff310d82,d7783997-1d46-50ff-8e64-3ebf8567630b,aleksandr vyacheslavovich kurenkov,aleksandr leonidovich burkov,Russia,ru,70.97,REVIEW
f21fad05-0e28-5492-a4e5-4ca30560fe5c,a8017cdb-3614-589b-ae45-29a8f529ae35,vladimir aleksandrovich kolokoltsev,oleg aleksandrovich golikov,Russia,ru,70.97,REVIEW
d6e33049-9c30-57e4-8fa8-e9317955ad2e,a23427cc-41c1-5a43-8468-2b599e06cdda,mikhail vladimirovich degtyarev,daniil vladimirovich bessarabov,Russia,ru,70.97,REVIEW
0a20c63b-a3e5-5b97-9a17-2fa6525d1530,d2f76547-d864-5d11-a9f5-315999fd1003,aleksandr vasilyevich bortnikov,aleksandr viktorovich ryzhenkov,Russia,ru,70.97,REVIEW
fc726116-daf6-51fb-8807-341d8d0ce68d,f253e1c8-eb6e-52e5-90ae-7e8f33e16c47,muhammad al-jadan,muhammad abbas,Saudi Arabia,sy,70.97,REVIEW
fc726116-daf6-51fb-8807-341d8d0ce68d,6ee9ef38-22b7-5ed0-a1e4-62b34ae90810,muhammad al-jadan,muhammad ehsan,Saudi Arabia,,70.97,REVIEW
fc726116-daf6-51fb-8807-341d8d0ce68d,2847baf2-192a-516f-86fa-6510ec73abe2,muhammad al-jadan,muhammad iqbal,Saudi Arabia,pk,70.97,REVIEW
5abf55de-949e-5cd5-8ac3-3b98b2364a55,fd265180-101b-5c89-b0c1-c4bbf3b98e39,ibrahim al-assaf,bashar al-assad,Saudi Arabia,sy,70.97,REVIEW
5abf55de-949e-5cd5-8ac3-3b98b2364a55,3ad84f00-9f5a-57ea-82e1-427abd082087,ibrahim al-assaf,bushra al-assad,Saudi Arabia,sy,70.97,REVIEW
5abf55de-949e-5cd5-8ac3-3b98b2364a55,ddc29bcd-6722-5345-b2bb-45aca0b61bfd,ibrahim al-assaf,wassim al-assad,Saudi Arabia,sy,70.97,REVIEW
fe82c77c-dd11-567e-988f-5f9846c91ee7,517b2699-9b44-5511-a604-819935494fee,angeles moreno bau,daniel moreno,Spain,,70.97,REVIEW
93f38396-d1ec-5818-a7cd-bd96fce10d48,24b50789-f8d0-53db-b7d2-2f4ec2eeccdf,muhammad bashir,muhammad abbatay,Sudan,ma,70.97,REVIEW
93f38396-d1ec-5818-a7cd-bd96fce10d48,68bbe1cf-00bd-5454-8936-65f8103f9dbf,muhammad bashir,muhammad gaddafi,Sudan,,70.97,REVIEW
f8068481-1599-5d0c-85d8-eb88cabf5a54,90d9442e-ff02-5301-9840-33ae8bfd4a97,musab al-ali,ali musa al-shawakh,Syria,sy,70.97,REVIEW
0610d2c0-faef-53d1-ad15-4070dc8f7137,3e805d5b-7919-59fb-9d8f-7052d7dd64a5,marwan al-halabi,anwar al-aulaqi,Syria,,70.97,REVIEW
d351dba2-3174-5819-a674-855b69ce7c8f,0545262c-a084-5ea7-ad82-87fd87cdb4c9,hamza mustafa,mustafa habib harb,Syria,lb,70.97,REVIEW
43b6ef8b-4f1b-57af-8e1a-e1552fdd6344,02767790-0df9-58e3-9dd6-e6040b7f7888,muhammad anjarani,faqir muhammad,Syria,pk,70.97,REVIEW
43b6ef8b-4f1b-57af-8e1a-e1552fdd6344,0f9172ac-7065-5480-92e7-b862da0a2931,muhammad anjarani,muhammad maruf,Syria,pk,70.97,REVIEW
43b6ef8b-4f1b-57af-8e1a-e1552fdd6344,6ee9ef38-22b7-5ed0-a1e4-62b34ae90810,muhammad anjarani,muhammad ehsan,Syria,,70.97,REVIEW
43b6ef8b-4f1b-57af-8e1a-e1552fdd6344,f253e1c8-eb6e-52e5-90ae-7e8f33e16c47,muhammad anjarani,muhammad abbas,Syria,sy,70.97,REVIEW
ccd5492c-edc8-51fa-a67d-704dbe9c0a2f,b9f84a4d-9478-5709-ba10-c385de0faa3b,samia suluhu hassan,jamil hassan,Tanzania,sy,70.97,REVIEW
2e08a549-ce49-562d-835c-8011a633066d,46b0bcdf-1675-5979-8a28-8da225b6efb8,ibrahim yumakli,muhammad ibrahim,Turkey,sy,70.97,REVIEW
4909f713-bf15-5ceb-8929-9fedb0cc54c6,0a069157-219a-55fd-b922-25ad51d12f8e,maryam al-hammadi,karam al-assad,United Arab Emirates,sy,70.97,REVIEW
f1c1473e-dffb-50fd-bbb3-0f32ea88747d,78adfc64-e656-51a1-9ce0-c1ca9dfcd2f1,rashad muhammad al-alimi,ma'ad ibrahim muhammad rashid al-atili,Yemen,ps,70.97,REVIEW
01d76a7c-6d55-5e36-87f1-dfc7072f55c3,c7b71f9b-3eca-56ec-a5ce-fb1d46ee8669,mohsen al-daeri,mohsen gohardehi,Yemen,ir,70.97,REVIEW
b0654420-c034-5096-9710-656720166c3b,0a09cfad-c443-5ce1-9713-c89d1edce6d8,shaya al-zindani,sa'ad al-dajani,Yemen,,70.97,REVIEW
dd664d25-67a8-5268-ab40-0f566fd51348,58d5bb0d-d815-5321-bb48-906776444336,hussein al-aghbari,hussein atris,Yemen,,70.97,REVIEW
062b6e2e-b49c-5214-b6ca-1a61397d8200,0a09cfad-c443-5ce1-9713-c89d1edce6d8,sa'id al-shamasi,sa'ad al-dajani,Yemen,,70.97,REVIEW
062b6e2e-b49c-5214-b6ca-1a61397d8200,a432834d-3662-5a9e-8289-cb48280c0b0e,sa'id al-shamasi,husayn al-shami,Yemen,,70.97,REVIEW
86ceeac3-b7e7-59c2-b10b-ecf2db9f916a,4cbd83f9-f87a-5f0d-a468-903ce5f2de29,jamil muhammad ali humaydan,muhammad kamal al-ayy,Bahrain,,70.83,REVIEW
86ceeac3-b7e7-59c2-b10b-ecf2db9f916a,1c402d27-756e-5147-9c2c-1015eed7a9b1,jamil muhammad ali humaydan,hasib muhammad hadwan,Bahrain,lb,70.83,REVIEW
5cc31f78-a7b5-5cdb-89c6-ff6a71c3d5e1,db6fae3e-9d08-58ae-af14-ee39f852385d,ahmaddin abdullah rahman,hafiz abdul rahman makki,Brunei,,70.83,REVIEW
8c924422-4201-58d0-8ef4-e35d5d3fa6fc,31922ae8-ebfe-5211-b09e-432ca2a596d1,eduardo rodriguez davila,daniel rodriguez olivera,Cuba,mx,70.83,REVIEW
5fdf818b-384a-52ce-9bba-d547e86c2239,78f2ce4c-e1d5-5ad3-a5bc-22754c68a729,moustapha mohamed mahamoud,mustafa mohamed fadhil,Djibouti,,70.83,REVIEW
a0af4194-f803-5160-87ee-8663d1877c68,45a535c9-96af-54ac-b22b-6ec2fc67b6e9,ahmed mohamed oury diallo,mohammed ahmed al-dawla,Guinea,ye,70.83,REVIEW
e020c3b3-bbf0-5a2a-b3fa-0ecb206a838e,51ba8463-a632-5ab4-b180-40f1be69568c,nasir-al-din al-fazzani,saif-al-din al-mashhadani,Libya,iq,70.83,REVIEW
17ca8132-371b-5b30-8f9c-76a5584240ea,646cef4e-2651-5692-ade8-15b415e0209f,mohamed shaheem ali saeed,mohamed naushad shareef,Maldives,mv,70.83,REVIEW
fdf5b127-c44a-538f-8520-3b6557a30c9c,ec5f3aa6-634f-58c3-bee6-b66182519a6f,abdul ghafoor mohamed,abdul kader ibrahim mohamed,Maldives,,70.83,REVIEW
97b179e7-8df1-5604-acd0-0ea13054997f,cd427953-90ec-5093-82b1-bea0d149abae,sergey yevgenyevich tsivilev,sergey yuryevich ten,Russia,ru,70.83,REVIEW
85da5294-bb31-5f57-9cb1-bc4d767cffe5,b18772cb-0568-5116-a0c6-793b7c089684,igor viktorovich krasnov,igor valerievich rusanov,Russia,ru,70.83,REVIEW
85da5294-bb31-5f57-9cb1-bc4d767cffe5,9022b012-52fe-5921-b769-dd4214f2bed1,igor viktorovich krasnov,artyom viktorovich turov,Russia,ru,70.83,REVIEW
85da5294-bb31-5f57-9cb1-bc4d767cffe5,ce76ab3c-6d8c-5a26-badb-b87b9d5b57c8,igor viktorovich krasnov,ruslan viktorovich labin,Russia,ru,70.83,REVIEW
76ea2549-ffcf-5399-b826-0fcb2ce4ce68,6c3ef32a-14ed-5588-8d89-6379d7e1b9a1,abd al-aziz bin salman,samir abd al-aziz al-najim,Saudi Arabia,iq,70.83,REVIEW
d25ddcc5-ca06-5aa2-b237-5ab988ff44d7,702004b8-0572-594f-9de7-ac41434b6ea3,adil al-ahmad al-jubayr,ahmad abdullah al-jubouri,Saudi Arabia,iq,70.83,REVIEW
fe28a4c6-9d92-5e4e-804f-4f03a1c3d81e,8fb7e4d6-3d70-5a4c-8e4c-6ac423127cb0,muhammad abdallah mahmoud,muhammad yusif abdallah,Sudan,,70.83,REVIEW
d60fa09a-c493-5600-9c64-97339f483422,449940f6-8566-5659-9d38-af1ee549748c,anan hamed muhammad umar,musa daud muhammad akari,Sudan,,70.83,REVIEW
a6104e7a-2b06-56bb-a83d-fe890acafba1,88e504ce-56aa-5ee9-9573-740e4dda8b14,khalid muhammad balama,muhammad al-mukhtar kallas,United Arab Emirates,lb,70.83,REVIEW
a6104e7a-2b06-56bb-a83d-fe890acafba1,b13dea38-305a-5902-968d-6674a2bb5354,khalid muhammad balama,muhammad 'abdallah al-amin,United Arab Emirates,lb,70.83,REVIEW
e2f1e3b6-6f9d-585e-a15d-b2e87b8c3d32,d0fdd045-9ea7-5d2a-82e3-d62153605e00,miguel angel perez pirela,miguel angel soto parra,Venezuela,mx,70.83,REVIEW
8ff32fca-16f0-5fe7-a001-94a6de60c230,31ea68ea-56b4-5512-9e15-e7d248e9138d,ricardo menendez prieto,ricardo hernandez medrano,Venezuela,mx,70.83,REVIEW
f1c1473e-dffb-50fd-bbb3-0f32ea88747d,708ce53b-0d4a-589e-956e-7708a079d315,rashad muhammad al-alimi,muhammad qasim al-bazzal,Yemen,,70.83,REVIEW
f1c1473e-dffb-50fd-bbb3-0f32ea88747d,e1376111-f083-5fad-8941-e5292c8f55f4,rashad muhammad al-alimi,muhammad ali sayid ahmad,Yemen,ca,70.83,REVIEW
ae54960f-d347-5091-8aed-043644222a3d,5b1f9cfe-6333-5a34-bf72-4601e91daba9,ahmad omar muhammad arman,abdirahman mohamed omar,Yemen,so,70.83,REVIEW
5f272a74-f9a6-53b5-a1b2-5ce576352220,c1f0f927-3c2a-5ffa-b6bb-c00ea5666d28,muhammad hazm al-ashwal,mohammad ibrahim al-shaar,Yemen,sy,70.83,REVIEW
d673bd64-7515-5966-9e29-0990efbfcb22,748eb53a-6f34-5220-b84e-1a59a97193da,ibrahim ali ahmad haydan,ibrahim ali 'awad al-fay,Yemen,,70.83,REVIEW
7577e6ac-6813-5c14-a64b-543cff310d82,11e4d400-d6c9-5209-a833-2eb4a9b5f75f,aleksandr vyacheslavovich kurenkov,oleg vyacheslavovich urzhumtsev,Russia,,70.77,REVIEW
7577e6ac-6813-5c14-a64b-543cff310d82,d2f76547-d864-5d11-a9f5-315999fd1003,aleksandr vyacheslavovich kurenkov,aleksandr viktorovich ryzhenkov,Russia,ru,70.77,REVIEW
f21fad05-0e28-5492-a4e5-4ca30560fe5c,72a1278a-28a7-587d-bf19-c7a46f5152b3,vladimir aleksandrovich kolokoltsev,viktor aleksandrovich markelov,Russia,,70.77,REVIEW
cd6c171d-c9ca-554f-891b-755908ea691e,aebe400c-2f17-5c31-a7d7-27e8aea289be,aleksandr aleksandrovich kozlov,aleksandr vyacheslavovich zakharov,Russia,ru,70.77,REVIEW
c7ad8cab-7fe7-57cc-b129-c8f8731256ef,a3a04197-e5bb-5e12-b36a-7be0d00f969c,khalid bin abd al-aziz al-falih,khalid abd al-rahman hamd al-fawaz,Saudi Arabia,sa,70.77,REVIEW
1faee9eb-5c8b-53c2-b67b-1451fee7a69b,15957498-cbc0-5ef6-b547-b4cfc944e78d,muhammad abdallah al-gargawi,abdullah muhammad rajab abd al-rahman,United Arab Emirates,eg,70.77,REVIEW
fabf06b4-4899-5bee-9d88-c344a301a181,eaf1a5ce-7895-5dc7-b0f3-d4291336fc08,abdul salam hanafi,abdul latif saad,Afghanistan,,70.59,REVIEW
23a3c546-d5b6-539c-bc5a-6937b3111c12,caee9fd6-b43c-5de4-89ca-40a3a05b4de3,abdul hakim sharai,abdul samad sani,Afghanistan,af,70.59,REVIEW
23a3c546-d5b6-539c-bc5a-6937b3111c12,eaf1a5ce-7895-5dc7-b0f3-d4291336fc08,abdul hakim sharai,abdul latif saad,Afghanistan,,70.59,REVIEW
505bfc47-dc10-5cb8-a9fb-b8b04e6cbae4,825245de-ceaf-5d11-92ec-cea450b1c272,mohammad khalid,mohammad ali jafari,Afghanistan,,70.59,REVIEW
a4938fc3-9f5a-5d21-91f8-81ed622f48fd,50c4ab12-62a0-5a60-9e38-ff758dde3138,mohamed arkab,ali mohamed kharroubi,Algeria,lb,70.59,REVIEW
245dc288-6a76-58c5-815e-7d9aa596d9bd,cab5605a-71fa-57bf-97a2-2aaabf0008e0,mohamed el-saadaoui,mohamed lahbous,Algeria,ml,70.59,REVIEW
245dc288-6a76-58c5-815e-7d9aa596d9bd,7f82f1be-9b2f-5e70-91de-0dc6fe44efb7,mohamed el-saadaoui,mohamed al-kani,Algeria,ly,70.59,REVIEW
1215dfb9-7f5d-5179-ba48-edb052734ed4,417d33eb-a527-539d-8ce6-bf0b6dba856d,richard marles,adam richard pearson,Australia,ca,70.59,REVIEW
411a3390-2431-5ab5-aec7-c878a793cd76,26619c43-198a-5a44-af5d-b87328230c75,muhammad bin thamer al-kaabi,sa'd bin sa'd muhammad shariyan al-ka'bi,Bahrain,qa,70.59,REVIEW
9f0aa0d4-f7e6-5336-87bb-90d92d8863f2,0109bef3-6e02-5c31-9f9f-f4f638c6df14,muhammad faruk khan,muhammad ashraf,Bangladesh,,70.59,REVIEW
9f0aa0d4-f7e6-5336-87bb-90d92d8863f2,53468a54-f437-53b4-bc2b-0be24f195d16,muhammad faruk khan,muhammad farooq,Bangladesh,pk,70.59,REVIEW
053197b2-c2cf-5616-8cd1-fa82f161f429,bdfef916-2a42-53c2-bb22-a177579551c4,mohammed hasan mahmud,sami mahmud mohammed al-uraydi,Bangladesh,jo,70.59,REVIEW
d9d20d48-92b2-5eb8-9ee1-38faa1562a34,a8f81007-08b3-5db4-8e8c-f6ba5d8e8a4d,mohammad ali arafat,mohammad asgari,Bangladesh,ir,70.59,REVIEW
d9d20d48-92b2-5eb8-9ee1-38faa1562a34,7216e8e2-b480-55a7-8d14-40f8d0e2c42e,mohammad ali arafat,mohammad karami,Bangladesh,ir,70.59,REVIEW
353eedcc-2ffb-5352-b6af-806348a119eb,9406c2bc-38c4-50f8-b342-09c4d35a25f8,muhammad imran,muhammad badr-al-din,Bangladesh,,70.59,REVIEW
0db21a51-a208-5a27-b570-c3ffb7ec8880,7936afc8-797b-5e41-b9ce-471b68954a82,nazmi mohammad,mohammad nazar azimi,Brunei,ir,70.59,REVIEW
0db21a51-a208-5a27-b570-c3ffb7ec8880,58263607-5805-5ddd-9c4d-79243b4d28e0,nazmi mohammad,mohammad naim barich,Brunei,af,70.59,REVIEW
5cc31f78-a7b5-5cdb-89c6-ff6a71c3d5e1,0c4c0373-efe2-5964-a26a-48c21b5ac308,ahmaddin abdullah rahman,jaffar ahmad abdullah makki,Brunei,,70.59,REVIEW
5cc31f78-a7b5-5cdb-89c6-ff6a71c3d5e1,2f5bc820-27a2-55a6-8d77-97e9633d0222,ahmaddin abdullah rahman,abdullah ahmed al-meshedani,Brunei,,70.59,REVIEW
1e97b66b-d923-50fc-bd71-ae9942b749e8,0c06c08c-fdb0-5d6b-b9ea-66babdd892bb,tun ohn,tun tun oo,Burma,zm,70.59,REVIEW
f6882b9b-2967-5f68-b2d1-8af318661ea7,49aaa9ba-92d3-5116-94f0-0f49d004ba20,tin oo lwin,tin oo,Burma,zm,70.59,REVIEW
26d8d226-561a-59ca-ab44-31a047218dc2,48b1e164-72c2-5ee8-911c-2035a6441107,valentin bagorikunda,valentin coric,Burundi,,70.59,REVIEW
e8c85c3d-0899-5937-9bd9-7e70e0e88f6b,1b54d3f3-1d32-50b2-8386-b3a6bec3ba16,qiang li,zeming li,China,cn,70.59,REVIEW
de185584-d912-5660-adf3-65cf95c960ff,800fd3f4-47ed-5715-a12c-81b36f9044d0,yi wang,yi xuan wu,China,cn,70.59,REVIEW
de185584-d912-5660-adf3-65cf95c960ff,b05c4fec-9abc-5242-a8fb-dd904bbf49e9,yi wang,yunhe wang,China,cn,70.59,REVIEW
2891b067-2f42-5459-8621-53511cfea482,6da97aed-212c-5b25-8533-77dbcae0f7ef,hong ni,hong ri li,China,cn,70.59,REVIEW
2665d59f-1b17-5930-8785-c02aeb2c467c,f193cdc2-ed9f-5258-9b92-7684a72b3742,wei liu,lin na wei,China,cn,70.59,REVIEW
c787b502-56b3-5126-b60f-7d9caca4b19b,a61cf931-20d1-5e97-b8d3-fc6742411678,said mohamed ali said,mohamed sa'id,Comoros,,70.59,REVIEW
f462670b-2667-5b12-bdb8-cbfc786918a1,9fd46c88-cbce-590b-9d6b-291058164c4b,gabriel aguilar,miguel aguilar amao,Costa Rica,,70.59,REVIEW
271c9cc3-8590-5a64-a024-de42dbde6e8f,c19abbc3-6ad0-5c22-932f-a17d45417d74,juan carlos garcia granda,juan carlos castaneda meza,Cuba,mx,70.59,REVIEW
82c71a50-50b9-5ffc-824a-06c9e3f44ab4,8fb2ba47-d445-55f2-aae6-18a10d4ae82d,ali hassan bahdon,hassan al-wardian,Djibouti,ps,70.59,REVIEW
2975a204-2487-5982-ae8d-09f5340fbec4,0d140a26-5873-5d35-a6f4-9de88bf91705,kassim haroun ali,ali houssein harb,Djibouti,lb,70.59,REVIEW
9802944f-dc1a-590d-8876-8b05d3dbb317,f023e909-87a7-5882-953d-e1006888fe7d,maria jose pinto gonzalez,omar jose prieto fernandez,Ecuador,,70.59,REVIEW
1a0007c9-1aa6-591f-b0dd-2a2c38e7f64e,6676865c-3b5a-5664-950b-7dac11640ad1,mohamed shaker,mohamed omar mohamed,Egypt,so,70.59,REVIEW
e8c40052-304a-5114-8742-1f79872d6752,2e4e46bf-c55a-5fdc-941d-f5e529b64d8f,hassan abdullah,abdullah al-senussi,Egypt,,70.59,REVIEW
3777f28c-cc12-5522-833c-e388765720ac,8ddb4a78-6116-5192-8cc7-24e0f9d1cfdd,alexander stubb,alexander ostrowsky,Finland,ch,70.59,REVIEW
79b7202f-29eb-5bd1-8287-c47f34d6812b,0364a5c3-e268-50ac-8f3b-c4a90a65b3ab,vincent jeanbrun,vincent nyakarundi,France,rw,70.59,REVIEW
9764f2c9-5165-5c3c-83c4-6f86c3cb763b,8a5efb4a-fd46-5b76-acfa-8ca36154b75a,georgios floridis,georgios georgiou,Greece,cy,70.59,REVIEW
6edb8d16-a351-56c2-ba23-539c0d283047,d69934a9-5fe1-572e-beb8-7fbcafcdbb2b,mohamed irfaan ali,mohamed al-atifi,Guyana,ye,70.59,REVIEW
d093a435-b8ae-5a3d-8ece-841f06b5c057,9c895723-b720-5d02-9f60-10d5b1376fff,juan carlos garcia medina,juan carlos dugarte padron,Honduras,,70.59,REVIEW
d093a435-b8ae-5a3d-8ece-841f06b5c057,c19abbc3-6ad0-5c22-932f-a17d45417d74,juan carlos garcia medina,juan carlos castaneda meza,Honduras,mx,70.59,REVIEW
5d35694f-5e34-5027-b62e-8899e5e4faa2,3e4375bf-fb61-5613-9d2a-d6be35526bcd,abdul kadir karding,abdul baqi bari,Indonesia,,70.59,REVIEW
dd9c3037-a953-52b4-a3e2-2e6f5fb936de,431ee42c-d678-5805-bf06-6f797611ae8e,hamid pur-mohammadi,ehsan mohammadi,Iran,ir,70.59,REVIEW
486633c7-d65d-579c-a85e-bd4fb32cc714,825245de-ceaf-5d11-92ec-cea450b1c272,mohammad eslami,mohammad ali jafari,Iran,,70.59,REVIEW
486633c7-d65d-579c-a85e-bd4fb32cc714,00841ad2-a0a5-5c0d-b995-a69596db994d,mohammad eslami,mohammad jalal maab,Iran,ir,70.59,REVIEW
3b010830-4c7f-51c8-b05c-d12a854b19eb,825245de-ceaf-5d11-92ec-cea450b1c272,mohammad atabak,mohammad ali jafari,Iran,,70.59,REVIEW
3b010830-4c7f-51c8-b05c-d12a854b19eb,00841ad2-a0a5-5c0d-b995-a69596db994d,mohammad atabak,mohammad jalal maab,Iran,ir,70.59,REVIEW
3b010830-4c7f-51c8-b05c-d12a854b19eb,8e698ee8-8c98-5c99-8e87-f159e0344b24,mohammad atabak,mohammad abdulsalam,Iran,ye,70.59,REVIEW
973ee1f6-dc9f-54c1-bf5a-557e166023ac,9a3c2513-da38-56d5-9e38-a9416ac1ca95,ali falih kadhim al-zaydi,nayif salih salim al-qaysi,Iraq,,70.59,REVIEW
ede10d47-1dc0-591b-a561-e286797d055d,929a4ee8-2818-579d-8194-245b03fa041d,muhammad nuri karbuli,muhammad suri,Iraq,,70.59,REVIEW
542b4e37-6fc2-5f62-8707-4ef46feb8839,01acb0eb-38bd-57b4-8434-fbf6f14f9e56,muthana al-tamimi,muhannad al-najdi,Iraq,sa,70.59,REVIEW
6eaca02e-bd2a-55a4-838f-fb4d56412dfc,dbfba397-f2fc-5c9c-a9f8-b7ce48e183e1,mohammad al-khalayleh,mohammad khan,Jordan,,70.59,REVIEW
89abf349-1f32-532b-91d9-d10d0ef65511,68bbe1cf-00bd-5454-8936-65f8103f9dbf,muhammad al-momani,muhammad gaddafi,Jordan,,70.59,REVIEW
c167da31-16d1-5f44-bc15-2dc32b0786de,8ddb4a78-6116-5192-8cc7-24e0f9d1cfdd,alexander teabo,alexander ostrowsky,Kiribati,ch,70.59,REVIEW
0dfb6602-2cb9-593e-9549-4b97c0d28e5c,bf3c0770-67c1-5ebe-beb7-e1f150d76454,chol mun,chol u yu,"Korea, North",,70.59,REVIEW
90b1bfe1-3891-5856-9781-3d8fbca3cbbf,06be23dc-619a-5c18-8e22-385072ab63cf,hun pak,han se pak,"Korea, North",,70.59,REVIEW
90b1bfe1-3891-5856-9781-3d8fbca3cbbf,8fca5417-eadd-53eb-b3b2-1319cdca551c,hun pak,mun il pak,"Korea, North",kp,70.59,REVIEW
b2e208de-6621-55ac-be25-017b499969b3,b12bfb7b-7ecf-5b52-be8f-f18b38e15c8d,tu il ri,su il kim,"Korea, North",,70.59,REVIEW
cc616297-3e2c-5035-bb7f-1fdb127363a5,12e57457-a05f-5bc0-bc04-2a46b9c67350,song kim,jing song,"Korea, North",cn,70.59,REVIEW
cc616297-3e2c-5035-bb7f-1fdb127363a5,135c4262-e6f9-5393-bc25-00c89328faca,song kim,se un kim,"Korea, North",kp,70.59,REVIEW
a3b61386-951d-5aa7-a077-3285a302627c,a13642ba-cbe6-5cb0-9dc6-1fd49313f420,adel muhammad abdullah al-adwani,muhammad abdallah hasan abu-al-khayr,Kuwait,,70.59,REVIEW
ba85892a-2410-57a7-8218-715f1e6d6cfb,0d2aab89-52e7-5356-9873-f9539c5c1830,muhammad abdallah,muhammad al-hindi,Kuwait,,70.59,REVIEW
6d580cd0-246d-59b1-92c3-1232ce7035b2,cf9bcb9f-16d9-54fc-864e-95a75b6df554,muhammad haidar,muhammad al-ghazali,Lebanon,ye,70.59,REVIEW
6d580cd0-246d-59b1-92c3-1232ce7035b2,d72482c5-ddc9-5b1f-b377-a3d91bbc073c,muhammad haidar,muhammad kawtharani,Lebanon,lb,70.59,REVIEW
6d580cd0-246d-59b1-92c3-1232ce7035b2,ac9d6356-4e8a-5b2e-85d2-87757bfe6563,muhammad haidar,jami' 'ali muhammad,Lebanon,so,70.59,REVIEW
6d580cd0-246d-59b1-92c3-1232ce7035b2,a6c385a2-a585-5bc9-8900-f1f1fa0de7b5,muhammad haidar,muhammad harris dar,Lebanon,,70.59,REVIEW
6d580cd0-246d-59b1-92c3-1232ce7035b2,353d33bb-6dc1-5a91-bdd2-e8c889702d03,muhammad haidar,ali muhammad hamsho,Lebanon,sy,70.59,REVIEW
6d580cd0-246d-59b1-92c3-1232ce7035b2,de83e0e7-6e28-54fc-941a-4997cbf117c9,muhammad haidar,muhammad hasan ra'd,Lebanon,,70.59,REVIEW
72004bb0-b77a-50ae-bfde-809521de7dbb,e12446d6-7577-580a-921f-3b5fc7951bf1,muhammad al-manfi,hamad al-moussawi,Libya,iq,70.59,REVIEW
72004bb0-b77a-50ae-bfde-809521de7dbb,01acb0eb-38bd-57b4-8434-fbf6f14f9e56,muhammad al-manfi,muhannad al-najdi,Libya,sa,70.59,REVIEW
336bf454-a678-5c9a-989f-f0c76e205220,67818d2f-6149-5141-999c-5390d86109cc,abdullah al-lafi,ali abdullah ayoub,Libya,sy,70.59,REVIEW
336bf454-a678-5c9a-989f-f0c76e205220,802cc3b8-f9bd-5ecb-88c5-183893512a75,abdullah al-lafi,ali abdullah saleh,Libya,ye,70.59,REVIEW
3367d1e0-b60f-59dc-8193-5e08b56fccee,8fb2ba47-d445-55f2-aae6-18a10d4ae82d,husayn al-qatrani,hassan al-wardian,Libya,ps,70.59,REVIEW
ba55e52b-b04b-55d0-acd3-c02ee7077388,0d2aab89-52e7-5356-9873-f9539c5c1830,muhammad al-qaryu,muhammad al-hindi,Libya,,70.59,REVIEW
297286df-6b6c-54b4-9946-4b32fef1fe91,01acb0eb-38bd-57b4-8434-fbf6f14f9e56,muhammad al-dabib,muhannad al-najdi,Libya,sa,70.59,REVIEW
0b0c2896-86b9-500e-91fb-ac24d0550bf9,1c881718-6921-508f-94f8-5ede1fc32c14,halimah ibrahim,ibrahim al-moussawi,Libya,lb,70.59,REVIEW
ff2ee93f-46e3-51b1-92de-4567077fe366,7f82f1be-9b2f-5e70-91de-0dc6fe44efb7,muhammad al-zaydani,mohamed al-kani,Libya,ly,70.59,REVIEW
081d2c10-5a48-5ae2-bc8a-0462300298e7,530d6991-18a1-58b0-aedb-12fe5e1ba066,muhammad al-shahubi,muhammad hamsho,Libya,sy,70.59,REVIEW
496a7478-0a0e-5a9e-b9a8-046fa8512bd6,6ee9ef38-22b7-5ed0-a1e4-62b34ae90810,muhammad bin ghalbon,muhammad ehsan,Libya,,70.59,REVIEW
496a7478-0a0e-5a9e-b9a8-046fa8512bd6,2847baf2-192a-516f-86fa-6510ec73abe2,muhammad bin ghalbon,muhammad iqbal,Libya,pk,70.59,REVIEW
6ec414db-e441-5b52-8f25-a28b285e9e15,45f32d46-00bc-50cd-81e1-b12c9da2a876,ahmad zahid hamidi,nazem said ahmad,Malaysia,lb,70.59,REVIEW
9412ad48-ae9b-5557-b3c8-0e2f80fc9fff,b85ac805-802d-52de-a112-4429bb43c1c6,mohamed khaled nordin,tohami khaled,Malaysia,,70.59,REVIEW
c078f534-6871-5142-b5e6-afb51e613971,e21c51d5-6d18-5920-aeba-a6e136a341b3,mohamad hasan,muhammad hasan hamieh,Malaysia,lb,70.59,REVIEW
151f7c69-018e-5415-a4f3-dec4847a0cbb,63454828-80f4-55d1-9c53-0274ab420b32,mohamed saeed,saeed montazerolmehdi,Maldives,ir,70.59,REVIEW
61e7720d-b884-5f01-be53-605701f1da08,02b69b17-b0c4-56b5-9133-0f30a42d7617,ali haidar ahmed,ali ahmad kaddoura,Maldives,lb,70.59,REVIEW
b4fd7a0c-c5d1-50fe-a8ed-3a39360f756d,e8a3460d-5e68-56dd-92b5-b68fd497f603,ibrahim faisal,ali ibrahim al-watfa,Maldives,,70.59,REVIEW
b4fd7a0c-c5d1-50fe-a8ed-3a39360f756d,0cb65015-7bab-5b0f-a9ba-9295cfc49e0c,ibrahim faisal,ibrahim ali alhassan,Maldives,ng,70.59,REVIEW
df1fd7d2-8a3c-5608-b8f7-e89a90550c7d,1223b7e2-ff8c-5aca-94c1-b2b1e3870cc2,ibrahim waheed,muhammed ibrahim isa,Maldives,ng,70.59,REVIEW
b7c878f1-ff17-5033-8e09-b96f9d59f372,1607cb3a-30a4-5337-9451-1e8aed958030,ali naseer mohamed,mohamed thasleem,Maldives,mv,70.59,REVIEW
5d69b9ff-8c13-525c-8ffb-9443b3cf4ba6,6de858cf-5b0d-55e0-b747-c1c4b6790cf7,vladimir jokovic,vladimir lazarevic,Montenegro,,70.59,REVIEW
5d69b9ff-8c13-525c-8ffb-9443b3cf4ba6,195d171b-3ea6-5561-8b0c-c6fe96b83db7,vladimir jokovic,vladimir kulemekov,Montenegro,ru,70.59,REVIEW
258aef9c-4ab7-528f-98f2-c373472c29d3,9491e1ba-bfae-5037-9f60-5cc8888159fa,lara erab daniel,lucas daniel paura,Nauru,ar,70.59,REVIEW
258aef9c-4ab7-528f-98f2-c373472c29d3,c7b3a461-22d5-55b3-960d-563ebb778d0c,lara erab daniel,daniel perez rojas,Nauru,mx,70.59,REVIEW
409799da-1aa1-54a0-b5cf-9c5e2a00d2f1,9e3f8a27-3fc9-5665-bcd7-0739376f6ea7,maizama abdoulaye,abdoulaye miskine,Niger,td,70.59,REVIEW
6512ab0b-9c59-5a90-8fe6-6b49e3bbc04f,07cb8928-37ae-527a-b479-300ea76f5eb7,abubakar kyari,abubakar adam kambar,Nigeria,,70.59,REVIEW
e6e0c5ee-2d29-592e-81d8-eacdbd9baac7,443935ad-b187-5b9d-b943-8b56d522dbb9,ali pate,ali saade,Nigeria,lb,70.59,REVIEW
f13dee76-54b1-5b28-97b3-0c2b51581b3a,9406c2bc-38c4-50f8-b342-09c4d35a25f8,badr bin hamad,muhammad badr-al-din,Oman,,70.59,REVIEW
416eb7e2-cfa3-52ec-8759-c3655a0b39d3,d5864712-e474-541e-bfff-6ed513b19169,qaiser ahmed sheikh,ahmed ali saleh,Pakistan,ye,70.59,REVIEW
5a13abd4-a847-5447-ad68-ca901dbd091a,971fb4b9-ba28-52fa-871a-346865fa318e,muhammad aurangzeb,kayiira muhammad,Pakistan,ug,70.59,REVIEW
7578ccc2-ed0a-533d-a9e2-3dca8892a23b,971fb4b9-ba28-52fa-871a-346865fa318e,muhammad ishaq dar,kayiira muhammad,Pakistan,ug,70.59,REVIEW
7578ccc2-ed0a-533d-a9e2-3dca8892a23b,68bbe1cf-00bd-5454-8936-65f8103f9dbf,muhammad ishaq dar,muhammad gaddafi,Pakistan,,70.59,REVIEW
7c9ae15c-e37f-5253-9d6a-e0fe7b1fa140,56055d4d-bbaf-5e8b-9e7b-b026764bb8dc,khalid hussain magsi,hussain shamil,Pakistan,mv,70.59,REVIEW
04f7f9f1-f602-5be8-9ff0-0efe04557932,4c62cbad-b4c9-54f1-bf55-288fa246e69b,joseph lelang,joseph mantiel wajang,Papua New Guinea,ss,70.59,REVIEW
a242202e-478b-5a43-83b9-e41a00885cb2,48864fc6-6dd8-53e9-b33d-c21dc71a7fc4,fernando alexandre,alexandre orloff,Portugal,ch,70.59,REVIEW
e596913c-6bee-572c-9253-b056bad653ec,2bff3b26-c513-5792-b627-ba2d59cf204d,yuriy petrovich trutnev,yury petrovich sinelshchikov,Russia,ru,70.59,REVIEW
dcec7de1-abdf-59fb-b307-d4eefda190be,f22bde89-64c0-543f-bb21-1bd2f2c881d5,olga borisovna lyubimova,lyudmila borisovna narusova,Russia,ru,70.59,REVIEW
2bf83e07-5387-5987-9333-0a44ebdc0a8f,12308d43-749f-508b-8260-5a4b2afbab8a,sergey sergeyevich kravtsov,gleb sergeyevich cherbov,Russia,ru,70.59,REVIEW
f21fad05-0e28-5492-a4e5-4ca30560fe5c,02a80351-7e4a-537b-9933-336ad4cf5978,vladimir aleksandrovich kolokoltsev,dmitrii aleksandrovich beloglazov,Russia,ru,70.59,REVIEW
1d3648e0-890b-5857-b494-38f5e5169785,25067c23-2fad-5c7a-8ab4-37729ad63a93,muhammad bin salman,muhammad sarwar,Saudi Arabia,pk,70.59,REVIEW
1d3648e0-890b-5857-b494-38f5e5169785,972fa102-9809-56ce-bce4-eea88da46fec,muhammad bin salman,hamza bin laden,Saudi Arabia,,70.59,REVIEW
db319bef-0ee7-5055-84fb-65ce22e909e9,5fadab19-7e78-55b0-ab16-4102bb715058,abdallah al-swaha,ali reda abdallah,Saudi Arabia,lb,70.59,REVIEW
fc726116-daf6-51fb-8807-341d8d0ce68d,01acb0eb-38bd-57b4-8434-fbf6f14f9e56,muhammad al-jadan,muhannad al-najdi,Saudi Arabia,sa,70.59,REVIEW
08760fca-9e7a-5b85-9c67-ffbba9ffa040,dce09c1b-b72a-5fb7-b7dc-dde9daf3eaff,ahmad al-khulayfi,ahmad al-hamidawi,Saudi Arabia,iq,70.59,REVIEW
77f40339-d301-5698-bd48-f8e34beb116d,b0fdb11d-341b-581d-a51f-717d469af731,idith alexander,alexander volfovich,Seychelles,cy,70.59,REVIEW
b273d1ba-32a5-5dd2-9449-5439bd442e43,1b34b0b2-08e6-501a-9b61-6657e2cd4465,chun sing chan,dick chung chun wong,Singapore,hk,70.59,REVIEW
6295a5d3-37bc-5428-bf03-30e95ed71313,2611897c-9239-5ba7-8f95-f1e9917f484a,hassan hussein mohamed “elaay”,mohamed hussein salad,Somalia,so,70.59,REVIEW
f322b8e0-5492-53f6-9b5f-c2f86507973b,371fe94e-80d1-5e84-b411-b93248534017,abdulkadir muhammad nur,muhammad jibril abdul rahman,Somalia,id,70.59,REVIEW
9813a436-bcaf-50ee-a39a-8e63b50c7a09,7f82f1be-9b2f-5e70-91de-0dc6fe44efb7,mohamed adan moalim,mohamed al-kani,Somalia,ly,70.59,REVIEW
9813a436-bcaf-50ee-a39a-8e63b50c7a09,2bb0f74e-ea05-5834-8b39-07429821f80b,mohamed adan moalim,halima adan ali,Somalia,ke,70.59,REVIEW
80e85b20-3659-5497-a31c-e42e37437cc0,bd92fac4-4696-5760-8ae5-3b41af811a1a,abdirahman mohamed abdullahi,abdikarin farah mohamed,Somalia,so,70.59,REVIEW
80e85b20-3659-5497-a31c-e42e37437cc0,5b1f9cfe-6333-5a34-bf72-4601e91daba9,abdirahman mohamed abdullahi,abdirahman mohamed omar,Somalia,so,70.59,REVIEW
510a1792-b3db-5740-b718-f4d6c0e4f4f3,ebf75025-d523-596a-bfe6-238142602a8f,ibrahim jaber ibrahim,ibrahim taher,Sudan,lb,70.59,REVIEW
93f38396-d1ec-5818-a7cd-bd96fce10d48,cf9bcb9f-16d9-54fc-864e-95a75b6df554,muhammad bashir,muhammad al-ghazali,Sudan,ye,70.59,REVIEW
93f38396-d1ec-5818-a7cd-bd96fce10d48,d72482c5-ddc9-5b1f-b377-a3d91bbc073c,muhammad bashir,muhammad kawtharani,Sudan,lb,70.59,REVIEW
93f38396-d1ec-5818-a7cd-bd96fce10d48,a6c385a2-a585-5bc9-8900-f1f1fa0de7b5,muhammad bashir,muhammad harris dar,Sudan,,70.59,REVIEW
93f38396-d1ec-5818-a7cd-bd96fce10d48,353d33bb-6dc1-5a91-bdd2-e8c889702d03,muhammad bashir,ali muhammad hamsho,Sudan,sy,70.59,REVIEW
c554844f-e388-549b-9ce8-a0b2c70c1a7d,9492526c-b95f-5723-86e0-8bb7130eea68,benjamin dousa,benjamin torres sosa,Sweden,mx,70.59,REVIEW
bf25ab26-bc71-5198-97f7-626c6a2c5ccf,bd77ca51-03ae-512d-839b-619fba8b20a1,muhammad yasin salih,muhammad qasir,Syria,,70.59,REVIEW
c2369b0c-9fa5-5e0b-a144-0128a0d33c6e,971fb4b9-ba28-52fa-871a-346865fa318e,muhammad al-bashir,kayiira muhammad,Syria,ug,70.59,REVIEW
c2369b0c-9fa5-5e0b-a144-0128a0d33c6e,68bbe1cf-00bd-5454-8936-65f8103f9dbf,muhammad al-bashir,muhammad gaddafi,Syria,,70.59,REVIEW
c2369b0c-9fa5-5e0b-a144-0128a0d33c6e,24b50789-f8d0-53db-b7d2-2f4ec2eeccdf,muhammad al-bashir,muhammad abbatay,Syria,ma,70.59,REVIEW
43b6ef8b-4f1b-57af-8e1a-e1552fdd6344,0d2aab89-52e7-5356-9873-f9539c5c1830,muhammad anjarani,muhammad al-hindi,Syria,,70.59,REVIEW
363a881e-6838-5bf9-8cb0-769d8385846e,805c8477-a73b-5dbc-9ff0-1110a4a2958f,chu chen,eric chen,Taiwan,,70.59,REVIEW
79043bc5-397e-55e6-ac1c-169a8142876b,8ddb4a78-6116-5192-8cc7-24e0f9d1cfdd,roger alexander,alexander ostrowsky,Trinidad and Tobago,ch,70.59,REVIEW
63c158b8-9e66-50e2-8965-42cf519fec9b,3135800d-fa6c-53ab-a2b3-8391b79e5172,mohamed ali nafti,ali mohamad saleh,Tunisia,,70.59,REVIEW
8f3dbf58-8a95-5cf5-adf5-f78ba723d8e4,da581888-847b-521c-9b55-ae33ac274626,muhammad bin hadi al-hussaini,muhammad ali al-qadiri,United Arab Emirates,ye,70.59,REVIEW
3aea857f-9e58-5050-b08d-a620aeee670e,58cb3eae-dd59-507c-a55e-6558e03b9fce,ahmad ali al-sayegh,ahmad al-khatib,United Arab Emirates,eg,70.59,REVIEW
b629371d-eb8a-55fe-a68f-1489ae0065f2,46b0bcdf-1675-5979-8a28-8da225b6efb8,muhammad abushahab,muhammad ibrahim,United Arab Emirates,sy,70.59,REVIEW
814f6364-4fb4-5d16-91f3-5310499e225d,e23e2e13-a3c5-5755-8f96-dec196db94b4,douglas alexander,alexander sakulin,United Kingdom,ru,70.59,REVIEW
b52b2801-6f97-5c31-bb7c-ee616e85b5b9,adcabc47-487b-5206-a09d-970a5311ccbb,salem abdullah al-soqotri,waleed abdullah m. alsehri,Yemen,sa,70.59,REVIEW
ae54960f-d347-5091-8aed-043644222a3d,02b8ea4e-d3a1-55a3-8a71-a2140ad7b851,ahmad omar muhammad arman,umar ahmad umar ahmad hajj,Yemen,ye,70.59,REVIEW
0fae46ef-f7b8-5c78-800f-923f94b34cb2,68bbe1cf-00bd-5454-8936-65f8103f9dbf,muhammad al-zaouri,muhammad gaddafi,Yemen,,70.59,REVIEW
60703c42-976d-5078-8240-0e96bfee1620,f3e855ce-3e6e-579c-9ae1-6d0faf415a91,abd al-wahab abdullah ahmed al-hajri,ebrahim ahmed abdullah al-matari,Yemen,ye,70.59,REVIEW
b118e743-4d1b-573f-a93e-b90f719f6000,d25accbe-2c4d-5d6b-8d4b-252fcfe9a7b8,abdullah manaf metussin,hamid abdullah hussein al ahmar,Brunei,ye,70.37,REVIEW
a3b61386-951d-5aa7-a077-3285a302627c,0a8efc38-c56b-5504-b1ca-3465823a3b64,adel muhammad abdullah al-adwani,abu mohammed al-adnani,Kuwait,sy,70.37,REVIEW
8927467c-9af4-5285-aeda-01047675feef,7ab54f67-ce75-580c-acb9-d7c9a16b4e7e,ahmad faisal muhamad,muhammad ahmad shawqi al-islambuli,Malaysia,eg,70.37,REVIEW
3906d529-bf14-5f98-9d95-f8d943bb8cdc,ee2b7f40-6bbc-5255-8868-aad5a6b44069,muhammad bin sayid al maamari,salama aziz muhammad mari,Oman,,70.37,REVIEW
04607535-7ab7-5a2a-8166-b3fbfd9d6ca7,df72b18f-3793-5d16-9f21-eea5f1432cae,sultan bin muhammad al-numani,muhammad qahtan al-sa'idi,Oman,iq,70.37,REVIEW
19d89641-666f-5f5d-a65b-d189af5e95fe,ed9be0ac-4bcc-5ef5-b1e1-9fe7abe7fc1e,vladimir vladimirovich putin,pavel vladimirovich malgin,Russia,,70.37,REVIEW
19d89641-666f-5f5d-a65b-d189af5e95fe,32030624-fc74-5388-8e66-411462ff6efa,vladimir vladimirovich putin,ivan vladimirovich potanin,Russia,ru,70.37,REVIEW
19ff653a-9fd8-5e8e-9100-5ac9c86d729d,e18d6f2e-f483-5839-9a49-3d3b3c71988a,denis valentinovich manturov,igor valentinovich korobov,Russia,ru,70.37,REVIEW
19ff653a-9fd8-5e8e-9100-5ac9c86d729d,2a33d260-b3a0-596d-b503-cbcd50991f80,denis valentinovich manturov,denis valiullovich gariyev,Russia,ru,70.37,REVIEW
b45b6c16-05c3-5345-95eb-c1c6135f61b2,67be8d59-3af9-579b-b572-48196e35f96a,aleksandr valentinovich novak,vadim valentinovich kumin,Russia,ru,70.37,REVIEW
b45b6c16-05c3-5345-95eb-c1c6135f61b2,e481b0a0-0779-5e29-b6da-2e7ffc76593f,aleksandr valentinovich novak,roman valentinovich kopin,Russia,ru,70.37,REVIEW
6b7a9963-22df-5882-9a1a-45169decc49e,86026c00-63f1-581f-bf63-804b3083263b,oksana nikolayevna lut,lyudmila nikolayevna skakovskaya,Russia,ru,70.37,REVIEW
0a20c63b-a3e5-5b97-9a17-2fa6525d1530,0e367945-537f-5fd4-a3b2-ef64092071ef,aleksandr vasilyevich bortnikov,ilya vasilyevich rebrov,Russia,ru,70.37,REVIEW
12fa029a-1730-5104-90a2-3947c3d81b63,b13dea38-305a-5902-968d-6674a2bb5354,majid bin abdallah al-qasabi,muhammad 'abdallah al-amin,Saudi Arabia,lb,70.37,REVIEW
431d2eec-3dbf-5937-a8fb-db84876e85e1,d60ef72e-007a-5309-a40b-bd31b9272462,mutalib bin abdallah al-nafisa,ghalib abdullah al-zaidi,Saudi Arabia,,70.37,REVIEW
ebde17af-0f5f-5666-9c58-0b7aa0a193b4,67781c14-b09b-5e3e-9802-11bb1d376361,muhammad said al-hilu,ali muhammad muhsin salih al-hadi,Sudan,ye,70.37,REVIEW
8ccd6ff8-3d3d-5016-993c-1130fb200eb8,b13dea38-305a-5902-968d-6674a2bb5354,abdullah bin muhair al-katbi,muhammad 'abdallah al-amin,United Arab Emirates,lb,70.37,REVIEW
72bda8cf-186f-5013-881c-816a442231ec,d60ef72e-007a-5309-a40b-bd31b9272462,alia bint abdullah al-mazrouei,ghalib abdullah al-zaidi,United Arab Emirates,,70.37,REVIEW
000928fe-f49a-59c8-815b-a2b87d4f1da1,dcd717ae-bf38-5035-adf6-57c9f5e55c6a,hamad bin mubarak al-shamsi,mubarak mohammed a alotaibi,United Arab Emirates,sa,70.37,REVIEW
a6104e7a-2b06-56bb-a83d-fe890acafba1,e69ac5cf-6e65-55a7-976c-38ba5f1bff5d,khalid muhammad balama,muhammad abd al-karim al-ghamari,United Arab Emirates,ye,70.37,REVIEW
f1c1473e-dffb-50fd-bbb3-0f32ea88747d,bb60a529-5a0a-51ee-bcca-583677cd18e1,rashad muhammad al-alimi,sarah jamal muhammad al-sayyid,Yemen,eg,70.37,REVIEW
ae54960f-d347-5091-8aed-043644222a3d,be9ec487-493e-5a2d-84f9-7432ad69de6d,ahmad omar muhammad arman,ahmad muhammad yunis al-ahmad,Yemen,iq,70.37,REVIEW
fabf06b4-4899-5bee-9d88-c344a301a181,04b0b3d7-5973-5dca-8610-6b7e5d18a061,abdul salam hanafi,ali abdul karim ali,Afghanistan,sy,70.27,REVIEW
c2ad6c13-1cc1-5fd6-9d59-f848e76820d9,7936afc8-797b-5e41-b9ce-471b68954a82,qari din mohammad,mohammad nazar azimi,Afghanistan,ir,70.27,REVIEW
c2ad6c13-1cc1-5fd6-9d59-f848e76820d9,58263607-5805-5ddd-9c4d-79243b4d28e0,qari din mohammad,mohammad naim barich,Afghanistan,af,70.27,REVIEW
505bfc47-dc10-5cb8-a9fb-b8b04e6cbae4,84d1bc84-6871-5939-b393-f56f8e1a9bc3,mohammad khalid,mohammad hasan khoda'i,Afghanistan,,70.27,REVIEW
505bfc47-dc10-5cb8-a9fb-b8b04e6cbae4,fc1903d8-6b87-52bf-8b6d-1513575e5161,mohammad khalid,mostafa mohammad khani,Afghanistan,ir,70.27,REVIEW
c1a51a6a-0484-554b-b192-9612e0c96594,899c4936-e0ec-5d2e-babb-7f5b206d20ca,francisco tropepi,jose francisco lopez,Argentina,ni,70.27,REVIEW
781d09d7-a425-55ed-9ee5-c55027d1f832,9e3f8a27-3fc9-5665-bcd7-0739376f6ea7,abdoulaye bio tchane,abdoulaye miskine,Benin,td,70.27,REVIEW
781d09d7-a425-55ed-9ee5-c55027d1f832,5609fed5-da87-5e12-bfe7-cd2708f1b42d,abdoulaye bio tchane,abdoulaye hissene,Benin,cf,70.27,REVIEW
5cc31f78-a7b5-5cdb-89c6-ff6a71c3d5e1,38ada9e7-2987-5c3c-87a6-49f069ef61fb,ahmaddin abdullah rahman,mian abdullah,Brunei,,70.27,REVIEW
5cc31f78-a7b5-5cdb-89c6-ff6a71c3d5e1,e6e37ccb-995b-51d2-ac0d-bc1865a412ec,ahmaddin abdullah rahman,amir abdullah,Brunei,,70.27,REVIEW
b55acad7-333d-594f-8696-86c970fab4f8,a72cd322-d017-5a0b-958a-1aceaebfe32d,youssoufa mohamed ali,ali mohamed rage,Comoros,so,70.27,REVIEW
c787b502-56b3-5126-b60f-7d9caca4b19b,a72cd322-d017-5a0b-958a-1aceaebfe32d,said mohamed ali said,ali mohamed rage,Comoros,so,70.27,REVIEW
1367c38a-3c76-5936-800b-191530418efa,65283edb-cb3c-59ec-9d8e-738fbbf32373,carlo diaz sanchez,pedro rivas sanchez,Costa Rica,mx,70.27,REVIEW
1367c38a-3c76-5936-800b-191530418efa,dd97d5ce-44fd-5312-ae39-30bb1b1643c9,carlo diaz sanchez,mario parra sanchez,Costa Rica,,70.27,REVIEW
fab5b60d-dbe2-5bfb-86ba-9f757c298dd1,c0f95bb1-ed69-5a45-ad62-f3757c72f57d,roger madrigal lopez,martin romo lopez,Costa Rica,mx,70.27,REVIEW
f6a3e068-4105-59ad-8726-88484820b637,f6b666c8-87a4-55aa-9290-10cfe184da9a,georgios gerapetritis,georgios manidis,Greece,,70.27,REVIEW
6edb8d16-a351-56c2-ba23-539c0d283047,825245de-ceaf-5d11-92ec-cea450b1c272,mohamed irfaan ali,mohammad ali jafari,Guyana,,70.27,REVIEW
486633c7-d65d-579c-a85e-bd4fb32cc714,e696447d-b6e3-5608-a5c4-ad1ab7ba09b7,mohammad eslami,mohammad jahangir alam,Iran,bd,70.27,REVIEW
3b010830-4c7f-51c8-b05c-d12a854b19eb,e1379d0a-c158-57e2-9e5d-27528dab79c8,mohammad atabak,tarad mohammad aljarba,Iran,sa,70.27,REVIEW
486a72fc-e0b8-5266-a529-f37f35e979f1,04b0b3d7-5973-5dca-8610-6b7e5d18a061,abd al-karim abtan,ali abdul karim ali,Iraq,sy,70.27,REVIEW
f5bba0b2-1672-538d-a57d-6a7713adea30,a0ab2f33-f730-54b9-85db-4d9ed14f6087,basim muhammad khudayr,muhammad haydar,Iraq,,70.27,REVIEW
f5bba0b2-1672-538d-a57d-6a7713adea30,0109bef3-6e02-5c31-9f9f-f4f638c6df14,basim muhammad khudayr,muhammad ashraf,Iraq,,70.27,REVIEW
89abf349-1f32-532b-91d9-d10d0ef65511,353d33bb-6dc1-5a91-bdd2-e8c889702d03,muhammad al-momani,ali muhammad hamsho,Jordan,sy,70.27,REVIEW
89abf349-1f32-532b-91d9-d10d0ef65511,d72482c5-ddc9-5b1f-b377-a3d91bbc073c,muhammad al-momani,muhammad kawtharani,Jordan,lb,70.27,REVIEW
89abf349-1f32-532b-91d9-d10d0ef65511,ac9d6356-4e8a-5b2e-85d2-87757bfe6563,muhammad al-momani,jami' 'ali muhammad,Jordan,so,70.27,REVIEW
89255f10-fc18-5689-9a22-4c759c323524,8ebc09fd-c962-5f9a-920c-a0ba65ae8531,ibrahim al-badur,ibrahim fadel ghaddar,Jordan,fr,70.27,REVIEW
7bc3cc11-e084-5718-9ce8-54a7aad7eaa3,40855db8-83b0-54e5-8540-38411905b991,hassan ali joho,hassan fazli maghsoudi,Kenya,ir,70.27,REVIEW
2992c062-eb4d-5f44-be4b-d0bca30b2249,ec1abb9f-52b8-5180-a0f3-eda567169445,ahmad abdullah,abdullah ahmed abdullah,Kuwait,,70.27,REVIEW
2992c062-eb4d-5f44-be4b-d0bca30b2249,a455f54b-b205-589e-88a4-a22dafc9e3a0,ahmad abdullah,fazul abdullah mohammed,Kuwait,,70.27,REVIEW
2992c062-eb4d-5f44-be4b-d0bca30b2249,4be6cd1d-7989-5983-a7d2-bc54dc02b2f8,ahmad abdullah,abdullah yahya al hakim,Kuwait,ye,70.27,REVIEW
ba85892a-2410-57a7-8218-715f1e6d6cfb,9406c2bc-38c4-50f8-b342-09c4d35a25f8,muhammad abdallah,muhammad badr-al-din,Kuwait,,70.27,REVIEW
6d580cd0-246d-59b1-92c3-1232ce7035b2,8ae17310-48c5-5cc2-8a98-8f1ac55069fd,muhammad haidar,muhammad khalid rahmun,Lebanon,sy,70.27,REVIEW
6d580cd0-246d-59b1-92c3-1232ce7035b2,6b3f3f6b-6582-58f0-a17f-a19605923a01,muhammad haidar,khaled muhammad khalil,Lebanon,ye,70.27,REVIEW
7ecd1692-16a4-5bb5-8c7e-fc83f16e12cb,31670900-56a8-5a65-a390-7aefda1260e6,hanin al-sayyid,ibrahim amin al-sayyid,Lebanon,,70.27,REVIEW
72004bb0-b77a-50ae-bfde-809521de7dbb,9406c2bc-38c4-50f8-b342-09c4d35a25f8,muhammad al-manfi,muhammad badr-al-din,Libya,,70.27,REVIEW
72004bb0-b77a-50ae-bfde-809521de7dbb,b40c5ae2-6ff8-5232-84a7-4be080a8476b,muhammad al-manfi,muhammad al-sunaydar,Libya,ye,70.27,REVIEW
d20da13a-5329-5e8a-992a-0d941f901075,e1376111-f083-5fad-8941-e5292c8f55f4,muhammad said,muhammad ali sayid ahmad,Libya,ca,70.27,REVIEW
ff2ee93f-46e3-51b1-92de-4567077fe366,c721b0df-70eb-5774-aaff-89a63f56fac1,muhammad al-zaydani,mohammad al-otaibi,Libya,sa,70.27,REVIEW
877cd955-c0a5-5c61-8729-5f05b1eaf4c7,1342ceb6-62c8-5580-9a9b-1cb2f8fb9352,armizan mohamad ali,mohamed ali badaas,Malaysia,ye,70.27,REVIEW
b7c878f1-ff17-5033-8e09-b96f9d59f372,9c0a9d0d-bfb9-534f-bb0e-11f8ca4336ee,ali naseer mohamed,mohamed nayef maged,Maldives,lb,70.27,REVIEW
b697b5b0-75ae-5954-bc71-29bc45c605af,6144a48d-301f-5f1d-94c4-93bc60f902c2,issa ousmane coulibaly,issa osman issa,Mali,ke,70.27,REVIEW
b43c3ecc-5508-5284-90ac-00708b0dfc92,c573003d-c16e-5d86-b962-d5168ec9683e,salim nasser al-aufi,nasser abu sharif,Oman,ps,70.27,REVIEW
5a13abd4-a847-5447-ad68-ca901dbd091a,d72482c5-ddc9-5b1f-b377-a3d91bbc073c,muhammad aurangzeb,muhammad kawtharani,Pakistan,lb,70.27,REVIEW
7578ccc2-ed0a-533d-a9e2-3dca8892a23b,353d33bb-6dc1-5a91-bdd2-e8c889702d03,muhammad ishaq dar,ali muhammad hamsho,Pakistan,sy,70.27,REVIEW
225b387b-6c9c-565d-acc8-2f001dd4c615,9c4f87e2-bc93-55ba-b141-ae0cfde694df,syed mustafa kamal,mustafa omer kaptan,Pakistan,,70.27,REVIEW
bdbf6c01-27bc-5ab7-a23f-6c45a20af934,46b0bcdf-1675-5979-8a28-8da225b6efb8,muhammad hanif abbasi,muhammad ibrahim,Pakistan,sy,70.27,REVIEW
1d3648e0-890b-5857-b494-38f5e5169785,2230a8dd-e836-5aad-8769-1889a8dc3a52,muhammad bin salman,ali muhammad qansu,Saudi Arabia,,70.27,REVIEW
db319bef-0ee7-5055-84fb-65ce22e909e9,135825d6-dc06-513b-a5ed-5578a26f4b4a,abdallah al-swaha,abdallah asad tahini,Saudi Arabia,,70.27,REVIEW
fc726116-daf6-51fb-8807-341d8d0ce68d,2aeab189-20f3-533b-9607-b855852a575e,muhammad al-jadan,muhammad al-ghorayfi,Saudi Arabia,ir,70.27,REVIEW
d637ca0f-8752-5827-9b35-d0ea58998b6e,adf1b8ba-5376-55f9-922c-683e1bc42157,mansour elimane kane,amran bin mansour,Senegal,,70.27,REVIEW
1f73df7f-690d-505b-a1a2-f2bc1c2228b8,7bab2d14-f2e1-5414-905e-ce5fbc6fac55,yusuf mohamed adan,isse mohamoud yusuf,Somalia,so,70.27,REVIEW
1f73df7f-690d-505b-a1a2-f2bc1c2228b8,9c0a9d0d-bfb9-534f-bb0e-11f8ca4336ee,yusuf mohamed adan,mohamed nayef maged,Somalia,lb,70.27,REVIEW
e0c0d89f-efd1-5531-8fc6-db6660cbee4d,66cbfbbc-f3a8-5d92-a92d-95bb243eb66b,abdulkadir ali,dieman abdulkadir izzat,Somalia,iq,70.27,REVIEW
c3bbe851-9ce5-554f-ada1-dce8062fef6f,24b50789-f8d0-53db-b7d2-2f4ec2eeccdf,muhammad hassan dahab,muhammad abbatay,Sudan,ma,70.27,REVIEW
860a938e-042b-57c9-9434-00a9e257d797,e2b03ba2-67d7-51b0-ae39-fa151864bdae,ahmad adam bakhit,ahmad khatibi aghada,Sudan,ir,70.27,REVIEW
ea7e8ab1-0b3e-5477-9efc-81b4021f53c5,a432834d-3662-5a9e-8289-cb48280c0b0e,ahmad husayn al-shara’,husayn al-shami,Syria,,70.27,REVIEW
c2369b0c-9fa5-5e0b-a144-0128a0d33c6e,ac9d6356-4e8a-5b2e-85d2-87757bfe6563,muhammad al-bashir,jami' 'ali muhammad,Syria,so,70.27,REVIEW
6431c011-7e65-57eb-be58-5fd69139c64a,bd77ca51-03ae-512d-839b-619fba8b20a1,muhammad yasir barniyah,muhammad qasir,Syria,,70.27,REVIEW
43b6ef8b-4f1b-57af-8e1a-e1552fdd6344,9406c2bc-38c4-50f8-b342-09c4d35a25f8,muhammad anjarani,muhammad badr-al-din,Syria,,70.27,REVIEW
43b6ef8b-4f1b-57af-8e1a-e1552fdd6344,2aeab189-20f3-533b-9607-b855852a575e,muhammad anjarani,muhammad al-ghorayfi,Syria,ir,70.27,REVIEW
43b6ef8b-4f1b-57af-8e1a-e1552fdd6344,b40c5ae2-6ff8-5232-84a7-4be080a8476b,muhammad anjarani,muhammad al-sunaydar,Syria,ye,70.27,REVIEW
63c158b8-9e66-50e2-8965-42cf519fec9b,02daf54e-02ba-57c5-8e10-dfa255d0cbea,mohamed ali nafti,mohamed amin mostafa,Tunisia,iq,70.27,REVIEW
ce082afe-2180-536c-9b93-2feb26151dd4,4fe3cda7-00f0-5189-8048-51eeb4ffd732,oleksandr bornyakov,oleksandr dubinsky,Ukraine,ua,70.27,REVIEW
3a0d6570-b49b-518d-986e-d4d4a15cc518,de83e0e7-6e28-54fc-941a-4997cbf117c9,muhammad bin zayid,muhammad hasan ra'd,United Arab Emirates,,70.27,REVIEW
74ed3947-e707-5a63-b531-5e996beb145b,2230a8dd-e836-5aad-8769-1889a8dc3a52,muhammad bin rashid,ali muhammad qansu,United Arab Emirates,,70.27,REVIEW
b629371d-eb8a-55fe-a68f-1489ae0065f2,cf9bcb9f-16d9-54fc-864e-95a75b6df554,muhammad abushahab,muhammad al-ghazali,United Arab Emirates,ye,70.27,REVIEW
b629371d-eb8a-55fe-a68f-1489ae0065f2,d72482c5-ddc9-5b1f-b377-a3d91bbc073c,muhammad abushahab,muhammad kawtharani,United Arab Emirates,lb,70.27,REVIEW
b629371d-eb8a-55fe-a68f-1489ae0065f2,353d33bb-6dc1-5a91-bdd2-e8c889702d03,muhammad abushahab,ali muhammad hamsho,United Arab Emirates,sy,70.27,REVIEW
0fae46ef-f7b8-5c78-800f-923f94b34cb2,a6c385a2-a585-5bc9-8900-f1f1fa0de7b5,muhammad al-zaouri,muhammad harris dar,Yemen,,70.27,REVIEW
0fae46ef-f7b8-5c78-800f-923f94b34cb2,82dfadfc-06b9-5b21-a6ef-8328713c447c,muhammad al-zaouri,muhamad ali al-hebo,Yemen,sy,70.27,REVIEW
0fae46ef-f7b8-5c78-800f-923f94b34cb2,353d33bb-6dc1-5a91-bdd2-e8c889702d03,muhammad al-zaouri,ali muhammad hamsho,Yemen,sy,70.27,REVIEW
0fae46ef-f7b8-5c78-800f-923f94b34cb2,d72482c5-ddc9-5b1f-b377-a3d91bbc073c,muhammad al-zaouri,muhammad kawtharani,Yemen,lb,70.27,REVIEW
0fae46ef-f7b8-5c78-800f-923f94b34cb2,ac9d6356-4e8a-5b2e-85d2-87757bfe6563,muhammad al-zaouri,jami' 'ali muhammad,Yemen,so,70.27,REVIEW
1b652019-36c0-552b-9031-55ce6822d027,cafaa4e4-5308-5e54-b1ca-0581e76ffc39,abd al-salam hadi,abdul qader al-shami,Yemen,ye,70.27,REVIEW
411a3390-2431-5ab5-aec7-c878a793cd76,cfa48c6f-0123-5aaf-851a-731c334d9606,muhammad bin thamer al-kaabi,sami jasim muhammad al-jaburi,Bahrain,iq,70.18,REVIEW
f8dd3b2b-feb3-546e-9f6e-b5d934c80dd5,35ce5ccd-b7de-52e0-ae56-306a3d78da3d,rashid bin muhammad al-maraj,muhammad said kazim al-sahhaf,Bahrain,,70.18,REVIEW
a7c299b6-7eb2-5fc1-8696-b44896998e61,46d3744f-dcba-5f12-b737-9107e009ec29,mohammad juanda abullaha rashid,mohammad naushad alam khan,Brunei,,70.18,REVIEW
3d523dcd-c8d6-5e00-b157-3197d7b04786,c21d1d46-ca75-5f6a-a38d-1364dc4e1a01,antonio rodriguez rodriguez,antonio jose meneses rodriguez,Cuba,ve,70.18,REVIEW
006ad23e-54a7-54a1-8822-9ce4af2635fc,32030624-fc74-5388-8e66-411462ff6efa,mikhail vladimirovich mishustin,ivan vladimirovich potanin,Russia,ru,70.18,REVIEW
d6e33049-9c30-57e4-8fa8-e9317955ad2e,0e9f97fc-d779-543e-8697-597e67f508b6,mikhail vladimirovich degtyarev,oleg vladimirovich tsepkin,Russia,ru,70.18,REVIEW
d6e33049-9c30-57e4-8fa8-e9317955ad2e,e1c7891c-917c-5b30-b7d0-5fcf65dd66a6,mikhail vladimirovich degtyarev,andrei vladimirovich skoch,Russia,ru,70.18,REVIEW
dbe82bd4-dc46-57b0-b0e4-d46ff1522618,2f94bcaf-26b0-5b44-94c7-d0f971edb51c,roman vladimirovich starovoyt,maksim vladimirovich makarov,Russia,ru,70.18,REVIEW
dbe82bd4-dc46-57b0-b0e4-d46ff1522618,6b58da87-f515-564f-8dbb-82ae85af8700,roman vladimirovich starovoyt,nikita vladimirovich krasnov,Russia,ru,70.18,REVIEW
dbe82bd4-dc46-57b0-b0e4-d46ff1522618,d736a3eb-7f43-5f33-854a-93d88c8d09a1,roman vladimirovich starovoyt,oleg vladimirovich savchenko,Russia,ru,70.18,REVIEW
dbe82bd4-dc46-57b0-b0e4-d46ff1522618,6a147acf-f36a-5ccc-adf9-590b2d069598,roman vladimirovich starovoyt,sergey vladimirovich kolunov,Russia,ru,70.18,REVIEW
0a20c63b-a3e5-5b97-9a17-2fa6525d1530,e2777842-cecc-511d-9d1d-a42074ab2bff,aleksandr vasilyevich bortnikov,aleksey vasilyevich lisyuk,Russia,ru,70.18,REVIEW
c7ad8cab-7fe7-57cc-b129-c8f8731256ef,6c3ef32a-14ed-5588-8d89-6379d7e1b9a1,khalid bin abd al-aziz al-falih,samir abd al-aziz al-najim,Saudi Arabia,iq,70.18,REVIEW
147ba313-ef1d-5225-bc02-d52875086c66,cfa48c6f-0123-5aaf-851a-731c334d9606,musaid bin muhammad al-ayban,sami jasim muhammad al-jaburi,Saudi Arabia,iq,70.18,REVIEW
c3bbe851-9ce5-554f-ada1-dce8062fef6f,a13642ba-cbe6-5cb0-9dc6-1fd49313f420,muhammad hassan dahab,muhammad abdallah hasan abu-al-khayr,Sudan,,70.18,REVIEW
ae54960f-d347-5091-8aed-043644222a3d,3bca479f-3655-506e-ba0c-c8bff4e6a119,ahmad omar muhammad arman,nazir ahmad mohammed jamaleddine,Yemen,sy,70.18,REVIEW
ef22287a-c508-5f0b-8ed5-bbbb196f9194,17965d0b-0e41-5d1f-b510-a806312eb534,abdul kabir,abdul haq,Afghanistan,cn,70.0,REVIEW
c2ad6c13-1cc1-5fd6-9d59-f848e76820d9,96173075-818f-5978-abd5-a5dbad2a390e,qari din mohammad,hossein mohammad rezaei,Afghanistan,ir,70.0,REVIEW
505bfc47-dc10-5cb8-a9fb-b8b04e6cbae4,3c11d1ba-fc73-5ecc-af85-5695d6a14a2e,mohammad khalid,mohammad anwar latif khan,Afghanistan,bd,70.0,REVIEW
da9f0a66-4da8-5f5d-9e28-e97eb5aaac06,c40bf890-50e7-5596-a7fc-9cba0d01b98d,ali asadov,ali fadavi,Azerbaijan,,70.0,REVIEW
9f0aa0d4-f7e6-5336-87bb-90d92d8863f2,e21c51d5-6d18-5920-aeba-a6e136a341b3,muhammad faruk khan,muhammad hasan hamieh,Bangladesh,lb,70.0,REVIEW
9f0aa0d4-f7e6-5336-87bb-90d92d8863f2,987d65a3-20c5-5a58-9585-5d5ed279540e,muhammad faruk khan,muhammad khizar hayat,Bangladesh,pk,70.0,REVIEW
053197b2-c2cf-5616-8cd1-fa82f161f429,5d249b7b-820c-5e79-b8ea-48868abfd7e3,mohammed hasan mahmud,mohammed benhammedi,Bangladesh,,70.0,REVIEW
d9d20d48-92b2-5eb8-9ee1-38faa1562a34,dc1d9ac5-8b65-595e-9f3d-e98b2a5a5bb5,mohammad ali arafat,mohammad agha ja'fari,Bangladesh,,70.0,REVIEW
d9d20d48-92b2-5eb8-9ee1-38faa1562a34,24202f4b-5715-5316-926d-dfe12c86e4b5,mohammad ali arafat,mohammad javad jafari,Bangladesh,,70.0,REVIEW
8d87b4fd-d5aa-5184-bddb-fe924dc592b5,2b9470f3-f586-587e-9846-9d675efd6edf,rumana ali,emraan ali,Bangladesh,,70.0,REVIEW
17315312-6d3f-520e-babf-d23c2e77e6fc,69cfe8ad-2d5f-50a9-b59e-f1d481badef6,thea garcia ramirez,mario ramirez trevino,Belize,mx,70.0,REVIEW
1386098f-0895-5384-9544-25cb97ee6d4b,b344183c-2efd-575a-8a4c-b396d499975c,myo thant,myo thitsar,Burma,zm,70.0,REVIEW
0e3e892e-645b-5404-b7ef-564db69c1653,9130bd1f-8b7d-5dfd-b715-c25f49028aac,myo zaw thein,zaw min,Burma,zm,70.0,REVIEW
7761ba11-48e5-505e-9dac-b7014646adda,dade11d1-8fbc-585e-81ce-6a84642c8bcd,tun aung,tin myo aung,Burma,zm,70.0,REVIEW
7761ba11-48e5-505e-9dac-b7014646adda,ceb3204d-198c-575f-9e43-f0cfba38f11b,tun aung,tin aung san,Burma,,70.0,REVIEW
e34a8c44-98dd-5ac0-bc86-3b7b3542af48,b3c55652-30fd-5d2f-929d-90c8faa2b851,myint kyaing,li myint,Burma,,70.0,REVIEW
b05ed206-a84b-5bef-ad39-8bfa03419c61,85307220-c044-51d3-94fd-8f1f710a516a,tin aung san,aung min,Burma,zm,70.0,REVIEW
9c99c996-3759-5e63-91a3-9a179d86019b,af40b086-23b8-561f-93d9-aaa6adfe931e,joseph le,joseph kony,Cameroon,ug,70.0,REVIEW
98d27086-2d8e-526d-a774-372ba6a50a9c,c56798b8-1a7e-57e5-b764-a87dda221bcd,shafqat ali,usama ali,Canada,ps,70.0,REVIEW
98d27086-2d8e-526d-a774-372ba6a50a9c,443935ad-b187-5b9d-b943-8b56d522dbb9,shafqat ali,ali saade,Canada,lb,70.0,REVIEW
c77eaf8b-8bf0-5454-a07e-4386a07bac25,9e45b313-49f1-5357-85f5-15cacd33ea5a,jun dong,jingwei dong,China,cn,70.0,REVIEW
5be37c4e-8045-5a7a-b36f-2cf6cae66991,8747b4fd-192c-5301-8c46-155e0851cdbf,hejun yin,kecheng yin,China,cn,70.0,REVIEW
a6dfc114-b00a-5fe4-8c48-c584cdf11d8a,6c46c88f-d1d9-5b24-b1c2-6e1489ad794a,xiaodu yang,jian yang,China,cy,70.0,REVIEW
6a22787f-016c-5c95-bb89-6685cf3f51e3,1ce50608-2e84-522e-bd49-ae266035c08a,guoying li,genping li,China,cn,70.0,REVIEW
0d39bb01-068e-53f7-9da1-2b020ccc460d,abcc3ca8-17e7-5a66-a7e2-6f446332130f,jun zhang,sang jun ji,China,,70.0,REVIEW
b55acad7-333d-594f-8696-86c970fab4f8,3ea98938-f59c-5ad8-9035-2405d2fc0877,youssoufa mohamed ali,mohamed ali nkalubo,Comoros,ug,70.0,REVIEW
c787b502-56b3-5126-b60f-7d9caca4b19b,9e646c0f-b8e2-5d6d-b887-0d9748824cf8,said mohamed ali said,ali morshed shirazi,Comoros,ir,70.0,REVIEW
dbb0509d-9575-5646-8602-b23cfb8b3637,5e7edfa4-0a70-5aef-8bc0-9b3ee8fbec4e,ivan sipic,ivan sarac,Croatia,,70.0,REVIEW
51957458-67ed-54a9-9a0a-2c57fc419b81,02daf54e-02ba-57c5-8e10-dfa255d0cbea,mohamed salah el-din,mohamed amin mostafa,Egypt,iq,70.0,REVIEW
80ab43e8-18d7-5afa-a092-a4126505029d,b05ef8b6-cc53-5a5a-9de1-8c48a62b0766,alejandro evuna owono asangono,alejandro antonio james wilson,Equatorial Guinea,cr,70.0,REVIEW
c7439bcf-1771-5f04-9632-821be43bc653,2446035d-492b-5f26-8822-efb9805f7f6b,osman saleh mohammed,mohammed reza sabahi,Eritrea,ir,70.0,REVIEW
12ff8483-5c05-531a-9b78-3045c77ccfff,132281cc-92d6-5759-90b9-5c3bd772f6f4,charan jeath singh,chiranjeev kumar singh,Fiji,,70.0,REVIEW
7ec37335-6739-5157-8326-99c88df24edb,9b6d3da5-aed6-5c59-bf90-1f7e151614d4,ahmed ibrahim,ibrahim,Ghana,,70.0,REVIEW
6edb8d16-a351-56c2-ba23-539c0d283047,beec7640-bc85-5529-98b7-8db713ac42cb,mohamed irfaan ali,liibaan yousuf mohamed,Guyana,so,70.0,REVIEW
6edb8d16-a351-56c2-ba23-539c0d283047,0d28db77-1acc-5075-b46b-c815209f84cf,mohamed irfaan ali,mohamed mire ali yusuf,Guyana,so,70.0,REVIEW
1a606687-66cd-5479-baf3-9aa468de5911,999b80bc-9b08-5936-bbfe-89c46d521c29,muhammad herindra,muhammad dandi adhiguna,Indonesia,id,70.0,REVIEW
1a8f313c-00cf-566a-a5e5-16a23c87195d,3ed887cf-3eb4-5a62-a244-84f26b219a55,mohammad-reza aref,masoud mohammad rezaei,Iran,ir,70.0,REVIEW
1a8f313c-00cf-566a-a5e5-16a23c87195d,043ebf6a-6636-542e-9d26-0f5fe568ca9d,mohammad-reza aref,mohammad reza mehdipur,Iran,ir,70.0,REVIEW
f09fa64f-3749-5bb9-8eae-47aa0e56fc7c,467d0b49-1ce0-515a-8412-a55180564489,mohamad-reza farzin,mohammad reza khademi,Iran,ir,70.0,REVIEW
f09fa64f-3749-5bb9-8eae-47aa0e56fc7c,df365893-65ae-5252-8f09-118849760cb8,mohamad-reza farzin,mohammad reza ale ali,Iran,,70.0,REVIEW
ede10d47-1dc0-591b-a561-e286797d055d,3d03156c-1c9d-5ef4-845a-d9d2acee9e60,muhammad nuri karbuli,muhammad nafi bilal,Iraq,sy,70.0,REVIEW
f5bba0b2-1672-538d-a57d-6a7713adea30,2f4c87b0-a715-5497-a852-abcb67ee4ad0,basim muhammad khudayr,ali muhammad kazan,Iraq,,70.0,REVIEW
542b4e37-6fc2-5f62-8707-4ef46feb8839,7892fcca-c957-5527-b865-57f572a6b673,muthana al-tamimi,muthanna harith al-dari,Iraq,iq,70.0,REVIEW
6eaca02e-bd2a-55a4-838f-fb4d56412dfc,8e698ee8-8c98-5c99-8e87-f159e0344b24,mohammad al-khalayleh,mohammad abdulsalam,Jordan,ye,70.0,REVIEW
6eaca02e-bd2a-55a4-838f-fb4d56412dfc,00841ad2-a0a5-5c0d-b995-a69596db994d,mohammad al-khalayleh,mohammad jalal maab,Jordan,ir,70.0,REVIEW
89abf349-1f32-532b-91d9-d10d0ef65511,da581888-847b-521c-9b55-ae33ac274626,muhammad al-momani,muhammad ali al-qadiri,Jordan,ye,70.0,REVIEW
016b063f-7385-5c67-abd3-c36f628d8705,bd3ebc5c-8fa5-5d48-ab43-c0798bd7fb90,o su yong,yong il sin,"Korea, North",kp,70.0,REVIEW
c18a864c-2479-54f5-83a8-a797da2be8f7,a450f926-4cef-5b0b-898a-bc7f6fb56663,son gwon ri,won ho ri,"Korea, North",,70.0,REVIEW
c97a4c11-6d14-5bc3-824a-8a5f027534ab,c72ee24e-87bb-5810-aa51-b86320d469f5,sun nam kang,min kang,"Korea, North",kp,70.0,REVIEW
b9bdb536-435b-5fc6-af79-cf064ea64207,d55a7429-47ed-5942-b9b6-a3e17b79064f,son hui choe,hwi choe,"Korea, North",,70.0,REVIEW
0dfb6602-2cb9-593e-9549-4b97c0d28e5c,be02b909-72bb-50f4-afc7-abae88e2d208,chol mun,chol nam kim,"Korea, North",,70.0,REVIEW
0dfb6602-2cb9-593e-9549-4b97c0d28e5c,072c2404-41d4-5fb9-ba58-340a2e1052fe,chol mun,chol man han,"Korea, North",kp,70.0,REVIEW
0dfb6602-2cb9-593e-9549-4b97c0d28e5c,9fc6c03b-4ec8-5c86-837b-988c47dae158,chol mun,min chol kim,"Korea, North",kp,70.0,REVIEW
1ad2c0de-1de9-5af3-9e95-190396b8005f,a450f926-4cef-5b0b-898a-bc7f6fb56663,song hak ri,won ho ri,"Korea, North",,70.0,REVIEW
90b1bfe1-3891-5856-9781-3d8fbca3cbbf,d6f7853b-e6f6-5a32-8df3-92938e5c158b,hun pak,kwang hun pak,"Korea, North",kp,70.0,REVIEW
4f2e5ddc-e7f2-5114-91e0-b66d2b467446,135c4262-e6f9-5393-bc25-00c89328faca,sung du kim,se un kim,"Korea, North",kp,70.0,REVIEW
4f2e5ddc-e7f2-5114-91e0-b66d2b467446,b12bfb7b-7ecf-5b52-be8f-f18b38e15c8d,sung du kim,su il kim,"Korea, North",,70.0,REVIEW
3dd10b94-ab62-5ae5-a73e-60104d5a70c8,a450f926-4cef-5b0b-898a-bc7f6fb56663,chol san ri,won ho ri,"Korea, North",,70.0,REVIEW
98d46526-22bc-5092-acc7-39b7ef15df5f,05295a1f-3193-5ce8-bb09-449b7fd68ddc,yu il kim,yon hui kim,"Korea, North",kp,70.0,REVIEW
8cd0c6e3-caab-55c5-94be-0cc31f55b070,a54486f9-bca7-5cd3-967d-82418e88d91e,jong ho yun,yong ho o,"Korea, North",kp,70.0,REVIEW
8cd0c6e3-caab-55c5-94be-0cc31f55b070,8bc32dba-1c05-5a2f-bc9d-8dfd33325723,jong ho yun,cheng yun,"Korea, North",,70.0,REVIEW
f3c08208-2b98-5df7-80e3-d940f854096e,cbaf9ce0-7aa1-5d1a-bb4e-4c420fa45ee0,yong il ju,yong il ho,"Korea, North",,70.0,REVIEW
077959aa-ee52-5a90-a839-8c3e1ce4feca,118a1ba5-17c3-5ef9-b6da-2b5c86ddb3a2,kum song jin,song kim,"Korea, North",kp,70.0,REVIEW
cc81e615-d493-582e-afc5-946ac6cfb9f5,bf3c0770-67c1-5ebe-beb7-e1f150d76454,chol su kim,chol u yu,"Korea, North",,70.0,REVIEW
3ce8c5ad-99f6-5c34-bb72-1725130567b3,0bd558aa-1421-5587-843c-f71b34c549df,il guk kim,su gil kim,"Korea, North",kp,70.0,REVIEW
8a4561d5-6e38-5ae7-894b-48966e7707a5,118a1ba5-17c3-5ef9-b6da-2b5c86ddb3a2,sung jin kim,song kim,"Korea, North",kp,70.0,REVIEW
cc616297-3e2c-5035-bb7f-1fdb127363a5,730507a8-1028-50f1-8b74-e63ff1a5bd0e,song kim,sang man kim,"Korea, North",kp,70.0,REVIEW
cc616297-3e2c-5035-bb7f-1fdb127363a5,6051e840-b12c-50b2-9116-e9cf1d777842,song kim,kyong ok kim,"Korea, North",,70.0,REVIEW
cc616297-3e2c-5035-bb7f-1fdb127363a5,cb469236-b7f5-5d91-82ab-566e6d934301,song kim,yong bok kim,"Korea, North",kp,70.0,REVIEW
cc616297-3e2c-5035-bb7f-1fdb127363a5,d3f744d7-ac1b-5ce5-a030-51012669ab0d,song kim,su-kwang kim,"Korea, North",,70.0,REVIEW
cc616297-3e2c-5035-bb7f-1fdb127363a5,847d9c14-d832-5a3e-acd7-0883167432d4,song kim,kyong il kim,"Korea, North",,70.0,REVIEW
2bd61e1a-6b26-5e14-a541-6903b09e1fe1,fe7cede9-5739-583b-bc21-6de495d3d367,hyun cho,yon chun cho,"Korea, South",,70.0,REVIEW
8639f885-43c9-542a-9578-ac1908236383,8bc32dba-1c05-5a2f-bc9d-8dfd33325723,ho-jung yun,cheng yun,"Korea, South",,70.0,REVIEW
2992c062-eb4d-5f44-be4b-d0bca30b2249,adcabc47-487b-5206-a09d-970a5311ccbb,ahmad abdullah,waleed abdullah m. alsehri,Kuwait,sa,70.0,REVIEW
dcf96fd6-92c1-591b-b501-2c5dce49ba27,86552079-c77b-5496-beda-310cda172282,muhammad ibrahim muhammad al-wasmi al-wasmi,ahmad muhammad muhammad hasan al-hadi,Kuwait,ye,70.0,REVIEW
8b7bdece-3bb3-50c6-aee3-1d4440283bf1,f3e855ce-3e6e-579c-9ae1-6d0faf415a91,abdulrahman badah al-mutairi,ebrahim ahmed abdullah al-matari,Kuwait,ye,70.0,REVIEW
336bf454-a678-5c9a-989f-f0c76e205220,d60ef72e-007a-5309-a40b-bd31b9272462,abdullah al-lafi,ghalib abdullah al-zaidi,Libya,,70.0,REVIEW
b05590e8-cd51-5873-bdbc-d7c58cc7bf1c,bf88ffba-a516-5ebf-b039-96a39aac5a41,abd-al-latif al-tahir,'abdallah al-ashqar,Libya,ps,70.0,REVIEW
b3fce8a0-b61f-5db2-89d9-5d6f7758230e,9b6d3da5-aed6-5c59-bf90-1f7e151614d4,ibrahim munir,ibrahim,Libya,,70.0,REVIEW
84c1dd33-be88-5663-9470-06526958fbe2,c0a52bc9-6bce-5b1b-aad6-f6d668c96efe,ali al-abid,ali fazli,Libya,,70.0,REVIEW
bd693fa6-49aa-5b94-a60f-97feac51724a,2406ba11-05b7-59a5-8322-64de95fa22d1,khalifa abd-al-sadiq,abd al-hadi al-iraqi,Libya,iq,70.0,REVIEW
ff2ee93f-46e3-51b1-92de-4567077fe366,1c402d27-756e-5147-9c2c-1015eed7a9b1,muhammad al-zaydani,hasib muhammad hadwan,Libya,lb,70.0,REVIEW
6dd7e1a2-ace6-592d-96ed-99a772a0c57e,9b6d3da5-aed6-5c59-bf90-1f7e151614d4,anwar ibrahim,ibrahim,Malaysia,,70.0,REVIEW
877cd955-c0a5-5c61-8729-5f05b1eaf4c7,50c4ab12-62a0-5a60-9e38-ff758dde3138,armizan mohamad ali,ali mohamed kharroubi,Malaysia,lb,70.0,REVIEW
877cd955-c0a5-5c61-8729-5f05b1eaf4c7,9bc2e7a0-36c3-561e-b5b5-ff66279caff5,armizan mohamad ali,mohammad ali hosseini,Malaysia,ir,70.0,REVIEW
8927467c-9af4-5285-aeda-01047675feef,22308161-827c-5c1a-be93-5080efa03b61,ahmad faisal muhamad,ahmad muhammed harun,Malaysia,sd,70.0,REVIEW
61e7720d-b884-5f01-be53-605701f1da08,cd3303bb-5c17-5152-b9d4-f4129beba3a0,ali haidar ahmed,ahmed mohammed hamed ali,Maldives,,70.0,REVIEW
f8f2dc3f-9440-538f-8f96-037f86795977,443935ad-b187-5b9d-b943-8b56d522dbb9,ali ihusaan,ali saade,Maldives,lb,70.0,REVIEW
b4fd7a0c-c5d1-50fe-a8ed-3a39360f756d,256afe63-8d64-5f75-acdf-4ea84e64b6ba,ibrahim faisal,abdullah ibrahim al-faisal,Maldives,,70.0,REVIEW
fdf5b127-c44a-538f-8520-3b6557a30c9c,c323f37c-eef6-54a5-a08e-bb7371769a13,abdul ghafoor mohamed,fuad mohamed khalaf,Maldives,so,70.0,REVIEW
b7c878f1-ff17-5033-8e09-b96f9d59f372,8e4ff748-b807-5b60-a8f7-09d451813dae,ali naseer mohamed,abdi nasir ali mahamud,Maldives,gb,70.0,REVIEW
509c8517-1e69-50d5-ba7d-5ddb7a425ec2,dddfdcbc-6b39-5fe1-9b10-453ea7e953d9,daniel simeon kelema,daniel zamudio lerma,Mali,mx,70.0,REVIEW
462e7fec-3a73-5744-a2dc-b73c9e1b6f71,9e3f8a27-3fc9-5665-bcd7-0739376f6ea7,imirane abdoulaye toure,abdoulaye miskine,Mali,td,70.0,REVIEW
df7ee2f8-209e-5be5-806f-210226dae1b8,d69bab78-2b96-5ede-ac34-1ba46d8fd773,david paul,yafi david,Marshall Islands,ua,70.0,REVIEW
6beef345-acb9-517c-82d0-b0e325d53bd1,a0d8c339-daa4-5a0e-88ab-9ba3b9a151e9,mohamed ahmed ould mohamed lemine,osman mohamed hamid mohamed,Mauritania,sd,70.0,REVIEW
1849ec7a-4d55-5ffa-be58-8197746c00a0,417d33eb-a527-539d-8ce6-bf0b6dba856d,harold richard duval,adam richard pearson,Mauritius,ca,70.0,REVIEW
88312aca-ad93-5b2e-9e26-41bddca786b7,792b7cd5-b45d-5f3b-b3a9-7d3df626d969,chris penk,chris tang,New Zealand,hk,70.0,REVIEW
b1744b64-5abf-557a-87c5-f2e4b05d53e4,9b6d3da5-aed6-5c59-bf90-1f7e151614d4,jimoh ibrahim,ibrahim,Nigeria,,70.0,REVIEW
fd64f12d-74b5-53a9-af8e-5ce84b93bb23,b0b0b10f-9475-50bb-a95c-52716c5eb7ff,abdallah bin muhammad bin said al-saidi,amir muhammad sa'id abdal-rahman al-mawla,Oman,iq,70.0,REVIEW
b43c3ecc-5508-5284-90ac-00708b0dfc92,9a376aa7-0e8f-54a6-924c-92777fc642ad,salim nasser al-aufi,nasser al sheikh ali,Oman,ps,70.0,REVIEW
60379f20-f448-58bf-96e0-635c21e27f03,2bf5bf20-fcd4-54f5-ac78-44b69e348d79,ahmed al-musalmi,abd al-munim ahmad salih,Oman,,70.0,REVIEW
7578ccc2-ed0a-533d-a9e2-3dca8892a23b,4174892c-2ec8-5609-951f-4b1ded52c468,muhammad ishaq dar,hassan muhammad daqqou,Pakistan,sy,70.0,REVIEW
bdbf6c01-27bc-5ab7-a23f-6c45a20af934,d72482c5-ddc9-5b1f-b377-a3d91bbc073c,muhammad hanif abbasi,muhammad kawtharani,Pakistan,lb,70.0,REVIEW
bdbf6c01-27bc-5ab7-a23f-6c45a20af934,ac9d6356-4e8a-5b2e-85d2-87757bfe6563,muhammad hanif abbasi,jami' 'ali muhammad,Pakistan,so,70.0,REVIEW
bdbf6c01-27bc-5ab7-a23f-6c45a20af934,a6c385a2-a585-5bc9-8900-f1f1fa0de7b5,muhammad hanif abbasi,muhammad harris dar,Pakistan,,70.0,REVIEW
bdbf6c01-27bc-5ab7-a23f-6c45a20af934,353d33bb-6dc1-5a91-bdd2-e8c889702d03,muhammad hanif abbasi,ali muhammad hamsho,Pakistan,sy,70.0,REVIEW
bf7e72ce-d50e-5a0d-92d2-9d66bd68623b,4bffaaa0-862f-528b-9696-a1e9c58cbf57,amir muqam,amir hamza,Pakistan,,70.0,REVIEW
095cf8b8-a434-5736-8634-028b492f69b0,a8008013-e408-5db4-8799-6bc90f9cce87,asim iftikhar ahmad,karim asad ahmad khan,Pakistan,gb,70.0,REVIEW
006ad23e-54a7-54a1-8822-9ce4af2635fc,2601fbed-9c4a-5ae9-bd25-f8c7f2e18d54,mikhail vladimirovich mishustin,andrey vladimirovich timoshin,Russia,ru,70.0,REVIEW
b45b6c16-05c3-5345-95eb-c1c6135f61b2,d2f76547-d864-5d11-a9f5-315999fd1003,aleksandr valentinovich novak,aleksandr viktorovich ryzhenkov,Russia,ru,70.0,REVIEW
7577e6ac-6813-5c14-a64b-543cff310d82,4506cbeb-e0a6-5a20-b63f-336bb053fd5c,aleksandr vyacheslavovich kurenkov,aleksandr vasilevich basov,Russia,,70.0,REVIEW
cd6c171d-c9ca-554f-891b-755908ea691e,94cc9ba7-8b5f-5f0f-a2fd-c529eeb4a5a9,aleksandr aleksandrovich kozlov,aleksandr mikhailovich radkov,Russia,by,70.0,REVIEW
cd6c171d-c9ca-554f-891b-755908ea691e,ae1d32c9-369d-5d28-b89d-d48ebf19a5d0,aleksandr aleksandrovich kozlov,aleksandr mikhaylovich osipov,Russia,ru,70.0,REVIEW
d6e33049-9c30-57e4-8fa8-e9317955ad2e,2601fbed-9c4a-5ae9-bd25-f8c7f2e18d54,mikhail vladimirovich degtyarev,andrey vladimirovich timoshin,Russia,ru,70.0,REVIEW
d6e33049-9c30-57e4-8fa8-e9317955ad2e,a4cea016-c0b2-5770-9206-8e9d4e47f159,mikhail vladimirovich degtyarev,vadim vladimirovich podkopaev,Russia,,70.0,REVIEW
d6e33049-9c30-57e4-8fa8-e9317955ad2e,67278d57-1dea-5771-a69c-c556825d9f27,mikhail vladimirovich degtyarev,andrei vladimirovich khokhlov,Russia,ru,70.0,REVIEW
dbe82bd4-dc46-57b0-b0e4-d46ff1522618,3f4bdd2c-afcb-50d6-b197-721e941a178f,roman vladimirovich starovoyt,sergey vladimirovich krivonosov,Russia,ru,70.0,REVIEW
dbe82bd4-dc46-57b0-b0e4-d46ff1522618,2703282f-f26b-5358-ae50-22ef5f1c31ed,roman vladimirovich starovoyt,sergey vladimirovich matviyenko,Russia,ru,70.0,REVIEW
0a20c63b-a3e5-5b97-9a17-2fa6525d1530,8d1835a4-1b96-5bd2-91dc-971ad79be3be,aleksandr vasilyevich bortnikov,aleksandr yuryevich drozdenko,Russia,ru,70.0,REVIEW
0a20c63b-a3e5-5b97-9a17-2fa6525d1530,ebd116ad-a228-54b0-bfa7-2f74007fb3e0,aleksandr vasilyevich bortnikov,aleksandr yevgenyevich udodov,Russia,ru,70.0,REVIEW
66e0e444-e055-571d-8efc-92a87aee35f2,c5c0be3f-66e9-5302-ba55-1e2c6f8ceff8,vasiliy alekseyevich nebenzya,mikhail alekseyevich klementyev,Russia,ru,70.0,REVIEW
fc726116-daf6-51fb-8807-341d8d0ce68d,999b80bc-9b08-5936-bbfe-89c46d521c29,muhammad al-jadan,muhammad dandi adhiguna,Saudi Arabia,id,70.0,REVIEW
44dab252-296d-58bd-ac52-369da6b574c2,6904ecc7-3a71-5de4-bded-8844445b3665,abd al-aziz bin turki,abd al-razzak fitwi,Saudi Arabia,sd,70.0,REVIEW
567db692-8be9-5a90-b73f-f61db3fa866d,118a1ba5-17c3-5ef9-b6da-2b5c86ddb3a2,kim yong gan,song kim,Singapore,kp,70.0,REVIEW
b062bb2e-d9c9-5324-be1f-f302175d5b30,0fa47488-027e-52d2-aaeb-ebe353486efd,edwin tong,peiji tong,Singapore,cn,70.0,REVIEW
1f73df7f-690d-505b-a1a2-f2bc1c2228b8,78f2ce4c-e1d5-5ad3-a5bc-22754c68a729,yusuf mohamed adan,mustafa mohamed fadhil,Somalia,,70.0,REVIEW
9e652d34-33f0-55be-9065-021f6d5b73a0,5b1f9cfe-6333-5a34-bf72-4601e91daba9,mohamed farah nur,abdirahman mohamed omar,Somalia,so,70.0,REVIEW
ac9c6dc5-aee9-5725-a52b-091d465c61b4,c323f37c-eef6-54a5-a08e-bb7371769a13,khadija mohamed dirie,fuad mohamed khalaf,Somalia,so,70.0,REVIEW
5cff8227-0cc5-54ce-b42b-49dcaa264103,fa5e6467-4f7b-5629-a360-d4c54ac73e3e,hussein abdelbagi ayii,abbas hussein harb,South Sudan,,70.0,REVIEW
eedd9de3-df3c-5564-a608-c8eb6ac024a3,04988ed9-92b2-5160-851e-05eec93efd6b,ali al-sadiq,ali abdi,Sudan,ir,70.0,REVIEW
6f8d3b0a-45bb-5b76-a210-ac13674d0b7b,971fb4b9-ba28-52fa-871a-346865fa318e,haitham muhammad ibrahim,kayiira muhammad,Sudan,ug,70.0,REVIEW
c3bbe851-9ce5-554f-ada1-dce8062fef6f,d72482c5-ddc9-5b1f-b377-a3d91bbc073c,muhammad hassan dahab,muhammad kawtharani,Sudan,lb,70.0,REVIEW
c3bbe851-9ce5-554f-ada1-dce8062fef6f,353d33bb-6dc1-5a91-bdd2-e8c889702d03,muhammad hassan dahab,ali muhammad hamsho,Sudan,sy,70.0,REVIEW
c3bbe851-9ce5-554f-ada1-dce8062fef6f,de83e0e7-6e28-54fc-941a-4997cbf117c9,muhammad hassan dahab,muhammad hasan ra'd,Sudan,,70.0,REVIEW
ebde17af-0f5f-5666-9c58-0b7aa0a193b4,3d03156c-1c9d-5ef4-845a-d9d2acee9e60,muhammad said al-hilu,muhammad nafi bilal,Sudan,sy,70.0,REVIEW
ebde17af-0f5f-5666-9c58-0b7aa0a193b4,cf9bcb9f-16d9-54fc-864e-95a75b6df554,muhammad said al-hilu,muhammad al-ghazali,Sudan,ye,70.0,REVIEW
5ec1e0a5-433c-5bf7-8b06-84debf49cce3,9b6d3da5-aed6-5c59-bf90-1f7e151614d4,hafiz ibrahim,ibrahim,Sudan,,70.0,REVIEW
4d4f318b-4f78-52c3-9f1c-4420cd2abce4,a01c1a09-17f3-5632-9fa8-dd31ecadbe7e,husayn yahia jangul,jamal husayn zayniyah,Sudan,sy,70.0,REVIEW
707d43e8-fd9d-552b-9d4e-c962dfa72b32,371fe94e-80d1-5e84-b411-b93248534017,muhammad abdallah idris muhammad,muhammad jibril abdul rahman,Sudan,id,70.0,REVIEW
c2369b0c-9fa5-5e0b-a144-0128a0d33c6e,411c55ae-43dc-54f7-b674-1f64a985839c,muhammad al-bashir,muhammad ghaleb hamdar,Syria,,70.0,REVIEW
c642e938-cd89-5e91-9622-aed80cd03086,6904ecc7-3a71-5de4-bded-8844445b3665,mustafa abd al-razzaq,abd al-razzak fitwi,Syria,sd,70.0,REVIEW
c6fa8dc2-0c43-5716-a8f0-5846972e48d6,e34e737c-63a0-55f1-a821-2182a6d0f9fc,muhammad samih hamid,muhammad yunis ahmad,Syria,iq,70.0,REVIEW
c6fa8dc2-0c43-5716-a8f0-5846972e48d6,15447833-e9e1-5a3d-94e7-44f3b23dad6d,muhammad samih hamid,jihad muhammad qansu,Syria,,70.0,REVIEW
f1893e35-9928-5ce0-af44-00b62eb1ba2e,ae883b32-5d9b-535f-b515-80b8dfdc2a93,shi-kai chen,zhi chen,Taiwan,cn,70.0,REVIEW
bfc2546e-00c3-5a33-8416-85acd1c661d3,8a27ccb4-c739-52cc-834d-ef2f6767d337,kuo-yu han,kwon u han,Taiwan,,70.0,REVIEW
da26ea4c-2b63-59b2-bf51-a1ff36e138f1,6c46c88f-d1d9-5b24-b1c2-6e1489ad794a,jen-ni yang,jian yang,Taiwan,cy,70.0,REVIEW
b1dd2d80-3dba-5e4c-9139-62615589eb7d,4d22fdcf-1d91-55ea-a4f0-ce34350a6018,shu-tzu chen,zhu chen,Taiwan,,70.0,REVIEW
8c4d6fd1-69f0-5e83-a00f-821268cd901b,ae883b32-5d9b-535f-b515-80b8dfdc2a93,chin-te chen,zhi chen,Taiwan,cn,70.0,REVIEW
27a606e9-3d1c-5090-87b0-7ed4ad4c2229,16eee665-a02c-5d2a-9328-242afee82530,hussein ali mwinyi,walid hussein al-jasim,Tanzania,sy,70.0,REVIEW
3a0d6570-b49b-518d-986e-d4d4a15cc518,df910b27-582d-52d9-9d98-887728077534,muhammad bin zayid,muhammad hamza zubaidi,United Arab Emirates,iq,70.0,REVIEW
8ccd6ff8-3d3d-5016-993c-1130fb200eb8,a2949252-ed6b-50b2-9336-9dd8c574d07a,abdullah bin muhair al-katbi,abu abdullah ibn umar al-barnawi,United Arab Emirates,,70.0,REVIEW
a6104e7a-2b06-56bb-a83d-fe890acafba1,2f4c87b0-a715-5497-a852-abcb67ee4ad0,khalid muhammad balama,ali muhammad kazan,United Arab Emirates,,70.0,REVIEW
b629371d-eb8a-55fe-a68f-1489ae0065f2,411c55ae-43dc-54f7-b674-1f64a985839c,muhammad abushahab,muhammad ghaleb hamdar,United Arab Emirates,,70.0,REVIEW
b629371d-eb8a-55fe-a68f-1489ae0065f2,4174892c-2ec8-5609-951f-4b1ded52c468,muhammad abushahab,hassan muhammad daqqou,United Arab Emirates,sy,70.0,REVIEW
814f6364-4fb4-5d16-91f3-5310499e225d,92365381-7d5d-55e7-9b03-602df4e76a5a,douglas alexander,alexander montoya usuga,United Kingdom,,70.0,REVIEW
cce89b74-c8b4-59c3-92c5-11fd66faec6b,16296554-b28f-54da-a0f6-921b2a084b42,juan carlos loyo,juan carlos olivas ojeda,Venezuela,mx,70.0,REVIEW
cce89b74-c8b4-59c3-92c5-11fd66faec6b,5c426280-06e0-55f6-bf96-9cc44fa58487,juan carlos loyo,juan carlos mesa vallejo,Venezuela,,70.0,REVIEW
74c5a8b5-73c1-51e5-879f-45797a60e50b,6de858cf-5b0d-55e0-b747-c1c4b6790cf7,vladimir padrino lopez,vladimir lazarevic,Venezuela,,70.0,REVIEW
3af07ca8-cecc-5baf-8a7f-aeba0f1d105b,7cae659a-be30-5253-8781-5c7d359aafbe,abd al-nasser al-wali,hajji 'abd al-nasir,Yemen,iq,70.0,REVIEW
ae54960f-d347-5091-8aed-043644222a3d,a0ab2f33-f730-54b9-85db-4d9ed14f6087,ahmad omar muhammad arman,muhammad haydar,Yemen,,70.0,REVIEW
dd664d25-67a8-5268-ab40-0f566fd51348,9a70e77d-dcf1-5b92-96b6-db288589781e,hussein al-aghbari,hussein al-hajj hassan,Yemen,lb,70.0,REVIEW
60703c42-976d-5078-8240-0e96bfee1620,5a709dbd-64b1-5012-a89e-40160759f3fd,abd al-wahab abdullah ahmed al-hajri,abdo abdullah dael ahmed,Yemen,ye,70.0,REVIEW
