cia_id,ofac_id,cia_name,ofac_name,cia_country,ofac_nationality,name_score,country_match,position_match,combined_score,match_signals,recommended_action
a62082bb-02ac-54a1-a89f-a0e1812e97ab,ad2805d2-ea35-5cb9-b77b-c679abdeddcb,thet khaing win,thet khaing win,Burma,zm,100.0,1,1,100.0,"name=100; country=['zm']; position_overlap=['health', 'minister']",AUTO_MERGE
e34a8c44-98dd-5ac0-bc86-3b7b3542af48,54c8d4bc-15b5-51d0-9721-332344f95224,myint kyaing,myint kyaing,Burma,zm,100.0,1,1,100.0,"name=100; country=['zm']; position_overlap=['minister', 'population']",AUTO_MERGE
9d54415d-7bd7-5fd1-a802-831857a8bde0,ea94ea94-8ff4-50f5-9f95-b89370a17a71,khin maung yi,khin maung yi,Burma,zm,100.0,1,1,100.0,name=100; country=['zm']; position_overlap=['minister'],AUTO_MERGE
dbd56978-3c91-5cb4-a160-a74b25559ff1,dd5df561-497b-5864-a00e-77d1aa004542,oscar rolando castro,oscar rolando castro,El Salvador,sv,100.0,1,1,100.0,name=100; country=['sv']; position_overlap=['minister'],AUTO_MERGE
cc616297-3e2c-5035-bb7f-1fdb127363a5,118a1ba5-17c3-5ef9-b6da-2b5c86ddb3a2,song kim,song kim,"Korea, North",kp,100.0,1,1,100.0,name=100; country=['kp']; position_overlap=['representative'],AUTO_MERGE
19d89641-666f-5f5d-a65b-d189af5e95fe,dd11d8a6-1c47-576a-bd7d-9e859c70bbae,vladimir vladimirovich putin,vladimir vladimirovich putin,Russia,ru,100.0,1,1,100.0,name=100; country=['ru']; position_overlap=['president'],AUTO_MERGE
a7ef6f2b-def0-5e28-8b24-11994bcbf1a1,bf4ed30c-c5b8-514e-a182-2cf05077c2fe,elvira sakhipzadovna nabiullina,elvira sakhipzadovna nabiullina,Russia,ru,100.0,1,1,100.0,"name=100; country=['ru']; position_overlap=['bank', 'central']",AUTO_MERGE
847c616c-7fac-5e18-8cd4-83659e454a1f,affd01c7-7dc5-5838-b9e3-b7ba54072d68,michael makuei lueth,michael makuei lueth,South Sudan,ss,100.0,1,1,100.0,"name=100; country=['ss']; position_overlap=['information', 'minister']",AUTO_MERGE
be794450-1d28-5aeb-8689-c472c3831c2a,38a38392-3af8-5618-b95d-bb829bb533dd,emmerson dambudzo mnangagwa,emmerson dambudzo mnangagwa,Zimbabwe,zw,100.0,1,1,100.0,name=100; country=['zw']; position_overlap=['president'],AUTO_MERGE
9f7f1740-b4dd-5baa-9f5c-0df51713cbf6,e2cf87c6-53f3-5425-9a53-7060cadb523b,sergey viktorovich lavrov,sergei viktorovich lavrov,Russia,ru,96.0,1,1,97.6,"name=96; country=['ru']; position_overlap=['affairs', 'foreign']",AUTO_MERGE
c77a5bb1-cfd5-5872-9ec9-9811ba60728d,965a6cd1-096d-5eb6-a3da-47c2d8d0fcde,benjamin bol mel kuol,benjamin bol mel,South Sudan,ss,86.49,1,1,91.89,name=86; country=['ss']; position_overlap=['president'],AUTO_MERGE
cc616297-3e2c-5035-bb7f-1fdb127363a5,93bbb94d-7571-5e6e-84d0-b12b0f27b292,song kim,yong su kim,"Korea, North",kp,84.21,1,1,90.53,name=84; country=['kp']; position_overlap=['representative'],AUTO_MERGE
40dc6e88-31c2-58d0-9e4d-ca4288801a59,083c410c-62dc-51be-a045-685d8ab248d5,kan zaw,kan zaw,Burma,zm,100.0,1,0,90.0,name=100; country=['zm'],AUTO_MERGE
02c196a0-75e4-5a59-9330-bda79605215b,e7ad0206-0a8d-5ce7-a6ed-da51309bf46a,charlie than,charlie than,Burma,zm,100.0,1,0,90.0,name=100; country=['zm'],AUTO_MERGE
8bfebf3d-d2e1-51f2-80ad-b9825a093331,86802f9b-c92c-534d-8ff9-714ab4fce450,thida oo,thida oo,Burma,zm,100.0,1,0,90.0,name=100; country=['zm'],AUTO_MERGE
916e711b-5ecb-5a02-affd-b48aaabf2bc2,258947f2-5523-5945-830d-ff9045bd70b8,mayra arevich marin,mayra arevich marin,Cuba,cu,100.0,1,0,90.0,name=100; country=['cu'],AUTO_MERGE
5bae5d9f-85e1-5aa2-9cd8-48ba01a971aa,adba0e71-f456-579a-99a9-856c339d2bd0,vicente de la o levy,vicente de la o levy,Cuba,cu,100.0,1,0,90.0,name=100; country=['cu'],AUTO_MERGE
914227d7-ea88-56fa-8eb9-2ab9f53c5bd9,a13be4ad-c295-5db7-a14d-b5b136bd6ec5,alvaro lopez miera,alvaro lopez miera,Cuba,cu,100.0,1,0,90.0,name=100; country=['cu'],AUTO_MERGE
e91b66bd-423a-5eda-98ed-290a3b48d3b3,898d6682-43bc-5831-b7f3-59a0e20adcd3,esmail khatib,esmail khatib,Iran,ir,100.0,1,0,90.0,name=100; country=['ir'],AUTO_MERGE
b700b190-27ae-5cb1-941c-0a513750a653,40c9e172-e82a-525e-9db4-ff12994ba0f5,yong gil ri,yong gil ri,"Korea, North",kp,100.0,1,0,90.0,name=100; country=['kp'],AUTO_MERGE
aa56f7cd-8124-55bc-8dcd-de6ced13604a,48e724dd-d5ab-585b-b85d-1076ac67409c,mohamed ameen,mohamad ameen,Maldives,mv,100.0,1,0,90.0,name=100; country=['mv'],AUTO_MERGE
e0f2e88f-fdb6-56ee-9e79-13bf5c088add,3e141a0e-c791-5a82-babd-0e3ed0e4ced1,rosa adelina barahona castro,rosa adelina barahona castro,Nicaragua,ni,100.0,1,0,90.0,name=100; country=['ni'],AUTO_MERGE
a7414c3b-d668-5476-956f-f03b45da86ad,8762da47-803a-51e5-a2c1-6b6dbc6bbcd6,leonardo ovidio reyes ramirez,leonardo ovidio reyes ramirez,Nicaragua,ni,100.0,1,0,90.0,name=100; country=['ni'],AUTO_MERGE
006ad23e-54a7-54a1-8822-9ce4af2635fc,ccaf6b49-9281-5587-af2c-005ad0adc2c5,mikhail vladimirovich mishustin,mikhail vladimirovich mishustin,Russia,ru,100.0,1,0,90.0,name=100; country=['ru'],AUTO_MERGE
19ff653a-9fd8-5e8e-9100-5ac9c86d729d,6b275edd-e429-5f28-9c99-c3211b6641ed,denis valentinovich manturov,denis valentinovich manturov,Russia,ru,100.0,1,0,90.0,name=100; country=['ru'],AUTO_MERGE
42defa76-8f86-50dd-aa3e-996fc951a68e,42f58d87-1016-59ae-b157-d0cec815bd2a,tatyana alekseyevna golikova,tatyana alekseyevna golikova,Russia,ru,100.0,1,0,90.0,name=100; country=['ru'],AUTO_MERGE
e88ec916-09a6-5abb-b9eb-c436c3385409,5ca9c293-7375-5c63-9e9a-5200c0d7acb2,marat shakirzyanovich khusnullin,marat shakirzyanovich khusnullin,Russia,ru,100.0,1,0,90.0,name=100; country=['ru'],AUTO_MERGE
e596913c-6bee-572c-9253-b056bad653ec,05b6020e-de54-519e-a17b-bd619174085a,yuriy petrovich trutnev,yuriy petrovich trutnev,Russia,ru,100.0,1,0,90.0,name=100; country=['ru'],AUTO_MERGE
b45b6c16-05c3-5345-95eb-c1c6135f61b2,cad6a2a0-e6f0-5a52-b5c5-4660dc15d508,aleksandr valentinovich novak,aleksandr valentinovich novak,Russia,ru,100.0,1,0,90.0,name=100; country=['ru'],AUTO_MERGE
7577e6ac-6813-5c14-a64b-543cff310d82,9e4709db-f150-56f6-809e-1bce23cf8674,aleksandr vyacheslavovich kurenkov,aleksandr vyacheslavovich kurenkov,Russia,ru,100.0,1,0,90.0,name=100; country=['ru'],AUTO_MERGE
dcec7de1-abdf-59fb-b307-d4eefda190be,0e064bb3-a50f-5bae-af67-57357b865538,olga borisovna lyubimova,olga borisovna lyubimova,Russia,ru,100.0,1,0,90.0,name=100; country=['ru'],AUTO_MERGE
a1ba40bc-1093-5b3a-8915-c71338aae763,9d3ea8b8-40c8-5832-b9a0-9f37fa1f151c,andrey removich belousov,andrey removich belousov,Russia,ru,100.0,1,0,90.0,name=100; country=['ru'],AUTO_MERGE
baf13575-cd11-5c0c-ae96-f537015d05c2,ab94fba2-cb4d-592a-b94a-f3bae7188131,aleksey olegovich chekunkov,aleksey olegovich chekunkov,Russia,ru,100.0,1,0,90.0,name=100; country=['ru'],AUTO_MERGE
5ae8202c-5c03-5346-971f-d088c5aae8ef,e7a1f037-c48f-5181-942a-45d5210ccd4f,maksut igorevich shadayev,maksut igorevich shadayev,Russia,ru,100.0,1,0,90.0,name=100; country=['ru'],AUTO_MERGE
df456803-12e3-51a9-be87-159ecd3813eb,0172217b-6313-5cad-9df7-3fee5525e210,anton germanovich siluanov,anton germanovich siluanov,Russia,ru,100.0,1,0,90.0,name=100; country=['ru'],AUTO_MERGE
5e7ae156-a13d-5428-a59e-f95c95f775d2,5eac0254-436b-547c-bfea-d19ba3003535,anton andreyevich alikhanov,anton andreyevich alikhanov,Russia,ru,100.0,1,0,90.0,name=100; country=['ru'],AUTO_MERGE
ed18924e-5c9b-5e5b-803d-27f2be535e3b,ef39e7fb-9b64-587e-b13f-7ab97c902d4e,anton olegovich kotyakov,anton olegovich kotyakov,Russia,ru,100.0,1,0,90.0,name=100; country=['ru'],AUTO_MERGE
cd6c171d-c9ca-554f-891b-755908ea691e,12993ca2-31ca-5a99-b0ed-d4af2bdddcc7,aleksandr aleksandrovich kozlov,aleksandr aleksandrovich kozlov,Russia,ru,100.0,1,0,90.0,name=100; country=['ru'],AUTO_MERGE
fbee7b65-a0d0-5c1f-b1ab-b1bba5553a9b,f65fb88c-0393-5536-af04-a4a5cba3e4e0,valeriy nikolayevich falkov,valeriy nikolayevich falkov,Russia,ru,100.0,1,0,90.0,name=100; country=['ru'],AUTO_MERGE
d6e33049-9c30-57e4-8fa8-e9317955ad2e,61017f97-ff10-50ab-bd07-68bb3bb78df7,mikhail vladimirovich degtyarev,mikhail vladimirovich degtyarev,Russia,ru,100.0,1,0,90.0,name=100; country=['ru'],AUTO_MERGE
dbe82bd4-dc46-57b0-b0e4-d46ff1522618,642ef1b3-60d2-50a2-8857-4bfb5551847a,roman vladimirovich starovoyt,roman vladimirovich starovoyt,Russia,ru,100.0,1,0,90.0,name=100; country=['ru'],AUTO_MERGE
cc74e525-c18d-5f6c-8a8b-ea66a557c6bc,0a81da37-a95c-5597-abc7-32b34d6c5eb1,sergey yevgenyevich naryshkin,sergey yevgenyevich naryshkin,Russia,ru,100.0,1,0,90.0,name=100; country=['ru'],AUTO_MERGE
5a40938c-c4cf-5c03-9c07-57752fe5b7b4,8d63a8fa-433f-52b5-8ddd-c52e235ef793,nenad popovic,nenad popovic,Serbia,rs,100.0,1,0,90.0,name=100; country=['rs'],AUTO_MERGE
aa6b103e-39e7-59b0-9f95-7e0a0b2ee9ab,ac0ba7ec-63f2-5af5-82bf-de0a04e2c038,taban deng gai,taban deng gai,South Sudan,ss,100.0,1,0,90.0,name=100; country=['ss'],AUTO_MERGE
74c5a8b5-73c1-51e5-879f-45797a60e50b,b01d289b-7a09-5a14-84ef-26064268e81b,vladimir padrino lopez,vladimir padrino lopez,Venezuela,ve,100.0,1,0,90.0,name=100; country=['ve'],AUTO_MERGE
a7f6b2f9-1666-5d11-966d-b03d88a6038c,40043aef-09c4-5627-b200-4043d9116191,dmitriy nikolayevich chernyshenko,dmitriy nikolaevich chernyshenko,Russia,ru,98.46,1,0,89.08,name=98; country=['ru'],AUTO_MERGE
f6fc2069-2869-5228-bae4-9e65d297ee4d,58824435-8c8e-5c08-bf22-343a10e865a8,dmitriy yuriyevich grigorenko,dmitriy yuryevich grigorenko,Russia,ru,98.25,1,0,88.95,name=98; country=['ru'],AUTO_MERGE
f11ad005-002c-53ae-9cda-c70654fa1f7d,6ab2c489-99a1-57c0-bdba-e308e53d660e,vitaliy gennadyevich savelyev,vitaly gennadyevich savelyev,Russia,ru,98.25,1,0,88.95,name=98; country=['ru'],AUTO_MERGE
d6349380-567c-5b96-abf4-ddcd3faa1f5a,ea94ea94-8ff4-50f5-9f95-b89370a17a71,khin maung soe,khin maung yi,Burma,zm,81.48,1,1,88.89,name=81; country=['zm']; position_overlap=['minister'],AUTO_MERGE
29a39d94-a45e-5891-a61a-73c87f60aa6c,55e23a00-c425-5ddd-8160-7592083ecc39,konstantin anatolyevich chuychekno,konstantin anatolyevich chuychenko,Russia,ru,97.06,1,0,88.24,name=97; country=['ru'],AUTO_MERGE
b34bfe19-0003-548f-8bb3-afa10a3f7a47,cbd5574b-be95-5c3d-985a-09ecf5aa0b45,irek envarovich fayzullin,irek envarovich faizullin,Russia,ru,96.0,1,0,87.6,name=96; country=['ru'],AUTO_MERGE
85da5294-bb31-5f57-9cb1-bc4d767cffe5,8fc29b19-eea0-5709-8e09-6abc99614982,igor viktorovich krasnov,igor victorovich krasnov,Russia,ru,95.83,1,0,87.5,name=96; country=['ru'],AUTO_MERGE
f21fad05-0e28-5492-a4e5-4ca30560fe5c,4ec04ba4-e0f9-5e74-8dde-50b4f93866e8,vladimir aleksandrovich kolokoltsev,vladimir alexandrovich kolokoltsev,Russia,ru,95.65,1,0,87.39,name=96; country=['ru'],AUTO_MERGE
cbc77aa2-a2ff-59f0-b3ba-597e679e7517,16b5609a-dca7-5bde-905a-db16dcaf2f23,maksim gennadyevich reshetnikov,maxim gennadyevich reshetnikov,Russia,ru,95.08,1,0,87.05,name=95; country=['ru'],AUTO_MERGE
1e68a075-f6b8-5fef-9e9c-20ba346d9a35,54c8d4bc-15b5-51d0-9721-332344f95224,maung myint,myint kyaing,Burma,zm,78.26,1,1,86.96,name=78; country=['zm']; position_overlap=['minister'],AUTO_MERGE
a02de48a-caf5-5505-ba51-5a38d2e02d9f,f94cc52e-7c0e-5ab7-9116-8acb8d38b55e,sok chol jo,yong chol jo,"Korea, North",kp,78.26,1,1,86.96,name=78; country=['kp']; position_overlap=['state'],AUTO_MERGE
c3bbe851-9ce5-554f-ada1-dce8062fef6f,22308161-827c-5c1a-be93-5080efa03b61,muhammad hassan dahab,ahmad muhammed harun,Sudan,sd,78.05,1,1,86.83,name=78; country=['sd']; position_overlap=['minister'],AUTO_MERGE
7761ba11-48e5-505e-9dac-b7014646adda,66d6b25f-29af-5b8e-ac7d-142ad6d3f6f0,tun aung,htun aung,Burma,zm,94.12,1,0,86.47,name=94; country=['zm'],AUTO_MERGE
f09fa64f-3749-5bb9-8eae-47aa0e56fc7c,10cb3547-278f-513c-835c-464ee597b34a,mohamad-reza farzin,mohammad reza hashemifar,Iran,ir,77.27,1,1,86.36,name=77; country=['ir']; position_overlap=['iran'],AUTO_MERGE
a94b2e8e-85d9-507b-a1ca-4de6aa6b733e,7d5925c3-36b7-555b-ab91-d969cc28db32,kyong chol choe,chol ryong choe,"Korea, North",kp,93.33,1,0,86.0,name=93; country=['kp'],AUTO_MERGE
0a20c63b-a3e5-5b97-9a17-2fa6525d1530,e33c79c3-7c0c-587f-8156-e3bdba2f2a2e,aleksandr vasilyevich bortnikov,alexander vasilyevich rakitin,Russia,ru,76.67,1,1,86.0,name=77; country=['ru']; position_overlap=['federal'],AUTO_MERGE
7761ba11-48e5-505e-9dac-b7014646adda,71e2c383-be37-5093-847b-bcdc810d2990,tun aung,tun tun naung,Burma,zm,76.19,1,1,85.71,name=76; country=['zm']; position_overlap=['minister'],AUTO_MERGE
d6349380-567c-5b96-abf4-ddcd3faa1f5a,8c14a324-a725-588f-ab07-0cdb0543a4a6,khin maung soe,khin maung swe,Burma,zm,92.86,1,0,85.71,name=93; country=['zm'],AUTO_MERGE
ae0688ac-473c-5dd1-9ef0-30bcdc52c48b,d52388c2-d539-5997-8f04-bd7eb3a0a6be,sergey kuzhugetovich shoygu,sergei kuzhugetovich shoigu,Russia,ru,92.59,1,0,85.56,name=93; country=['ru'],AUTO_MERGE
257b7973-9bb2-564f-b8c5-1a55c239efc9,86f78ac3-c178-5fef-8754-9e7ec6d5010b,chung song kim,song hun kim,"Korea, North",kp,92.31,1,0,85.38,name=92; country=['kp'],AUTO_MERGE
39fa2df2-bd23-592f-829d-992d069a2c67,4b492a42-257b-561b-b934-11bd8a89b7b9,nyunt win swe,myo swe win,Burma,zm,75.0,1,1,85.0,name=75; country=['zm']; position_overlap=['minister'],AUTO_MERGE
cdd8b352-c89d-507f-b19d-8850b50d0595,87970c53-24df-5bdc-b2e4-08b9e5135518,soe win,win shein,Burma,zm,75.0,1,1,85.0,name=75; country=['zm']; position_overlap=['minister'],AUTO_MERGE
47ad2603-a5d2-5b3c-b035-391c6c9fadf7,86f78ac3-c178-5fef-8754-9e7ec6d5010b,song jun kim,song hun kim,"Korea, North",kp,91.67,1,0,85.0,name=92; country=['kp'],AUTO_MERGE
19d89641-666f-5f5d-a65b-d189af5e95fe,90438f3b-5de3-5e92-abda-5361dff13595,vladimir vladimirovich putin,vladimir vladimirovich gugnin,Russia,ru,91.23,1,0,84.74,name=91; country=['ru'],REVIEW
72004bb0-b77a-50ae-bfde-809521de7dbb,7f82f1be-9b2f-5e70-91de-0dc6fe44efb7,muhammad al-manfi,mohamed al-kani,Libya,ly,90.91,1,0,84.55,name=91; country=['ly'],REVIEW
d9756efe-cc99-53be-a5ab-5d628cdf6f9e,467218c6-82ce-5327-85be-929955b88210,abd al-fatah al-burhan,abdel fattah al-burhan,Sudan,sd,90.91,1,0,84.55,name=91; country=['sd'],REVIEW
0a20c63b-a3e5-5b97-9a17-2fa6525d1530,4c73922d-0762-5de7-9958-cfa5bec36bdb,aleksandr vasilyevich bortnikov,alexander vasilyevich terentyev,Russia,ru,74.19,1,1,84.52,name=74; country=['ru']; position_overlap=['federal'],REVIEW
b763a905-8245-5ecd-98c7-069313da9814,7a3fb8be-832e-5e4c-8203-79bb5816f264,guoqing zhang,xiaoming zhang,China,cn,74.07,1,1,84.44,"name=74; country=['cn']; position_overlap=['council', 'state']",REVIEW
dd9c3037-a953-52b4-a3e2-2e6f5fb936de,f8d6008c-9553-5c94-b30c-d02f481bee61,hamid pur-mohammadi,gholamali mohammadi,Iran,ir,73.68,1,1,84.21,name=74; country=['ir']; position_overlap=['organization'],REVIEW
cc616297-3e2c-5035-bb7f-1fdb127363a5,3994612e-996b-596c-91b7-90cd5320c49c,song kim,tong-ho kim,"Korea, North",kp,73.68,1,1,84.21,name=74; country=['kp']; position_overlap=['representative'],REVIEW
cd6c171d-c9ca-554f-891b-755908ea691e,0b0d6f4b-9de1-5c54-a532-87783a0cfa57,aleksandr aleksandrovich kozlov,aleksandr aleksandrovich vyalov,Russia,ru,90.32,1,0,84.19,name=90; country=['ru'],REVIEW
0a20c63b-a3e5-5b97-9a17-2fa6525d1530,76cbb8ea-cae4-5a3d-bd31-b4c653c81695,aleksandr vasilyevich bortnikov,alexander vasilievich bortnikov,Russia,ru,90.32,1,0,84.19,name=90; country=['ru'],REVIEW
89f001cd-ac00-5e5c-aa4e-decf21d1bc68,dcafa5b1-1147-51d8-aea6-aa17e9ea3984,nguyen van hung,van nguyen hoang,Vietnam,vn,90.32,1,0,84.19,name=90; country=['vn'],REVIEW
8ff32fca-16f0-5fe7-a001-94a6de60c230,7dab843d-4fbe-5a3a-84c0-c2d3b44d7477,ricardo menendez prieto,ricardo jose menendez prieto,Venezuela,ve,90.2,1,0,84.12,name=90; country=['ve'],REVIEW
a94b2e8e-85d9-507b-a1ca-4de6aa6b733e,cf8b6a77-2e92-5cbe-b1a0-def677d911eb,kyong chol choe,song chol choe,"Korea, North",kp,89.66,1,0,83.79,name=90; country=['kp'],REVIEW
19d89641-666f-5f5d-a65b-d189af5e95fe,704dc740-0dac-5ad4-a26e-2b42cacc16f4,vladimir vladimirovich putin,vladimir vladimirovich gutenev,Russia,ru,89.66,1,0,83.79,name=90; country=['ru'],REVIEW
19d89641-666f-5f5d-a65b-d189af5e95fe,be79f221-098c-54ef-9b32-2dd1efb26e31,vladimir vladimirovich putin,vladimir vladimirovich plyakin,Russia,ru,89.66,1,0,83.79,name=90; country=['ru'],REVIEW
4f97e070-844c-5f64-9009-4313a4d4bbd8,b0bb62be-befe-59f0-84b3-6de436d4117f,shih-chung chen,shih huan chen,Taiwan,tw,89.66,1,0,83.79,name=90; country=['tw'],REVIEW
cd6c171d-c9ca-554f-891b-755908ea691e,db8e2b6e-c6dc-5502-ba2a-10e7e5d92c59,aleksandr aleksandrovich kozlov,aleksandr aleksandrovich volosovik,Russia,ru,89.23,1,0,83.54,name=89; country=['ru'],REVIEW
cd6c171d-c9ca-554f-891b-755908ea691e,5b97917a-f8c5-5ca0-82db-aa6334d73529,aleksandr aleksandrovich kozlov,aleksandr aleksandrovich pushkov,Russia,ru,88.89,1,0,83.33,name=89; country=['ru'],REVIEW
0a20c63b-a3e5-5b97-9a17-2fa6525d1530,79a8e35a-8a46-5cca-a1e6-8652bba15fe9,aleksandr vasilyevich bortnikov,aleksandr nikolaevich nekrasov,Russia,ru,72.13,1,1,83.28,name=72; country=['ru']; position_overlap=['federal'],REVIEW
e28ecbaf-3233-5e7f-aed6-d0721c8b3bc9,87285f8f-9572-5b10-abba-1e79dc0b295e,jong gyu sung,yong su jong,"Korea, North",kp,72.0,1,1,83.2,name=72; country=['kp']; position_overlap=['minister'],REVIEW
3f5caa9c-1967-511d-a235-da7d3d2c5422,1e7bc14e-c510-5c41-9b16-8d2bc69ef3da,chol gu kang,kwang chol ro,"Korea, North",kp,72.0,1,1,83.2,name=72; country=['kp']; position_overlap=['minister'],REVIEW
19d89641-666f-5f5d-a65b-d189af5e95fe,194b6c2a-b8b3-5fb0-a107-8da37fdf9b2e,vladimir vladimirovich putin,vladimir vladimirovich sipyagin,Russia,ru,88.14,1,0,82.88,name=88; country=['ru'],REVIEW
cd6c171d-c9ca-554f-891b-755908ea691e,12d0ea22-02b9-5578-8767-16770cb3864b,aleksandr aleksandrovich kozlov,aleksandr aleksandrovich mukhanov,Russia,ru,87.5,1,0,82.5,name=88; country=['ru'],REVIEW
e74015a4-94f9-5bf9-ad3a-aa0abcc16c92,e5e98089-536e-595f-b9cf-1edcc07dc3b7,aleksandar vucic,aleksandar vulin,Serbia,rs,87.5,1,0,82.5,name=88; country=['rs'],REVIEW
cd6c171d-c9ca-554f-891b-755908ea691e,e3c4c70b-0f96-50e3-adf7-72f69fe98492,aleksandr aleksandrovich kozlov,aleksandr aleksandrovich ivanov,Russia,ru,87.1,1,0,82.26,name=87; country=['ru'],REVIEW
f9c11f75-2319-572a-8e2f-c836357552e5,d00fc5c9-78c0-5d13-a35e-28ce581e024f,jong un kim,jong man kim,"Korea, North",kp,86.96,1,0,82.17,name=87; country=['kp'],REVIEW
db80e495-6578-5cc9-8b23-b56d2587e7a3,62242724-dd04-5f07-8346-f4298bcc659d,song nam kim,nam ung kim,"Korea, North",kp,86.96,1,0,82.17,name=87; country=['kp'],REVIEW
d0495abd-8e55-518b-87c8-ff979fa8ac3f,cbdf6cc1-c16a-5fe1-886e-2b0d74882a0b,in chol pak,chol nam pak,"Korea, North",kp,86.96,1,0,82.17,name=87; country=['kp'],REVIEW
a02de48a-caf5-5505-ba51-5a38d2e02d9f,4c764df4-42ba-5b64-9a59-3fe70dd4d74f,sok chol jo,chol song jo,"Korea, North",kp,86.96,1,0,82.17,name=87; country=['kp'],REVIEW
8cd0c6e3-caab-55c5-94be-0cc31f55b070,f26aaf2e-a651-517b-aba9-903eb8ff7e80,jong ho yun,un jong choe,"Korea, North",kp,86.96,1,0,82.17,name=87; country=['kp'],REVIEW
47ad2603-a5d2-5b3c-b035-391c6c9fadf7,9eddb6a0-baeb-5b5c-b6f2-4b9577c189b7,song jun kim,yong ju kim,"Korea, North",kp,86.96,1,0,82.17,name=87; country=['kp'],REVIEW
cc81e615-d493-582e-afc5-946ac6cfb9f5,3a697517-1a1e-5bbd-8932-f90088886e14,chol su kim,chol sam kim,"Korea, North",kp,86.96,1,0,82.17,name=87; country=['kp'],REVIEW
cc81e615-d493-582e-afc5-946ac6cfb9f5,3a3dfc35-72b0-569a-82a6-51179e0d7e1e,chol su kim,mun chol kim,"Korea, North",kp,86.96,1,0,82.17,name=87; country=['kp'],REVIEW
cc81e615-d493-582e-afc5-946ac6cfb9f5,17547bf6-7d8b-554a-9a98-f93e9fed0066,chol su kim,sok chol kim,"Korea, North",kp,86.96,1,0,82.17,name=87; country=['kp'],REVIEW
1a8f313c-00cf-566a-a5e5-16a23c87195d,45fc9a87-c84e-5d7b-919f-5c53ef64b9cb,mohammad-reza aref,mohammad reza naqdi,Iran,ir,70.27,1,1,82.16,name=70; country=['ir']; position_overlap=['president'],REVIEW
b45b6c16-05c3-5345-95eb-c1c6135f61b2,8dc59fe1-c9bc-5884-981f-090a59f0f708,aleksandr valentinovich novak,aleksandr valentinovich sokolov,Russia,ru,86.67,1,0,82.0,name=87; country=['ru'],REVIEW
f2e02018-97fc-5ed8-8cb3-ae77b8ded28e,fe223057-8866-5d1a-b1aa-dcfc93db0b4e,daniella cabello contreras,daniella desiree cabello contreras,Venezuela,ve,86.67,1,0,82.0,name=87; country=['ve'],REVIEW
016b063f-7385-5c67-abd3-c36f628d8705,87285f8f-9572-5b10-abba-1e79dc0b295e,o su yong,yong su jong,"Korea, North",kp,85.71,1,0,81.43,name=86; country=['kp'],REVIEW
8cd0c6e3-caab-55c5-94be-0cc31f55b070,96c5b369-8173-58f8-bd31-63253c0fff4a,jong ho yun,ho-jin yun,"Korea, North",kp,85.71,1,0,81.43,name=86; country=['kp'],REVIEW
250b1f74-d92a-5b8e-81fd-91f406313e55,57a04792-22f6-5407-b134-7ae3891e193f,chun song jang,song chol jang,"Korea, North",kp,85.71,1,0,81.43,name=86; country=['kp'],REVIEW
19d89641-666f-5f5d-a65b-d189af5e95fe,1485105c-b6e8-5b99-ae34-444f39c35522,vladimir vladimirovich putin,vladimir vladimirovich mazur,Russia,ru,85.71,1,0,81.43,name=86; country=['ru'],REVIEW
1f73df7f-690d-505b-a1a2-f2bc1c2228b8,beec7640-bc85-5529-98b7-8db713ac42cb,yusuf mohamed adan,liibaan yousuf mohamed,Somalia,so,85.71,1,0,81.43,name=86; country=['so'],REVIEW
be95870c-a530-5d64-82da-7bcc1f3e21da,d54ea9cf-dbec-57b4-b052-99b2aa16dcc0,mohamed hamdan dagalo,mohammed hamdan daglo mousa,Sudan,sd,85.71,1,0,81.43,name=86; country=['sd'],REVIEW
dbe82bd4-dc46-57b0-b0e4-d46ff1522618,d24e028e-1238-55f9-b23b-df4100378e2d,roman vladimirovich starovoyt,andrey vladimirovich cherezov,Russia,ru,68.97,1,1,81.38,name=69; country=['ru']; position_overlap=['minister'],REVIEW
93f38396-d1ec-5818-a7cd-bd96fce10d48,22308161-827c-5c1a-be93-5080efa03b61,muhammad bashir,ahmad muhammed harun,Sudan,sd,68.57,1,1,81.14,name=69; country=['sd']; position_overlap=['minister'],REVIEW
232fd0c4-a3d4-5fa6-9946-5e73644c54cf,e9acd7da-0849-5e56-a024-e2c389bda2da,constantino chiwenga,constantino guveya chiwenga,Zimbabwe,zw,85.11,1,0,81.06,name=85; country=['zw'],REVIEW
f09fa64f-3749-5bb9-8eae-47aa0e56fc7c,fc4b0795-746d-548b-98cc-19869fe4a4f1,mohamad-reza farzin,mohammad reza ansari,Iran,ir,85.0,1,0,81.0,name=85; country=['ir'],REVIEW
f09fa64f-3749-5bb9-8eae-47aa0e56fc7c,72b05d3b-baf3-5c54-8ba2-9befe93c04f0,mohamad-reza farzin,mohammad reza kazemi,Iran,ir,85.0,1,0,81.0,name=85; country=['ir'],REVIEW
297286df-6b6c-54b4-9946-4b32fef1fe91,7f82f1be-9b2f-5e70-91de-0dc6fe44efb7,muhammad al-dabib,mohamed al-kani,Libya,ly,84.85,1,0,80.91,name=85; country=['ly'],REVIEW
19d89641-666f-5f5d-a65b-d189af5e95fe,4b5d92e3-323d-545b-bf29-a732803b1c65,vladimir vladimirovich putin,vladimir vladimirovich burmatov,Russia,ru,84.75,1,0,80.85,name=85; country=['ru'],REVIEW
d6e33049-9c30-57e4-8fa8-e9317955ad2e,26a83c3b-1a8e-5ac5-ba41-05129d653657,mikhail vladimirovich degtyarev,mikhail vladimirovich kizeev,Russia,ru,84.75,1,0,80.85,name=85; country=['ru'],REVIEW
f244bdca-f3a8-5d54-9b1b-cc2e39bc638f,9f155f2b-eaf7-51fe-8216-80ab1dfa4deb,yong hwan kim,kyong hak kim,"Korea, North",kp,84.62,1,0,80.77,name=85; country=['kp'],REVIEW
9f7f1740-b4dd-5baa-9f5c-0df51713cbf6,4439d5d0-1348-5060-b2d8-f7314f1a6624,sergey viktorovich lavrov,sergey viktorovich altukhov,Russia,ru,84.62,1,0,80.77,name=85; country=['ru'],REVIEW
803c68f4-eac6-5295-9b06-c18d910d8372,5daae022-5e6a-58e4-8568-2a81bbffa047,gustavo gonzalez lopez,gustavo enrique gonzalez lopez,Venezuela,ve,84.62,1,0,80.77,name=85; country=['ve'],REVIEW
cd6c171d-c9ca-554f-891b-755908ea691e,b02d86aa-766e-5ae4-86e7-694cdb21c935,aleksandr aleksandrovich kozlov,aleksander aleksandrovich mikheev,Russia,ru,84.38,1,0,80.62,name=84; country=['ru'],REVIEW
0d39bb01-068e-53f7-9da1-2b020ccc460d,99ca72e0-6c13-501d-8989-d482ca205cbf,jun zhang,jian zhang,China,cn,84.21,1,0,80.53,name=84; country=['cn'],REVIEW
0d39bb01-068e-53f7-9da1-2b020ccc460d,c8ed261d-1633-5f21-8049-d1e0061ff983,jun zhang,jian zhang,China,cn,84.21,1,0,80.53,name=84; country=['cn'],REVIEW
1a8f313c-00cf-566a-a5e5-16a23c87195d,fc4b0795-746d-548b-98cc-19869fe4a4f1,mohammad-reza aref,mohammad reza ansari,Iran,ir,84.21,1,0,80.53,name=84; country=['ir'],REVIEW
1a8f313c-00cf-566a-a5e5-16a23c87195d,72b05d3b-baf3-5c54-8ba2-9befe93c04f0,mohammad-reza aref,mohammad reza kazemi,Iran,ir,84.21,1,0,80.53,name=84; country=['ir'],REVIEW
016b063f-7385-5c67-abd3-c36f628d8705,1d19abb8-c0ce-5200-9d7a-6ead2282d591,o su yong,su yong ri,"Korea, North",kp,84.21,1,0,80.53,name=84; country=['kp'],REVIEW
98d46526-22bc-5092-acc7-39b7ef15df5f,0bd558aa-1421-5587-843c-f71b34c549df,yu il kim,su gil kim,"Korea, North",kp,84.21,1,0,80.53,name=84; country=['kp'],REVIEW
486633c7-d65d-579c-a85e-bd4fb32cc714,a1683ae8-9d84-575c-8714-e13be351af86,mohammad eslami,mohammad gholami,Iran,ir,83.87,1,0,80.32,name=84; country=['ir'],REVIEW
cd6c171d-c9ca-554f-891b-755908ea691e,6ade5a86-2a1e-50db-9860-79bf90b7a625,aleksandr aleksandrovich kozlov,aleksandr aleksandrovich chasovnikov,Russia,ru,83.58,1,0,80.15,name=84; country=['ru'],REVIEW
40d741c9-456a-5a8c-9a04-618bfaf79267,4b492a42-257b-561b-b934-11bd8a89b7b9,tin maung swe,myo swe win,Burma,zm,66.67,1,1,80.0,name=67; country=['zm']; position_overlap=['minister'],REVIEW
a62082bb-02ac-54a1-a89f-a0e1812e97ab,6ee904dd-58fe-5287-892b-eb9ed3e91b39,thet khaing win,thet thet khine,Burma,zm,66.67,1,1,80.0,name=67; country=['zm']; position_overlap=['minister'],REVIEW
1e68a075-f6b8-5fef-9e9c-20ba346d9a35,ea94ea94-8ff4-50f5-9f95-b89370a17a71,maung myint,khin maung yi,Burma,zm,66.67,1,1,80.0,name=67; country=['zm']; position_overlap=['minister'],REVIEW
cdd8b352-c89d-507f-b19d-8850b50d0595,4b492a42-257b-561b-b934-11bd8a89b7b9,soe win,myo swe win,Burma,zm,66.67,1,1,80.0,name=67; country=['zm']; position_overlap=['minister'],REVIEW
9d54415d-7bd7-5fd1-a802-831857a8bde0,dbbe66d8-2c1c-58a6-823a-9f70986aafc9,khin maung yi,maung ko,Burma,zm,66.67,1,1,80.0,name=67; country=['zm']; position_overlap=['minister'],REVIEW
dbb1d05c-aab2-51f9-afc7-97ddbd7200b9,b2e9a55b-1c7e-5d26-96e5-83cf39b1793e,xiaohong wang,xiaohong ma,China,cn,83.33,1,0,80.0,name=83; country=['cn'],REVIEW
fd8a9ab7-bb25-519d-b586-97a61c0e8c59,17ecb037-65e8-5e4f-bc91-588d54fc7299,shanjie zheng,yanxiong zheng,China,cn,66.67,1,1,80.0,name=67; country=['cn']; position_overlap=['national'],REVIEW
2891b067-2f42-5459-8621-53511cfea482,8d0a57be-9a7b-5efe-9546-1fe9861dff31,hong ni,jinhua hong,China,cn,66.67,1,1,80.0,name=67; country=['cn']; position_overlap=['development'],REVIEW
363283d1-bd77-5bb4-bb10-143090a3b8bb,c2e647b6-5594-597a-9319-cee00675f51a,ahmad meydari,ahmad marvi,Iran,ir,83.33,1,0,80.0,name=83; country=['ir'],REVIEW
1bacae61-7d31-58f3-9a3d-c8f20b1d5fcd,d00fc5c9-78c0-5d13-a35e-28ce581e024f,jong sun kim,jong man kim,"Korea, North",kp,83.33,1,0,80.0,name=83; country=['kp'],REVIEW
6fa2335d-266a-53e7-8246-ad15133afa37,cbdf6cc1-c16a-5fe1-886e-2b0d74882a0b,chol min pak,chol nam pak,"Korea, North",kp,83.33,1,0,80.0,name=83; country=['kp'],REVIEW
6fa2335d-266a-53e7-8246-ad15133afa37,6ca2121f-4d93-5c24-9ed7-0036f0ac6060,chol min pak,thae chol ri,"Korea, North",kp,66.67,1,1,80.0,name=67; country=['kp']; position_overlap=['vice'],REVIEW
0d1d2866-386b-5a8c-8de9-b534f9364050,3a697517-1a1e-5bbd-8932-f90088886e14,kum chol kim,chol sam kim,"Korea, North",kp,83.33,1,0,80.0,name=83; country=['kp'],REVIEW
0d1d2866-386b-5a8c-8de9-b534f9364050,3a3dfc35-72b0-569a-82a6-51179e0d7e1e,kum chol kim,mun chol kim,"Korea, North",kp,83.33,1,0,80.0,name=83; country=['kp'],REVIEW
0d1d2866-386b-5a8c-8de9-b534f9364050,17547bf6-7d8b-554a-9a98-f93e9fed0066,kum chol kim,sok chol kim,"Korea, North",kp,83.33,1,0,80.0,name=83; country=['kp'],REVIEW
0d1d2866-386b-5a8c-8de9-b534f9364050,9fc6c03b-4ec8-5c86-837b-988c47dae158,kum chol kim,min chol kim,"Korea, North",kp,83.33,1,0,80.0,name=83; country=['kp'],REVIEW
c394fac8-0504-562f-861e-71123974b95f,9eddb6a0-baeb-5b5c-b6f2-4b9577c189b7,jae ryong kim,yong ju kim,"Korea, North",kp,83.33,1,0,80.0,name=83; country=['kp'],REVIEW
5f9ee52c-a87d-58ea-896c-92f65a548854,3a3dfc35-72b0-569a-82a6-51179e0d7e1e,chol u yu,mun chol kim,"Korea, North",kp,66.67,1,1,80.0,name=67; country=['kp']; position_overlap=['development'],REVIEW
4741c842-aa4f-5cb6-9d00-509b4d4be52a,d00fc5c9-78c0-5d13-a35e-28ce581e024f,jong nam kim,jong man kim,"Korea, North",kp,83.33,1,0,80.0,name=83; country=['kp'],REVIEW
cc81e615-d493-582e-afc5-946ac6cfb9f5,7bb4c3ef-35ef-52a5-96a5-cca060395539,chol su kim,song chol kim,"Korea, North",kp,83.33,1,0,80.0,name=83; country=['kp'],REVIEW
cc616297-3e2c-5035-bb7f-1fdb127363a5,9f155f2b-eaf7-51fe-8216-80ab1dfa4deb,song kim,kyong hak kim,"Korea, North",kp,66.67,1,1,80.0,name=67; country=['kp']; position_overlap=['representative'],REVIEW
cc616297-3e2c-5035-bb7f-1fdb127363a5,a8cba52b-1ae3-5e9b-b1fb-e13f1da061fe,song kim,yong chol kim,"Korea, North",kp,66.67,1,1,80.0,name=67; country=['kp']; position_overlap=['representative'],REVIEW
cc616297-3e2c-5035-bb7f-1fdb127363a5,e6949688-4f67-5720-8b4c-1657ed06fe5f,song kim,kyong nam kim,"Korea, North",kp,66.67,1,1,80.0,name=67; country=['kp']; position_overlap=['representative'],REVIEW
19d89641-666f-5f5d-a65b-d189af5e95fe,2add14ef-ba1f-5d80-9576-91a9e4c232c6,vladimir vladimirovich putin,vladimir vladimirovich poletayev,Russia,ru,83.33,1,0,80.0,name=83; country=['ru'],REVIEW
d6e33049-9c30-57e4-8fa8-e9317955ad2e,d24e028e-1238-55f9-b23b-df4100378e2d,mikhail vladimirovich degtyarev,andrey vladimirovich cherezov,Russia,ru,66.67,1,1,80.0,name=67; country=['ru']; position_overlap=['minister'],REVIEW
0a20c63b-a3e5-5b97-9a17-2fa6525d1530,7ad426d2-ce91-5baa-955e-f57a41e81aa9,aleksandr vasilyevich bortnikov,aleksandr vasilyevich bogomaz,Russia,ru,83.33,1,0,80.0,name=83; country=['ru'],REVIEW
0a20c63b-a3e5-5b97-9a17-2fa6525d1530,e1f1409e-d42e-57de-b891-5d93e19327ec,aleksandr vasilyevich bortnikov,aleksandr vasilyevich tanchev,Russia,ru,83.33,1,0,80.0,name=83; country=['ru'],REVIEW
0a20c63b-a3e5-5b97-9a17-2fa6525d1530,c76719e4-11d3-595a-a29f-4c1b9e87887e,aleksandr vasilyevich bortnikov,nikolay vasilyevich pankov,Russia,ru,66.67,1,1,80.0,name=67; country=['ru']; position_overlap=['federal'],REVIEW
fe28a4c6-9d92-5e4e-804f-4f03a1c3d81e,22308161-827c-5c1a-be93-5080efa03b61,muhammad abdallah mahmoud,ahmad muhammed harun,Sudan,sd,66.67,1,1,80.0,name=67; country=['sd']; position_overlap=['minister'],REVIEW
304687be-72b5-5f04-8437-e74cf2ccd578,a92b62fc-9bfc-5023-b567-45c7f69f11c3,mohammad-reza salehi-amiri,reza mohammad amin saberian,Iran,ir,83.02,1,0,79.81,name=83; country=['ir'],REVIEW
9f7f1740-b4dd-5baa-9f5c-0df51713cbf6,f13cbf26-c4c3-59a8-a414-8cc32549d567,sergey viktorovich lavrov,sergey viktorovich ryzhenkov,Russia,ru,83.02,1,0,79.81,name=83; country=['ru'],REVIEW
215fc3a7-2dba-54d1-877b-cdbd40681523,7d5925c3-36b7-555b-ab91-d969cc28db32,ryong hae choe,chol ryong choe,"Korea, North",kp,82.76,1,0,79.66,name=83; country=['kp'],REVIEW
a94b2e8e-85d9-507b-a1ca-4de6aa6b733e,ac20c82b-a756-5b8b-b07a-a1aecff7e9bc,kyong chol choe,chun yong choe,"Korea, North",kp,82.76,1,0,79.66,name=83; country=['kp'],REVIEW
19d89641-666f-5f5d-a65b-d189af5e95fe,e5fc429b-99df-5b3e-91d7-990868714715,vladimir vladimirovich putin,vladimir vladimirovich ezhikov,Russia,ru,82.76,1,0,79.66,name=83; country=['ru'],REVIEW
cd6c171d-c9ca-554f-891b-755908ea691e,199ba999-f889-5bfb-801f-ac08917740b2,aleksandr aleksandrovich kozlov,aleksandr aleksandrovich avdeyev,Russia,ru,82.54,1,0,79.52,name=83; country=['ru'],REVIEW
0d39bb01-068e-53f7-9da1-2b020ccc460d,9598f7e6-3c59-5852-a905-daddac399ea6,jun zhang,yu zhang,China,cn,82.35,1,0,79.41,name=82; country=['cn'],REVIEW
7577e6ac-6813-5c14-a64b-543cff310d82,6a71f55c-2d8f-5956-8392-5eaf7e58f70c,aleksandr vyacheslavovich kurenkov,aleksandr viacheslavovich sychugov,Russia,ru,82.35,1,0,79.41,name=82; country=['ru'],REVIEW
9f7f1740-b4dd-5baa-9f5c-0df51713cbf6,7f56f54c-d8c6-5854-8875-680d7669f72e,sergey viktorovich lavrov,sergey viktorovich chizhov,Russia,ru,82.35,1,0,79.41,name=82; country=['ru'],REVIEW
9f7f1740-b4dd-5baa-9f5c-0df51713cbf6,2f4eebeb-0786-51b1-8fe8-0d5f299d4d5c,sergey viktorovich lavrov,sergey viktorovich pitikov,Russia,ru,82.35,1,0,79.41,name=82; country=['ru'],REVIEW
0a20c63b-a3e5-5b97-9a17-2fa6525d1530,7442a136-8138-5797-b323-19bb0e34d49d,aleksandr vasilyevich bortnikov,nikolay vasilyevich arefyev,Russia,ru,65.52,1,1,79.31,name=66; country=['ru']; position_overlap=['federal'],REVIEW
f6fc2069-2869-5228-bae4-9e65d297ee4d,ef6a3c7b-99a7-551f-98e1-c3eb6fe4e08b,dmitriy yuriyevich grigorenko,dmitriy yuryevich vasilenko,Russia,ru,82.14,1,0,79.29,name=82; country=['ru'],REVIEW
1a8f313c-00cf-566a-a5e5-16a23c87195d,467d0b49-1ce0-515a-8412-a55180564489,mohammad-reza aref,mohammad reza khademi,Iran,ir,82.05,1,0,79.23,name=82; country=['ir'],REVIEW
bd693fa6-49aa-5b94-a60f-97feac51724a,ac7db0e1-9354-5ecb-81b1-c2d4a4d8d20c,khalifa abd-al-sadiq,khalifa mohamed ahmed ghawil,Libya,ly,65.31,1,1,79.18,name=65; country=['ly']; position_overlap=['minister'],REVIEW
ef22287a-c508-5f0b-8ed5-bbbb196f9194,b6e80623-cb37-5086-8ff8-f7ea629d3513,abdul kabir,abdul basir,Afghanistan,af,81.82,1,0,79.09,name=82; country=['af'],REVIEW
31bc6af8-18d2-5a6d-9bd4-d0e4b93151b2,5e3928a5-19b7-5169-8175-78dc446ca768,yixin chen,tianxin chen,China,cn,81.82,1,0,79.09,name=82; country=['cn'],REVIEW
286d8443-aff7-5178-b2a1-75291c9f61ae,40caeb44-4367-5c87-98b0-88ee4bfe2d57,mohammad-reza zafarqandi,mohammed reza zahedi,Iran,ir,81.82,1,0,79.09,name=82; country=['ir'],REVIEW
b700b190-27ae-5cb1-941c-0a513750a653,bd3ebc5c-8fa5-5d48-ab43-c0798bd7fb90,yong gil ri,yong il sin,"Korea, North",kp,81.82,1,0,79.09,name=82; country=['kp'],REVIEW
0d1d2866-386b-5a8c-8de9-b534f9364050,12e28eae-3413-5c7f-8543-5361d66133d5,kum chol kim,ho kyu kim,"Korea, North",kp,81.82,1,0,79.09,name=82; country=['kp'],REVIEW
8cd0c6e3-caab-55c5-94be-0cc31f55b070,290a5a17-12ba-54d3-8934-69e1a8f01234,jong ho yun,jong son ho,"Korea, North",kp,81.82,1,0,79.09,name=82; country=['kp'],REVIEW
268c6fac-f268-5391-9b06-7ccc87cd1e54,041a9a88-c449-5484-b7ec-37e6ac07a62a,oscar mojica obregon,oscar salvador mojica obregon,Nicaragua,ni,81.63,1,0,78.98,name=82; country=['ni'],REVIEW
14820d55-8872-54e8-8f76-e8a831a2e2d9,3488d52e-184d-5f7b-80b6-2a2c4b75f028,wendy morales urbina,wendy carolina morales urbina,Nicaragua,ni,81.63,1,0,78.98,name=82; country=['ni'],REVIEW
9d54415d-7bd7-5fd1-a802-831857a8bde0,8c14a324-a725-588f-ab07-0cdb0543a4a6,khin maung yi,khin maung swe,Burma,zm,81.48,1,0,78.89,name=81; country=['zm'],REVIEW
e28ecbaf-3233-5e7f-aed6-d0721c8b3bc9,d50b4d18-392f-5bcf-8d88-16f8066eeaad,jong gyu sung,sung hyok jong,"Korea, North",kp,81.48,1,0,78.89,name=81; country=['kp'],REVIEW
257b7973-9bb2-564f-b8c5-1a55c239efc9,7bb4c3ef-35ef-52a5-96a5-cca060395539,chung song kim,song chol kim,"Korea, North",kp,81.48,1,0,78.89,name=81; country=['kp'],REVIEW
a94b2e8e-85d9-507b-a1ca-4de6aa6b733e,f46b91e1-d7a0-59a1-b231-26c7c4c19d88,kyong chol choe,yong chol ho,"Korea, North",kp,81.48,1,0,78.89,name=81; country=['kp'],REVIEW
19d89641-666f-5f5d-a65b-d189af5e95fe,fab7f16a-f1da-521a-a779-a945bbff87c9,vladimir vladimirovich putin,vladimir vladimirovich artyakov,Russia,ru,81.36,1,0,78.81,name=81; country=['ru'],REVIEW
1a8f313c-00cf-566a-a5e5-16a23c87195d,3f69fc59-09d8-507a-a32c-fae7c692bbfc,mohammad-reza aref,mohammad rezai,Iran,ir,81.25,1,0,78.75,name=81; country=['ir'],REVIEW
c2369b0c-9fa5-5e0b-a144-0128a0d33c6e,f253e1c8-eb6e-52e5-90ae-7e8f33e16c47,muhammad al-bashir,muhammad abbas,Syria,sy,81.25,1,0,78.75,name=81; country=['sy'],REVIEW
7577e6ac-6813-5c14-a64b-543cff310d82,2093cc87-40e0-5bdd-b22b-43cee6eb61a6,aleksandr vyacheslavovich kurenkov,alexander vyacheslavovich noviukhov,Russia,ru,81.16,1,0,78.7,name=81; country=['ru'],REVIEW
9f0aa0d4-f7e6-5336-87bb-90d92d8863f2,c928e5ff-5690-5828-ab89-222b7a629dd1,muhammad faruk khan,khan mohammad azad,Bangladesh,bd,81.08,1,0,78.65,name=81; country=['bd'],REVIEW
3b010830-4c7f-51c8-b05c-d12a854b19eb,5f08e0e6-0830-5fa4-87d1-60568c67040d,mohammad atabak,seyyed mohammad atabak,Iran,ir,81.08,1,0,78.65,name=81; country=['ir'],REVIEW
c2369b0c-9fa5-5e0b-a144-0128a0d33c6e,353d33bb-6dc1-5a91-bdd2-e8c889702d03,muhammad al-bashir,ali muhammad hamsho,Syria,sy,81.08,1,0,78.65,name=81; country=['sy'],REVIEW
0a20c63b-a3e5-5b97-9a17-2fa6525d1530,59a86330-0fd6-524e-9ccf-bd84b2283008,aleksandr vasilyevich bortnikov,nikolai vasilyevich fyodorov,Russia,ru,64.41,1,1,78.64,name=64; country=['ru']; position_overlap=['federal'],REVIEW
0a20c63b-a3e5-5b97-9a17-2fa6525d1530,176db1b4-9a56-5d0c-b818-0914e22031a6,aleksandr vasilyevich bortnikov,aleksandr arkadyevich zhukov,Russia,ru,64.41,1,1,78.64,name=64; country=['ru']; position_overlap=['federal'],REVIEW
fcbe7822-057e-519f-b81a-33a549658688,ad2805d2-ea35-5cb9-b77b-c679abdeddcb,thet thet zin,thet khaing win,Burma,zm,64.29,1,1,78.57,name=64; country=['zm']; position_overlap=['minister'],REVIEW
fcbe7822-057e-519f-b81a-33a549658688,6ee904dd-58fe-5287-892b-eb9ed3e91b39,thet thet zin,thet thet khine,Burma,zm,64.29,1,1,78.57,name=64; country=['zm']; position_overlap=['minister'],REVIEW
1a8f313c-00cf-566a-a5e5-16a23c87195d,10cb3547-278f-513c-835c-464ee597b34a,mohammad-reza aref,mohammad reza hashemifar,Iran,ir,80.95,1,0,78.57,name=81; country=['ir'],REVIEW
f09fa64f-3749-5bb9-8eae-47aa0e56fc7c,175f3941-a0ee-5049-bdb1-85d59a66bb67,mohamad-reza farzin,mohammad-reza ashtiani,Iran,ir,80.95,1,0,78.57,name=81; country=['ir'],REVIEW
1f73df7f-690d-505b-a1a2-f2bc1c2228b8,1b7a29a5-f38c-5428-b90b-751fc80c300f,yusuf mohamed adan,abdiweli mohamed yusuf,Somalia,so,80.95,1,0,78.57,name=81; country=['so'],REVIEW
6b7a9963-22df-5882-9a1a-45169decc49e,534c253f-9a46-5a37-a1ce-5445560d67e3,oksana nikolayevna lut,oksana nikolayevna fadina,Russia,ru,80.85,1,0,78.51,name=81; country=['ru'],REVIEW
a1ba40bc-1093-5b3a-8915-c71338aae763,d24e028e-1238-55f9-b23b-df4100378e2d,andrey removich belousov,andrey vladimirovich cherezov,Russia,ru,64.15,1,1,78.49,name=64; country=['ru']; position_overlap=['minister'],REVIEW
b05ed206-a84b-5bef-ad39-8bfa03419c61,52c41d60-797a-56a5-8cdf-de48e86413ae,tin aung san,aung naing oo,Burma,zm,64.0,1,1,78.4,name=64; country=['zm']; position_overlap=['minister'],REVIEW
3aea3e76-cdbe-5543-8f1e-79e51652cf89,1e7bc14e-c510-5c41-9b16-8d2bc69ef3da,hak chol jon,kwang chol ro,"Korea, North",kp,64.0,1,1,78.4,name=64; country=['kp']; position_overlap=['minister'],REVIEW
f21fad05-0e28-5492-a4e5-4ca30560fe5c,7f41da94-142b-5bcb-b4f9-9e23f371d3f0,vladimir aleksandrovich kolokoltsev,vladimir aleksandrovich bespalov,Russia,ru,80.6,1,0,78.36,name=81; country=['ru'],REVIEW
d6349380-567c-5b96-abf4-ddcd3faa1f5a,dbbe66d8-2c1c-58a6-823a-9f70986aafc9,khin maung soe,maung ko,Burma,zm,63.64,1,1,78.18,name=64; country=['zm']; position_overlap=['minister'],REVIEW
f09fa64f-3749-5bb9-8eae-47aa0e56fc7c,c045c729-c8b1-57df-9bcf-b81b2fd3b49c,mohamad-reza farzin,mohammad jafar montazeri,Iran,ir,63.64,1,1,78.18,name=64; country=['ir']; position_overlap=['iran'],REVIEW
f3c08208-2b98-5df7-80e3-d940f854096e,87285f8f-9572-5b10-abba-1e79dc0b295e,yong il ju,yong su jong,"Korea, North",kp,63.64,1,1,78.18,name=64; country=['kp']; position_overlap=['minister'],REVIEW
6f8d3b0a-45bb-5b76-a210-ac13674d0b7b,22308161-827c-5c1a-be93-5080efa03b61,haitham muhammad ibrahim,ahmad muhammed harun,Sudan,sd,63.64,1,1,78.18,name=64; country=['sd']; position_overlap=['minister'],REVIEW
d60fa09a-c493-5600-9c64-97339f483422,22308161-827c-5c1a-be93-5080efa03b61,anan hamed muhammad umar,ahmad muhammed harun,Sudan,sd,63.64,1,1,78.18,name=64; country=['sd']; position_overlap=['minister'],REVIEW
486633c7-d65d-579c-a85e-bd4fb32cc714,0a8b848e-06a4-5070-b923-7b684118dc26,mohammad eslami,mohammad hassan mohagheghi,Iran,ir,63.41,1,1,78.05,name=63; country=['ir']; position_overlap=['organization'],REVIEW
ebde17af-0f5f-5666-9c58-0b7aa0a193b4,22308161-827c-5c1a-be93-5080efa03b61,muhammad said al-hilu,ahmad muhammed harun,Sudan,sd,63.41,1,1,78.05,name=63; country=['sd']; position_overlap=['minister'],REVIEW
1e68a075-f6b8-5fef-9e9c-20ba346d9a35,57ce63d0-674a-59b4-b953-b5fd5ef70c7f,maung myint,aung moe myint,Burma,zm,80.0,1,0,78.0,name=80; country=['zm'],REVIEW
1e68a075-f6b8-5fef-9e9c-20ba346d9a35,342c9684-a188-5edd-ba71-48dff268aab7,maung myint,aung mar myint,Burma,zm,80.0,1,0,78.0,name=80; country=['zm'],REVIEW
e59f0f47-31d3-5f4e-9c53-9497d721689e,ef863950-c76d-5053-8837-7f75c7650d8b,zheng han,yanni zheng,China,cn,80.0,1,0,78.0,name=80; country=['cn'],REVIEW
e8c85c3d-0899-5937-9bd9-7e70e0e88f6b,2c461536-e085-5bb0-8fca-5b089449a92e,qiang li,ying li,China,cn,80.0,1,0,78.0,name=80; country=['cn'],REVIEW
022bbb79-8d51-54ec-abfd-0b23f4be3553,1ae86cf9-ccf8-564c-9c94-cfed5b941089,gustavo petro urrego,gustavo francisco petro urrego,Colombia,co,80.0,1,0,78.0,name=80; country=['co'],REVIEW
486633c7-d65d-579c-a85e-bd4fb32cc714,53db54cd-4f72-57ec-978d-378520d1417f,mohammad eslami,mohammad hejazi,Iran,ir,80.0,1,0,78.0,name=80; country=['ir'],REVIEW
486633c7-d65d-579c-a85e-bd4fb32cc714,a8f81007-08b3-5db4-8e8c-f6ba5d8e8a4d,mohammad eslami,mohammad asgari,Iran,ir,80.0,1,0,78.0,name=80; country=['ir'],REVIEW
486633c7-d65d-579c-a85e-bd4fb32cc714,2a70a36f-004c-57cf-a2a7-bd5ae56f7a87,mohammad eslami,mohammad kazemi,Iran,ir,80.0,1,0,78.0,name=80; country=['ir'],REVIEW
486633c7-d65d-579c-a85e-bd4fb32cc714,7216e8e2-b480-55a7-8d14-40f8d0e2c42e,mohammad eslami,mohammad karami,Iran,ir,80.0,1,0,78.0,name=80; country=['ir'],REVIEW
4a19256d-6939-57ce-8382-7eb6928ad8dd,a54486f9-bca7-5cd3-967d-82418e88d91e,yong won jo,yong ho o,"Korea, North",kp,80.0,1,0,78.0,name=80; country=['kp'],REVIEW
016b063f-7385-5c67-abd3-c36f628d8705,93bbb94d-7571-5e6e-84d0-b12b0f27b292,o su yong,yong su kim,"Korea, North",kp,80.0,1,0,78.0,name=80; country=['kp'],REVIEW
db80e495-6578-5cc9-8b23-b56d2587e7a3,118a1ba5-17c3-5ef9-b6da-2b5c86ddb3a2,song nam kim,song kim,"Korea, North",kp,80.0,1,0,78.0,name=80; country=['kp'],REVIEW
f244bdca-f3a8-5d54-9b1b-cc2e39bc638f,86f78ac3-c178-5fef-8754-9e7ec6d5010b,yong hwan kim,song hun kim,"Korea, North",kp,80.0,1,0,78.0,name=80; country=['kp'],REVIEW
0dfb6602-2cb9-593e-9549-4b97c0d28e5c,3a3dfc35-72b0-569a-82a6-51179e0d7e1e,chol mun,mun chol kim,"Korea, North",kp,80.0,1,0,78.0,name=80; country=['kp'],REVIEW
0dfb6602-2cb9-593e-9549-4b97c0d28e5c,68d55cae-ab6e-5083-9a53-c6ae3cc2bc4b,chol mun,chol ung nam,"Korea, North",kp,80.0,1,0,78.0,name=80; country=['kp'],REVIEW
ee714e14-ed52-53c9-a0f3-0a0fb01c9e2c,409f605a-c08e-52a3-ab92-1b951394bad3,jong gun pak,jong chon pak,"Korea, North",kp,80.0,1,0,78.0,name=80; country=['kp'],REVIEW
c7a1b474-a0ab-5df4-8d68-f47f5b403fdb,f46b91e1-d7a0-59a1-b231-26c7c4c19d88,hyon chol jon,yong chol ho,"Korea, North",kp,80.0,1,0,78.0,name=80; country=['kp'],REVIEW
c7a1b474-a0ab-5df4-8d68-f47f5b403fdb,255af80c-23aa-5e30-812f-dde7dff45ed7,hyon chol jon,in chol jong,"Korea, North",kp,80.0,1,0,78.0,name=80; country=['kp'],REVIEW
d7a9ae79-3c5e-52ad-8495-75f9a6443701,290a5a17-12ba-54d3-8934-69e1a8f01234,sok ho jo,jong son ho,"Korea, North",kp,80.0,1,0,78.0,name=80; country=['kp'],REVIEW
3aea3e76-cdbe-5543-8f1e-79e51652cf89,317983e5-097d-5c89-8458-35268be76109,hak chol jon,chol hak kang,"Korea, North",kp,80.0,1,0,78.0,name=80; country=['kp'],REVIEW
8cd0c6e3-caab-55c5-94be-0cc31f55b070,d50b4d18-392f-5bcf-8d88-16f8066eeaad,jong ho yun,sung hyok jong,"Korea, North",kp,80.0,1,0,78.0,name=80; country=['kp'],REVIEW
3fb152be-1f78-5bf9-aa97-cbaa07844038,86f78ac3-c178-5fef-8754-9e7ec6d5010b,sung chan kim,song hun kim,"Korea, North",kp,80.0,1,0,78.0,name=80; country=['kp'],REVIEW
f3c08208-2b98-5df7-80e3-d940f854096e,1d19abb8-c0ce-5200-9d7a-6ead2282d591,yong il ju,su yong ri,"Korea, North",kp,80.0,1,0,78.0,name=80; country=['kp'],REVIEW
077959aa-ee52-5a90-a839-8c3e1ce4feca,87261b3b-752a-55f6-bf56-a32e634d2725,kum song jin,myong jin kim,"Korea, North",kp,80.0,1,0,78.0,name=80; country=['kp'],REVIEW
47ad2603-a5d2-5b3c-b035-391c6c9fadf7,118a1ba5-17c3-5ef9-b6da-2b5c86ddb3a2,song jun kim,song kim,"Korea, North",kp,80.0,1,0,78.0,name=80; country=['kp'],REVIEW
47ad2603-a5d2-5b3c-b035-391c6c9fadf7,87261b3b-752a-55f6-bf56-a32e634d2725,song jun kim,myong jin kim,"Korea, North",kp,80.0,1,0,78.0,name=80; country=['kp'],REVIEW
c4e8dab2-3721-51a6-ae63-1e0a6c2721d6,17547bf6-7d8b-554a-9a98-f93e9fed0066,chang sok kim,sok chol kim,"Korea, North",kp,80.0,1,0,78.0,name=80; country=['kp'],REVIEW
a94b2e8e-85d9-507b-a1ca-4de6aa6b733e,b7d75d20-00cf-59de-81a7-62845dea0474,kyong chol choe,myong hyon choe,"Korea, North",kp,80.0,1,0,78.0,name=80; country=['kp'],REVIEW
3f5caa9c-1967-511d-a235-da7d3d2c5422,317983e5-097d-5c89-8458-35268be76109,chol gu kang,chol hak kang,"Korea, North",kp,80.0,1,0,78.0,name=80; country=['kp'],REVIEW
229631a1-a4f8-56d3-a528-bcc22873590c,2afb9540-5165-5ac6-82af-d9d07cb77476,song hak chae,hwa song pak,"Korea, North",kp,80.0,1,0,78.0,name=80; country=['kp'],REVIEW
8a4561d5-6e38-5ae7-894b-48966e7707a5,87261b3b-752a-55f6-bf56-a32e634d2725,sung jin kim,myong jin kim,"Korea, North",kp,80.0,1,0,78.0,name=80; country=['kp'],REVIEW
cc616297-3e2c-5035-bb7f-1fdb127363a5,86f78ac3-c178-5fef-8754-9e7ec6d5010b,song kim,song hun kim,"Korea, North",kp,80.0,1,0,78.0,name=80; country=['kp'],REVIEW
42defa76-8f86-50dd-aa3e-996fc951a68e,4c574780-5607-5fd0-90b6-9b8affabfefb,tatyana alekseyevna golikova,tatyana alekseyevna kusayko,Russia,ru,80.0,1,0,78.0,name=80; country=['ru'],REVIEW
7577e6ac-6813-5c14-a64b-543cff310d82,f972a973-2a9a-5e4a-96a5-bafe6d56a72c,aleksandr vyacheslavovich kurenkov,alexander vyacheslavovich demin,Russia,ru,80.0,1,0,78.0,name=80; country=['ru'],REVIEW
2bf83e07-5387-5987-9333-0a44ebdc0a8f,eab05bde-586f-53e1-8854-b8316d56f33a,sergey sergeyevich kravtsov,sergey sergeyevich alekseyev,Russia,ru,80.0,1,0,78.0,name=80; country=['ru'],REVIEW
f21fad05-0e28-5492-a4e5-4ca30560fe5c,bfe53839-4a33-525f-905e-ff955046629c,vladimir aleksandrovich kolokoltsev,vladimir aleksandrovich ivanov,Russia,ru,80.0,1,0,78.0,name=80; country=['ru'],REVIEW
0a20c63b-a3e5-5b97-9a17-2fa6525d1530,bdd848bf-8c88-5bef-a3d7-a2bec6fc9b13,aleksandr vasilyevich bortnikov,aleksandr valeryevich potapov,Russia,ru,80.0,1,0,78.0,name=80; country=['ru'],REVIEW
9ca93479-0cea-5736-a02d-90775991ebc1,a3a04197-e5bb-5e12-b36a-7be0d00f969c,khalid bin abd al-rahman al-isa,khalid abd al-rahman hamd al-fawaz,Saudi Arabia,sa,80.0,1,0,78.0,name=80; country=['sa'],REVIEW
68657b9d-e5cc-59b2-9a65-84e447d02169,71230d36-df59-5745-87ed-29dbefb3d3e6,as’ad hasan al-shaybani,hasan al-shaban,Syria,sy,80.0,1,0,78.0,name=80; country=['sy'],REVIEW
cc616297-3e2c-5035-bb7f-1fdb127363a5,62242724-dd04-5f07-8346-f4298bcc659d,song kim,nam ung kim,"Korea, North",kp,63.16,1,1,77.89,name=63; country=['kp']; position_overlap=['representative'],REVIEW
8cb8bc43-f17b-5c0d-8fe9-2d13d31546f2,4eb30dd0-e9c8-51bf-bc62-fc4d7bf7f843,alyaksandr lukashenka,alyaksandr ryhorovich lukashenka,Belarus,by,79.25,1,0,77.55,name=79; country=['by'],REVIEW
2bf83e07-5387-5987-9333-0a44ebdc0a8f,897d4f6e-ecb7-5cc1-87d4-54a89d8642c7,sergey sergeyevich kravtsov,sergey sergeevich kravtsov,Russia,ru,79.25,1,0,77.55,name=79; country=['ru'],REVIEW
9f7f1740-b4dd-5baa-9f5c-0df51713cbf6,7df614da-0a73-5110-acb7-fcaf6b80e7c8,sergey viktorovich lavrov,sergey viktorovich kalashnik,Russia,ru,79.25,1,0,77.55,name=79; country=['ru'],REVIEW
be95870c-a530-5d64-82da-7bcc1f3e21da,4b2febdd-c8d7-51f7-96b8-880fcee52165,mohamed hamdan dagalo,gedo hamdan ahmed mohamed,Sudan,sd,79.17,1,0,77.5,name=79; country=['sd'],REVIEW
486633c7-d65d-579c-a85e-bd4fb32cc714,438deb7f-5fec-58b9-b069-3129bf6763c4,mohammad eslami,mohammad eskandari,Iran,ir,78.79,1,0,77.27,name=79; country=['ir'],REVIEW
6d580cd0-246d-59b1-92c3-1232ce7035b2,ba621c89-8016-559d-bb83-f03de54c0b7d,muhammad haidar,ali mohamad daoun,Lebanon,lb,78.79,1,0,77.27,name=79; country=['lb'],REVIEW
19d89641-666f-5f5d-a65b-d189af5e95fe,eaf0ab35-666a-5d86-9b95-00d8f91049f7,vladimir vladimirovich putin,vladimir vladimirovich mikheychik,Russia,ru,78.69,1,0,77.21,name=79; country=['ru'],REVIEW
19d89641-666f-5f5d-a65b-d189af5e95fe,e07d1fbb-5a93-5a41-936a-02f5f70fbbb5,vladimir vladimirovich putin,vladimir vladimirovich vladimirov,Russia,ru,78.69,1,0,77.21,name=79; country=['ru'],REVIEW
d6e33049-9c30-57e4-8fa8-e9317955ad2e,034c5e27-760e-584e-b091-6c89bc03cfcf,mikhail vladimirovich degtyarev,mikhail vladimirovich belousov,Russia,ru,78.69,1,0,77.21,name=79; country=['ru'],REVIEW
e34a8c44-98dd-5ac0-bc86-3b7b3542af48,926176d6-00e8-5080-aa66-f97474060e5c,myint kyaing,khaing moe myint,Burma,zm,78.57,1,0,77.14,name=79; country=['zm'],REVIEW
215fc3a7-2dba-54d1-877b-cdbd40681523,ac20c82b-a756-5b8b-b07a-a1aecff7e9bc,ryong hae choe,chun yong choe,"Korea, North",kp,78.57,1,0,77.14,name=79; country=['kp'],REVIEW
c7a1b474-a0ab-5df4-8d68-f47f5b403fdb,b7d75d20-00cf-59de-81a7-62845dea0474,hyon chol jon,myong hyon choe,"Korea, North",kp,78.57,1,0,77.14,name=79; country=['kp'],REVIEW
7c1ecb74-4d2c-5e83-a21f-c54a49f53255,b43ba4cb-d64c-5d14-98e1-bbbae32d319d,ryong guk han,phyong guk kang,"Korea, North",kp,78.57,1,0,77.14,name=79; country=['kp'],REVIEW
a94b2e8e-85d9-507b-a1ca-4de6aa6b733e,80ac3a19-9ac6-56be-bafd-09a41c6b10f9,kyong chol choe,kyong-chol jo,"Korea, North",kp,78.57,1,0,77.14,name=79; country=['kp'],REVIEW
a94b2e8e-85d9-507b-a1ca-4de6aa6b733e,2c7bae9f-46e8-5fc8-9af3-fc0e184a0906,kyong chol choe,chol min choe,"Korea, North",kp,78.57,1,0,77.14,name=79; country=['kp'],REVIEW
3a6c6f0e-d272-58f2-a1db-15b683d3cb5f,4e0f7503-c8f3-52ed-b788-f0ff28b842ec,ahmed bouari,ahmed el bouhali,Morocco,ma,78.57,1,0,77.14,name=79; country=['ma'],REVIEW
19ff653a-9fd8-5e8e-9100-5ac9c86d729d,de5ab66b-b1fe-5382-b5c8-dd48ebcc15fb,denis valentinovich manturov,denis valentinovich kamyshev,Russia,ru,78.57,1,0,77.14,name=79; country=['ru'],REVIEW
97b179e7-8df1-5604-acd0-0ea13054997f,113171d8-7569-5a01-be6c-a0ae0a9fbcd6,sergey yevgenyevich tsivilev,sergey yevgenyevich velichko,Russia,ru,78.57,1,0,77.14,name=79; country=['ru'],REVIEW
130ff18c-d312-545f-a54d-fb8474b63e02,9dd730a8-76a1-52d0-87f3-991d0e3236f1,guangha wang,guodan wang,China,cn,78.26,1,0,76.96,name=78; country=['cn'],REVIEW
1a8f313c-00cf-566a-a5e5-16a23c87195d,358953ac-361a-5861-ad92-568c3d08c5d6,mohammad-reza aref,mohammad reza moaref jahromi,Iran,ir,78.26,1,0,76.96,name=78; country=['ir'],REVIEW
304687be-72b5-5f04-8437-e74cf2ccd578,2446035d-492b-5f26-8822-efb9805f7f6b,mohammad-reza salehi-amiri,mohammed reza sabahi,Iran,ir,78.26,1,0,76.96,name=78; country=['ir'],REVIEW
2db666ac-26f4-500d-8e57-d0d421626000,86f78ac3-c178-5fef-8754-9e7ec6d5010b,tok hun kim,song hun kim,"Korea, North",kp,78.26,1,0,76.96,name=78; country=['kp'],REVIEW
4a19256d-6939-57ce-8382-7eb6928ad8dd,3306c0a0-f312-56f4-a2ec-2093042bbfef,yong won jo,jin yong jon,"Korea, North",kp,78.26,1,0,76.96,name=78; country=['kp'],REVIEW
db80e495-6578-5cc9-8b23-b56d2587e7a3,7e7f14fc-2f97-5696-b2ee-a43d9722648f,song nam kim,song jin im,"Korea, North",kp,78.26,1,0,76.96,name=78; country=['kp'],REVIEW
24768d8a-61ab-53d1-b843-282c72f384f2,b0bc9fa7-943e-56c4-ac4a-5c25ef99dd51,chang dae ri,chang ho ri,"Korea, North",kp,78.26,1,0,76.96,name=78; country=['kp'],REVIEW
cd2e7228-83bc-53ae-9022-290f7f52a37f,d00fc5c9-78c0-5d13-a35e-28ce581e024f,yo jong kim,jong man kim,"Korea, North",kp,78.26,1,0,76.96,name=78; country=['kp'],REVIEW
c85a2ab4-d135-57bf-bdbc-dae1667811ef,bf8cb1d2-5c1f-56f4-b257-24e349c74fac,sung guk jon,yun gun jon,"Korea, North",kp,78.26,1,0,76.96,name=78; country=['kp'],REVIEW
1ad2c0de-1de9-5af3-9e95-190396b8005f,a4f82b64-a1c9-5934-9ae9-ea55ed5c776f,song hak ri,tong hyok ri,"Korea, North",kp,78.26,1,0,76.96,name=78; country=['kp'],REVIEW
4f2e5ddc-e7f2-5114-91e0-b66d2b467446,86f78ac3-c178-5fef-8754-9e7ec6d5010b,sung du kim,song hun kim,"Korea, North",kp,78.26,1,0,76.96,name=78; country=['kp'],REVIEW
a02de48a-caf5-5505-ba51-5a38d2e02d9f,17547bf6-7d8b-554a-9a98-f93e9fed0066,sok chol jo,sok chol kim,"Korea, North",kp,78.26,1,0,76.96,name=78; country=['kp'],REVIEW
3dd10b94-ab62-5ae5-a73e-60104d5a70c8,3a697517-1a1e-5bbd-8932-f90088886e14,chol san ri,chol sam kim,"Korea, North",kp,78.26,1,0,76.96,name=78; country=['kp'],REVIEW
3dd10b94-ab62-5ae5-a73e-60104d5a70c8,6ca2121f-4d93-5c24-9ed7-0036f0ac6060,chol san ri,thae chol ri,"Korea, North",kp,78.26,1,0,76.96,name=78; country=['kp'],REVIEW
aed6b75b-4fc2-5fec-abf0-625322fc4f37,072c2404-41d4-5fb9-ba58-340a2e1052fe,chol ha kim,chol man han,"Korea, North",kp,78.26,1,0,76.96,name=78; country=['kp'],REVIEW
fba55d87-e11e-536c-80e8-00fc53ec6dce,3306c0a0-f312-56f4-a2ec-2093042bbfef,jong jin so,jin yong jon,"Korea, North",kp,78.26,1,0,76.96,name=78; country=['kp'],REVIEW
8cd0c6e3-caab-55c5-94be-0cc31f55b070,a4f277a4-af5d-5c02-85b9-94baf950dfa5,jong ho yun,song ho jong,"Korea, North",kp,78.26,1,0,76.96,name=78; country=['kp'],REVIEW
7c1ecb74-4d2c-5e83-a21f-c54a49f53255,e0d597b0-49d9-5849-83c1-3c2b189426b0,ryong guk han,ryong kang,"Korea, North",kp,78.26,1,0,76.96,name=78; country=['kp'],REVIEW
cc81e615-d493-582e-afc5-946ac6cfb9f5,9fc6c03b-4ec8-5c86-837b-988c47dae158,chol su kim,min chol kim,"Korea, North",kp,78.26,1,0,76.96,name=78; country=['kp'],REVIEW
f1c1473e-dffb-50fd-bbb3-0f32ea88747d,da581888-847b-521c-9b55-ae33ac274626,rashad muhammad al-alimi,muhammad ali al-qadiri,Yemen,ye,78.26,1,0,76.96,name=78; country=['ye'],REVIEW
486633c7-d65d-579c-a85e-bd4fb32cc714,10cb3547-278f-513c-835c-464ee597b34a,mohammad eslami,mohammad reza hashemifar,Iran,ir,61.54,1,1,76.92,name=62; country=['ir']; position_overlap=['iran'],REVIEW
486633c7-d65d-579c-a85e-bd4fb32cc714,c045c729-c8b1-57df-9bcf-b81b2fd3b49c,mohammad eslami,mohammad jafar montazeri,Iran,ir,61.54,1,1,76.92,name=62; country=['ir']; position_overlap=['iran'],REVIEW
257b7973-9bb2-564f-b8c5-1a55c239efc9,3a3dfc35-72b0-569a-82a6-51179e0d7e1e,chung song kim,mun chol kim,"Korea, North",kp,61.54,1,1,76.92,name=62; country=['kp']; position_overlap=['development'],REVIEW
257b7973-9bb2-564f-b8c5-1a55c239efc9,d00fc5c9-78c0-5d13-a35e-28ce581e024f,chung song kim,jong man kim,"Korea, North",kp,61.54,1,1,76.92,name=62; country=['kp']; position_overlap=['development'],REVIEW
f09fa64f-3749-5bb9-8eae-47aa0e56fc7c,467d0b49-1ce0-515a-8412-a55180564489,mohamad-reza farzin,mohammad reza khademi,Iran,ir,78.05,1,0,76.83,name=78; country=['ir'],REVIEW
28dfcbe3-854d-5b4d-973a-0f66e327165b,e718431a-700e-52da-984c-e79ebf76acb8,sardar muhammad yousaf,mohammad yusuf shah,Pakistan,in,78.05,1,0,76.83,name=78; country=['pk'],REVIEW
19d89641-666f-5f5d-a65b-d189af5e95fe,1972aeda-a1de-57e2-b2f8-08cb510db8f9,vladimir vladimirovich putin,vladimir vladimirovich kolychev,Russia,ru,77.97,1,0,76.78,name=78; country=['ru'],REVIEW
0a20c63b-a3e5-5b97-9a17-2fa6525d1530,b4c5f022-9972-5105-816e-c375d16380fe,aleksandr vasilyevich bortnikov,aleksandr valeryevich dyukov,Russia,ru,77.97,1,0,76.78,name=78; country=['ru'],REVIEW
cdd8b352-c89d-507f-b19d-8850b50d0595,c6fd49b1-958e-5e70-9c4e-1c580057f88b,soe win,win min soe,Burma,zm,77.78,1,0,76.67,name=78; country=['zm'],REVIEW
304687be-72b5-5f04-8437-e74cf2ccd578,b98a0453-e7ba-55d6-8ae4-330119ad29dd,mohammad-reza salehi-amiri,seyyed reza mir mohammad ali,Iran,ir,77.78,1,0,76.67,name=78; country=['ir'],REVIEW
016b063f-7385-5c67-abd3-c36f628d8705,a54486f9-bca7-5cd3-967d-82418e88d91e,o su yong,yong ho o,"Korea, North",kp,77.78,1,0,76.67,name=78; country=['kp'],REVIEW
016b063f-7385-5c67-abd3-c36f628d8705,0de4fe4b-c74d-5ed3-a9d1-577c975183af,o su yong,yong su u,"Korea, North",kp,77.78,1,0,76.67,name=78; country=['kp'],REVIEW
90b1bfe1-3891-5856-9781-3d8fbca3cbbf,741c6a5e-d244-5497-b88e-2e55c0447846,hun pak,chun il pak,"Korea, North",kp,77.78,1,0,76.67,name=78; country=['kp'],REVIEW
b2e208de-6621-55ac-be25-017b499969b3,b08c4646-4d5e-5f6a-9e7b-60ac21294784,tu il ri,sung il ri,"Korea, North",kp,77.78,1,0,76.67,name=78; country=['kp'],REVIEW
fbee7b65-a0d0-5c1f-b1ab-b1bba5553a9b,d7af7ff1-a83f-56ad-bee4-f944198363fe,valeriy nikolayevich falkov,vitaly nikolayevich kovalev,Russia,ru,77.78,1,0,76.67,name=78; country=['ru'],REVIEW
0a20c63b-a3e5-5b97-9a17-2fa6525d1530,7c99e005-1979-5241-8ee8-935cbf5785b1,aleksandr vasilyevich bortnikov,sergei vasilyevich gornyakov,Russia,ru,61.02,1,1,76.61,name=61; country=['ru']; position_overlap=['federal'],REVIEW
7577e6ac-6813-5c14-a64b-543cff310d82,959dd2e1-3eaa-501e-b754-c43dffabbbd5,aleksandr vyacheslavovich kurenkov,alexander vyacheslavovich mozhaev,Russia,ru,77.61,1,0,76.57,name=78; country=['ru'],REVIEW
9aa4ef50-16f1-53e0-aa43-cb42eacc8010,e143d65c-9ff1-5924-ae0e-c191d1e92d63,htein lin,khat htein nan,Burma,zm,60.87,1,1,76.52,name=61; country=['zm']; position_overlap=['minister'],REVIEW
94dbc0a4-7f7e-5515-9d8a-f71a694a2256,ea94ea94-8ff4-50f5-9f95-b89370a17a71,maung thin,khin maung yi,Burma,zm,60.87,1,1,76.52,name=61; country=['zm']; position_overlap=['minister'],REVIEW
aed6b75b-4fc2-5fec-abf0-625322fc4f37,6ca2121f-4d93-5c24-9ed7-0036f0ac6060,chol ha kim,thae chol ri,"Korea, North",kp,60.87,1,1,76.52,name=61; country=['kp']; position_overlap=['minister'],REVIEW
fba55d87-e11e-536c-80e8-00fc53ec6dce,6523aede-4c18-5abb-a14c-3cb99b7d7c6a,jong jin so,kang jin kim,"Korea, North",kp,60.87,1,1,76.52,name=61; country=['kp']; position_overlap=['construction'],REVIEW
fba55d87-e11e-536c-80e8-00fc53ec6dce,87285f8f-9572-5b10-abba-1e79dc0b295e,jong jin so,yong su jong,"Korea, North",kp,60.87,1,1,76.52,name=61; country=['kp']; position_overlap=['minister'],REVIEW
8cd0c6e3-caab-55c5-94be-0cc31f55b070,87285f8f-9572-5b10-abba-1e79dc0b295e,jong ho yun,yong su jong,"Korea, North",kp,60.87,1,1,76.52,name=61; country=['kp']; position_overlap=['minister'],REVIEW
cc81e615-d493-582e-afc5-946ac6cfb9f5,6ca2121f-4d93-5c24-9ed7-0036f0ac6060,chol su kim,thae chol ri,"Korea, North",kp,60.87,1,1,76.52,name=61; country=['kp']; position_overlap=['minister'],REVIEW
297286df-6b6c-54b4-9946-4b32fef1fe91,ac7db0e1-9354-5ecb-81b1-c2d4a4d8d20c,muhammad al-dabib,khalifa mohamed ahmed ghawil,Libya,ly,60.87,1,1,76.52,name=61; country=['ly']; position_overlap=['minister'],REVIEW
e4a15ba7-8373-5eee-9122-61513ebfe98a,06cd5ef0-1e9f-5896-bb5f-8683a58dd6aa,mohsen pak-nejad,mohsen paknejad,Iran,ir,77.42,1,0,76.45,name=77; country=['ir'],REVIEW
151f7c69-018e-5415-a4f3-dec4847a0cbb,1607cb3a-30a4-5337-9451-1e8aed958030,mohamed saeed,mohamed thasleem,Maldives,mv,77.42,1,0,76.45,name=77; country=['mv'],REVIEW
911eed12-a02f-5d5a-b2d5-798a46483094,0a53717d-5ac5-52d8-b840-9198d945f8a4,ali sharif ahmed,ali ahmed naaji,Somalia,so,77.42,1,0,76.45,name=77; country=['so'],REVIEW
8dd090f4-29df-504a-9413-e6ad62b0dd02,dcafa5b1-1147-51d8-aea6-aa17e9ea3984,nguyen thi hong,van nguyen hoang,Vietnam,vn,77.42,1,0,76.45,name=77; country=['vn'],REVIEW
286d8443-aff7-5178-b2a1-75291c9f61ae,2446035d-492b-5f26-8822-efb9805f7f6b,mohammad-reza zafarqandi,mohammed reza sabahi,Iran,ir,77.27,1,0,76.36,name=77; country=['ir'],REVIEW
f09fa64f-3749-5bb9-8eae-47aa0e56fc7c,25927a3e-f6c7-5667-898a-cb15e1f442b9,mohamad-reza farzin,mohammad reza falahzadeh,Iran,ir,77.27,1,0,76.36,name=77; country=['ir'],REVIEW
b45b6c16-05c3-5345-95eb-c1c6135f61b2,d7783997-1d46-50ff-8e64-3ebf8567630b,aleksandr valentinovich novak,aleksandr leonidovich burkov,Russia,ru,77.19,1,0,76.32,name=77; country=['ru'],REVIEW
d6e33049-9c30-57e4-8fa8-e9317955ad2e,bf7d50d2-9897-5ef3-925b-f079005d73ea,mikhail vladimirovich degtyarev,mikhail vadimovich chernov,Russia,ru,77.19,1,0,76.32,name=77; country=['ru'],REVIEW
e04d1361-6c5f-5682-9654-45f6127037f1,52c41d60-797a-56a5-8cdf-de48e86413ae,khin naing oo,aung naing oo,Burma,zm,76.92,1,0,76.15,name=77; country=['zm'],REVIEW
6ded1161-e271-5905-8bc8-8ead02f7dd9e,ebf1aebf-0aa0-5281-b2cc-c06166cf6cca,maysam latifi,maysam jalali,Iran,ir,76.92,1,0,76.15,name=77; country=['ir'],REVIEW
727db6a8-7d5f-5398-8847-00584f79a101,1cfb94eb-ce2a-54b4-a3c3-d9bc89b49f4a,abbas araqchi,abbas sartaji,Iran,ir,76.92,1,0,76.15,name=77; country=['ir'],REVIEW
e91b66bd-423a-5eda-98ed-290a3b48d3b3,c7fd0bfb-be8c-569f-91f0-a7181780c9a0,esmail khatib,esmail hamidi,Iran,ir,76.92,1,0,76.15,name=77; country=['ir'],REVIEW
439764fb-3879-5fdd-a70f-6a138bccd54f,b1c188cd-a51b-58f0-b24e-486af77228bc,eskandar momeni,eskandar momeni kalagari,Iran,ir,76.92,1,0,76.15,name=77; country=['ir'],REVIEW
b9bdb536-435b-5fc6-af79-cf064ea64207,cf8b6a77-2e92-5cbe-b1a0-def677d911eb,son hui choe,song chol choe,"Korea, North",kp,76.92,1,0,76.15,name=77; country=['kp'],REVIEW
b9bdb536-435b-5fc6-af79-cf064ea64207,ac20c82b-a756-5b8b-b07a-a1aecff7e9bc,son hui choe,chun yong choe,"Korea, North",kp,76.92,1,0,76.15,name=77; country=['kp'],REVIEW
f244bdca-f3a8-5d54-9b1b-cc2e39bc638f,87261b3b-752a-55f6-bf56-a32e634d2725,yong hwan kim,myong jin kim,"Korea, North",kp,76.92,1,0,76.15,name=77; country=['kp'],REVIEW
f244bdca-f3a8-5d54-9b1b-cc2e39bc638f,a8cba52b-1ae3-5e9b-b1fb-e13f1da061fe,yong hwan kim,yong chol kim,"Korea, North",kp,76.92,1,0,76.15,name=77; country=['kp'],REVIEW
c85a2ab4-d135-57bf-bdbc-dae1667811ef,d50b4d18-392f-5bcf-8d88-16f8066eeaad,sung guk jon,sung hyok jong,"Korea, North",kp,76.92,1,0,76.15,name=77; country=['kp'],REVIEW
c394fac8-0504-562f-861e-71123974b95f,9f155f2b-eaf7-51fe-8216-80ab1dfa4deb,jae ryong kim,kyong hak kim,"Korea, North",kp,76.92,1,0,76.15,name=77; country=['kp'],REVIEW
c394fac8-0504-562f-861e-71123974b95f,4b0f1ccd-590b-5bab-bbc5-00041007b4b4,jae ryong kim,ryong nam rim,"Korea, North",kp,76.92,1,0,76.15,name=77; country=['kp'],REVIEW
c394fac8-0504-562f-861e-71123974b95f,87261b3b-752a-55f6-bf56-a32e634d2725,jae ryong kim,myong jin kim,"Korea, North",kp,76.92,1,0,76.15,name=77; country=['kp'],REVIEW
3fb152be-1f78-5bf9-aa97-cbaa07844038,7bb4c3ef-35ef-52a5-96a5-cca060395539,sung chan kim,song chol kim,"Korea, North",kp,76.92,1,0,76.15,name=77; country=['kp'],REVIEW
c4e8dab2-3721-51a6-ae63-1e0a6c2721d6,cfb6a5db-80a1-54b7-86cc-52a256c8d770,chang sok kim,kwang sok sim,"Korea, North",kp,76.92,1,0,76.15,name=77; country=['kp'],REVIEW
257b7973-9bb2-564f-b8c5-1a55c239efc9,1a737494-4a6d-55cd-b6bf-f2dbd23e696a,chung song kim,man chun kim,"Korea, North",kp,76.92,1,0,76.15,name=77; country=['kp'],REVIEW
250b1f74-d92a-5b8e-81fd-91f406313e55,a4f277a4-af5d-5c02-85b9-94baf950dfa5,chun song jang,song ho jong,"Korea, North",kp,76.92,1,0,76.15,name=77; country=['kp'],REVIEW
d7486ff5-aff5-5197-8283-fa3dfc38bd9b,466bf018-7ab9-5e38-8130-28bc0f7762c2,rosario murillo zambrana de ortega,rosario maria murillo de ortega,Nicaragua,ni,76.92,1,0,76.15,name=77; country=['ni'],REVIEW
f1893e35-9928-5ce0-af44-00b62eb1ba2e,b0bb62be-befe-59f0-84b3-6de436d4117f,shi-kai chen,shih huan chen,Taiwan,tw,76.92,1,0,76.15,name=77; country=['tw'],REVIEW
760e0ba4-7aa7-5ea2-b565-665ad6d216ec,741c6a5e-d244-5497-b88e-2e55c0447846,su il pak,chun il pak,"Korea, North",kp,60.0,1,1,76.0,name=60; country=['kp']; position_overlap=['korean'],REVIEW
cc616297-3e2c-5035-bb7f-1fdb127363a5,c5f12979-38eb-5171-ac3f-9f9b622d122a,song kim,kwang-il kim,"Korea, North",kp,60.0,1,1,76.0,name=60; country=['kp']; position_overlap=['representative'],REVIEW
a1ba40bc-1093-5b3a-8915-c71338aae763,c91abe3d-c6f0-5007-9422-912eb0989bfc,andrey removich belousov,andrei removich bokarev,Russia,ru,76.6,1,0,75.96,name=77; country=['ru'],REVIEW
68657b9d-e5cc-59b2-9a65-84e447d02169,a9978a32-8602-5285-87e5-70718e645d5e,as’ad hasan al-shaybani,suhayl hasan al-hasan,Syria,sy,76.6,1,0,75.96,name=77; country=['sy'],REVIEW
f09fa64f-3749-5bb9-8eae-47aa0e56fc7c,3f69fc59-09d8-507a-a32c-fae7c692bbfc,mohamad-reza farzin,mohammad rezai,Iran,ir,76.47,1,0,75.88,name=76; country=['ir'],REVIEW
6d580cd0-246d-59b1-92c3-1232ce7035b2,4775ae62-a448-52ed-bec2-138e53a72aeb,muhammad haidar,ali mohamad karnib,Lebanon,lb,76.47,1,0,75.88,name=76; country=['lb'],REVIEW
cfe3df13-7e7b-546c-8e9c-52f080fa0ba8,1223b7e2-ff8c-5aca-94c1-b2b1e3870cc2,mohammed idris,muhammed ibrahim isa,Nigeria,ng,76.47,1,0,75.88,name=76; country=['ng'],REVIEW
c2369b0c-9fa5-5e0b-a144-0128a0d33c6e,46b0bcdf-1675-5979-8a28-8da225b6efb8,muhammad al-bashir,muhammad ibrahim,Syria,sy,76.47,1,0,75.88,name=76; country=['sy'],REVIEW
1a8f313c-00cf-566a-a5e5-16a23c87195d,25927a3e-f6c7-5667-898a-cb15e1f442b9,mohammad-reza aref,mohammad reza falahzadeh,Iran,ir,76.19,1,0,75.71,name=76; country=['ir'],REVIEW
1a8f313c-00cf-566a-a5e5-16a23c87195d,bc34ad9d-6181-5bc7-ac40-063030a4df6f,mohammad-reza aref,mohammad reza mirheydary,Iran,ir,76.19,1,0,75.71,name=76; country=['ir'],REVIEW
b700b190-27ae-5cb1-941c-0a513750a653,b08c4646-4d5e-5f6a-9e7b-60ac21294784,yong gil ri,sung il ri,"Korea, North",kp,76.19,1,0,75.71,name=76; country=['kp'],REVIEW
d7a9ae79-3c5e-52ad-8495-75f9a6443701,a4f277a4-af5d-5c02-85b9-94baf950dfa5,sok ho jo,song ho jong,"Korea, North",kp,76.19,1,0,75.71,name=76; country=['kp'],REVIEW
d7a9ae79-3c5e-52ad-8495-75f9a6443701,4c764df4-42ba-5b64-9a59-3fe70dd4d74f,sok ho jo,chol song jo,"Korea, North",kp,76.19,1,0,75.71,name=76; country=['kp'],REVIEW
f3c08208-2b98-5df7-80e3-d940f854096e,93bbb94d-7571-5e6e-84d0-b12b0f27b292,yong il ju,yong su kim,"Korea, North",kp,76.19,1,0,75.71,name=76; country=['kp'],REVIEW
f3c08208-2b98-5df7-80e3-d940f854096e,bd3ebc5c-8fa5-5d48-ab43-c0798bd7fb90,yong il ju,yong il sin,"Korea, North",kp,76.19,1,0,75.71,name=76; country=['kp'],REVIEW
f3c08208-2b98-5df7-80e3-d940f854096e,40c9e172-e82a-525e-9db4-ff12994ba0f5,yong il ju,yong gil ri,"Korea, North",kp,76.19,1,0,75.71,name=76; country=['kp'],REVIEW
cc81e615-d493-582e-afc5-946ac6cfb9f5,12e28eae-3413-5c7f-8543-5361d66133d5,chol su kim,ho kyu kim,"Korea, North",kp,76.19,1,0,75.71,name=76; country=['kp'],REVIEW
cc81e615-d493-582e-afc5-946ac6cfb9f5,0bd558aa-1421-5587-843c-f71b34c549df,chol su kim,su gil kim,"Korea, North",kp,76.19,1,0,75.71,name=76; country=['kp'],REVIEW
cc616297-3e2c-5035-bb7f-1fdb127363a5,7bb4c3ef-35ef-52a5-96a5-cca060395539,song kim,song chol kim,"Korea, North",kp,76.19,1,0,75.71,name=76; country=['kp'],REVIEW
e1bb062a-2ff9-5190-95f5-a70f2c065cb4,1a8eb971-affd-5095-8afb-d544c310fde0,salvador mansell,salvador mansell castrillo,Nicaragua,ni,76.19,1,0,75.71,name=76; country=['ni'],REVIEW
7577e6ac-6813-5c14-a64b-543cff310d82,a2d6b236-47a4-501e-afdc-ed465b1a638f,aleksandr vyacheslavovich kurenkov,aleksey vyacheslavovich losev,Russia,ru,76.19,1,0,75.71,name=76; country=['ru'],REVIEW
f21fad05-0e28-5492-a4e5-4ca30560fe5c,418ed3ec-271d-5ff9-96af-c55baeb8ea45,vladimir aleksandrovich kolokoltsev,vasiliy aleksandrovich orlov,Russia,ru,76.19,1,0,75.71,name=76; country=['ru'],REVIEW
d6e33049-9c30-57e4-8fa8-e9317955ad2e,004bbf86-7b5e-52cd-9674-37885196d46d,mikhail vladimirovich degtyarev,mikhail vladimirovich kolesnikov,Russia,ru,76.19,1,0,75.71,name=76; country=['ru'],REVIEW
0a20c63b-a3e5-5b97-9a17-2fa6525d1530,41af9f69-5c35-54e0-ab05-481edcf20676,aleksandr vasilyevich bortnikov,aleksandr nikolayevich borodayev,Russia,ru,76.19,1,0,75.71,name=76; country=['ru'],REVIEW
1f73df7f-690d-505b-a1a2-f2bc1c2228b8,0d28db77-1acc-5075-b46b-c815209f84cf,yusuf mohamed adan,mohamed mire ali yusuf,Somalia,so,76.19,1,0,75.71,name=76; country=['so'],REVIEW
c6fa8dc2-0c43-5716-a8f0-5846972e48d6,8ae17310-48c5-5cc2-8a98-8f1ac55069fd,muhammad samih hamid,muhammad khalid rahmun,Syria,sy,76.19,1,0,75.71,name=76; country=['sy'],REVIEW
5f272a74-f9a6-53b5-a1b2-5ce576352220,8e698ee8-8c98-5c99-8e87-f159e0344b24,muhammad hazm al-ashwal,mohammad abdulsalam,Yemen,ye,76.19,1,0,75.71,name=76; country=['ye'],REVIEW
486633c7-d65d-579c-a85e-bd4fb32cc714,83a8d760-730e-5af9-8bdc-7003e96962fe,mohammad eslami,mohammad mehdi sayyari,Iran,ir,59.46,1,1,75.68,name=59; country=['ir']; position_overlap=['organization'],REVIEW
f6fc2069-2869-5228-bae4-9e65d297ee4d,deb4aa3a-ef21-5593-a92f-9725fe9ee589,dmitriy yuriyevich grigorenko,dmitriy yurevich soin,Russia,ru,76.0,1,0,75.6,name=76; country=['ru'],REVIEW
a1ba40bc-1093-5b3a-8915-c71338aae763,8fedf3a3-acb0-5e9f-ad44-eb4af3dbdac6,andrey removich belousov,andrey viktorovich borisov,Russia,ru,76.0,1,0,75.6,name=76; country=['ru'],REVIEW
d6349380-567c-5b96-abf4-ddcd3faa1f5a,baba9b2b-728d-5a88-a7c4-8b80eb31ee12,khin maung soe,maung maung soe,Burma,zm,75.86,1,0,75.52,name=76; country=['zm'],REVIEW
9d54415d-7bd7-5fd1-a802-831857a8bde0,e65f016d-2d84-528c-8d47-a6b912910869,khin maung yi,mahn nyein maung,Burma,zm,75.86,1,0,75.52,name=76; country=['zm'],REVIEW
215fc3a7-2dba-54d1-877b-cdbd40681523,b7d75d20-00cf-59de-81a7-62845dea0474,ryong hae choe,myong hyon choe,"Korea, North",kp,75.86,1,0,75.52,name=76; country=['kp'],REVIEW
250b1f74-d92a-5b8e-81fd-91f406313e55,3223540a-8b91-52b2-a4bb-3d3725575aa3,chun song jang,myong chol jang,"Korea, North",kp,75.86,1,0,75.52,name=76; country=['kp'],REVIEW
cc4c7321-26c2-556e-bee2-00d9f01e0dd9,20cf27f6-eaa5-50e6-b586-033316cb0350,mossa ag attaher,bah ag moussa,Mali,ml,75.86,1,0,75.52,name=76; country=['ml'],REVIEW
94236c17-114a-5982-a3c0-f41abced05da,4fbe4aae-4b66-57e0-abb9-067b28014568,abdul aleem khan,abid ali khan,Pakistan,pk,75.86,1,0,75.52,name=76; country=['pk'],REVIEW
0a20c63b-a3e5-5b97-9a17-2fa6525d1530,2c2dba62-e520-5e92-bcf1-02a1ac75f2e6,aleksandr vasilyevich bortnikov,alexander vasilyevich fomin,Russia,ru,75.86,1,0,75.52,name=76; country=['ru'],REVIEW
28dfcbe3-854d-5b4d-973a-0f66e327165b,25067c23-2fad-5c7a-8ab4-37729ad63a93,sardar muhammad yousaf,muhammad sarwar,Pakistan,pk,75.68,1,0,75.41,name=76; country=['pk'],REVIEW
6fe76e44-142e-53d5-9576-0ff60aa7b805,a72cd322-d017-5a0b-958a-1aceaebfe32d,dahir shire mohamed,ali mohamed rage,Somalia,so,75.68,1,0,75.41,name=76; country=['so'],REVIEW
c2369b0c-9fa5-5e0b-a144-0128a0d33c6e,5b2f2117-06a8-53ff-96b3-afa215503142,muhammad al-bashir,amr mohamed hamsho,Syria,sy,75.68,1,0,75.41,name=76; country=['sy'],REVIEW
fabf06b4-4899-5bee-9d88-c344a301a181,9b1aefb5-4b78-53f5-8c98-9439ab4f4e90,abdul salam hanafi,said jan 'abd al-salam,Afghanistan,af,75.0,1,0,75.0,name=75; country=['af'],REVIEW
0e3e892e-645b-5404-b7ef-564db69c1653,4b492a42-257b-561b-b934-11bd8a89b7b9,myo zaw thein,myo swe win,Burma,zm,58.33,1,1,75.0,name=58; country=['zm']; position_overlap=['minister'],REVIEW
7761ba11-48e5-505e-9dac-b7014646adda,85307220-c044-51d3-94fd-8f1f710a516a,tun aung,aung min,Burma,zm,75.0,1,0,75.0,name=75; country=['zm'],REVIEW
a62082bb-02ac-54a1-a89f-a0e1812e97ab,87970c53-24df-5bdc-b2e4-08b9e5135518,thet khaing win,win shein,Burma,zm,58.33,1,1,75.0,name=58; country=['zm']; position_overlap=['minister'],REVIEW
39fa2df2-bd23-592f-829d-992d069a2c67,e46340e4-d5a9-5904-ac31-248a33a42ca5,nyunt win swe,thein nyunt,Burma,zm,75.0,1,0,75.0,name=75; country=['zm'],REVIEW
cdd8b352-c89d-507f-b19d-8850b50d0595,9382f386-d9b2-5c07-9eab-300d721e9b80,soe win,thein soe,Burma,zm,75.0,1,0,75.0,name=75; country=['zm'],REVIEW
86f62f16-2175-5afa-b820-a898c02c9063,793434bf-9695-5b3b-87a0-b017325f19ba,ye myint tun,myo myint oo,Burma,zm,58.33,1,1,75.0,name=58; country=['zm']; position_overlap=['minister'],REVIEW
86f62f16-2175-5afa-b820-a898c02c9063,67375b35-2704-5d67-881a-c0a7ba87ac6d,ye myint tun,saw myint oo,Burma,zm,58.33,1,1,75.0,name=58; country=['zm']; position_overlap=['minister'],REVIEW
b05ed206-a84b-5bef-ad39-8bfa03419c61,dade11d1-8fbc-585e-81ce-6a84642c8bcd,tin aung san,tin myo aung,Burma,zm,75.0,1,0,75.0,name=75; country=['zm'],REVIEW
b05ed206-a84b-5bef-ad39-8bfa03419c61,ae441ad0-97a9-5e25-9ba3-ee31c43e09a7,tin aung san,saw san aung,Burma,zm,75.0,1,0,75.0,name=75; country=['zm'],REVIEW
fd8a9ab7-bb25-519d-b586-97a61c0e8c59,ef863950-c76d-5053-8837-7f75c7650d8b,shanjie zheng,yanni zheng,China,cn,75.0,1,0,75.0,name=75; country=['cn'],REVIEW
130ff18c-d312-545f-a54d-fb8474b63e02,d1809a72-f91b-56d7-ad23-99b2379ab40f,guangha wang,guoying wang,China,cn,75.0,1,0,75.0,name=75; country=['cn'],REVIEW
1a8f313c-00cf-566a-a5e5-16a23c87195d,043ebf6a-6636-542e-9d26-0f5fe568ca9d,mohammad-reza aref,mohammad reza mehdipur,Iran,ir,75.0,1,0,75.0,name=75; country=['ir'],REVIEW
1a8f313c-00cf-566a-a5e5-16a23c87195d,175f3941-a0ee-5049-bdb1-85d59a66bb67,mohammad-reza aref,mohammad-reza ashtiani,Iran,ir,75.0,1,0,75.0,name=75; country=['ir'],REVIEW
1a8f313c-00cf-566a-a5e5-16a23c87195d,3ed887cf-3eb4-5a62-a244-84f26b219a55,mohammad-reza aref,masoud mohammad rezaei,Iran,ir,75.0,1,0,75.0,name=75; country=['ir'],REVIEW
d92323a3-f42b-55fb-8054-61ed32350322,874110b7-7f28-5f9c-ab18-b6ac55f43693,majid ansari,majid agha'i,Iran,ir,75.0,1,0,75.0,name=75; country=['ir'],REVIEW
d92323a3-f42b-55fb-8054-61ed32350322,e16625c1-9008-5806-954e-92c80a4291b9,majid ansari,majid a'zami,Iran,ir,75.0,1,0,75.0,name=75; country=['ir'],REVIEW
486633c7-d65d-579c-a85e-bd4fb32cc714,6dfe3845-4ce2-5b81-8758-a75686bcbe28,mohammad eslami,mohammad mahmoudi,Iran,ir,75.0,1,0,75.0,name=75; country=['ir'],REVIEW
f57ff2a3-e8df-593b-9e2b-a887dc3b6f48,1819c249-40b1-5db4-96e3-02c21ff334ca,amin-hosein rahimi,hossein rahimi,Iran,ir,75.0,1,0,75.0,name=75; country=['ir'],REVIEW
7460b67f-6849-5686-be95-6f8137f91b02,074fd847-1c30-5b13-95ea-58f2ffc20650,hosein simaei-saraf,hosein salimi,Iran,ir,75.0,1,0,75.0,name=75; country=['ir'],REVIEW
f09fa64f-3749-5bb9-8eae-47aa0e56fc7c,7936afc8-797b-5e41-b9ce-471b68954a82,mohamad-reza farzin,mohammad nazar azimi,Iran,ir,75.0,1,0,75.0,name=75; country=['ir'],REVIEW
4a19256d-6939-57ce-8382-7eb6928ad8dd,2ea72da9-edb8-54e7-9101-7fd192d24b3b,yong won jo,yong nam jong,"Korea, North",kp,75.0,1,0,75.0,name=75; country=['kp'],REVIEW
4a19256d-6939-57ce-8382-7eb6928ad8dd,7725fd5c-cd5e-5a47-a960-87b96f9e937c,yong won jo,yong son jang,"Korea, North",kp,75.0,1,0,75.0,name=75; country=['kp'],REVIEW
db80e495-6578-5cc9-8b23-b56d2587e7a3,730507a8-1028-50f1-8b74-e63ff1a5bd0e,song nam kim,sang man kim,"Korea, North",kp,75.0,1,0,75.0,name=75; country=['kp'],REVIEW
cd2e7228-83bc-53ae-9022-290f7f52a37f,2ea72da9-edb8-54e7-9101-7fd192d24b3b,yo jong kim,yong nam jong,"Korea, North",kp,75.0,1,0,75.0,name=75; country=['kp'],REVIEW
cd2e7228-83bc-53ae-9022-290f7f52a37f,87261b3b-752a-55f6-bf56-a32e634d2725,yo jong kim,myong jin kim,"Korea, North",kp,75.0,1,0,75.0,name=75; country=['kp'],REVIEW
b16e8d80-7030-596c-9df3-521cbe6169a1,a6fbd1c8-8c1a-5210-b1d4-ebfa024a13e0,yun sok kang,mun-kil kang,"Korea, North",kp,75.0,1,0,75.0,name=75; country=['kp'],REVIEW
f244bdca-f3a8-5d54-9b1b-cc2e39bc638f,05295a1f-3193-5ce8-bb09-449b7fd68ddc,yong hwan kim,yon hui kim,"Korea, North",kp,75.0,1,0,75.0,name=75; country=['kp'],REVIEW
f244bdca-f3a8-5d54-9b1b-cc2e39bc638f,3994612e-996b-596c-91b7-90cd5320c49c,yong hwan kim,tong-ho kim,"Korea, North",kp,75.0,1,0,75.0,name=75; country=['kp'],REVIEW
f244bdca-f3a8-5d54-9b1b-cc2e39bc638f,9eddb6a0-baeb-5b5c-b6f2-4b9577c189b7,yong hwan kim,yong ju kim,"Korea, North",kp,75.0,1,0,75.0,name=75; country=['kp'],REVIEW
d0495abd-8e55-518b-87c8-ff979fa8ac3f,409f605a-c08e-52a3-ab92-1b951394bad3,in chol pak,jong chon pak,"Korea, North",kp,75.0,1,0,75.0,name=75; country=['kp'],REVIEW
ee714e14-ed52-53c9-a0f3-0a0fb01c9e2c,0e9a260b-0ef4-5d08-bc3c-4465e23f4543,jong gun pak,jong hun kil,"Korea, North",kp,75.0,1,0,75.0,name=75; country=['kp'],REVIEW
c85a2ab4-d135-57bf-bdbc-dae1667811ef,abbc7385-4a6d-56c0-8034-d61f10609891,sung guk jon,song guk yun,"Korea, North",kp,75.0,1,0,75.0,name=75; country=['kp'],REVIEW
1ad2c0de-1de9-5af3-9e95-190396b8005f,9f155f2b-eaf7-51fe-8216-80ab1dfa4deb,song hak ri,kyong hak kim,"Korea, North",kp,75.0,1,0,75.0,name=75; country=['kp'],REVIEW
a02de48a-caf5-5505-ba51-5a38d2e02d9f,80ac3a19-9ac6-56be-bafd-09a41c6b10f9,sok chol jo,kyong-chol jo,"Korea, North",kp,75.0,1,0,75.0,name=75; country=['kp'],REVIEW
3dd10b94-ab62-5ae5-a73e-60104d5a70c8,7bb4c3ef-35ef-52a5-96a5-cca060395539,chol san ri,song chol kim,"Korea, North",kp,75.0,1,0,75.0,name=75; country=['kp'],REVIEW
aed6b75b-4fc2-5fec-abf0-625322fc4f37,317983e5-097d-5c89-8458-35268be76109,chol ha kim,chol hak kang,"Korea, North",kp,75.0,1,0,75.0,name=75; country=['kp'],REVIEW
aed6b75b-4fc2-5fec-abf0-625322fc4f37,1e7bc14e-c510-5c41-9b16-8d2bc69ef3da,chol ha kim,kwang chol ro,"Korea, North",kp,58.33,1,1,75.0,name=58; country=['kp']; position_overlap=['minister'],REVIEW
3aea3e76-cdbe-5543-8f1e-79e51652cf89,072c2404-41d4-5fb9-ba58-340a2e1052fe,hak chol jon,chol man han,"Korea, North",kp,75.0,1,0,75.0,name=75; country=['kp'],REVIEW
3aea3e76-cdbe-5543-8f1e-79e51652cf89,f46b91e1-d7a0-59a1-b231-26c7c4c19d88,hak chol jon,yong chol ho,"Korea, North",kp,75.0,1,0,75.0,name=75; country=['kp'],REVIEW
3aea3e76-cdbe-5543-8f1e-79e51652cf89,255af80c-23aa-5e30-812f-dde7dff45ed7,hak chol jon,in chol jong,"Korea, North",kp,75.0,1,0,75.0,name=75; country=['kp'],REVIEW
3aea3e76-cdbe-5543-8f1e-79e51652cf89,6ca2121f-4d93-5c24-9ed7-0036f0ac6060,hak chol jon,thae chol ri,"Korea, North",kp,58.33,1,1,75.0,name=58; country=['kp']; position_overlap=['minister'],REVIEW
98d46526-22bc-5092-acc7-39b7ef15df5f,a0be472f-abfc-5db1-a5fd-05db7d9ae185,yu il kim,kyu kim,"Korea, North",kp,75.0,1,0,75.0,name=75; country=['kp'],REVIEW
8cd0c6e3-caab-55c5-94be-0cc31f55b070,697bfa89-7abb-5e26-b7a4-1c957a52b950,jong ho yun,jong hyok son,"Korea, North",kp,75.0,1,0,75.0,name=75; country=['kp'],REVIEW
077959aa-ee52-5a90-a839-8c3e1ce4feca,86f78ac3-c178-5fef-8754-9e7ec6d5010b,kum song jin,song hun kim,"Korea, North",kp,75.0,1,0,75.0,name=75; country=['kp'],REVIEW
4741c842-aa4f-5cb6-9d00-509b4d4be52a,87285f8f-9572-5b10-abba-1e79dc0b295e,jong nam kim,yong su jong,"Korea, North",kp,58.33,1,1,75.0,name=58; country=['kp']; position_overlap=['minister'],REVIEW
cc81e615-d493-582e-afc5-946ac6cfb9f5,1e7bc14e-c510-5c41-9b16-8d2bc69ef3da,chol su kim,kwang chol ro,"Korea, North",kp,58.33,1,1,75.0,name=58; country=['kp']; position_overlap=['minister'],REVIEW
cc81e615-d493-582e-afc5-946ac6cfb9f5,a8cba52b-1ae3-5e9b-b1fb-e13f1da061fe,chol su kim,yong chol kim,"Korea, North",kp,75.0,1,0,75.0,name=75; country=['kp'],REVIEW
3f5caa9c-1967-511d-a235-da7d3d2c5422,6ca2121f-4d93-5c24-9ed7-0036f0ac6060,chol gu kang,thae chol ri,"Korea, North",kp,58.33,1,1,75.0,name=58; country=['kp']; position_overlap=['minister'],REVIEW
8a4561d5-6e38-5ae7-894b-48966e7707a5,86f78ac3-c178-5fef-8754-9e7ec6d5010b,sung jin kim,song hun kim,"Korea, North",kp,75.0,1,0,75.0,name=75; country=['kp'],REVIEW
716dd8bc-4a5b-541a-9582-e6fa17d4c6bf,7f82f1be-9b2f-5e70-91de-0dc6fe44efb7,muhammad al-ghuj,mohamed al-kani,Libya,ly,75.0,1,0,75.0,name=75; country=['ly'],REVIEW
68c871cc-f006-53ac-b118-e0e1372b981e,b7a08f12-2b5b-594f-ba2f-c967e918abb3,mohamed toumba boubacar,surajo abubakar muhammad,Niger,ng,75.0,1,0,75.0,name=75; country=['ng'],REVIEW
19d89641-666f-5f5d-a65b-d189af5e95fe,1ac32124-4921-5a46-9b65-c28f44718e6f,vladimir vladimirovich putin,vadim vladimirovich belousov,Russia,ru,75.0,1,0,75.0,name=75; country=['ru'],REVIEW
b45b6c16-05c3-5345-95eb-c1c6135f61b2,397f5c13-e218-58bd-8e09-f29e8cd70dba,aleksandr valentinovich novak,aleksandr olegovich kalinin,Russia,ru,75.0,1,0,75.0,name=75; country=['ru'],REVIEW
b45b6c16-05c3-5345-95eb-c1c6135f61b2,b781b5ac-fd19-5e39-815a-d733435fc764,aleksandr valentinovich novak,aleksandr viktorovich ionov,Russia,ru,75.0,1,0,75.0,name=75; country=['ru'],REVIEW
ed18924e-5c9b-5e5b-803d-27f2be535e3b,d8ea9ef7-ae70-5841-8fd4-4ae25ca6fbc8,anton olegovich kotyakov,anton olegovich elizarev,Russia,ru,75.0,1,0,75.0,name=75; country=['ru'],REVIEW
fbee7b65-a0d0-5c1f-b1ab-b1bba5553a9b,c0ee9b8c-6180-52fd-904e-3f25a888c4f3,valeriy nikolayevich falkov,vasily nikolayevich ikonnikov,Russia,ru,75.0,1,0,75.0,name=75; country=['ru'],REVIEW
65c1c009-8b93-5ba0-8cff-fde39245efcf,8d63a8fa-433f-52b5-8ddd-c52e235ef793,nenad vujic,nenad popovic,Serbia,rs,75.0,1,0,75.0,name=75; country=['rs'],REVIEW
0fae46ef-f7b8-5c78-800f-923f94b34cb2,da581888-847b-521c-9b55-ae33ac274626,muhammad al-zaouri,muhammad ali al-qadiri,Yemen,ye,75.0,1,0,75.0,name=75; country=['ye'],REVIEW
19d89641-666f-5f5d-a65b-d189af5e95fe,2310a27a-4cda-58ae-a5ef-2e7685d03015,vladimir vladimirovich putin,vladimir vladimirovich yakushev,Russia,ru,74.58,1,0,74.75,name=75; country=['ru'],REVIEW
cd6c171d-c9ca-554f-891b-755908ea691e,176db1b4-9a56-5d0c-b818-0914e22031a6,aleksandr aleksandrovich kozlov,aleksandr arkadyevich zhukov,Russia,ru,74.58,1,0,74.75,name=75; country=['ru'],REVIEW
d6e33049-9c30-57e4-8fa8-e9317955ad2e,e68576f7-c130-5926-a97a-5ccadecd1b38,mikhail vladimirovich degtyarev,mikhail vladimirovich kuzmin,Russia,ru,74.58,1,0,74.75,name=75; country=['ru'],REVIEW
0a20c63b-a3e5-5b97-9a17-2fa6525d1530,d7783997-1d46-50ff-8e64-3ebf8567630b,aleksandr vasilyevich bortnikov,aleksandr leonidovich burkov,Russia,ru,74.58,1,0,74.75,name=75; country=['ru'],REVIEW
fbee7b65-a0d0-5c1f-b1ab-b1bba5553a9b,1ae6738e-a3ad-5fe4-b4d5-0d70d6866c25,valeriy nikolayevich falkov,yury nikolayevich koptev,Russia,ru,74.51,1,0,74.71,name=75; country=['ru'],REVIEW
ae54960f-d347-5091-8aed-043644222a3d,02b8ea4e-d3a1-55a3-8a71-a2140ad7b851,ahmad omar muhammad arman,umar ahmad umar ahmad hajj,Yemen,ye,74.51,1,0,74.71,name=75; country=['ye'],REVIEW
716dd8bc-4a5b-541a-9582-e6fa17d4c6bf,ac7db0e1-9354-5ecb-81b1-c2d4a4d8d20c,muhammad al-ghuj,khalifa mohamed ahmed ghawil,Libya,ly,57.78,1,1,74.67,name=58; country=['ly']; position_overlap=['minister'],REVIEW
1c6ee159-d1bc-52b6-9b43-c211b6a8ae1d,8075f8a2-587e-541d-af23-82d72d52da44,konstantinos tasoulas,konstantinos stavridis,Greece,gr,74.42,1,0,74.65,name=74; country=['gr'],REVIEW
7ca666d5-ef17-58e0-921f-386760dae330,370cca07-58bc-5f47-9ca7-b6261d696759,maman abdurrahman,mohamad iqbal abdurrahman,Indonesia,id,74.42,1,0,74.65,name=74; country=['id'],REVIEW
f09fa64f-3749-5bb9-8eae-47aa0e56fc7c,d4425fd5-c1c4-5302-8aa3-09b71eb88bdd,mohamad-reza farzin,mohammad reza mohammadi,Iran,ir,74.42,1,0,74.65,name=74; country=['ir'],REVIEW
f09fa64f-3749-5bb9-8eae-47aa0e56fc7c,96173075-818f-5978-abd5-a5dbad2a390e,mohamad-reza farzin,hossein mohammad rezaei,Iran,ir,74.42,1,0,74.65,name=74; country=['ir'],REVIEW
c2369b0c-9fa5-5e0b-a144-0128a0d33c6e,c1f0f927-3c2a-5ffa-b6bb-c00ea5666d28,muhammad al-bashir,mohammad ibrahim al-shaar,Syria,sy,74.42,1,0,74.65,name=74; country=['sy'],REVIEW
b52b2801-6f97-5c31-bb7c-ee616e85b5b9,802cc3b8-f9bd-5ecb-88c5-183893512a75,salem abdullah al-soqotri,ali abdullah saleh,Yemen,ye,74.42,1,0,74.65,name=74; country=['ye'],REVIEW
dd9c3037-a953-52b4-a3e2-2e6f5fb936de,50ecbbe9-94f8-5c64-9ee2-e305a574366a,hamid pur-mohammadi,behzad mohammadi,Iran,ir,74.29,1,0,74.57,name=74; country=['ir'],REVIEW
41f73c9a-0576-5c99-a90f-8953fecc781b,164e7b5d-30a9-5d6f-918e-e3a017a16e5f,atong kuol manyang,kuol manyang juuk,South Sudan,ss,74.29,1,0,74.57,name=74; country=['ss'],REVIEW
006ad23e-54a7-54a1-8822-9ce4af2635fc,1631be43-a92c-5ee2-a591-7ed362f0d73d,mikhail vladimirovich mishustin,dmitrii vladimirovich alikhanov,Russia,ru,74.19,1,0,74.52,name=74; country=['ru'],REVIEW
a7f6b2f9-1666-5d11-966d-b03d88a6038c,4574e5de-7515-53dd-a371-951120004b12,dmitriy nikolayevich chernyshenko,dmitriy nikolaevich bezrukikh,Russia,ru,74.19,1,0,74.52,name=74; country=['ru'],REVIEW
b45b6c16-05c3-5345-95eb-c1c6135f61b2,6db1b7ea-2dc3-52ee-9111-d20dfb6efe53,aleksandr valentinovich novak,aleksandr vladimirovich konovalov,Russia,ru,74.19,1,0,74.52,name=74; country=['ru'],REVIEW
0a20c63b-a3e5-5b97-9a17-2fa6525d1530,9d0e9a0a-b11c-5b48-82cd-7a56d458ea4d,aleksandr vasilyevich bortnikov,aleksandr sergeyevich bolshakov,Russia,ru,74.19,1,0,74.52,name=74; country=['ru'],REVIEW
0a20c63b-a3e5-5b97-9a17-2fa6525d1530,8dc59fe1-c9bc-5884-981f-090a59f0f708,aleksandr vasilyevich bortnikov,aleksandr valentinovich sokolov,Russia,ru,74.19,1,0,74.52,name=74; country=['ru'],REVIEW
505bfc47-dc10-5cb8-a9fb-b8b04e6cbae4,bbd84618-6841-5316-af05-1a1d7956f37a,mohammad khalid,baz mohammad,Afghanistan,af,74.07,1,0,74.44,name=74; country=['af'],REVIEW
f244bdca-f3a8-5d54-9b1b-cc2e39bc638f,ed9c67fc-09ae-5043-81d2-acce8f4b49b9,yong hwan kim,kyong hwan mun,"Korea, North",kp,74.07,1,0,74.44,name=74; country=['kp'],REVIEW
c7e8fc46-b063-59fc-9f2c-549482d15202,953dd495-b9bf-54e0-8ea8-963ac47643f3,jong gwan kang,song hwa jong,"Korea, North",kp,74.07,1,0,74.44,name=74; country=['kp'],REVIEW
257b7973-9bb2-564f-b8c5-1a55c239efc9,a8cba52b-1ae3-5e9b-b1fb-e13f1da061fe,chung song kim,yong chol kim,"Korea, North",kp,74.07,1,0,74.44,name=74; country=['kp'],REVIEW
a94b2e8e-85d9-507b-a1ca-4de6aa6b733e,f94cc52e-7c0e-5ab7-9116-8acb8d38b55e,kyong chol choe,yong chol jo,"Korea, North",kp,74.07,1,0,74.44,name=74; country=['kp'],REVIEW
250b1f74-d92a-5b8e-81fd-91f406313e55,953dd495-b9bf-54e0-8ea8-963ac47643f3,chun song jang,song hwa jong,"Korea, North",kp,74.07,1,0,74.44,name=74; country=['kp'],REVIEW
229631a1-a4f8-56d3-a528-bcc22873590c,cf8b6a77-2e92-5cbe-b1a0-def677d911eb,song hak chae,song chol choe,"Korea, North",kp,74.07,1,0,74.44,name=74; country=['kp'],REVIEW
19d89641-666f-5f5d-a65b-d189af5e95fe,7d1d2bc9-655e-5932-b0ac-977a8c5f942e,vladimir vladimirovich putin,pavel vladimirovich kuzmin,Russia,ru,74.07,1,0,74.44,name=74; country=['ru'],REVIEW
9f7f1740-b4dd-5baa-9f5c-0df51713cbf6,436f7273-f94b-54d9-8c6b-2f34f4190fa3,sergey viktorovich lavrov,sergey vladimirovich burlakov,Russia,ru,74.07,1,0,74.44,name=74; country=['ru'],REVIEW
fbee7b65-a0d0-5c1f-b1ab-b1bba5553a9b,68ff4927-930f-5682-88ef-ee2d1cee6323,valeriy nikolayevich falkov,sergey nikolayevich muratov,Russia,ru,74.07,1,0,74.44,name=74; country=['ru'],REVIEW
dbe82bd4-dc46-57b0-b0e4-d46ff1522618,d56d1462-b34b-5634-a864-4b671cf45d6f,roman vladimirovich starovoyt,ivan vladimirovich tavrin,Russia,ru,74.07,1,0,74.44,name=74; country=['ru'],REVIEW
dbe82bd4-dc46-57b0-b0e4-d46ff1522618,3d451922-e373-51ac-a947-51068fdaf883,roman vladimirovich starovoyt,oleg vladimirovich petrov,Russia,ru,74.07,1,0,74.44,name=74; country=['ru'],REVIEW
cf279927-1aab-53bc-8a74-14d1ce495a2b,d84f8a11-0fe4-5d17-80a9-c23f1e07ab4b,ching-wen chang,wen-fu chang,Taiwan,tw,74.07,1,0,74.44,name=74; country=['tw'],REVIEW
8c4d6fd1-69f0-5e83-a00f-821268cd901b,4997d16f-6e46-5dc0-a0cd-5a525d122283,chin-te chen,mei hsiang chen,Taiwan,tw,74.07,1,0,74.44,name=74; country=['tw'],REVIEW
ae54960f-d347-5091-8aed-043644222a3d,115f5e23-3991-5525-b7b4-a38a85dae4f2,ahmad omar muhammad arman,sa'id ahmad muhammad al-jamal,Yemen,ye,74.07,1,0,74.44,name=74; country=['ye'],REVIEW
304687be-72b5-5f04-8437-e74cf2ccd578,40caeb44-4367-5c87-98b0-88ee4bfe2d57,mohammad-reza salehi-amiri,mohammed reza zahedi,Iran,ir,73.91,1,0,74.35,name=74; country=['ir'],REVIEW
304687be-72b5-5f04-8437-e74cf2ccd578,fc4b0795-746d-548b-98cc-19869fe4a4f1,mohammad-reza salehi-amiri,mohammad reza ansari,Iran,ir,73.91,1,0,74.35,name=74; country=['ir'],REVIEW
304687be-72b5-5f04-8437-e74cf2ccd578,72b05d3b-baf3-5c54-8ba2-9befe93c04f0,mohammad-reza salehi-amiri,mohammad reza kazemi,Iran,ir,73.91,1,0,74.35,name=74; country=['ir'],REVIEW
286d8443-aff7-5178-b2a1-75291c9f61ae,53151d7d-43e9-5d7f-938b-abce15639918,mohammad-reza zafarqandi,mohammed reza rezakhah,Iran,ir,73.91,1,0,74.35,name=74; country=['ir'],REVIEW
f322b8e0-5492-53f6-9b5f-c2f86507973b,93bb4600-d2fb-5e03-9e63-be7fcb794178,abdulkadir muhammad nur,mohamed abdullah hirey,Somalia,so,73.91,1,0,74.35,name=74; country=['so'],REVIEW
f21fad05-0e28-5492-a4e5-4ca30560fe5c,f0316e9e-c1b5-5460-b4a0-b57dbea80a68,vladimir aleksandrovich kolokoltsev,vladimir alekseyevich koshelev,Russia,ru,73.85,1,0,74.31,name=74; country=['ru'],REVIEW
0a20c63b-a3e5-5b97-9a17-2fa6525d1530,9e4709db-f150-56f6-809e-1bce23cf8674,aleksandr vasilyevich bortnikov,aleksandr vyacheslavovich kurenkov,Russia,ru,73.85,1,0,74.31,name=74; country=['ru'],REVIEW
7761ba11-48e5-505e-9dac-b7014646adda,52c41d60-797a-56a5-8cdf-de48e86413ae,tun aung,aung naing oo,Burma,zm,57.14,1,1,74.29,name=57; country=['zm']; position_overlap=['minister'],REVIEW
257b7973-9bb2-564f-b8c5-1a55c239efc9,9ab2c631-2112-5c4d-9304-404f036386f4,chung song kim,kwang hyok kim,"Korea, North",kp,57.14,1,1,74.29,name=57; country=['kp']; position_overlap=['development'],REVIEW
a94b2e8e-85d9-507b-a1ca-4de6aa6b733e,1e7bc14e-c510-5c41-9b16-8d2bc69ef3da,kyong chol choe,kwang chol ro,"Korea, North",kp,57.14,1,1,74.29,name=57; country=['kp']; position_overlap=['minister'],REVIEW
496a7478-0a0e-5a9e-b9a8-046fa8512bd6,ac7db0e1-9354-5ecb-81b1-c2d4a4d8d20c,muhammad bin ghalbon,khalifa mohamed ahmed ghawil,Libya,ly,57.14,1,1,74.29,"name=57; country=['ly']; position_overlap=['minister', 'prime']",REVIEW
1b376966-94ff-57ba-8b76-2407926a7cef,22308161-827c-5c1a-be93-5080efa03b61,muhammad mukhtar jumaa,ahmad muhammed harun,Sudan,sd,57.14,1,1,74.29,name=57; country=['sd']; position_overlap=['minister'],REVIEW
31bc6af8-18d2-5a6d-9bd4-d0e4b93151b2,96f896c2-7369-5995-92b4-99a1ea7545e4,yixin chen,ting chen,China,cn,73.68,1,0,74.21,name=74; country=['cn'],REVIEW
a6dfc114-b00a-5fe4-8c48-c584cdf11d8a,13a551b9-fea1-53b3-a078-96eb28e88433,xiaodu yang,liu yang,China,cn,73.68,1,0,74.21,name=74; country=['cn'],REVIEW
286d8443-aff7-5178-b2a1-75291c9f61ae,3f69fc59-09d8-507a-a32c-fae7c692bbfc,mohammad-reza zafarqandi,mohammad rezai,Iran,ir,73.68,1,0,74.21,name=74; country=['ir'],REVIEW
760e0ba4-7aa7-5ea2-b565-665ad6d216ec,0bd558aa-1421-5587-843c-f71b34c549df,su il pak,su gil kim,"Korea, North",kp,73.68,1,0,74.21,name=74; country=['kp'],REVIEW
1ad2c0de-1de9-5af3-9e95-190396b8005f,118a1ba5-17c3-5ef9-b6da-2b5c86ddb3a2,song hak ri,song kim,"Korea, North",kp,73.68,1,0,74.21,name=74; country=['kp'],REVIEW
4f2e5ddc-e7f2-5114-91e0-b66d2b467446,118a1ba5-17c3-5ef9-b6da-2b5c86ddb3a2,sung du kim,song kim,"Korea, North",kp,73.68,1,0,74.21,name=74; country=['kp'],REVIEW
98d46526-22bc-5092-acc7-39b7ef15df5f,12e28eae-3413-5c7f-8543-5361d66133d5,yu il kim,ho kyu kim,"Korea, North",kp,73.68,1,0,74.21,name=74; country=['kp'],REVIEW
f3c08208-2b98-5df7-80e3-d940f854096e,0de4fe4b-c74d-5ed3-a9d1-577c975183af,yong il ju,yong su u,"Korea, North",kp,73.68,1,0,74.21,name=74; country=['kp'],REVIEW
cc616297-3e2c-5035-bb7f-1fdb127363a5,7e7f14fc-2f97-5696-b2ee-a43d9722648f,song kim,song jin im,"Korea, North",kp,73.68,1,0,74.21,name=74; country=['kp'],REVIEW
cc616297-3e2c-5035-bb7f-1fdb127363a5,62fa7bc2-cae8-54af-9190-4a72c055be38,song kim,song sun im,"Korea, North",kp,73.68,1,0,74.21,name=74; country=['kp'],REVIEW
cc616297-3e2c-5035-bb7f-1fdb127363a5,0885644a-9a39-5222-abbc-2fbe58935244,song kim,ung sun kim,"Korea, North",kp,73.68,1,0,74.21,name=74; country=['kp'],REVIEW
cc616297-3e2c-5035-bb7f-1fdb127363a5,9eddb6a0-baeb-5b5c-b6f2-4b9577c189b7,song kim,yong ju kim,"Korea, North",kp,73.68,1,0,74.21,name=74; country=['kp'],REVIEW
19ff653a-9fd8-5e8e-9100-5ac9c86d729d,6f45de5e-6d0e-5dac-a986-60e94eef7138,denis valentinovich manturov,mikhail valentinovich romanov,Russia,ru,73.68,1,0,74.21,name=74; country=['ru'],REVIEW
19ff653a-9fd8-5e8e-9100-5ac9c86d729d,cad6a2a0-e6f0-5a52-b5c5-4660dc15d508,denis valentinovich manturov,aleksandr valentinovich novak,Russia,ru,73.68,1,0,74.21,name=74; country=['ru'],REVIEW
b45b6c16-05c3-5345-95eb-c1c6135f61b2,b4c5f022-9972-5105-816e-c375d16380fe,aleksandr valentinovich novak,aleksandr valeryevich dyukov,Russia,ru,73.68,1,0,74.21,name=74; country=['ru'],REVIEW
b45b6c16-05c3-5345-95eb-c1c6135f61b2,6b275edd-e429-5f28-9c99-c3211b6641ed,aleksandr valentinovich novak,denis valentinovich manturov,Russia,ru,73.68,1,0,74.21,name=74; country=['ru'],REVIEW
d6e33049-9c30-57e4-8fa8-e9317955ad2e,19ab3328-7dac-51f7-81cd-e0f3beffde53,mikhail vladimirovich degtyarev,nikita vladimirovich gusev,Russia,ru,73.68,1,0,74.21,name=74; country=['ru'],REVIEW
0fae46ef-f7b8-5c78-800f-923f94b34cb2,b40c5ae2-6ff8-5232-84a7-4be080a8476b,muhammad al-zaouri,muhammad al-sunaydar,Yemen,ye,73.68,1,0,74.21,name=74; country=['ye'],REVIEW
7577e6ac-6813-5c14-a64b-543cff310d82,aebe400c-2f17-5c31-a7d7-27e8aea289be,aleksandr vyacheslavovich kurenkov,aleksandr vyacheslavovich zakharov,Russia,ru,73.53,1,0,74.12,name=74; country=['ru'],REVIEW
ed18924e-5c9b-5e5b-803d-27f2be535e3b,9ffd1a09-af58-5993-87fd-4cac16829f81,anton olegovich kotyakov,anton viktorovich koltsov,Russia,ru,73.47,1,0,74.08,name=73; country=['ru'],REVIEW
85da5294-bb31-5f57-9cb1-bc4d767cffe5,9ffd1a09-af58-5993-87fd-4cac16829f81,igor viktorovich krasnov,anton viktorovich koltsov,Russia,ru,73.47,1,0,74.08,name=73; country=['ru'],REVIEW
85da5294-bb31-5f57-9cb1-bc4d767cffe5,ed675647-df5f-5424-a044-6a122e2e7684,igor viktorovich krasnov,boris viktorovich obnosov,Russia,ru,73.47,1,0,74.08,name=73; country=['ru'],REVIEW
692d0217-0dbb-5722-b4f2-ed73c5bdc12a,4be6cd1d-7989-5983-a7d2-bc54dc02b2f8,abdullah al-alimi ba wazir,abdullah yahya al hakim,Yemen,ye,73.47,1,0,74.08,name=73; country=['ye'],REVIEW
ae54960f-d347-5091-8aed-043644222a3d,06dfd183-8507-5e75-a49b-b9d26f23108a,ahmad omar muhammad arman,muhammad ahmad al-talibi,Yemen,ye,73.47,1,0,74.08,name=73; country=['ye'],REVIEW
5f272a74-f9a6-53b5-a1b2-5ce576352220,52036d23-aca4-5f2a-babe-899ffae55864,muhammad hazm al-ashwal,ameen hamid mohammed dahan,Yemen,ye,73.47,1,0,74.08,name=73; country=['ye'],REVIEW
486633c7-d65d-579c-a85e-bd4fb32cc714,bc245e07-5a67-57e4-917f-70ff84fa950d,mohammad eslami,mohammad magham,Iran,ir,73.33,1,0,74.0,name=73; country=['ir'],REVIEW
486633c7-d65d-579c-a85e-bd4fb32cc714,09a37407-4fad-5e58-8a91-a367926774c7,mohammad eslami,mohammad baseri,Iran,ir,73.33,1,0,74.0,name=73; country=['ir'],REVIEW
3b010830-4c7f-51c8-b05c-d12a854b19eb,bc245e07-5a67-57e4-917f-70ff84fa950d,mohammad atabak,mohammad magham,Iran,ir,73.33,1,0,74.0,name=73; country=['ir'],REVIEW
3b010830-4c7f-51c8-b05c-d12a854b19eb,a8f81007-08b3-5db4-8e8c-f6ba5d8e8a4d,mohammad atabak,mohammad asgari,Iran,ir,73.33,1,0,74.0,name=73; country=['ir'],REVIEW
3b010830-4c7f-51c8-b05c-d12a854b19eb,09a37407-4fad-5e58-8a91-a367926774c7,mohammad atabak,mohammad baseri,Iran,ir,73.33,1,0,74.0,name=73; country=['ir'],REVIEW
3b010830-4c7f-51c8-b05c-d12a854b19eb,7216e8e2-b480-55a7-8d14-40f8d0e2c42e,mohammad atabak,mohammad karami,Iran,ir,73.33,1,0,74.0,name=73; country=['ir'],REVIEW
940e4817-dc8f-5e77-ad70-f5a848a2503c,58cb3eae-dd59-507c-a55e-6558e03b9fce,ahmad al-hajjar,ahmad al-khatib,Lebanon,eg,73.33,1,0,74.0,name=73; country=['lb'],REVIEW
9f322d7f-9aa5-5b39-a223-1568ac34bdc3,f39a7c31-e583-57a6-8aea-d8353f85b93c,mohamed hajoui,mohamed abrini,Morocco,be,73.33,1,0,74.0,name=73; country=['ma'],REVIEW
b45b6c16-05c3-5345-95eb-c1c6135f61b2,681c72fa-e026-5b4b-aab7-38d87c8427dd,aleksandr valentinovich novak,nikolay valentinovich andrianov,Russia,ru,73.33,1,0,74.0,name=73; country=['ru'],REVIEW
dbe82bd4-dc46-57b0-b0e4-d46ff1522618,66191a6a-06af-5cb7-8604-e8a425ee2bb4,roman vladimirovich starovoyt,alexey vladimirovich ostrovskiy,Russia,ru,73.33,1,0,74.0,name=73; country=['ru'],REVIEW
0a20c63b-a3e5-5b97-9a17-2fa6525d1530,a3b29203-087a-561e-990c-439e5afd7feb,aleksandr vasilyevich bortnikov,vitaliy vasilyevich kushnarev,Russia,ru,56.67,1,1,74.0,name=57; country=['ru']; position_overlap=['federal'],REVIEW
0a20c63b-a3e5-5b97-9a17-2fa6525d1530,cad6a2a0-e6f0-5a52-b5c5-4660dc15d508,aleksandr vasilyevich bortnikov,aleksandr valentinovich novak,Russia,ru,73.33,1,0,74.0,name=73; country=['ru'],REVIEW
a78ba60b-7571-5240-8600-6c5eee890fea,8491a9b7-74ba-5f9b-8364-51f7fa4658a4,mondher belaid,mondher baazaoui,Tunisia,tn,73.33,1,0,74.0,name=73; country=['tn'],REVIEW
4fd54716-bb30-50c6-9919-8026487ccdcf,9bc2e7a0-36c3-561e-b5b5-ff66279caff5,ali hoseini-khamenei,mohammad ali hosseini,Iran,ir,73.17,1,0,73.9,name=73; country=['ir'],REVIEW
1a8f313c-00cf-566a-a5e5-16a23c87195d,d4425fd5-c1c4-5302-8aa3-09b71eb88bdd,mohammad-reza aref,mohammad reza mohammadi,Iran,ir,73.17,1,0,73.9,name=73; country=['ir'],REVIEW
1a8f313c-00cf-566a-a5e5-16a23c87195d,96173075-818f-5978-abd5-a5dbad2a390e,mohammad-reza aref,hossein mohammad rezaei,Iran,ir,73.17,1,0,73.9,name=73; country=['ir'],REVIEW
6fe76e44-142e-53d5-9576-0ff60aa7b805,72f8f519-fbb6-549b-b6d8-3b3a6bb1dac8,dahir shire mohamed,mohamed ahmed qahiye,Somalia,so,73.17,1,0,73.9,name=73; country=['so'],REVIEW
f1c1473e-dffb-50fd-bbb3-0f32ea88747d,d69934a9-5fe1-572e-beb8-7fbcafcdbb2b,rashad muhammad al-alimi,mohamed al-atifi,Yemen,ye,73.17,1,0,73.9,name=73; country=['ye'],REVIEW
85da5294-bb31-5f57-9cb1-bc4d767cffe5,79b603ac-5ba8-5bed-b16e-5df171078f73,igor viktorovich krasnov,mikhail viktorovich turkanov,Russia,ru,73.08,1,0,73.85,name=73; country=['ru'],REVIEW
85da5294-bb31-5f57-9cb1-bc4d767cffe5,87b6ee2f-4640-5368-b2a8-300133ac6912,igor viktorovich krasnov,roman viktorovich nechiporuk,Russia,ru,73.08,1,0,73.85,name=73; country=['ru'],REVIEW
9f0aa0d4-f7e6-5336-87bb-90d92d8863f2,3c11d1ba-fc73-5ecc-af85-5695d6a14a2e,muhammad faruk khan,mohammad anwar latif khan,Bangladesh,bd,72.73,1,0,73.64,name=73; country=['bd'],REVIEW
8cb8bc43-f17b-5c0d-8fe9-2d13d31546f2,3cbeb04b-6550-581a-a1f5-1f241e6a9296,alyaksandr lukashenka,dzmitry aliaksandravich lukashenka,Belarus,by,72.73,1,0,73.64,name=73; country=['by'],REVIEW
d6349380-567c-5b96-abf4-ddcd3faa1f5a,293d576a-8246-5fe2-98c2-0bff474068cc,khin maung soe,aung soe,Burma,zm,72.73,1,0,73.64,name=73; country=['zm'],REVIEW
e59f0f47-31d3-5f4e-9c53-9497d721689e,aaa676dd-66d4-5e64-aea8-f180342a0b44,zheng han,guangfu zheng,China,cn,72.73,1,0,73.64,name=73; country=['cn'],REVIEW
6a22787f-016c-5c95-bb89-6685cf3f51e3,d1809a72-f91b-56d7-ad23-99b2379ab40f,guoying li,guoying wang,China,cn,72.73,1,0,73.64,name=73; country=['cn'],REVIEW
71e240eb-741e-57da-994b-2cc7abbc865f,deed08d9-7c5c-5154-948d-486204e2df41,mohsen haji-mirzaei,mohsen chizari,Iran,ir,72.73,1,0,73.64,name=73; country=['ir'],REVIEW
486633c7-d65d-579c-a85e-bd4fb32cc714,501fb6fb-8d80-5158-afb4-d4ae256d6673,mohammad eslami,mohammad abdollahi,Iran,ir,72.73,1,0,73.64,name=73; country=['ir'],REVIEW
6e2c26a1-61fd-5266-a3d7-f39cf4b2321a,24864ffd-1960-5403-b5d9-0aafbbb94755,abbas ali-abadi,ali akbar ahmadian,Iran,ir,72.73,1,0,73.64,name=73; country=['ir'],REVIEW
3b010830-4c7f-51c8-b05c-d12a854b19eb,501fb6fb-8d80-5158-afb4-d4ae256d6673,mohammad atabak,mohammad abdollahi,Iran,ir,72.73,1,0,73.64,name=73; country=['ir'],REVIEW
f09fa64f-3749-5bb9-8eae-47aa0e56fc7c,bc34ad9d-6181-5bc7-ac40-063030a4df6f,mohamad-reza farzin,mohammad reza mirheydary,Iran,ir,72.73,1,0,73.64,name=73; country=['ir'],REVIEW
f09fa64f-3749-5bb9-8eae-47aa0e56fc7c,1fdea508-7df9-526f-92b0-3cad1ac5719d,mohamad-reza farzin,reza mohammadi azizabadi,Iran,ir,72.73,1,0,73.64,name=73; country=['ir'],REVIEW
2db666ac-26f4-500d-8e57-d0d421626000,3994612e-996b-596c-91b7-90cd5320c49c,tok hun kim,tong-ho kim,"Korea, North",kp,72.73,1,0,73.64,name=73; country=['kp'],REVIEW
2db666ac-26f4-500d-8e57-d0d421626000,05295a1f-3193-5ce8-bb09-449b7fd68ddc,tok hun kim,yon hui kim,"Korea, North",kp,72.73,1,0,73.64,name=73; country=['kp'],REVIEW
c18a864c-2479-54f5-83a8-a797da2be8f7,a457feb7-1b89-50a1-aae6-ceedf79eaaf1,son gwon ri,hong-sop ri,"Korea, North",kp,72.73,1,0,73.64,name=73; country=['kp'],REVIEW
cd2e7228-83bc-53ae-9022-290f7f52a37f,9eddb6a0-baeb-5b5c-b6f2-4b9577c189b7,yo jong kim,yong ju kim,"Korea, North",kp,72.73,1,0,73.64,name=73; country=['kp'],REVIEW
d0495abd-8e55-518b-87c8-ff979fa8ac3f,741c6a5e-d244-5497-b88e-2e55c0447846,in chol pak,chun il pak,"Korea, North",kp,72.73,1,0,73.64,name=73; country=['kp'],REVIEW
1bacae61-7d31-58f3-9a3d-c8f20b1d5fcd,0bd558aa-1421-5587-843c-f71b34c549df,jong sun kim,su gil kim,"Korea, North",kp,72.73,1,0,73.64,name=73; country=['kp'],REVIEW
6fa2335d-266a-53e7-8246-ad15133afa37,8fca5417-eadd-53eb-b3b2-1319cdca551c,chol min pak,mun il pak,"Korea, North",kp,72.73,1,0,73.64,name=73; country=['kp'],REVIEW
4f2e5ddc-e7f2-5114-91e0-b66d2b467446,93bbb94d-7571-5e6e-84d0-b12b0f27b292,sung du kim,yong su kim,"Korea, North",kp,72.73,1,0,73.64,name=73; country=['kp'],REVIEW
4f2e5ddc-e7f2-5114-91e0-b66d2b467446,0885644a-9a39-5222-abbc-2fbe58935244,sung du kim,ung sun kim,"Korea, North",kp,72.73,1,0,73.64,name=73; country=['kp'],REVIEW
4f2e5ddc-e7f2-5114-91e0-b66d2b467446,9eddb6a0-baeb-5b5c-b6f2-4b9577c189b7,sung du kim,yong ju kim,"Korea, North",kp,72.73,1,0,73.64,name=73; country=['kp'],REVIEW
16e2fc62-372f-5b15-a7a0-28390672fd29,317983e5-097d-5c89-8458-35268be76109,kang choe,chol hak kang,"Korea, North",kp,72.73,1,0,73.64,name=73; country=['kp'],REVIEW
fba55d87-e11e-536c-80e8-00fc53ec6dce,290a5a17-12ba-54d3-8934-69e1a8f01234,jong jin so,jong son ho,"Korea, North",kp,72.73,1,0,73.64,name=73; country=['kp'],REVIEW
8cd0c6e3-caab-55c5-94be-0cc31f55b070,bf8cb1d2-5c1f-56f4-b257-24e349c74fac,jong ho yun,yun gun jon,"Korea, North",kp,72.73,1,0,73.64,name=73; country=['kp'],REVIEW
8cd0c6e3-caab-55c5-94be-0cc31f55b070,8f1c1152-1c0e-5b3e-a115-3f5f487a27ca,jong ho yun,kwang ho yu,"Korea, North",kp,72.73,1,0,73.64,name=73; country=['kp'],REVIEW
bd8abcfa-887a-5ca1-8f14-a5dd8c78110c,290a5a17-12ba-54d3-8934-69e1a8f01234,jong bom ko,jong son ho,"Korea, North",kp,72.73,1,0,73.64,name=73; country=['kp'],REVIEW
86e14e01-a80e-5017-b9fc-aaa22aefdf76,0729191e-da85-5385-b070-2f5a858c01e3,chun sop song,in chun o,"Korea, North",kp,72.73,1,0,73.64,name=73; country=['kp'],REVIEW
f3c08208-2b98-5df7-80e3-d940f854096e,f94cc52e-7c0e-5ab7-9116-8acb8d38b55e,yong il ju,yong chol jo,"Korea, North",kp,72.73,1,0,73.64,name=73; country=['kp'],REVIEW
f3c08208-2b98-5df7-80e3-d940f854096e,3306c0a0-f312-56f4-a2ec-2093042bbfef,yong il ju,jin yong jon,"Korea, North",kp,72.73,1,0,73.64,name=73; country=['kp'],REVIEW
257b7973-9bb2-564f-b8c5-1a55c239efc9,118a1ba5-17c3-5ef9-b6da-2b5c86ddb3a2,chung song kim,song kim,"Korea, North",kp,72.73,1,0,73.64,name=73; country=['kp'],REVIEW
8a4561d5-6e38-5ae7-894b-48966e7707a5,0bd558aa-1421-5587-843c-f71b34c549df,sung jin kim,su gil kim,"Korea, North",kp,72.73,1,0,73.64,name=73; country=['kp'],REVIEW
8a4561d5-6e38-5ae7-894b-48966e7707a5,b08c4646-4d5e-5f6a-9e7b-60ac21294784,sung jin kim,sung il ri,"Korea, North",kp,72.73,1,0,73.64,name=73; country=['kp'],REVIEW
72004bb0-b77a-50ae-bfde-809521de7dbb,9cbb8210-5bb9-5db4-b2a2-f0d2cf0cda35,muhammad al-manfi,mohamed koshlaf,Libya,ly,72.73,1,0,73.64,name=73; country=['ly'],REVIEW
abb1efd2-926b-5b2b-8549-3335c0ba382e,a1d68227-5af2-5fb2-8a3d-6a9db2556d98,ahmed shiyam,ali shiyam,Maldives,mv,72.73,1,0,73.64,name=73; country=['mv'],REVIEW
7578ccc2-ed0a-533d-a9e2-3dca8892a23b,53468a54-f437-53b4-bc2b-0be24f195d16,muhammad ishaq dar,muhammad farooq,Pakistan,pk,72.73,1,0,73.64,name=73; country=['pk'],REVIEW
7578ccc2-ed0a-533d-a9e2-3dca8892a23b,c9abbd81-607c-5b65-a0af-88f74a8e4cd9,muhammad ishaq dar,mohammed mazhar,Pakistan,pk,72.73,1,0,73.64,name=73; country=['pk'],REVIEW
19d89641-666f-5f5d-a65b-d189af5e95fe,2014156a-eb35-5e71-ab7d-084a2ecde420,vladimir vladimirovich putin,eddie vladimirovich astanin,Russia,ru,72.73,1,0,73.64,name=73; country=['ru'],REVIEW
19d89641-666f-5f5d-a65b-d189af5e95fe,540a94a7-135e-570b-a13d-b60c6506bbf0,vladimir vladimirovich putin,pavel vladimirovich simigin,Russia,ru,72.73,1,0,73.64,name=73; country=['ru'],REVIEW
19d89641-666f-5f5d-a65b-d189af5e95fe,f91acbe2-158e-5e3c-aea3-54248ab60a7b,vladimir vladimirovich putin,vladimir zalmanovich litvin,Russia,ru,72.73,1,0,73.64,name=73; country=['ru'],REVIEW
19ff653a-9fd8-5e8e-9100-5ac9c86d729d,c1bb018c-8e64-5b61-ad98-b71ceb5b520e,denis valentinovich manturov,lev valentinovich gershanok,Russia,ru,72.73,1,0,73.64,name=73; country=['ru'],REVIEW
19ff653a-9fd8-5e8e-9100-5ac9c86d729d,ba0bfe46-563d-5a3d-8d0b-290badf92181,denis valentinovich manturov,german valentinovich belous,Russia,ru,72.73,1,0,73.64,name=73; country=['ru'],REVIEW
baf13575-cd11-5c0c-ae96-f537015d05c2,bebe8eec-6f48-5ae6-8b57-ee71afadb521,aleksey olegovich chekunkov,aleksey sergeyevich chubarov,Russia,ru,72.73,1,0,73.64,name=73; country=['ru'],REVIEW
fbee7b65-a0d0-5c1f-b1ab-b1bba5553a9b,9242dcb3-1cbc-51d6-827d-223d13244753,valeriy nikolayevich falkov,valery nikolayevich vasilyev,Russia,ru,72.73,1,0,73.64,name=73; country=['ru'],REVIEW
dbe82bd4-dc46-57b0-b0e4-d46ff1522618,bfc752f7-4b48-5b25-874d-98884ce5c3bc,roman vladimirovich starovoyt,andrey vladimirovich burov,Russia,ru,72.73,1,0,73.64,name=73; country=['ru'],REVIEW
911eed12-a02f-5d5a-b2d5-798a46483094,06fde29f-f1e0-5dfa-80bd-de6d2310ea48,ali sharif ahmed,ali ahmed hussein,Somalia,so,72.73,1,0,73.64,name=73; country=['so'],REVIEW
c2369b0c-9fa5-5e0b-a144-0128a0d33c6e,530d6991-18a1-58b0-aedb-12fe5e1ba066,muhammad al-bashir,muhammad hamsho,Syria,sy,72.73,1,0,73.64,name=73; country=['sy'],REVIEW
43b6ef8b-4f1b-57af-8e1a-e1552fdd6344,46b0bcdf-1675-5979-8a28-8da225b6efb8,muhammad anjarani,muhammad ibrahim,Syria,sy,72.73,1,0,73.64,name=73; country=['sy'],REVIEW
e4d149dc-bdf3-5f34-b9ff-6b37778c5d3f,b0bb62be-befe-59f0-84b3-6de436d4117f,che shih,shih huan chen,Taiwan,tw,72.73,1,0,73.64,name=73; country=['tw'],REVIEW
53e396d7-8e55-5c32-8e35-0c45a9f20e2f,f8329bd6-c576-578a-a3fa-4e506e6c5d60,omer bolat,omer boztepe,Turkey,tr,72.73,1,0,73.64,name=73; country=['tr'],REVIEW
90c37efe-99a8-5519-83ab-54c924a64e8c,f5447a27-c1ac-5a70-bf4e-c884abe17dac,ahmet yildiz,ahmet duri,Turkey,tr,72.73,1,0,73.64,name=73; country=['tr'],REVIEW
81993390-f8c5-5a5c-96b2-30d9c1508113,dcafa5b1-1147-51d8-aea6-aa17e9ea3984,nguyen thanh nghi,van nguyen hoang,Vietnam,vn,72.73,1,0,73.64,name=73; country=['vn'],REVIEW
eba79a90-7192-5d67-a85d-8eb28bb3e5a0,ec18033a-570b-5157-9cd3-16c528860478,nguyen van thang,quang viet nguyen,Vietnam,vn,72.73,1,0,73.64,name=73; country=['vn'],REVIEW
60703c42-976d-5078-8240-0e96bfee1620,dbde3523-dc1c-5ad3-bea1-817ce19cde2b,abd al-wahab abdullah ahmed al-hajri,'abdallah najib ahmad al-jamal,Yemen,ye,72.73,1,0,73.64,name=73; country=['ye'],REVIEW
3f2d6ac7-f6f1-5e86-9fa6-b771f84c73d7,458ef4d1-256a-5cca-ab61-f8386ffe3c4d,yury shuleyka,yury sivakov,Belarus,by,56.0,1,1,73.6,name=56; country=['by']; position_overlap=['minister'],REVIEW
bf904301-840f-5835-9230-84fdd82d0c19,4b492a42-257b-561b-b934-11bd8a89b7b9,myo thein kyaw,myo swe win,Burma,zm,56.0,1,1,73.6,name=56; country=['zm']; position_overlap=['minister'],REVIEW
00beb610-fbb2-5a55-8217-822f8032b2c7,87285f8f-9572-5b10-abba-1e79dc0b295e,jong jun kwak,yong su jong,"Korea, North",kp,56.0,1,1,73.6,name=56; country=['kp']; position_overlap=['minister'],REVIEW
cc81e615-d493-582e-afc5-946ac6cfb9f5,9ab2c631-2112-5c4d-9304-404f036386f4,chol su kim,kwang hyok kim,"Korea, North",kp,56.0,1,1,73.6,name=56; country=['kp']; position_overlap=['mining'],REVIEW
fad6b794-28f0-5b61-92b0-531e88e1121b,45fc9a87-c84e-5d7b-919f-5c53ef64b9cb,mohammad-jafar qaempanah,mohammad reza naqdi,Iran,ir,55.81,1,1,73.49,name=56; country=['ir']; position_overlap=['president'],REVIEW
4da0d6ee-6da6-55fa-9edc-1dc68a393cc5,affd01c7-7dc5-5838-b9e3-b7ba54072d68,michael chiangjiek geay,michael makuei lueth,South Sudan,ss,55.81,1,1,73.49,name=56; country=['ss']; position_overlap=['minister'],REVIEW
006ad23e-54a7-54a1-8822-9ce4af2635fc,540a94a7-135e-570b-a13d-b60c6506bbf0,mikhail vladimirovich mishustin,pavel vladimirovich simigin,Russia,ru,72.41,1,0,73.45,name=72; country=['ru'],REVIEW
006ad23e-54a7-54a1-8822-9ce4af2635fc,78d1bfd3-41ba-5dd9-8d45-6ee767a5f851,mikhail vladimirovich mishustin,ulan vladimirovich ilishkin,Russia,ru,72.41,1,0,73.45,name=72; country=['ru'],REVIEW
f11ad005-002c-53ae-9cda-c70654fa1f7d,58d2a774-87aa-5e6d-ab99-7d01212bb5bb,vitaliy gennadyevich savelyev,vitaliy anatolyevich markelov,Russia,ru,72.41,1,0,73.45,name=72; country=['ru'],REVIEW
b45b6c16-05c3-5345-95eb-c1c6135f61b2,7ad426d2-ce91-5baa-955e-f57a41e81aa9,aleksandr valentinovich novak,aleksandr vasilyevich bogomaz,Russia,ru,72.41,1,0,73.45,name=72; country=['ru'],REVIEW
b45b6c16-05c3-5345-95eb-c1c6135f61b2,e1f1409e-d42e-57de-b891-5d93e19327ec,aleksandr valentinovich novak,aleksandr vasilyevich tanchev,Russia,ru,72.41,1,0,73.45,name=72; country=['ru'],REVIEW
b45b6c16-05c3-5345-95eb-c1c6135f61b2,bdd848bf-8c88-5bef-a3d7-a2bec6fc9b13,aleksandr valentinovich novak,aleksandr valeryevich potapov,Russia,ru,72.41,1,0,73.45,name=72; country=['ru'],REVIEW
dbe82bd4-dc46-57b0-b0e4-d46ff1522618,48351c68-3cf7-5f95-8c86-6cfc82d896ff,roman vladimirovich starovoyt,pavel vladimirovich tarakanov,Russia,ru,72.41,1,0,73.45,name=72; country=['ru'],REVIEW
0a20c63b-a3e5-5b97-9a17-2fa6525d1530,b781b5ac-fd19-5e39-815a-d733435fc764,aleksandr vasilyevich bortnikov,aleksandr viktorovich ionov,Russia,ru,72.41,1,0,73.45,name=72; country=['ru'],REVIEW
304687be-72b5-5f04-8437-e74cf2ccd578,467d0b49-1ce0-515a-8412-a55180564489,mohammad-reza salehi-amiri,mohammad reza khademi,Iran,ir,72.34,1,0,73.4,name=72; country=['ir'],REVIEW
f09fa64f-3749-5bb9-8eae-47aa0e56fc7c,a92b62fc-9bfc-5023-b567-45c7f69f11c3,mohamad-reza farzin,reza mohammad amin saberian,Iran,ir,72.34,1,0,73.4,name=72; country=['ir'],REVIEW
a1ba40bc-1093-5b3a-8915-c71338aae763,114031e3-ad77-5b39-ab8c-53ba26782737,andrey removich belousov,andrey yurievich shutov,Russia,ru,72.34,1,0,73.4,name=72; country=['ru'],REVIEW
85da5294-bb31-5f57-9cb1-bc4d767cffe5,31388727-70df-5326-bcbf-b3b1ae2640a5,igor viktorovich krasnov,roman viktorovich labin,Russia,ru,72.34,1,0,73.4,name=72; country=['ru'],REVIEW
9e25c3df-58ca-57ed-a0dd-dba15c63ddbb,dbbe66d8-2c1c-58a6-823a-9f70986aafc9,than maung,maung ko,Burma,zm,55.56,1,1,73.33,name=56; country=['zm']; position_overlap=['minister'],REVIEW
94dbc0a4-7f7e-5515-9d8a-f71a694a2256,dbbe66d8-2c1c-58a6-823a-9f70986aafc9,maung thin,maung ko,Burma,zm,55.56,1,1,73.33,name=56; country=['zm']; position_overlap=['minister'],REVIEW
486633c7-d65d-579c-a85e-bd4fb32cc714,d30494bd-3bba-51a9-9d7e-aabc0f1662bc,mohammad eslami,mohammad hassan mehri,Iran,ir,72.22,1,0,73.33,name=72; country=['ir'],REVIEW
486633c7-d65d-579c-a85e-bd4fb32cc714,238dacc5-2131-5ca9-889c-c424f7a5e84c,mohammad eslami,seyed mohammad kalami,Iran,ir,72.22,1,0,73.33,name=72; country=['ir'],REVIEW
f9c11f75-2319-572a-8e2f-c836357552e5,a0be472f-abfc-5db1-a5fd-05db7d9ae185,jong un kim,kyu kim,"Korea, North",kp,55.56,1,1,73.33,name=56; country=['kp']; position_overlap=['affairs'],REVIEW
6d580cd0-246d-59b1-92c3-1232ce7035b2,a78dedf5-402b-5cb6-96ec-3f96dbbb9c8d,muhammad haidar,adel mohamad mansour,Lebanon,lb,72.22,1,0,73.33,name=72; country=['lb'],REVIEW
6d580cd0-246d-59b1-92c3-1232ce7035b2,1c402d27-756e-5147-9c2c-1015eed7a9b1,muhammad haidar,hasib muhammad hadwan,Lebanon,lb,72.22,1,0,73.33,name=72; country=['lb'],REVIEW
b7c878f1-ff17-5033-8e09-b96f9d59f372,1607cb3a-30a4-5337-9451-1e8aed958030,ali naseer mohamed,mohamed thasleem,Maldives,mv,72.22,1,0,73.33,name=72; country=['mv'],REVIEW
bf25ab26-bc71-5198-97f7-626c6a2c5ccf,57e8c04e-a34b-530a-83d0-c9087cd341d2,muhammad yasin salih,yasin ahmad dahi,Syria,sy,72.22,1,0,73.33,name=72; country=['sy'],REVIEW
304687be-72b5-5f04-8437-e74cf2ccd578,1cacd218-aa85-5304-be6f-da9d4d0c6c47,mohammad-reza salehi-amiri,mohammad reza ghadir zare zaghalchi,Iran,ir,72.13,1,0,73.28,name=72; country=['ir'],REVIEW
b45b6c16-05c3-5345-95eb-c1c6135f61b2,bd704a5f-6ad2-53da-9e59-0b17fb7892b5,aleksandr valentinovich novak,aleksandr vladimirovich osadchuk,Russia,ru,72.13,1,0,73.28,name=72; country=['ru'],REVIEW
d6e33049-9c30-57e4-8fa8-e9317955ad2e,3f548ac6-e7f3-5cef-a62a-6c3d15f3a110,mikhail vladimirovich degtyarev,andrei vladimirovich nikipelov,Russia,ru,72.13,1,0,73.28,name=72; country=['ru'],REVIEW
d6e33049-9c30-57e4-8fa8-e9317955ad2e,8d91b6e2-089d-5c65-a122-e31f6fe8ee05,mikhail vladimirovich degtyarev,dmitriy vladimirovich artyakov,Russia,ru,72.13,1,0,73.28,name=72; country=['ru'],REVIEW
0a20c63b-a3e5-5b97-9a17-2fa6525d1530,af0aa35e-ffa9-5fe4-bf1a-2212cd8d8137,aleksandr vasilyevich bortnikov,denis aleksandrovich bortnikov,Russia,ru,72.13,1,0,73.28,name=72; country=['ru'],REVIEW
40d741c9-456a-5a8c-9a04-618bfaf79267,a0b26f6f-a9b7-5ded-ae93-9788771f63bf,tin maung swe,swe swe aung,Burma,zm,72.0,1,0,73.2,name=72; country=['zm'],REVIEW
40d741c9-456a-5a8c-9a04-618bfaf79267,dade11d1-8fbc-585e-81ce-6a84642c8bcd,tin maung swe,tin myo aung,Burma,zm,72.0,1,0,73.2,name=72; country=['zm'],REVIEW
86f62f16-2175-5afa-b820-a898c02c9063,37b6ce18-fc8b-5d86-b851-65e27975b16c,ye myint tun,moe myint tun,Burma,zm,72.0,1,0,73.2,name=72; country=['zm'],REVIEW
b763a905-8245-5ecd-98c7-069313da9814,5afe4181-09e9-5e0a-b379-54a8f89b5428,guoqing zhang,hongbo zhang,China,cn,72.0,1,0,73.2,name=72; country=['cn'],REVIEW
dbb1d05c-aab2-51f9-afc7-97ddbd7200b9,ee315b49-9565-5bd5-95a2-35d344545b52,xiaohong wang,xueqing wang,China,cn,72.0,1,0,73.2,name=72; country=['cn'],REVIEW
b21dfe57-d539-5d63-95a2-ab77db90b9cd,ee315b49-9565-5bd5-95a2-35d344545b52,xiaoping wang,xueqing wang,China,cn,72.0,1,0,73.2,name=72; country=['cn'],REVIEW
b21dfe57-d539-5d63-95a2-ab77db90b9cd,46ac963b-95c8-51c6-9a14-11ef29e37e49,xiaoping wang,zhiqing wang,China,cn,72.0,1,0,73.2,name=72; country=['cn'],REVIEW
65fba98e-6201-5335-8267-3d1508645bdb,a1b636c8-166f-5f14-abb2-4709ebdf7874,hosein afshin,hosein hemsi,Iran,ir,72.0,1,0,73.2,name=72; country=['ir'],REVIEW
304687be-72b5-5f04-8437-e74cf2ccd578,10cb3547-278f-513c-835c-464ee597b34a,mohammad-reza salehi-amiri,mohammad reza hashemifar,Iran,ir,72.0,1,0,73.2,name=72; country=['ir'],REVIEW
363283d1-bd77-5bb4-bb10-143090a3b8bb,6079eedd-7023-5fdf-b98d-b8eaf3d62552,ahmad meydari,ahmad ghaedi,Iran,ir,72.0,1,0,73.2,name=72; country=['ir'],REVIEW
363283d1-bd77-5bb4-bb10-143090a3b8bb,41dc7795-ddd4-56bb-9951-7959a2d6c182,ahmad meydari,ahmad taheri,Iran,ir,72.0,1,0,73.2,name=72; country=['ir'],REVIEW
363283d1-bd77-5bb4-bb10-143090a3b8bb,7ef9d4df-0c77-5553-b05c-c7d1b21677e0,ahmad meydari,ahmad karimi,Iran,ir,72.0,1,0,73.2,name=72; country=['ir'],REVIEW
b9bdb536-435b-5fc6-af79-cf064ea64207,c7ce61aa-4e69-5d99-af48-6f8231a31964,son hui choe,chun-sik choe,"Korea, North",kp,72.0,1,0,73.2,name=72; country=['kp'],REVIEW
b9bdb536-435b-5fc6-af79-cf064ea64207,9b4c97e1-e3b6-5ec4-8963-58ebb6aa0441,son hui choe,chun pom choe,"Korea, North",kp,72.0,1,0,73.2,name=72; country=['kp'],REVIEW
f244bdca-f3a8-5d54-9b1b-cc2e39bc638f,cb469236-b7f5-5d91-82ab-566e6d934301,yong hwan kim,yong bok kim,"Korea, North",kp,72.0,1,0,73.2,name=72; country=['kp'],REVIEW
6fa2335d-266a-53e7-8246-ad15133afa37,409f605a-c08e-52a3-ab92-1b951394bad3,chol min pak,jong chon pak,"Korea, North",kp,72.0,1,0,73.2,name=72; country=['kp'],REVIEW
ee714e14-ed52-53c9-a0f3-0a0fb01c9e2c,d6f7853b-e6f6-5a32-8df3-92938e5c158b,jong gun pak,kwang hun pak,"Korea, North",kp,72.0,1,0,73.2,name=72; country=['kp'],REVIEW
c7a1b474-a0ab-5df4-8d68-f47f5b403fdb,072c2404-41d4-5fb9-ba58-340a2e1052fe,hyon chol jon,chol man han,"Korea, North",kp,72.0,1,0,73.2,name=72; country=['kp'],REVIEW
c7a1b474-a0ab-5df4-8d68-f47f5b403fdb,4c764df4-42ba-5b64-9a59-3fe70dd4d74f,hyon chol jon,chol song jo,"Korea, North",kp,72.0,1,0,73.2,name=72; country=['kp'],REVIEW
c7a1b474-a0ab-5df4-8d68-f47f5b403fdb,f94cc52e-7c0e-5ab7-9116-8acb8d38b55e,hyon chol jon,yong chol jo,"Korea, North",kp,72.0,1,0,73.2,name=72; country=['kp'],REVIEW
0d1d2866-386b-5a8c-8de9-b534f9364050,7bb4c3ef-35ef-52a5-96a5-cca060395539,kum chol kim,song chol kim,"Korea, North",kp,72.0,1,0,73.2,name=72; country=['kp'],REVIEW
0d1d2866-386b-5a8c-8de9-b534f9364050,a8cba52b-1ae3-5e9b-b1fb-e13f1da061fe,kum chol kim,yong chol kim,"Korea, North",kp,72.0,1,0,73.2,name=72; country=['kp'],REVIEW
a02de48a-caf5-5505-ba51-5a38d2e02d9f,57a04792-22f6-5407-b134-7ae3891e193f,sok chol jo,song chol jang,"Korea, North",kp,72.0,1,0,73.2,name=72; country=['kp'],REVIEW
c394fac8-0504-562f-861e-71123974b95f,cb469236-b7f5-5d91-82ab-566e6d934301,jae ryong kim,yong bok kim,"Korea, North",kp,72.0,1,0,73.2,name=72; country=['kp'],REVIEW
aed6b75b-4fc2-5fec-abf0-625322fc4f37,bdf7db8d-caa4-59b3-a63f-3baaecc9bba3,chol ha kim,geum cheol kim,"Korea, North",kp,72.0,1,0,73.2,name=72; country=['kp'],REVIEW
3aea3e76-cdbe-5543-8f1e-79e51652cf89,7bb4c3ef-35ef-52a5-96a5-cca060395539,hak chol jon,song chol kim,"Korea, North",kp,72.0,1,0,73.2,name=72; country=['kp'],REVIEW
3aea3e76-cdbe-5543-8f1e-79e51652cf89,a8cba52b-1ae3-5e9b-b1fb-e13f1da061fe,hak chol jon,yong chol kim,"Korea, North",kp,72.0,1,0,73.2,name=72; country=['kp'],REVIEW
e28ecbaf-3233-5e7f-aed6-d0721c8b3bc9,a4f277a4-af5d-5c02-85b9-94baf950dfa5,jong gyu sung,song ho jong,"Korea, North",kp,72.0,1,0,73.2,name=72; country=['kp'],REVIEW
7c1ecb74-4d2c-5e83-a21f-c54a49f53255,9725385d-e066-52d3-b946-2a87a77d9cb2,ryong guk han,hong gil han,"Korea, North",kp,72.0,1,0,73.2,name=72; country=['kp'],REVIEW
3fb152be-1f78-5bf9-aa97-cbaa07844038,1a737494-4a6d-55cd-b6bf-f2dbd23e696a,sung chan kim,man chun kim,"Korea, North",kp,72.0,1,0,73.2,name=72; country=['kp'],REVIEW
3fb152be-1f78-5bf9-aa97-cbaa07844038,3a3dfc35-72b0-569a-82a6-51179e0d7e1e,sung chan kim,mun chol kim,"Korea, North",kp,72.0,1,0,73.2,name=72; country=['kp'],REVIEW
3fb152be-1f78-5bf9-aa97-cbaa07844038,a8fb7799-fa76-59f8-8c9c-12eb35795a66,sung chan kim,sung jun cha,"Korea, North",kp,72.0,1,0,73.2,name=72; country=['kp'],REVIEW
077959aa-ee52-5a90-a839-8c3e1ce4feca,379aa3c4-5a5a-5a6b-93ee-c71e924570ba,kum song jin,kum hyok song,"Korea, North",kp,72.0,1,0,73.2,name=72; country=['kp'],REVIEW
47ad2603-a5d2-5b3c-b035-391c6c9fadf7,7bb4c3ef-35ef-52a5-96a5-cca060395539,song jun kim,song chol kim,"Korea, North",kp,72.0,1,0,73.2,name=72; country=['kp'],REVIEW
c4e8dab2-3721-51a6-ae63-1e0a6c2721d6,86f78ac3-c178-5fef-8754-9e7ec6d5010b,chang sok kim,song hun kim,"Korea, North",kp,72.0,1,0,73.2,name=72; country=['kp'],REVIEW
4741c842-aa4f-5cb6-9d00-509b4d4be52a,284aff52-29dd-50ed-98fa-3ca5a9d16c0a,jong nam kim,jong sam paek,"Korea, North",kp,72.0,1,0,73.2,name=72; country=['kp'],REVIEW
257b7973-9bb2-564f-b8c5-1a55c239efc9,05295a1f-3193-5ce8-bb09-449b7fd68ddc,chung song kim,yon hui kim,"Korea, North",kp,72.0,1,0,73.2,name=72; country=['kp'],REVIEW
257b7973-9bb2-564f-b8c5-1a55c239efc9,3994612e-996b-596c-91b7-90cd5320c49c,chung song kim,tong-ho kim,"Korea, North",kp,72.0,1,0,73.2,name=72; country=['kp'],REVIEW
257b7973-9bb2-564f-b8c5-1a55c239efc9,9eddb6a0-baeb-5b5c-b6f2-4b9577c189b7,chung song kim,yong ju kim,"Korea, North",kp,72.0,1,0,73.2,name=72; country=['kp'],REVIEW
250b1f74-d92a-5b8e-81fd-91f406313e55,106f292b-3a11-5e43-9a43-2e57bfcf1bf9,chun song jang,jang su han,"Korea, North",kp,72.0,1,0,73.2,name=72; country=['kp'],REVIEW
3f5caa9c-1967-511d-a235-da7d3d2c5422,80ac3a19-9ac6-56be-bafd-09a41c6b10f9,chol gu kang,kyong-chol jo,"Korea, North",kp,72.0,1,0,73.2,name=72; country=['kp'],REVIEW
6671dde0-c650-53c2-a9cd-d29a239ac0ca,04b8113c-2623-5e7c-9dcc-90fc1726dfbe,kyong jae im,kyong il kang,"Korea, North",kp,72.0,1,0,73.2,name=72; country=['kp'],REVIEW
17ca8132-371b-5b30-8f9c-76a5584240ea,646cef4e-2651-5692-ade8-15b415e0209f,mohamed shaheem ali saeed,mohamed naushad shareef,Maldives,mv,72.0,1,0,73.2,name=72; country=['mv'],REVIEW
366233c8-1b7c-54f3-b9ff-b023b0ea8116,dd998935-59db-59aa-8dd8-6f43469d0586,amadou keita,amadou kouffa,Mali,ml,72.0,1,0,73.2,name=72; country=['ml'],REVIEW
a1ba40bc-1093-5b3a-8915-c71338aae763,bfc752f7-4b48-5b25-874d-98884ce5c3bc,andrey removich belousov,andrey vladimirovich burov,Russia,ru,72.0,1,0,73.2,name=72; country=['ru'],REVIEW
85da5294-bb31-5f57-9cb1-bc4d767cffe5,8fedf3a3-acb0-5e9f-ad44-eb4af3dbdac6,igor viktorovich krasnov,andrey viktorovich borisov,Russia,ru,72.0,1,0,73.2,name=72; country=['ru'],REVIEW
85da5294-bb31-5f57-9cb1-bc4d767cffe5,d86cafd1-d0aa-596e-ada6-d1cec190f0e0,igor viktorovich krasnov,dmitry viktorovich islamov,Russia,ru,72.0,1,0,73.2,name=72; country=['ru'],REVIEW
7577e6ac-6813-5c14-a64b-543cff310d82,65da8e78-c3f2-5806-84a8-817e5de47608,aleksandr vyacheslavovich kurenkov,sergei vyacheslavovich makarov,Russia,ru,71.88,1,0,73.12,name=72; country=['ru'],REVIEW
707d43e8-fd9d-552b-9d4e-c962dfa72b32,5a731886-1796-58ec-a7eb-ea99003d95bb,muhammad abdallah idris muhammad,mohamed makawi ibrahim mohamed,Sudan,sd,71.88,1,0,73.12,name=72; country=['sd'],REVIEW
fc726116-daf6-51fb-8807-341d8d0ce68d,e1379d0a-c158-57e2-9e5d-27528dab79c8,muhammad al-jadan,tarad mohammad aljarba,Saudi Arabia,sa,71.79,1,0,73.08,name=72; country=['sa'],REVIEW
c2369b0c-9fa5-5e0b-a144-0128a0d33c6e,cf5b8493-aa4c-5f84-a5df-30ec6bcf6c93,muhammad al-bashir,muhammad ma'ruf balwi,Syria,sy,71.79,1,0,73.08,name=72; country=['sy'],REVIEW
43b6ef8b-4f1b-57af-8e1a-e1552fdd6344,0a8efc38-c56b-5504-b1ca-3465823a3b64,muhammad anjarani,abu mohammed al-adnani,Syria,sy,71.79,1,0,73.08,name=72; country=['sy'],REVIEW
19d89641-666f-5f5d-a65b-d189af5e95fe,d56d1462-b34b-5634-a864-4b671cf45d6f,vladimir vladimirovich putin,ivan vladimirovich tavrin,Russia,ru,71.7,1,0,73.02,name=72; country=['ru'],REVIEW
19ff653a-9fd8-5e8e-9100-5ac9c86d729d,115db609-e816-53c6-a9f6-3cf2532b32fd,denis valentinovich manturov,denis valeriyevich tyurin,Russia,ru,71.7,1,0,73.02,name=72; country=['ru'],REVIEW
19ff653a-9fd8-5e8e-9100-5ac9c86d729d,e481b0a0-0779-5e29-b6da-2e7ffc76593f,denis valentinovich manturov,roman valentinovich kopin,Russia,ru,71.7,1,0,73.02,name=72; country=['ru'],REVIEW
baf13575-cd11-5c0c-ae96-f537015d05c2,e11ce34b-3974-5664-9632-501df7fb7467,aleksey olegovich chekunkov,aleksey leonidovich kudrin,Russia,ru,71.7,1,0,73.02,name=72; country=['ru'],REVIEW
2bf83e07-5387-5987-9333-0a44ebdc0a8f,83d84a40-9dee-5412-9ae7-708fdd6162aa,sergey sergeyevich kravtsov,sergey valeriyevich petrov,Russia,ru,71.7,1,0,73.02,name=72; country=['ru'],REVIEW
9f7f1740-b4dd-5baa-9f5c-0df51713cbf6,6a147acf-f36a-5ccc-adf9-590b2d069598,sergey viktorovich lavrov,sergey vladimirovich kolunov,Russia,ru,71.7,1,0,73.02,name=72; country=['ru'],REVIEW
fbee7b65-a0d0-5c1f-b1ab-b1bba5553a9b,645c7439-0816-541c-a9da-610dd6cb11a2,valeriy nikolayevich falkov,sergey nikolayevich kotkin,Russia,ru,71.7,1,0,73.02,name=72; country=['ru'],REVIEW
fbee7b65-a0d0-5c1f-b1ab-b1bba5553a9b,a4321bc2-890a-5458-9c22-36eb203db17e,valeriy nikolayevich falkov,sergey nikolayevich kolbin,Russia,ru,71.7,1,0,73.02,name=72; country=['ru'],REVIEW
6295a5d3-37bc-5428-bf03-30e95ed71313,2611897c-9239-5ba7-8f95-f1e9917f484a,hassan hussein mohamed “elaay”,mohamed hussein salad,Somalia,so,71.7,1,0,73.02,name=72; country=['so'],REVIEW
80e85b20-3659-5497-a31c-e42e37437cc0,bd92fac4-4696-5760-8ae5-3b41af811a1a,abdirahman mohamed abdullahi,abdikarin farah mohamed,Somalia,so,71.7,1,0,73.02,name=72; country=['so'],REVIEW
80e85b20-3659-5497-a31c-e42e37437cc0,5b1f9cfe-6333-5a34-bf72-4601e91daba9,abdirahman mohamed abdullahi,abdirahman mohamed omar,Somalia,so,71.7,1,0,73.02,name=72; country=['so'],REVIEW
d60fa09a-c493-5600-9c64-97339f483422,a0d8c339-daa4-5a0e-88ab-9ba3b9a151e9,anan hamed muhammad umar,osman mohamed hamid mohamed,Sudan,sd,71.7,1,0,73.02,name=72; country=['sd'],REVIEW
928d4f05-b0ba-5cf1-84d6-44838e4dc4a6,52c41d60-797a-56a5-8cdf-de48e86413ae,min aung hlaing,aung naing oo,Burma,zm,71.43,1,0,72.86,name=71; country=['zm'],REVIEW
40dc6e88-31c2-58d0-9e4d-ca4288801a59,9130bd1f-8b7d-5dfd-b715-c25f49028aac,kan zaw,zaw min,Burma,zm,71.43,1,0,72.86,name=71; country=['zm'],REVIEW
a62082bb-02ac-54a1-a89f-a0e1812e97ab,dbacaa13-d70f-5bd3-bd49-afdc3dcf480b,thet khaing win,khin phyu win,Burma,zm,71.43,1,0,72.86,name=71; country=['zm'],REVIEW
8bfebf3d-d2e1-51f2-80ad-b9825a093331,49aaa9ba-92d3-5116-94f0-0f49d004ba20,thida oo,tin oo,Burma,zm,71.43,1,0,72.86,name=71; country=['zm'],REVIEW
65fba98e-6201-5335-8267-3d1508645bdb,7e07d972-6cd2-5146-b32c-b3b313b78c9b,hosein afshin,hosein aghajani,Iran,ir,71.43,1,0,72.86,name=71; country=['ir'],REVIEW
f09fa64f-3749-5bb9-8eae-47aa0e56fc7c,043ebf6a-6636-542e-9d26-0f5fe568ca9d,mohamad-reza farzin,mohammad reza mehdipur,Iran,ir,71.43,1,0,72.86,name=71; country=['ir'],REVIEW
f09fa64f-3749-5bb9-8eae-47aa0e56fc7c,3ed887cf-3eb4-5a62-a244-84f26b219a55,mohamad-reza farzin,masoud mohammad rezaei,Iran,ir,71.43,1,0,72.86,name=71; country=['ir'],REVIEW
215fc3a7-2dba-54d1-877b-cdbd40681523,cf8b6a77-2e92-5cbe-b1a0-def677d911eb,ryong hae choe,song chol choe,"Korea, North",kp,71.43,1,0,72.86,name=71; country=['kp'],REVIEW
a94b2e8e-85d9-507b-a1ca-4de6aa6b733e,a8cba52b-1ae3-5e9b-b1fb-e13f1da061fe,kyong chol choe,yong chol kim,"Korea, North",kp,71.43,1,0,72.86,name=71; country=['kp'],REVIEW
2fd0eced-d01f-5769-ba01-df6ceda2fc5f,7f82f1be-9b2f-5e70-91de-0dc6fe44efb7,musa al-koni,mohamed al-kani,Libya,ly,71.43,1,0,72.86,name=71; country=['ly'],REVIEW
b05590e8-cd51-5873-bdbc-d7c58cc7bf1c,42214562-58ea-56ca-b2ae-4ac1da80b048,abd-al-latif al-tahir,abd al-muhsin al-libi,Libya,ly,71.43,1,0,72.86,name=71; country=['ly'],REVIEW
98b9a757-2882-50a6-a3af-25f98e68b5bf,f7214ed3-631d-5968-9c16-47403084fa81,abdulla rafiu,abdulla shareef,Maldives,mv,71.43,1,0,72.86,name=71; country=['mv'],REVIEW
0f5a91a1-9769-564a-8f03-38d7b2a42514,1223b7e2-ff8c-5aca-94c1-b2b1e3870cc2,imaam sulaiman-ibrahim,muhammed ibrahim isa,Nigeria,ng,71.43,1,0,72.86,name=71; country=['ng'],REVIEW
19d89641-666f-5f5d-a65b-d189af5e95fe,327633c4-34ad-5e18-9ce6-c38e495c00f7,vladimir vladimirovich putin,viktor vladimirovich smirnov,Russia,ru,71.43,1,0,72.86,name=71; country=['ru'],REVIEW
19d89641-666f-5f5d-a65b-d189af5e95fe,e68576f7-c130-5926-a97a-5ccadecd1b38,vladimir vladimirovich putin,mikhail vladimirovich kuzmin,Russia,ru,71.43,1,0,72.86,name=71; country=['ru'],REVIEW
006ad23e-54a7-54a1-8822-9ce4af2635fc,d56d1462-b34b-5634-a864-4b671cf45d6f,mikhail vladimirovich mishustin,ivan vladimirovich tavrin,Russia,ru,71.43,1,0,72.86,name=71; country=['ru'],REVIEW
42defa76-8f86-50dd-aa3e-996fc951a68e,a8a26dd9-0faf-524f-aa88-9a80d95f97a8,tatyana alekseyevna golikova,yelena alekseyevna perminova,Russia,ru,71.43,1,0,72.86,name=71; country=['ru'],REVIEW
b45b6c16-05c3-5345-95eb-c1c6135f61b2,c1bb018c-8e64-5b61-ad98-b71ceb5b520e,aleksandr valentinovich novak,lev valentinovich gershanok,Russia,ru,71.43,1,0,72.86,name=71; country=['ru'],REVIEW
b45b6c16-05c3-5345-95eb-c1c6135f61b2,614a972d-6f19-5c0a-8ce6-7e358cee1be1,aleksandr valentinovich novak,aleksandr vladimirovich pan,Russia,ru,71.43,1,0,72.86,name=71; country=['ru'],REVIEW
5e7ae156-a13d-5428-a59e-f95c95f775d2,9dde5bdc-57e3-5f10-bd59-e9fef1c969fa,anton andreyevich alikhanov,aleksandr andreyevich gayevoy,Russia,ru,71.43,1,0,72.86,name=71; country=['ru'],REVIEW
f21fad05-0e28-5492-a4e5-4ca30560fe5c,c18e38fb-d9f8-534c-9b2e-44c5a43ed57d,vladimir aleksandrovich kolokoltsev,vasiliy aleksandrovich khristoforov,Russia,ru,71.43,1,0,72.86,name=71; country=['ru'],REVIEW
dbe82bd4-dc46-57b0-b0e4-d46ff1522618,3d8db14d-6653-57ed-939b-f51a4d6d3c1d,roman vladimirovich starovoyt,eduard vladimirovich isakov,Russia,ru,71.43,1,0,72.86,name=71; country=['ru'],REVIEW
147ba313-ef1d-5225-bc02-d52875086c66,a1efe343-58c4-55e9-85b2-f61a184d2b44,musaid bin muhammad al-ayban,mustafa mohammed m. almadani,Saudi Arabia,sa,71.43,1,0,72.86,name=71; country=['sa'],REVIEW
d39cb8e2-c5f0-530e-9a21-add7718153a5,0a53717d-5ac5-52d8-b840-9198d945f8a4,ali haji adan,ali ahmed naaji,Somalia,so,71.43,1,0,72.86,name=71; country=['so'],REVIEW
9e652d34-33f0-55be-9065-021f6d5b73a0,5b1f9cfe-6333-5a34-bf72-4601e91daba9,mohamed farah nur,abdirahman mohamed omar,Somalia,so,71.43,1,0,72.86,name=71; country=['so'],REVIEW
ac9c6dc5-aee9-5725-a52b-091d465c61b4,c323f37c-eef6-54a5-a08e-bb7371769a13,khadija mohamed dirie,fuad mohamed khalaf,Somalia,so,71.43,1,0,72.86,name=71; country=['so'],REVIEW
be95870c-a530-5d64-82da-7bcc1f3e21da,22308161-827c-5c1a-be93-5080efa03b61,mohamed hamdan dagalo,ahmad muhammed harun,Sudan,sd,71.43,1,0,72.86,name=71; country=['sd'],REVIEW
6431c011-7e65-57eb-be58-5fd69139c64a,3d03156c-1c9d-5ef4-845a-d9d2acee9e60,muhammad yasir barniyah,muhammad nafi bilal,Syria,sy,71.43,1,0,72.86,name=71; country=['sy'],REVIEW
da6bb7e1-ebf4-56f4-a019-905fa36e655a,a1e207ec-8fd6-5f79-b649-950b328a5478,yevhen khmara,yevhen skriabin,Ukraine,ua,71.43,1,0,72.86,name=71; country=['ua'],REVIEW
5f272a74-f9a6-53b5-a1b2-5ce576352220,cf9bcb9f-16d9-54fc-864e-95a75b6df554,muhammad hazm al-ashwal,muhammad al-ghazali,Yemen,ye,71.43,1,0,72.86,name=71; country=['ye'],REVIEW
5f272a74-f9a6-53b5-a1b2-5ce576352220,1342ceb6-62c8-5580-9a9b-1cb2f8fb9352,muhammad hazm al-ashwal,mohamed ali badaas,Yemen,ye,71.43,1,0,72.86,name=71; country=['ye'],REVIEW
c4b635e6-a2d9-5a9e-824d-c3d8d92a0728,67375b35-2704-5d67-881a-c0a7ba87ac6d,mya tun oo,saw myint oo,Burma,zm,54.55,1,1,72.73,name=55; country=['zm']; position_overlap=['minister'],REVIEW
39fa2df2-bd23-592f-829d-992d069a2c67,87970c53-24df-5bdc-b2e4-08b9e5135518,nyunt win swe,win shein,Burma,zm,54.55,1,1,72.73,name=55; country=['zm']; position_overlap=['minister'],REVIEW
3dd10b94-ab62-5ae5-a73e-60104d5a70c8,b0bc9fa7-943e-56c4-ac4a-5c25ef99dd51,chol san ri,chang ho ri,"Korea, North",kp,54.55,1,1,72.73,name=55; country=['kp']; position_overlap=['bureau'],REVIEW
cc616297-3e2c-5035-bb7f-1fdb127363a5,9ab2c631-2112-5c4d-9304-404f036386f4,song kim,kwang hyok kim,"Korea, North",kp,54.55,1,1,72.73,name=55; country=['kp']; position_overlap=['representative'],REVIEW
19d89641-666f-5f5d-a65b-d189af5e95fe,1631be43-a92c-5ee2-a591-7ed362f0d73d,vladimir vladimirovich putin,dmitrii vladimirovich alikhanov,Russia,ru,71.19,1,0,72.71,name=71; country=['ru'],REVIEW
006ad23e-54a7-54a1-8822-9ce4af2635fc,2f94bcaf-26b0-5b44-94c7-d0f971edb51c,mikhail vladimirovich mishustin,maksim vladimirovich makarov,Russia,ru,71.19,1,0,72.71,name=71; country=['ru'],REVIEW
006ad23e-54a7-54a1-8822-9ce4af2635fc,b651e692-4517-547e-b736-7b01abfc92cd,mikhail vladimirovich mishustin,anton vladimirovich shipulin,Russia,ru,71.19,1,0,72.71,name=71; country=['ru'],REVIEW
006ad23e-54a7-54a1-8822-9ce4af2635fc,26a83c3b-1a8e-5ac5-ba41-05129d653657,mikhail vladimirovich mishustin,mikhail vladimirovich kizeev,Russia,ru,71.19,1,0,72.71,name=71; country=['ru'],REVIEW
006ad23e-54a7-54a1-8822-9ce4af2635fc,e68576f7-c130-5926-a97a-5ccadecd1b38,mikhail vladimirovich mishustin,mikhail vladimirovich kuzmin,Russia,ru,71.19,1,0,72.71,name=71; country=['ru'],REVIEW
19ff653a-9fd8-5e8e-9100-5ac9c86d729d,8dc59fe1-c9bc-5884-981f-090a59f0f708,denis valentinovich manturov,aleksandr valentinovich sokolov,Russia,ru,71.19,1,0,72.71,name=71; country=['ru'],REVIEW
a1fcf254-dd99-5958-ace3-bcc964752c0c,34bb1583-d0b1-56f3-989d-e75647642f26,dmitriy nikolayevich patrushev,arkady nikolayevich ponomarev,Russia,ru,71.19,1,0,72.71,name=71; country=['ru'],REVIEW
42defa76-8f86-50dd-aa3e-996fc951a68e,755ab0e1-e965-56d1-a01a-9e8bdb2cf789,tatyana alekseyevna golikova,tatyana aleksandrovna kovalchuk,Russia,ru,71.19,1,0,72.71,name=71; country=['ru'],REVIEW
b45b6c16-05c3-5345-95eb-c1c6135f61b2,79a8e35a-8a46-5cca-a1e6-8652bba15fe9,aleksandr valentinovich novak,aleksandr nikolaevich nekrasov,Russia,ru,71.19,1,0,72.71,name=71; country=['ru'],REVIEW
d6e33049-9c30-57e4-8fa8-e9317955ad2e,2f94bcaf-26b0-5b44-94c7-d0f971edb51c,mikhail vladimirovich degtyarev,maksim vladimirovich makarov,Russia,ru,71.19,1,0,72.71,name=71; country=['ru'],REVIEW
dbe82bd4-dc46-57b0-b0e4-d46ff1522618,5863277e-6f06-5e29-a6dd-abc5d6d3e59b,roman vladimirovich starovoyt,ivan vladimirovich seliverstov,Russia,ru,71.19,1,0,72.71,name=71; country=['ru'],REVIEW
0a20c63b-a3e5-5b97-9a17-2fa6525d1530,71704c6f-a48e-5756-a19c-bf551ebd1736,aleksandr vasilyevich bortnikov,aleksandr sergeyevich kozlov,Russia,ru,71.19,1,0,72.71,name=71; country=['ru'],REVIEW
0a20c63b-a3e5-5b97-9a17-2fa6525d1530,0ad09817-10b8-59e2-a2da-c172d84490e6,aleksandr vasilyevich bortnikov,aleksandr sergeyevich ershov,Russia,ru,71.19,1,0,72.71,name=71; country=['ru'],REVIEW
12fa029a-1730-5104-90a2-3947c3d81b63,738ae95c-6fbb-5ebc-ac4d-153bef013ec6,majid bin abdallah al-qasabi,sa'd abdullah hussein al-sharif,Saudi Arabia,sa,71.19,1,0,72.71,name=71; country=['sa'],REVIEW
f0528325-e090-53f7-8748-df53b28db9ac,01f2b9d4-aae2-5d7e-9cf8-97cb0a9ac5d5,ahmadbin sulaiman al-rajhi,ibrahim suleiman hamad al-hablain,Saudi Arabia,sa,71.19,1,0,72.71,name=71; country=['sa'],REVIEW
6bf403eb-cd49-5885-a951-153e5cde5d09,e34e737c-63a0-55f1-a821-2182a6d0f9fc,nizar muhammad said amedi,muhammad yunis ahmad,Iraq,iq,71.11,1,0,72.67,name=71; country=['iq'],REVIEW
b4739228-8770-5f35-9a18-0c857200eb69,1b1782c4-a0c2-5b72-9c43-076434d1b40c,abd al-husayn al-musawi,hussein falah al-lami,Iraq,iq,71.11,1,0,72.67,name=71; country=['iq'],REVIEW
0e377fe5-e9bb-57a3-b655-12b5d0766a54,94c71714-5472-59cb-a331-9fd5773a94ae,roberto velasco alvarez,roberto perez verduzco,Mexico,mx,71.11,1,0,72.67,name=71; country=['mx'],REVIEW
5f272a74-f9a6-53b5-a1b2-5ce576352220,4c52ccc9-a07f-5c73-9416-d4ed78fa3d05,muhammad hazm al-ashwal,mohamed ali al-houthi,Yemen,ye,71.11,1,0,72.67,name=71; country=['ye'],REVIEW
a4938fc3-9f5a-5d21-91f8-81ed622f48fd,6757840d-9a20-587a-93ee-6130d27da55e,mohamed arkab,mohamed belkalem,Algeria,dz,70.97,1,0,72.58,name=71; country=['dz'],REVIEW
928d4f05-b0ba-5cf1-84d6-44838e4dc4a6,22e106db-9cfe-5a66-8bdb-1517755c9af3,min aung hlaing,hlaing bwar aung,Burma,zm,70.97,1,0,72.58,name=71; country=['zm'],REVIEW
a62082bb-02ac-54a1-a89f-a0e1812e97ab,926176d6-00e8-5080-aa66-f97474060e5c,thet khaing win,khaing moe myint,Burma,zm,70.97,1,0,72.58,name=71; country=['zm'],REVIEW
adee80ba-ef80-53b4-b0ce-78888ce54484,1960d572-94ed-5e23-b494-21973f55e060,mostafa madbouly,mostafa mahamed,Egypt,au,70.97,1,0,72.58,name=71; country=['eg'],REVIEW
486633c7-d65d-579c-a85e-bd4fb32cc714,1bf49fbb-1ce5-56b8-9c23-d560ba452726,mohammad eslami,mohammad moloudi,Iran,ir,70.97,1,0,72.58,name=71; country=['ir'],REVIEW
486633c7-d65d-579c-a85e-bd4fb32cc714,f3272569-03ab-598d-9b3b-ebc1063f9c65,mohammad eslami,mohammad bagheri,Iran,ir,70.97,1,0,72.58,name=71; country=['ir'],REVIEW
486633c7-d65d-579c-a85e-bd4fb32cc714,eb519384-d0a5-5f38-9fc9-317c7373860e,mohammad eslami,mohammad abedini,Iran,ir,70.97,1,0,72.58,name=71; country=['ir'],REVIEW
3b010830-4c7f-51c8-b05c-d12a854b19eb,f3272569-03ab-598d-9b3b-ebc1063f9c65,mohammad atabak,mohammad bagheri,Iran,ir,70.97,1,0,72.58,name=71; country=['ir'],REVIEW
3b010830-4c7f-51c8-b05c-d12a854b19eb,eb519384-d0a5-5f38-9fc9-317c7373860e,mohammad atabak,mohammad abedini,Iran,ir,70.97,1,0,72.58,name=71; country=['ir'],REVIEW
f57ff2a3-e8df-593b-9e2b-a887dc3b6f48,074fd847-1c30-5b13-95ea-58f2ffc20650,amin-hosein rahimi,hosein salimi,Iran,ir,70.97,1,0,72.58,name=71; country=['ir'],REVIEW
940e4817-dc8f-5e77-ad70-f5a848a2503c,d46be7b1-26be-5684-9e8d-3bbd2275570d,ahmad al-hajjar,ali ahmad safawi,Lebanon,lb,70.97,1,0,72.58,name=71; country=['lb'],REVIEW
fde34c69-5958-544a-b977-9f525f11d06c,17a765d4-8ac6-5c2f-ab02-44470e66e130,mohamad sabu,mohamad rafi udin,Malaysia,my,70.97,1,0,72.58,name=71; country=['my'],REVIEW
61e7720d-b884-5f01-be53-605701f1da08,064d1528-680d-58c5-8686-bf99a85eecdc,ali haidar ahmed,ahmed alif rauf,Maldives,mv,70.97,1,0,72.58,name=71; country=['mv'],REVIEW
006ad23e-54a7-54a1-8822-9ce4af2635fc,ca9660d7-907c-5d6b-9b97-d675c1dc3b9b,mikhail vladimirovich mishustin,dmitry vladimirovich khotimskiy,Russia,ru,70.97,1,0,72.58,name=71; country=['ru'],REVIEW
7577e6ac-6813-5c14-a64b-543cff310d82,b4c5f022-9972-5105-816e-c375d16380fe,aleksandr vyacheslavovich kurenkov,aleksandr valeryevich dyukov,Russia,ru,70.97,1,0,72.58,name=71; country=['ru'],REVIEW
7577e6ac-6813-5c14-a64b-543cff310d82,d7783997-1d46-50ff-8e64-3ebf8567630b,aleksandr vyacheslavovich kurenkov,aleksandr leonidovich burkov,Russia,ru,70.97,1,0,72.58,name=71; country=['ru'],REVIEW
f21fad05-0e28-5492-a4e5-4ca30560fe5c,a8017cdb-3614-589b-ae45-29a8f529ae35,vladimir aleksandrovich kolokoltsev,oleg aleksandrovich golikov,Russia,ru,70.97,1,0,72.58,name=71; country=['ru'],REVIEW
d6e33049-9c30-57e4-8fa8-e9317955ad2e,a23427cc-41c1-5a43-8468-2b599e06cdda,mikhail vladimirovich degtyarev,daniil vladimirovich bessarabov,Russia,ru,70.97,1,0,72.58,name=71; country=['ru'],REVIEW
0a20c63b-a3e5-5b97-9a17-2fa6525d1530,d2f76547-d864-5d11-a9f5-315999fd1003,aleksandr vasilyevich bortnikov,aleksandr viktorovich ryzhenkov,Russia,ru,70.97,1,0,72.58,name=71; country=['ru'],REVIEW
f8068481-1599-5d0c-85d8-eb88cabf5a54,90d9442e-ff02-5301-9840-33ae8bfd4a97,musab al-ali,ali musa al-shawakh,Syria,sy,70.97,1,0,72.58,name=71; country=['sy'],REVIEW
43b6ef8b-4f1b-57af-8e1a-e1552fdd6344,f253e1c8-eb6e-52e5-90ae-7e8f33e16c47,muhammad anjarani,muhammad abbas,Syria,sy,70.97,1,0,72.58,name=71; country=['sy'],REVIEW
e91372f7-69e1-5454-8f9e-3f1efd341cce,c4e76c64-33e6-5c03-9463-e170bdc234b1,mehmet simsek,mehmet ozsuren,Turkey,tr,70.97,1,0,72.58,name=71; country=['tr'],REVIEW
304687be-72b5-5f04-8437-e74cf2ccd578,043ebf6a-6636-542e-9d26-0f5fe568ca9d,mohammad-reza salehi-amiri,mohammad reza mehdipur,Iran,ir,70.83,1,0,72.5,name=71; country=['ir'],REVIEW
304687be-72b5-5f04-8437-e74cf2ccd578,175f3941-a0ee-5049-bdb1-85d59a66bb67,mohammad-reza salehi-amiri,mohammad-reza ashtiani,Iran,ir,70.83,1,0,72.5,name=71; country=['ir'],REVIEW
304687be-72b5-5f04-8437-e74cf2ccd578,3ed887cf-3eb4-5a62-a244-84f26b219a55,mohammad-reza salehi-amiri,masoud mohammad rezaei,Iran,ir,70.83,1,0,72.5,name=71; country=['ir'],REVIEW
f09fa64f-3749-5bb9-8eae-47aa0e56fc7c,358953ac-361a-5861-ad92-568c3d08c5d6,mohamad-reza farzin,mohammad reza moaref jahromi,Iran,ir,70.83,1,0,72.5,name=71; country=['ir'],REVIEW
97b179e7-8df1-5604-acd0-0ea13054997f,cd427953-90ec-5093-82b1-bea0d149abae,sergey yevgenyevich tsivilev,sergey yuryevich ten,Russia,ru,70.83,1,0,72.5,name=71; country=['ru'],REVIEW
85da5294-bb31-5f57-9cb1-bc4d767cffe5,b18772cb-0568-5116-a0c6-793b7c089684,igor viktorovich krasnov,igor valerievich rusanov,Russia,ru,70.83,1,0,72.5,name=71; country=['ru'],REVIEW
85da5294-bb31-5f57-9cb1-bc4d767cffe5,9022b012-52fe-5921-b769-dd4214f2bed1,igor viktorovich krasnov,artyom viktorovich turov,Russia,ru,70.83,1,0,72.5,name=71; country=['ru'],REVIEW
85da5294-bb31-5f57-9cb1-bc4d767cffe5,ce76ab3c-6d8c-5a26-badb-b87b9d5b57c8,igor viktorovich krasnov,ruslan viktorovich labin,Russia,ru,70.83,1,0,72.5,name=71; country=['ru'],REVIEW
c47c862d-75e5-5f45-adca-974521f25671,c1f0f927-3c2a-5ffa-b6bb-c00ea5666d28,muhammad nidal al-shaar,mohammad ibrahim al-shaar,Syria,sy,70.83,1,0,72.5,name=71; country=['sy'],REVIEW
7577e6ac-6813-5c14-a64b-543cff310d82,d2f76547-d864-5d11-a9f5-315999fd1003,aleksandr vyacheslavovich kurenkov,aleksandr viktorovich ryzhenkov,Russia,ru,70.77,1,0,72.46,name=71; country=['ru'],REVIEW
cd6c171d-c9ca-554f-891b-755908ea691e,aebe400c-2f17-5c31-a7d7-27e8aea289be,aleksandr aleksandrovich kozlov,aleksandr vyacheslavovich zakharov,Russia,ru,70.77,1,0,72.46,name=71; country=['ru'],REVIEW
ebde17af-0f5f-5666-9c58-0b7aa0a193b4,d75f5f12-f984-585d-a360-c073a0196b2b,muhammad said al-hilu,khalil ibrahim mohamed achar foudail taha,Sudan,sd,53.97,1,1,72.38,name=54; country=['sd']; position_overlap=['justice'],REVIEW
23a3c546-d5b6-539c-bc5a-6937b3111c12,caee9fd6-b43c-5de4-89ca-40a3a05b4de3,abdul hakim sharai,abdul samad sani,Afghanistan,af,70.59,1,0,72.35,name=71; country=['af'],REVIEW
1e97b66b-d923-50fc-bd71-ae9942b749e8,0c06c08c-fdb0-5d6b-b9ea-66babdd892bb,tun ohn,tun tun oo,Burma,zm,70.59,1,0,72.35,name=71; country=['zm'],REVIEW
f6882b9b-2967-5f68-b2d1-8af318661ea7,49aaa9ba-92d3-5116-94f0-0f49d004ba20,tin oo lwin,tin oo,Burma,zm,70.59,1,0,72.35,name=71; country=['zm'],REVIEW
e8c85c3d-0899-5937-9bd9-7e70e0e88f6b,1b54d3f3-1d32-50b2-8386-b3a6bec3ba16,qiang li,zeming li,China,cn,70.59,1,0,72.35,name=71; country=['cn'],REVIEW
de185584-d912-5660-adf3-65cf95c960ff,800fd3f4-47ed-5715-a12c-81b36f9044d0,yi wang,yi xuan wu,China,cn,70.59,1,0,72.35,name=71; country=['cn'],REVIEW
de185584-d912-5660-adf3-65cf95c960ff,b05c4fec-9abc-5242-a8fb-dd904bbf49e9,yi wang,yunhe wang,China,cn,70.59,1,0,72.35,name=71; country=['cn'],REVIEW
2891b067-2f42-5459-8621-53511cfea482,6da97aed-212c-5b25-8533-77dbcae0f7ef,hong ni,hong ri li,China,cn,70.59,1,0,72.35,name=71; country=['cn'],REVIEW
2665d59f-1b17-5930-8785-c02aeb2c467c,f193cdc2-ed9f-5258-9b92-7684a72b3742,wei liu,lin na wei,China,cn,70.59,1,0,72.35,name=71; country=['cn'],REVIEW
dd9c3037-a953-52b4-a3e2-2e6f5fb936de,431ee42c-d678-5805-bf06-6f797611ae8e,hamid pur-mohammadi,ehsan mohammadi,Iran,ir,70.59,1,0,72.35,name=71; country=['ir'],REVIEW
486633c7-d65d-579c-a85e-bd4fb32cc714,00841ad2-a0a5-5c0d-b995-a69596db994d,mohammad eslami,mohammad jalal maab,Iran,ir,70.59,1,0,72.35,name=71; country=['ir'],REVIEW
286d8443-aff7-5178-b2a1-75291c9f61ae,a92b62fc-9bfc-5023-b567-45c7f69f11c3,mohammad-reza zafarqandi,reza mohammad amin saberian,Iran,ir,70.59,1,0,72.35,name=71; country=['ir'],REVIEW
3b010830-4c7f-51c8-b05c-d12a854b19eb,00841ad2-a0a5-5c0d-b995-a69596db994d,mohammad atabak,mohammad jalal maab,Iran,ir,70.59,1,0,72.35,name=71; country=['ir'],REVIEW
90b1bfe1-3891-5856-9781-3d8fbca3cbbf,8fca5417-eadd-53eb-b3b2-1319cdca551c,hun pak,mun il pak,"Korea, North",kp,70.59,1,0,72.35,name=71; country=['kp'],REVIEW
cc616297-3e2c-5035-bb7f-1fdb127363a5,135c4262-e6f9-5393-bc25-00c89328faca,song kim,se un kim,"Korea, North",kp,70.59,1,0,72.35,name=71; country=['kp'],REVIEW
6d580cd0-246d-59b1-92c3-1232ce7035b2,d72482c5-ddc9-5b1f-b377-a3d91bbc073c,muhammad haidar,muhammad kawtharani,Lebanon,lb,70.59,1,0,72.35,name=71; country=['lb'],REVIEW
e596913c-6bee-572c-9253-b056bad653ec,2bff3b26-c513-5792-b627-ba2d59cf204d,yuriy petrovich trutnev,yury petrovich sinelshchikov,Russia,ru,70.59,1,0,72.35,name=71; country=['ru'],REVIEW
dcec7de1-abdf-59fb-b307-d4eefda190be,f22bde89-64c0-543f-bb21-1bd2f2c881d5,olga borisovna lyubimova,lyudmila borisovna narusova,Russia,ru,70.59,1,0,72.35,name=71; country=['ru'],REVIEW
2bf83e07-5387-5987-9333-0a44ebdc0a8f,12308d43-749f-508b-8260-5a4b2afbab8a,sergey sergeyevich kravtsov,gleb sergeyevich cherbov,Russia,ru,70.59,1,0,72.35,name=71; country=['ru'],REVIEW
f21fad05-0e28-5492-a4e5-4ca30560fe5c,02a80351-7e4a-537b-9933-336ad4cf5978,vladimir aleksandrovich kolokoltsev,dmitrii aleksandrovich beloglazov,Russia,ru,70.59,1,0,72.35,name=71; country=['ru'],REVIEW
861c9cab-7980-5987-ab24-9341ef0775ac,6ad005c0-b3d5-555b-8be0-efebe062a29b,bashir mohamed jama goobbe,bashir mohamed mahamoud,Somalia,so,70.59,1,0,72.35,name=71; country=['so'],REVIEW
80e85b20-3659-5497-a31c-e42e37437cc0,a1a5a5b2-15e5-59f1-bde3-392510f2ad39,abdirahman mohamed abdullahi,ahmed abdi aw-mohamed,Somalia,so,70.59,1,0,72.35,name=71; country=['so'],REVIEW
80e85b20-3659-5497-a31c-e42e37437cc0,03009359-616c-5506-9656-043b0db95aeb,abdirahman mohamed abdullahi,ahmed abdi aw-mohamed,Somalia,so,70.59,1,0,72.35,name=71; country=['so'],REVIEW
148757b5-c5fd-53e3-9edf-4bcd5960a9d3,3f2637d0-650c-53a2-a66a-fce12f2af318,anas hasan khattab,kamal al-hassan,Syria,sy,70.59,1,0,72.35,name=71; country=['sy'],REVIEW
60703c42-976d-5078-8240-0e96bfee1620,f3e855ce-3e6e-579c-9ae1-6d0faf415a91,abd al-wahab abdullah ahmed al-hajri,ebrahim ahmed abdullah al-matari,Yemen,ye,70.59,1,0,72.35,name=71; country=['ye'],REVIEW
40d741c9-456a-5a8c-9a04-618bfaf79267,ea94ea94-8ff4-50f5-9f95-b89370a17a71,tin maung swe,khin maung yi,Burma,zm,53.85,1,1,72.31,name=54; country=['zm']; position_overlap=['minister'],REVIEW
c7e8fc46-b063-59fc-9f2c-549482d15202,87285f8f-9572-5b10-abba-1e79dc0b295e,jong gwan kang,yong su jong,"Korea, North",kp,53.85,1,1,72.31,name=54; country=['kp']; position_overlap=['minister'],REVIEW
19d89641-666f-5f5d-a65b-d189af5e95fe,32030624-fc74-5388-8e66-411462ff6efa,vladimir vladimirovich putin,ivan vladimirovich potanin,Russia,ru,70.37,1,0,72.22,name=70; country=['ru'],REVIEW
19ff653a-9fd8-5e8e-9100-5ac9c86d729d,e18d6f2e-f483-5839-9a49-3d3b3c71988a,denis valentinovich manturov,igor valentinovich korobov,Russia,ru,70.37,1,0,72.22,name=70; country=['ru'],REVIEW
19ff653a-9fd8-5e8e-9100-5ac9c86d729d,2a33d260-b3a0-596d-b503-cbcd50991f80,denis valentinovich manturov,denis valiullovich gariyev,Russia,ru,70.37,1,0,72.22,name=70; country=['ru'],REVIEW
b45b6c16-05c3-5345-95eb-c1c6135f61b2,67be8d59-3af9-579b-b572-48196e35f96a,aleksandr valentinovich novak,vadim valentinovich kumin,Russia,ru,70.37,1,0,72.22,name=70; country=['ru'],REVIEW
b45b6c16-05c3-5345-95eb-c1c6135f61b2,e481b0a0-0779-5e29-b6da-2e7ffc76593f,aleksandr valentinovich novak,roman valentinovich kopin,Russia,ru,70.37,1,0,72.22,name=70; country=['ru'],REVIEW
6b7a9963-22df-5882-9a1a-45169decc49e,86026c00-63f1-581f-bf63-804b3083263b,oksana nikolayevna lut,lyudmila nikolayevna skakovskaya,Russia,ru,70.37,1,0,72.22,name=70; country=['ru'],REVIEW
0a20c63b-a3e5-5b97-9a17-2fa6525d1530,0e367945-537f-5fd4-a3b2-ef64092071ef,aleksandr vasilyevich bortnikov,ilya vasilyevich rebrov,Russia,ru,70.37,1,0,72.22,name=70; country=['ru'],REVIEW
147ba313-ef1d-5225-bc02-d52875086c66,788493c3-fdd9-517d-9d58-ef4c0e30c79f,musaid bin muhammad al-ayban,mohammed saad h. alzahrani,Saudi Arabia,sa,70.37,1,0,72.22,name=70; country=['sa'],REVIEW
80e85b20-3659-5497-a31c-e42e37437cc0,490f0cd6-c110-5b34-aa36-101e8c6484dc,abdirahman mohamed abdullahi,hassan abdirahman mahamed,Somalia,so,70.37,1,0,72.22,name=70; country=['so'],REVIEW
c2ad6c13-1cc1-5fd6-9d59-f848e76820d9,58263607-5805-5ddd-9c4d-79243b4d28e0,qari din mohammad,mohammad naim barich,Afghanistan,af,70.27,1,0,72.16,name=70; country=['af'],REVIEW
1a8f313c-00cf-566a-a5e5-16a23c87195d,12b779a6-568b-5113-ad9f-3d30b562fb11,mohammad-reza aref,mohammad reza ostad,Iran,ir,70.27,1,0,72.16,name=70; country=['ir'],REVIEW
3b010830-4c7f-51c8-b05c-d12a854b19eb,fc1903d8-6b87-52bf-8b6d-1513575e5161,mohammad atabak,mostafa mohammad khani,Iran,ir,70.27,1,0,72.16,name=70; country=['ir'],REVIEW
6d580cd0-246d-59b1-92c3-1232ce7035b2,50c4ab12-62a0-5a60-9e38-ff758dde3138,muhammad haidar,ali mohamed kharroubi,Lebanon,lb,70.27,1,0,72.16,name=70; country=['lb'],REVIEW
6d580cd0-246d-59b1-92c3-1232ce7035b2,e21c51d5-6d18-5920-aeba-a6e136a341b3,muhammad haidar,muhammad hasan hamieh,Lebanon,lb,70.27,1,0,72.16,name=70; country=['lb'],REVIEW
6d580cd0-246d-59b1-92c3-1232ce7035b2,74642816-b167-5d54-acc3-88fdfddcf988,muhammad haidar,mohamad hassan ismail,Lebanon,lb,70.27,1,0,72.16,name=70; country=['lb'],REVIEW
c2369b0c-9fa5-5e0b-a144-0128a0d33c6e,82dfadfc-06b9-5b21-a6ef-8328713c447c,muhammad al-bashir,muhamad ali al-hebo,Syria,sy,70.27,1,0,72.16,name=70; country=['sy'],REVIEW
ce082afe-2180-536c-9b93-2feb26151dd4,4fe3cda7-00f0-5189-8048-51eeb4ffd732,oleksandr bornyakov,oleksandr dubinsky,Ukraine,ua,70.27,1,0,72.16,name=70; country=['ua'],REVIEW
1b652019-36c0-552b-9031-55ce6822d027,cafaa4e4-5308-5e54-b1ca-0581e76ffc39,abd al-salam hadi,abdul qader al-shami,Yemen,ye,70.27,1,0,72.16,name=70; country=['ye'],REVIEW
006ad23e-54a7-54a1-8822-9ce4af2635fc,32030624-fc74-5388-8e66-411462ff6efa,mikhail vladimirovich mishustin,ivan vladimirovich potanin,Russia,ru,70.18,1,0,72.11,name=70; country=['ru'],REVIEW
d6e33049-9c30-57e4-8fa8-e9317955ad2e,0e9f97fc-d779-543e-8697-597e67f508b6,mikhail vladimirovich degtyarev,oleg vladimirovich tsepkin,Russia,ru,70.18,1,0,72.11,name=70; country=['ru'],REVIEW
d6e33049-9c30-57e4-8fa8-e9317955ad2e,e1c7891c-917c-5b30-b7d0-5fcf65dd66a6,mikhail vladimirovich degtyarev,andrei vladimirovich skoch,Russia,ru,70.18,1,0,72.11,name=70; country=['ru'],REVIEW
dbe82bd4-dc46-57b0-b0e4-d46ff1522618,2f94bcaf-26b0-5b44-94c7-d0f971edb51c,roman vladimirovich starovoyt,maksim vladimirovich makarov,Russia,ru,70.18,1,0,72.11,name=70; country=['ru'],REVIEW
dbe82bd4-dc46-57b0-b0e4-d46ff1522618,6b58da87-f515-564f-8dbb-82ae85af8700,roman vladimirovich starovoyt,nikita vladimirovich krasnov,Russia,ru,70.18,1,0,72.11,name=70; country=['ru'],REVIEW
dbe82bd4-dc46-57b0-b0e4-d46ff1522618,d736a3eb-7f43-5f33-854a-93d88c8d09a1,roman vladimirovich starovoyt,oleg vladimirovich savchenko,Russia,ru,70.18,1,0,72.11,name=70; country=['ru'],REVIEW
dbe82bd4-dc46-57b0-b0e4-d46ff1522618,6a147acf-f36a-5ccc-adf9-590b2d069598,roman vladimirovich starovoyt,sergey vladimirovich kolunov,Russia,ru,70.18,1,0,72.11,name=70; country=['ru'],REVIEW
0a20c63b-a3e5-5b97-9a17-2fa6525d1530,e2777842-cecc-511d-9d1d-a42074ab2bff,aleksandr vasilyevich bortnikov,aleksey vasilyevich lisyuk,Russia,ru,70.18,1,0,72.11,name=70; country=['ru'],REVIEW
1386098f-0895-5384-9544-25cb97ee6d4b,b344183c-2efd-575a-8a4c-b396d499975c,myo thant,myo thitsar,Burma,zm,70.0,1,0,72.0,name=70; country=['zm'],REVIEW
0e3e892e-645b-5404-b7ef-564db69c1653,9130bd1f-8b7d-5dfd-b715-c25f49028aac,myo zaw thein,zaw min,Burma,zm,70.0,1,0,72.0,name=70; country=['zm'],REVIEW
7761ba11-48e5-505e-9dac-b7014646adda,dade11d1-8fbc-585e-81ce-6a84642c8bcd,tun aung,tin myo aung,Burma,zm,70.0,1,0,72.0,name=70; country=['zm'],REVIEW
b05ed206-a84b-5bef-ad39-8bfa03419c61,85307220-c044-51d3-94fd-8f1f710a516a,tin aung san,aung min,Burma,zm,70.0,1,0,72.0,name=70; country=['zm'],REVIEW
c77eaf8b-8bf0-5454-a07e-4386a07bac25,9e45b313-49f1-5357-85f5-15cacd33ea5a,jun dong,jingwei dong,China,cn,70.0,1,0,72.0,name=70; country=['cn'],REVIEW
5be37c4e-8045-5a7a-b36f-2cf6cae66991,8747b4fd-192c-5301-8c46-155e0851cdbf,hejun yin,kecheng yin,China,cn,70.0,1,0,72.0,name=70; country=['cn'],REVIEW
6a22787f-016c-5c95-bb89-6685cf3f51e3,1ce50608-2e84-522e-bd49-ae266035c08a,guoying li,genping li,China,cn,70.0,1,0,72.0,name=70; country=['cn'],REVIEW
1a606687-66cd-5479-baf3-9aa468de5911,999b80bc-9b08-5936-bbfe-89c46d521c29,muhammad herindra,muhammad dandi adhiguna,Indonesia,id,70.0,1,0,72.0,name=70; country=['id'],REVIEW
dd9c3037-a953-52b4-a3e2-2e6f5fb936de,1bf26214-0cdc-5d0c-b27b-a0871a994f61,hamid pur-mohammadi,ahmad mohammadi zadeh,Iran,ir,70.0,1,0,72.0,name=70; country=['ir'],REVIEW
304687be-72b5-5f04-8437-e74cf2ccd578,3f69fc59-09d8-507a-a32c-fae7c692bbfc,mohammad-reza salehi-amiri,mohammad rezai,Iran,ir,70.0,1,0,72.0,name=70; country=['ir'],REVIEW
f09fa64f-3749-5bb9-8eae-47aa0e56fc7c,16b2705a-2f33-506b-96f0-48cb55643a5b,mohamad-reza farzin,hamid reza ghadirian,Iran,ir,70.0,1,0,72.0,name=70; country=['ir'],REVIEW
016b063f-7385-5c67-abd3-c36f628d8705,bd3ebc5c-8fa5-5d48-ab43-c0798bd7fb90,o su yong,yong il sin,"Korea, North",kp,70.0,1,0,72.0,name=70; country=['kp'],REVIEW
c18a864c-2479-54f5-83a8-a797da2be8f7,620835a7-a319-5d7d-9a53-5019683c0569,son gwon ri,je-son ri,"Korea, North",kp,70.0,1,0,72.0,name=70; country=['kp'],REVIEW
c97a4c11-6d14-5bc3-824a-8a5f027534ab,c72ee24e-87bb-5810-aa51-b86320d469f5,sun nam kang,min kang,"Korea, North",kp,70.0,1,0,72.0,name=70; country=['kp'],REVIEW
0dfb6602-2cb9-593e-9549-4b97c0d28e5c,072c2404-41d4-5fb9-ba58-340a2e1052fe,chol mun,chol man han,"Korea, North",kp,70.0,1,0,72.0,name=70; country=['kp'],REVIEW
0dfb6602-2cb9-593e-9549-4b97c0d28e5c,9fc6c03b-4ec8-5c86-837b-988c47dae158,chol mun,min chol kim,"Korea, North",kp,70.0,1,0,72.0,name=70; country=['kp'],REVIEW
1ad2c0de-1de9-5af3-9e95-190396b8005f,620835a7-a319-5d7d-9a53-5019683c0569,song hak ri,je-son ri,"Korea, North",kp,70.0,1,0,72.0,name=70; country=['kp'],REVIEW
90b1bfe1-3891-5856-9781-3d8fbca3cbbf,d6f7853b-e6f6-5a32-8df3-92938e5c158b,hun pak,kwang hun pak,"Korea, North",kp,70.0,1,0,72.0,name=70; country=['kp'],REVIEW
4f2e5ddc-e7f2-5114-91e0-b66d2b467446,135c4262-e6f9-5393-bc25-00c89328faca,sung du kim,se un kim,"Korea, North",kp,70.0,1,0,72.0,name=70; country=['kp'],REVIEW
98d46526-22bc-5092-acc7-39b7ef15df5f,05295a1f-3193-5ce8-bb09-449b7fd68ddc,yu il kim,yon hui kim,"Korea, North",kp,70.0,1,0,72.0,name=70; country=['kp'],REVIEW
8cd0c6e3-caab-55c5-94be-0cc31f55b070,a54486f9-bca7-5cd3-967d-82418e88d91e,jong ho yun,yong ho o,"Korea, North",kp,70.0,1,0,72.0,name=70; country=['kp'],REVIEW
077959aa-ee52-5a90-a839-8c3e1ce4feca,118a1ba5-17c3-5ef9-b6da-2b5c86ddb3a2,kum song jin,song kim,"Korea, North",kp,70.0,1,0,72.0,name=70; country=['kp'],REVIEW
3ce8c5ad-99f6-5c34-bb72-1725130567b3,0bd558aa-1421-5587-843c-f71b34c549df,il guk kim,su gil kim,"Korea, North",kp,70.0,1,0,72.0,name=70; country=['kp'],REVIEW
8a4561d5-6e38-5ae7-894b-48966e7707a5,118a1ba5-17c3-5ef9-b6da-2b5c86ddb3a2,sung jin kim,song kim,"Korea, North",kp,70.0,1,0,72.0,name=70; country=['kp'],REVIEW
cc616297-3e2c-5035-bb7f-1fdb127363a5,730507a8-1028-50f1-8b74-e63ff1a5bd0e,song kim,sang man kim,"Korea, North",kp,70.0,1,0,72.0,name=70; country=['kp'],REVIEW
cc616297-3e2c-5035-bb7f-1fdb127363a5,cb469236-b7f5-5d91-82ab-566e6d934301,song kim,yong bok kim,"Korea, North",kp,70.0,1,0,72.0,name=70; country=['kp'],REVIEW
006ad23e-54a7-54a1-8822-9ce4af2635fc,2601fbed-9c4a-5ae9-bd25-f8c7f2e18d54,mikhail vladimirovich mishustin,andrey vladimirovich timoshin,Russia,ru,70.0,1,0,72.0,name=70; country=['ru'],REVIEW
b45b6c16-05c3-5345-95eb-c1c6135f61b2,d2f76547-d864-5d11-a9f5-315999fd1003,aleksandr valentinovich novak,aleksandr viktorovich ryzhenkov,Russia,ru,70.0,1,0,72.0,name=70; country=['ru'],REVIEW
cd6c171d-c9ca-554f-891b-755908ea691e,ae1d32c9-369d-5d28-b89d-d48ebf19a5d0,aleksandr aleksandrovich kozlov,aleksandr mikhaylovich osipov,Russia,ru,70.0,1,0,72.0,name=70; country=['ru'],REVIEW
d6e33049-9c30-57e4-8fa8-e9317955ad2e,2601fbed-9c4a-5ae9-bd25-f8c7f2e18d54,mikhail vladimirovich degtyarev,andrey vladimirovich timoshin,Russia,ru,70.0,1,0,72.0,name=70; country=['ru'],REVIEW
d6e33049-9c30-57e4-8fa8-e9317955ad2e,67278d57-1dea-5771-a69c-c556825d9f27,mikhail vladimirovich degtyarev,andrei vladimirovich khokhlov,Russia,ru,70.0,1,0,72.0,name=70; country=['ru'],REVIEW
dbe82bd4-dc46-57b0-b0e4-d46ff1522618,3f4bdd2c-afcb-50d6-b197-721e941a178f,roman vladimirovich starovoyt,sergey vladimirovich krivonosov,Russia,ru,70.0,1,0,72.0,name=70; country=['ru'],REVIEW
dbe82bd4-dc46-57b0-b0e4-d46ff1522618,2703282f-f26b-5358-ae50-22ef5f1c31ed,roman vladimirovich starovoyt,sergey vladimirovich matviyenko,Russia,ru,70.0,1,0,72.0,name=70; country=['ru'],REVIEW
0a20c63b-a3e5-5b97-9a17-2fa6525d1530,8d1835a4-1b96-5bd2-91dc-971ad79be3be,aleksandr vasilyevich bortnikov,aleksandr yuryevich drozdenko,Russia,ru,70.0,1,0,72.0,name=70; country=['ru'],REVIEW
0a20c63b-a3e5-5b97-9a17-2fa6525d1530,ebd116ad-a228-54b0-bfa7-2f74007fb3e0,aleksandr vasilyevich bortnikov,aleksandr yevgenyevich udodov,Russia,ru,70.0,1,0,72.0,name=70; country=['ru'],REVIEW
66e0e444-e055-571d-8efc-92a87aee35f2,c5c0be3f-66e9-5302-ba55-1e2c6f8ceff8,vasiliy alekseyevich nebenzya,mikhail alekseyevich klementyev,Russia,ru,70.0,1,0,72.0,name=70; country=['ru'],REVIEW
f322b8e0-5492-53f6-9b5f-c2f86507973b,a72cd322-d017-5a0b-958a-1aceaebfe32d,abdulkadir muhammad nur,ali mohamed rage,Somalia,so,70.0,1,0,72.0,name=70; country=['so'],REVIEW
9813a436-bcaf-50ee-a39a-8e63b50c7a09,c323f37c-eef6-54a5-a08e-bb7371769a13,mohamed adan moalim,fuad mohamed khalaf,Somalia,so,70.0,1,0,72.0,name=70; country=['so'],REVIEW
60703c42-976d-5078-8240-0e96bfee1620,5a709dbd-64b1-5012-a89e-40160759f3fd,abd al-wahab abdullah ahmed al-hajri,abdo abdullah dael ahmed,Yemen,ye,70.0,1,0,72.0,name=70; country=['ye'],REVIEW
b45b6c16-05c3-5345-95eb-c1c6135f61b2,9e4709db-f150-56f6-809e-1bce23cf8674,aleksandr valentinovich novak,aleksandr vyacheslavovich kurenkov,Russia,ru,69.84,1,0,71.9,name=70; country=['ru'],REVIEW
7577e6ac-6813-5c14-a64b-543cff310d82,8d1835a4-1b96-5bd2-91dc-971ad79be3be,aleksandr vyacheslavovich kurenkov,aleksandr yuryevich drozdenko,Russia,ru,69.84,1,0,71.9,name=70; country=['ru'],REVIEW
7577e6ac-6813-5c14-a64b-543cff310d82,cad6a2a0-e6f0-5a52-b5c5-4660dc15d508,aleksandr vyacheslavovich kurenkov,aleksandr valentinovich novak,Russia,ru,69.84,1,0,71.9,name=70; country=['ru'],REVIEW
f21fad05-0e28-5492-a4e5-4ca30560fe5c,b64a0aaf-fced-5e04-952a-71681b38e3bb,vladimir aleksandrovich kolokoltsev,oleg aleksandrovich alekseev,Russia,ru,69.84,1,0,71.9,name=70; country=['ru'],REVIEW
f21fad05-0e28-5492-a4e5-4ca30560fe5c,bac9a9fa-8097-586b-9594-14f9097ba20a,vladimir aleksandrovich kolokoltsev,vladimir albertovich lebedev,Russia,ru,69.84,1,0,71.9,name=70; country=['ru'],REVIEW
f21fad05-0e28-5492-a4e5-4ca30560fe5c,dbd11814-d126-56fa-b65b-fa3fa3b389e6,vladimir aleksandrovich kolokoltsev,kirill aleksandrovich tsarev,Russia,ru,69.84,1,0,71.9,name=70; country=['ru'],REVIEW
f21fad05-0e28-5492-a4e5-4ca30560fe5c,990d193a-1d0c-5cd2-a1c9-16e27d87872f,vladimir aleksandrovich kolokoltsev,nikolai aleksandrovich levin,Russia,ru,69.84,1,0,71.9,name=70; country=['ru'],REVIEW
cd6c171d-c9ca-554f-891b-755908ea691e,330868ec-9e25-5f9a-ae14-1d968598744b,aleksandr aleksandrovich kozlov,alexander aleksandrovich kokorev,Russia,ru,69.84,1,0,71.9,name=70; country=['ru'],REVIEW
d6e33049-9c30-57e4-8fa8-e9317955ad2e,2add14ef-ba1f-5d80-9576-91a9e4c232c6,mikhail vladimirovich degtyarev,vladimir vladimirovich poletayev,Russia,ru,69.84,1,0,71.9,name=70; country=['ru'],REVIEW
0a20c63b-a3e5-5b97-9a17-2fa6525d1530,bbedd287-c5c9-5099-a78d-aaf9b06ab4ae,aleksandr vasilyevich bortnikov,aleksandr vitalyevich nezhentsev,Russia,ru,69.84,1,0,71.9,name=70; country=['ru'],REVIEW
9578ba7b-ed8c-5041-96d8-36f346c46e40,1b72e900-fc6c-52c7-b872-1b60bd9432e0,tariq muhammad abdallah salih,mohammed abdulwasea hael al-nahari,Yemen,ye,69.84,1,0,71.9,name=70; country=['ye'],REVIEW
dd9c3037-a953-52b4-a3e2-2e6f5fb936de,1fdea508-7df9-526f-92b0-3cad1ac5719d,hamid pur-mohammadi,reza mohammadi azizabadi,Iran,ir,69.77,1,0,71.86,name=70; country=['ir'],REVIEW
b05590e8-cd51-5873-bdbc-d7c58cc7bf1c,ef9e5aa7-449d-5251-99e0-e8114cf0e482,abd-al-latif al-tahir,'abd-al-hamid al-masli,Libya,ly,69.77,1,0,71.86,name=70; country=['ly'],REVIEW
c2369b0c-9fa5-5e0b-a144-0128a0d33c6e,03c1ade3-1f0a-5799-a9ed-ddd7ee60e759,muhammad al-bashir,mohammad hussein al-jasim,Syria,sy,69.77,1,0,71.86,name=70; country=['sy'],REVIEW
c6fa8dc2-0c43-5716-a8f0-5846972e48d6,e31a4810-d3a8-5305-9259-cc1a9fbb60c3,muhammad samih hamid,tawfiq muhammad khadour,Syria,sy,69.77,1,0,71.86,name=70; country=['sy'],REVIEW
f1c1473e-dffb-50fd-bbb3-0f32ea88747d,cf9bcb9f-16d9-54fc-864e-95a75b6df554,rashad muhammad al-alimi,muhammad al-ghazali,Yemen,ye,69.77,1,0,71.86,name=70; country=['ye'],REVIEW
7577e6ac-6813-5c14-a64b-543cff310d82,a5b972ef-fa57-59c9-ab53-5f7629b571b6,aleksandr vyacheslavovich kurenkov,artyom vyacheslavovich prokofyev,Russia,ru,69.7,1,0,71.82,name=70; country=['ru'],REVIEW
0a20c63b-a3e5-5b97-9a17-2fa6525d1530,ef69fab4-7a3a-52fe-b006-f8a2197a15b9,aleksandr vasilyevich bortnikov,aleksandr vladimirovich onishchenko,Russia,ru,69.7,1,0,71.82,name=70; country=['ru'],REVIEW
928d4f05-b0ba-5cf1-84d6-44838e4dc4a6,85307220-c044-51d3-94fd-8f1f710a516a,min aung hlaing,aung min,Burma,zm,69.57,1,0,71.74,name=70; country=['zm'],REVIEW
7761ba11-48e5-505e-9dac-b7014646adda,b0bd6edd-7aba-5129-b2a8-42491d1c89c3,tun aung,naing htut aung,Burma,zm,69.57,1,0,71.74,name=70; country=['zm'],REVIEW
86f62f16-2175-5afa-b820-a898c02c9063,90e7fe27-046a-533f-8fe2-eb02b6ed6685,ye myint tun,zaw min tun,Burma,zm,69.57,1,0,71.74,name=70; country=['zm'],REVIEW
e04d1361-6c5f-5682-9654-45f6127037f1,d2cd3db8-ee57-5974-98ec-51213ea9cf3b,khin naing oo,chit naing,Burma,zm,69.57,1,0,71.74,name=70; country=['zm'],REVIEW
e59f0f47-31d3-5f4e-9c53-9497d721689e,ef391d20-2e30-5e28-b6d3-8eb5ee59c51e,zheng han,guanghua zheng,China,cn,69.57,1,0,71.74,name=70; country=['cn'],REVIEW
e59f0f47-31d3-5f4e-9c53-9497d721689e,17ecb037-65e8-5e4f-bc91-588d54fc7299,zheng han,yanxiong zheng,China,cn,69.57,1,0,71.74,name=70; country=['cn'],REVIEW
b763a905-8245-5ecd-98c7-069313da9814,99ca72e0-6c13-501d-8989-d482ca205cbf,guoqing zhang,jian zhang,China,cn,69.57,1,0,71.74,name=70; country=['cn'],REVIEW
b763a905-8245-5ecd-98c7-069313da9814,c8ed261d-1633-5f21-8049-d1e0061ff983,guoqing zhang,jian zhang,China,cn,69.57,1,0,71.74,name=70; country=['cn'],REVIEW
1a8f313c-00cf-566a-a5e5-16a23c87195d,b98a0453-e7ba-55d6-8ae4-330119ad29dd,mohammad-reza aref,seyyed reza mir mohammad ali,Iran,ir,69.57,1,0,71.74,name=70; country=['ir'],REVIEW
6e2c26a1-61fd-5266-a3d7-f39cf4b2321a,04988ed9-92b2-5160-851e-05eec93efd6b,abbas ali-abadi,ali abdi,Iran,ir,69.57,1,0,71.74,name=70; country=['ir'],REVIEW
f9c11f75-2319-572a-8e2f-c836357552e5,3a3dfc35-72b0-569a-82a6-51179e0d7e1e,jong un kim,mun chol kim,"Korea, North",kp,69.57,1,0,71.74,name=70; country=['kp'],REVIEW
2db666ac-26f4-500d-8e57-d0d421626000,1a737494-4a6d-55cd-b6bf-f2dbd23e696a,tok hun kim,man chun kim,"Korea, North",kp,69.57,1,0,71.74,name=70; country=['kp'],REVIEW
2db666ac-26f4-500d-8e57-d0d421626000,17547bf6-7d8b-554a-9a98-f93e9fed0066,tok hun kim,sok chol kim,"Korea, North",kp,69.57,1,0,71.74,name=70; country=['kp'],REVIEW
4a19256d-6939-57ce-8382-7eb6928ad8dd,f46b91e1-d7a0-59a1-b231-26c7c4c19d88,yong won jo,yong chol ho,"Korea, North",kp,69.57,1,0,71.74,name=70; country=['kp'],REVIEW
4a19256d-6939-57ce-8382-7eb6928ad8dd,f94cc52e-7c0e-5ab7-9116-8acb8d38b55e,yong won jo,yong chol jo,"Korea, North",kp,69.57,1,0,71.74,name=70; country=['kp'],REVIEW
4a19256d-6939-57ce-8382-7eb6928ad8dd,87285f8f-9572-5b10-abba-1e79dc0b295e,yong won jo,yong su jong,"Korea, North",kp,69.57,1,0,71.74,name=70; country=['kp'],REVIEW
b700b190-27ae-5cb1-941c-0a513750a653,9725385d-e066-52d3-b946-2a87a77d9cb2,yong gil ri,hong gil han,"Korea, North",kp,69.57,1,0,71.74,name=70; country=['kp'],REVIEW
016b063f-7385-5c67-abd3-c36f628d8705,ac20c82b-a756-5b8b-b07a-a1aecff7e9bc,o su yong,chun yong choe,"Korea, North",kp,69.57,1,0,71.74,name=70; country=['kp'],REVIEW
db80e495-6578-5cc9-8b23-b56d2587e7a3,93bbb94d-7571-5e6e-84d0-b12b0f27b292,song nam kim,yong su kim,"Korea, North",kp,69.57,1,0,71.74,name=70; country=['kp'],REVIEW
db80e495-6578-5cc9-8b23-b56d2587e7a3,0885644a-9a39-5222-abbc-2fbe58935244,song nam kim,ung sun kim,"Korea, North",kp,69.57,1,0,71.74,name=70; country=['kp'],REVIEW
c97a4c11-6d14-5bc3-824a-8a5f027534ab,62242724-dd04-5f07-8346-f4298bcc659d,sun nam kang,nam ung kim,"Korea, North",kp,69.57,1,0,71.74,name=70; country=['kp'],REVIEW
cd2e7228-83bc-53ae-9022-290f7f52a37f,cb469236-b7f5-5d91-82ab-566e6d934301,yo jong kim,yong bok kim,"Korea, North",kp,69.57,1,0,71.74,name=70; country=['kp'],REVIEW
cd2e7228-83bc-53ae-9022-290f7f52a37f,87285f8f-9572-5b10-abba-1e79dc0b295e,yo jong kim,yong su jong,"Korea, North",kp,69.57,1,0,71.74,name=70; country=['kp'],REVIEW
f244bdca-f3a8-5d54-9b1b-cc2e39bc638f,dd8d291a-e2cb-5992-aa13-403a495b26ef,yong hwan kim,il hwan ko,"Korea, North",kp,69.57,1,0,71.74,name=70; country=['kp'],REVIEW
d0495abd-8e55-518b-87c8-ff979fa8ac3f,3a697517-1a1e-5bbd-8932-f90088886e14,in chol pak,chol sam kim,"Korea, North",kp,69.57,1,0,71.74,name=70; country=['kp'],REVIEW
d0495abd-8e55-518b-87c8-ff979fa8ac3f,072c2404-41d4-5fb9-ba58-340a2e1052fe,in chol pak,chol man han,"Korea, North",kp,69.57,1,0,71.74,name=70; country=['kp'],REVIEW
d0495abd-8e55-518b-87c8-ff979fa8ac3f,255af80c-23aa-5e30-812f-dde7dff45ed7,in chol pak,in chol jong,"Korea, North",kp,69.57,1,0,71.74,name=70; country=['kp'],REVIEW
d0495abd-8e55-518b-87c8-ff979fa8ac3f,6ca2121f-4d93-5c24-9ed7-0036f0ac6060,in chol pak,thae chol ri,"Korea, North",kp,69.57,1,0,71.74,name=70; country=['kp'],REVIEW
d0495abd-8e55-518b-87c8-ff979fa8ac3f,17547bf6-7d8b-554a-9a98-f93e9fed0066,in chol pak,sok chol kim,"Korea, North",kp,69.57,1,0,71.74,name=70; country=['kp'],REVIEW
6fa2335d-266a-53e7-8246-ad15133afa37,741c6a5e-d244-5497-b88e-2e55c0447846,chol min pak,chun il pak,"Korea, North",kp,69.57,1,0,71.74,name=70; country=['kp'],REVIEW
ee714e14-ed52-53c9-a0f3-0a0fb01c9e2c,bf8cb1d2-5c1f-56f4-b257-24e349c74fac,jong gun pak,yun gun jon,"Korea, North",kp,69.57,1,0,71.74,name=70; country=['kp'],REVIEW
c85a2ab4-d135-57bf-bdbc-dae1667811ef,89683347-13c3-5471-b14c-cfc9d9e13186,sung guk jon,sung sop ku,"Korea, North",kp,69.57,1,0,71.74,name=70; country=['kp'],REVIEW
1ad2c0de-1de9-5af3-9e95-190396b8005f,86f78ac3-c178-5fef-8754-9e7ec6d5010b,song hak ri,song hun kim,"Korea, North",kp,69.57,1,0,71.74,name=70; country=['kp'],REVIEW
1ad2c0de-1de9-5af3-9e95-190396b8005f,2afb9540-5165-5ac6-82af-d9d07cb77476,song hak ri,hwa song pak,"Korea, North",kp,69.57,1,0,71.74,name=70; country=['kp'],REVIEW
a02de48a-caf5-5505-ba51-5a38d2e02d9f,f46b91e1-d7a0-59a1-b231-26c7c4c19d88,sok chol jo,yong chol ho,"Korea, North",kp,69.57,1,0,71.74,name=70; country=['kp'],REVIEW
3dd10b94-ab62-5ae5-a73e-60104d5a70c8,072c2404-41d4-5fb9-ba58-340a2e1052fe,chol san ri,chol man han,"Korea, North",kp,69.57,1,0,71.74,name=70; country=['kp'],REVIEW
3dd10b94-ab62-5ae5-a73e-60104d5a70c8,4c764df4-42ba-5b64-9a59-3fe70dd4d74f,chol san ri,chol song jo,"Korea, North",kp,69.57,1,0,71.74,name=70; country=['kp'],REVIEW
3dd10b94-ab62-5ae5-a73e-60104d5a70c8,3a3dfc35-72b0-569a-82a6-51179e0d7e1e,chol san ri,mun chol kim,"Korea, North",kp,69.57,1,0,71.74,name=70; country=['kp'],REVIEW
3dd10b94-ab62-5ae5-a73e-60104d5a70c8,255af80c-23aa-5e30-812f-dde7dff45ed7,chol san ri,in chol jong,"Korea, North",kp,69.57,1,0,71.74,name=70; country=['kp'],REVIEW
3dd10b94-ab62-5ae5-a73e-60104d5a70c8,9fc6c03b-4ec8-5c86-837b-988c47dae158,chol san ri,min chol kim,"Korea, North",kp,69.57,1,0,71.74,name=70; country=['kp'],REVIEW
3dd10b94-ab62-5ae5-a73e-60104d5a70c8,17547bf6-7d8b-554a-9a98-f93e9fed0066,chol san ri,sok chol kim,"Korea, North",kp,69.57,1,0,71.74,name=70; country=['kp'],REVIEW
aed6b75b-4fc2-5fec-abf0-625322fc4f37,3a697517-1a1e-5bbd-8932-f90088886e14,chol ha kim,chol sam kim,"Korea, North",kp,69.57,1,0,71.74,name=70; country=['kp'],REVIEW
aed6b75b-4fc2-5fec-abf0-625322fc4f37,3a3dfc35-72b0-569a-82a6-51179e0d7e1e,chol ha kim,mun chol kim,"Korea, North",kp,69.57,1,0,71.74,name=70; country=['kp'],REVIEW
aed6b75b-4fc2-5fec-abf0-625322fc4f37,17547bf6-7d8b-554a-9a98-f93e9fed0066,chol ha kim,sok chol kim,"Korea, North",kp,69.57,1,0,71.74,name=70; country=['kp'],REVIEW
aed6b75b-4fc2-5fec-abf0-625322fc4f37,cbdf6cc1-c16a-5fe1-886e-2b0d74882a0b,chol ha kim,chol nam pak,"Korea, North",kp,69.57,1,0,71.74,name=70; country=['kp'],REVIEW
aed6b75b-4fc2-5fec-abf0-625322fc4f37,9fc6c03b-4ec8-5c86-837b-988c47dae158,chol ha kim,min chol kim,"Korea, North",kp,69.57,1,0,71.74,name=70; country=['kp'],REVIEW
fba55d87-e11e-536c-80e8-00fc53ec6dce,a4f277a4-af5d-5c02-85b9-94baf950dfa5,jong jin so,song ho jong,"Korea, North",kp,69.57,1,0,71.74,name=70; country=['kp'],REVIEW
8cd0c6e3-caab-55c5-94be-0cc31f55b070,abe80829-a1b2-5429-a22d-6b55ffcfae3f,jong ho yun,man bok jong,"Korea, North",kp,69.57,1,0,71.74,name=70; country=['kp'],REVIEW
8cd0c6e3-caab-55c5-94be-0cc31f55b070,abbc7385-4a6d-56c0-8034-d61f10609891,jong ho yun,song guk yun,"Korea, North",kp,69.57,1,0,71.74,name=70; country=['kp'],REVIEW
bd8abcfa-887a-5ca1-8f14-a5dd8c78110c,abe80829-a1b2-5429-a22d-6b55ffcfae3f,jong bom ko,man bok jong,"Korea, North",kp,69.57,1,0,71.74,name=70; country=['kp'],REVIEW
bd8abcfa-887a-5ca1-8f14-a5dd8c78110c,a4f277a4-af5d-5c02-85b9-94baf950dfa5,jong bom ko,song ho jong,"Korea, North",kp,69.57,1,0,71.74,name=70; country=['kp'],REVIEW
f3c08208-2b98-5df7-80e3-d940f854096e,04b8113c-2623-5e7c-9dcc-90fc1726dfbe,yong il ju,kyong il kang,"Korea, North",kp,69.57,1,0,71.74,name=70; country=['kp'],REVIEW
077959aa-ee52-5a90-a839-8c3e1ce4feca,7e7f14fc-2f97-5696-b2ee-a43d9722648f,kum song jin,song jin im,"Korea, North",kp,69.57,1,0,71.74,name=70; country=['kp'],REVIEW
47ad2603-a5d2-5b3c-b035-391c6c9fadf7,05295a1f-3193-5ce8-bb09-449b7fd68ddc,song jun kim,yon hui kim,"Korea, North",kp,69.57,1,0,71.74,name=70; country=['kp'],REVIEW
47ad2603-a5d2-5b3c-b035-391c6c9fadf7,93bbb94d-7571-5e6e-84d0-b12b0f27b292,song jun kim,yong su kim,"Korea, North",kp,69.57,1,0,71.74,name=70; country=['kp'],REVIEW
47ad2603-a5d2-5b3c-b035-391c6c9fadf7,3994612e-996b-596c-91b7-90cd5320c49c,song jun kim,tong-ho kim,"Korea, North",kp,69.57,1,0,71.74,name=70; country=['kp'],REVIEW
cc81e615-d493-582e-afc5-946ac6cfb9f5,68d55cae-ab6e-5083-9a53-c6ae3cc2bc4b,chol su kim,chol ung nam,"Korea, North",kp,69.57,1,0,71.74,name=70; country=['kp'],REVIEW
250b1f74-d92a-5b8e-81fd-91f406313e55,0729191e-da85-5385-b070-2f5a858c01e3,chun song jang,in chun o,"Korea, North",kp,69.57,1,0,71.74,name=70; country=['kp'],REVIEW
6671dde0-c650-53c2-a9cd-d29a239ac0ca,7e7f14fc-2f97-5696-b2ee-a43d9722648f,kyong jae im,song jin im,"Korea, North",kp,69.57,1,0,71.74,name=70; country=['kp'],REVIEW
8a4561d5-6e38-5ae7-894b-48966e7707a5,93bbb94d-7571-5e6e-84d0-b12b0f27b292,sung jin kim,yong su kim,"Korea, North",kp,69.57,1,0,71.74,name=70; country=['kp'],REVIEW
8a4561d5-6e38-5ae7-894b-48966e7707a5,0885644a-9a39-5222-abbc-2fbe58935244,sung jin kim,ung sun kim,"Korea, North",kp,69.57,1,0,71.74,name=70; country=['kp'],REVIEW
8a4561d5-6e38-5ae7-894b-48966e7707a5,9eddb6a0-baeb-5b5c-b6f2-4b9577c189b7,sung jin kim,yong ju kim,"Korea, North",kp,69.57,1,0,71.74,name=70; country=['kp'],REVIEW
a18012f9-b2f4-5776-a4ad-e700aa333b6b,ef9e5aa7-449d-5251-99e0-e8114cf0e482,abd-al-warith al-hajjaji,'abd-al-hamid al-masli,Libya,ly,69.57,1,0,71.74,name=70; country=['ly'],REVIEW
abb1efd2-926b-5b2b-8549-3335c0ba382e,75a9ecb6-7f7d-5ad8-92f1-c607d6655dde,ahmed shiyam,ameen ahmed,Maldives,mv,69.57,1,0,71.74,name=70; country=['mv'],REVIEW
366233c8-1b7c-54f3-b9ff-b023b0ea8116,90f2f360-f40a-50be-898c-ec62aad68a83,amadou keita,karim keita,Mali,ml,69.57,1,0,71.74,name=70; country=['ml'],REVIEW
f322b8e0-5492-53f6-9b5f-c2f86507973b,1b7a29a5-f38c-5428-b90b-751fc80c300f,abdulkadir muhammad nur,abdiweli mohamed yusuf,Somalia,so,69.57,1,0,71.74,name=70; country=['so'],REVIEW
ac9c6dc5-aee9-5725-a52b-091d465c61b4,bd92fac4-4696-5760-8ae5-3b41af811a1a,khadija mohamed dirie,abdikarin farah mohamed,Somalia,so,69.57,1,0,71.74,name=70; country=['so'],REVIEW
ebde17af-0f5f-5666-9c58-0b7aa0a193b4,5252be32-3554-50b4-8a1d-bb0eaf1262cd,muhammad said al-hilu,mohammed ibrahim sulaiman,Sudan,sd,69.57,1,0,71.74,name=70; country=['sd'],REVIEW
f8068481-1599-5d0c-85d8-eb88cabf5a54,ae384180-17bc-549f-98cb-8b68bedcffe7,musab al-ali,nasr al-ali,Syria,sy,69.57,1,0,71.74,name=70; country=['sy'],REVIEW
f1c1473e-dffb-50fd-bbb3-0f32ea88747d,4c52ccc9-a07f-5c73-9416-d4ed78fa3d05,rashad muhammad al-alimi,mohamed ali al-houthi,Yemen,ye,69.57,1,0,71.74,name=70; country=['ye'],REVIEW
3fee6e99-1e49-59ce-8c2a-06e8f58d59b0,06dfd183-8507-5e75-a49b-b9d26f23108a,khaled ahmad al-wasabi,muhammad ahmad al-talibi,Yemen,ye,69.57,1,0,71.74,name=70; country=['ye'],REVIEW
5f272a74-f9a6-53b5-a1b2-5ce576352220,45a535c9-96af-54ac-b22b-6ec2fc67b6e9,muhammad hazm al-ashwal,mohammed ahmed al-dawla,Yemen,ye,69.57,1,0,71.74,name=70; country=['ye'],REVIEW
d8eb0d8e-12f4-5d54-a9ba-051bdb69ebaf,7c552135-379d-50f6-928d-e36ffe148e07,abdallah bin hamad al-huqayl,'abdallah muhammad bin-sulayman al-muhaysini,Saudi Arabia,sa,69.44,1,0,71.67,name=69; country=['sa'],REVIEW
1a8f313c-00cf-566a-a5e5-16a23c87195d,12e2e5f8-cc58-547e-9edf-dc73fa90daff,mohammad-reza aref,mohammad reza modarres khiabani,Iran,ir,69.39,1,0,71.63,name=69; country=['ir'],REVIEW
304687be-72b5-5f04-8437-e74cf2ccd578,d4425fd5-c1c4-5302-8aa3-09b71eb88bdd,mohammad-reza salehi-amiri,mohammad reza mohammadi,Iran,ir,69.39,1,0,71.63,name=69; country=['ir'],REVIEW
304687be-72b5-5f04-8437-e74cf2ccd578,96173075-818f-5978-abd5-a5dbad2a390e,mohammad-reza salehi-amiri,hossein mohammad rezaei,Iran,ir,69.39,1,0,71.63,name=69; country=['ir'],REVIEW
a1ba40bc-1093-5b3a-8915-c71338aae763,051ed549-0196-50c1-a6e5-e95d6d586f46,andrey removich belousov,andrey yuryevich vorobyev,Russia,ru,69.39,1,0,71.63,name=69; country=['ru'],REVIEW
a1ba40bc-1093-5b3a-8915-c71338aae763,42dc9352-b3d2-56a6-9d7a-35a80e1f9da9,andrey removich belousov,andrey ivanovich bocharov,Russia,ru,69.39,1,0,71.63,name=69; country=['ru'],REVIEW
a1ba40bc-1093-5b3a-8915-c71338aae763,b962d4a2-a9f3-5400-959b-14b5b4280478,andrey removich belousov,andrey leonidovich krasov,Russia,ru,69.39,1,0,71.63,name=69; country=['ru'],REVIEW
a1ba40bc-1093-5b3a-8915-c71338aae763,2479966a-2312-521a-83b6-b3da0f750c27,andrey removich belousov,andrey petrovich gimbatov,Russia,ru,69.39,1,0,71.63,name=69; country=['ru'],REVIEW
a1ba40bc-1093-5b3a-8915-c71338aae763,0ef72ec8-8cc9-5167-9de7-6941e7d16dd5,andrey removich belousov,andrey yuryevich gorokhov,Russia,ru,69.39,1,0,71.63,name=69; country=['ru'],REVIEW
df456803-12e3-51a9-be87-159ecd3813eb,1dc581df-56c5-537f-b8c2-e5cec61abf2b,anton germanovich siluanov,anton eduardovich vaino,Russia,ru,69.39,1,0,71.63,name=69; country=['ru'],REVIEW
9f7f1740-b4dd-5baa-9f5c-0df51713cbf6,9022b012-52fe-5921-b769-dd4214f2bed1,sergey viktorovich lavrov,artyom viktorovich turov,Russia,ru,69.39,1,0,71.63,name=69; country=['ru'],REVIEW
9f7f1740-b4dd-5baa-9f5c-0df51713cbf6,cf19afd4-4cbb-5893-8378-5f991b9131e8,sergey viktorovich lavrov,pavel viktorovich malkov,Russia,ru,69.39,1,0,71.63,name=69; country=['ru'],REVIEW
85da5294-bb31-5f57-9cb1-bc4d767cffe5,7e7d0b24-9725-55ec-9e2f-9e58acc2e680,igor viktorovich krasnov,yuri viktorovich arkharov,Russia,ru,69.39,1,0,71.63,name=69; country=['ru'],REVIEW
85da5294-bb31-5f57-9cb1-bc4d767cffe5,52c4772b-cfd5-50e3-bed0-707f67ac90d9,igor viktorovich krasnov,roman viktorovich ptitsyn,Russia,ru,69.39,1,0,71.63,name=69; country=['ru'],REVIEW
85da5294-bb31-5f57-9cb1-bc4d767cffe5,7a572ebf-2e62-5d85-a7f0-4ec561776677,igor viktorovich krasnov,kirill viktorovich markin,Russia,ru,69.39,1,0,71.63,name=69; country=['ru'],REVIEW
ac15a0ce-1f00-5033-aaf7-a2414ed975e4,8ae17310-48c5-5cc2-8a98-8f1ac55069fd,muhammad adbul rahman turko,muhammad khalid rahmun,Syria,sy,69.39,1,0,71.63,name=69; country=['sy'],REVIEW
e614b1a4-c644-556d-bcf4-30f13d9b48ff,4be6cd1d-7989-5983-a7d2-bc54dc02b2f8,abdallah ali fadl al-saadi,abdullah yahya al hakim,Yemen,ye,69.39,1,0,71.63,name=69; country=['ye'],REVIEW
1e68a075-f6b8-5fef-9e9c-20ba346d9a35,dbbe66d8-2c1c-58a6-823a-9f70986aafc9,maung myint,maung ko,Burma,zm,52.63,1,1,71.58,name=53; country=['zm']; position_overlap=['minister'],REVIEW
ea7e8ab1-0b3e-5477-9efc-81b4021f53c5,fd265180-101b-5c89-b0c1-c4bbf3b98e39,ahmad husayn al-shara’,bashar al-assad,Syria,sy,52.63,1,1,71.58,name=53; country=['sy']; position_overlap=['president'],REVIEW
22a90d9b-1224-53d5-8b6f-8521113fdb1c,b6e80623-cb37-5086-8ff8-f7ea629d3513,abdul haq wasiq,abdul basir,Afghanistan,af,69.23,1,0,71.54,name=69; country=['af'],REVIEW
0e3e892e-645b-5404-b7ef-564db69c1653,6c133e32-3694-5c31-bc80-0b47e0483d6c,myo zaw thein,thein win zaw,Burma,zm,69.23,1,0,71.54,name=69; country=['zm'],REVIEW
e34a8c44-98dd-5ac0-bc86-3b7b3542af48,57ce63d0-674a-59b4-b953-b5fd5ef70c7f,myint kyaing,aung moe myint,Burma,zm,69.23,1,0,71.54,name=69; country=['zm'],REVIEW
e34a8c44-98dd-5ac0-bc86-3b7b3542af48,342c9684-a188-5edd-ba71-48dff268aab7,myint kyaing,aung mar myint,Burma,zm,69.23,1,0,71.54,name=69; country=['zm'],REVIEW
bf904301-840f-5835-9230-84fdd82d0c19,dade11d1-8fbc-585e-81ce-6a84642c8bcd,myo thein kyaw,tin myo aung,Burma,zm,69.23,1,0,71.54,name=69; country=['zm'],REVIEW
b05ed206-a84b-5bef-ad39-8bfa03419c61,342c9684-a188-5edd-ba71-48dff268aab7,tin aung san,aung mar myint,Burma,zm,69.23,1,0,71.54,name=69; country=['zm'],REVIEW
e04d1361-6c5f-5682-9654-45f6127037f1,ea94ea94-8ff4-50f5-9f95-b89370a17a71,khin naing oo,khin maung yi,Burma,zm,69.23,1,0,71.54,name=69; country=['zm'],REVIEW
b763a905-8245-5ecd-98c7-069313da9814,3b4a21b9-e311-529c-a188-177d04cadd21,guoqing zhang,yanbing zhang,China,cn,69.23,1,0,71.54,name=69; country=['cn'],REVIEW
b763a905-8245-5ecd-98c7-069313da9814,86f6034b-9417-5620-b5a5-7a955f2346c2,guoqing zhang,longbao zhang,China,cn,69.23,1,0,71.54,name=69; country=['cn'],REVIEW
130ff18c-d312-545f-a54d-fb8474b63e02,0f56f559-1eb2-5b67-b4a3-b6f850a86fb4,guangha wang,dongliang wang,China,cn,69.23,1,0,71.54,name=69; country=['cn'],REVIEW
2d20fac7-eeb4-539a-8e93-9b3d2849f11e,d807c3c2-886e-5eb0-8572-4067082b2000,rajnath singh,ranveer singh,India,in,69.23,1,0,71.54,name=69; country=['in'],REVIEW
87f842cc-288e-55f0-b582-ea1f8ebbec8d,c2e647b6-5594-597a-9319-cee00675f51a,ahmad donyamali,ahmad marvi,Iran,ir,69.23,1,0,71.54,name=69; country=['ir'],REVIEW
215fc3a7-2dba-54d1-877b-cdbd40681523,e529c90b-3ff6-522a-9fbe-d13a43d290dd,ryong hae choe,un hyok choe,"Korea, North",kp,69.23,1,0,71.54,name=69; country=['kp'],REVIEW
f244bdca-f3a8-5d54-9b1b-cc2e39bc638f,7bb4c3ef-35ef-52a5-96a5-cca060395539,yong hwan kim,song chol kim,"Korea, North",kp,69.23,1,0,71.54,name=69; country=['kp'],REVIEW
f244bdca-f3a8-5d54-9b1b-cc2e39bc638f,5247a5d4-c75c-54c8-85e6-ce6ff8d7f291,yong hwan kim,yong hyok rim,"Korea, North",kp,69.23,1,0,71.54,name=69; country=['kp'],REVIEW
d0495abd-8e55-518b-87c8-ff979fa8ac3f,14df2660-0acf-5629-9a00-cc018ed8c391,in chol pak,chong-chol kwak,"Korea, North",kp,69.23,1,0,71.54,name=69; country=['kp'],REVIEW
367fc8b2-4112-5e2a-895e-2c7630693b1c,697bfa89-7abb-5e26-b7a4-1c957a52b950,jong hyok han,jong hyok son,"Korea, North",kp,69.23,1,0,71.54,name=69; country=['kp'],REVIEW
6fa2335d-266a-53e7-8246-ad15133afa37,11d8c011-5873-5083-a3f4-aaf27feb5ce6,chol min pak,chol min myong,"Korea, North",kp,69.23,1,0,71.54,name=69; country=['kp'],REVIEW
6fa2335d-266a-53e7-8246-ad15133afa37,c85917fe-066b-5ecd-9445-5eabfe436483,chol min pak,so'k-min ch'oe,"Korea, North",kp,69.23,1,0,71.54,name=69; country=['kp'],REVIEW
c7a1b474-a0ab-5df4-8d68-f47f5b403fdb,80ac3a19-9ac6-56be-bafd-09a41c6b10f9,hyon chol jon,kyong-chol jo,"Korea, North",kp,69.23,1,0,71.54,name=69; country=['kp'],REVIEW
0d1d2866-386b-5a8c-8de9-b534f9364050,bdf7db8d-caa4-59b3-a63f-3baaecc9bba3,kum chol kim,geum cheol kim,"Korea, North",kp,69.23,1,0,71.54,name=69; country=['kp'],REVIEW
c394fac8-0504-562f-861e-71123974b95f,a8cba52b-1ae3-5e9b-b1fb-e13f1da061fe,jae ryong kim,yong chol kim,"Korea, North",kp,69.23,1,0,71.54,name=69; country=['kp'],REVIEW
3aea3e76-cdbe-5543-8f1e-79e51652cf89,57a04792-22f6-5407-b134-7ae3891e193f,hak chol jon,song chol jang,"Korea, North",kp,69.23,1,0,71.54,name=69; country=['kp'],REVIEW
e28ecbaf-3233-5e7f-aed6-d0721c8b3bc9,953dd495-b9bf-54e0-8ea8-963ac47643f3,jong gyu sung,song hwa jong,"Korea, North",kp,69.23,1,0,71.54,name=69; country=['kp'],REVIEW
e28ecbaf-3233-5e7f-aed6-d0721c8b3bc9,697bfa89-7abb-5e26-b7a4-1c957a52b950,jong gyu sung,jong hyok son,"Korea, North",kp,69.23,1,0,71.54,name=69; country=['kp'],REVIEW
3fb152be-1f78-5bf9-aa97-cbaa07844038,9f155f2b-eaf7-51fe-8216-80ab1dfa4deb,sung chan kim,kyong hak kim,"Korea, North",kp,69.23,1,0,71.54,name=69; country=['kp'],REVIEW
3fb152be-1f78-5bf9-aa97-cbaa07844038,a8cba52b-1ae3-5e9b-b1fb-e13f1da061fe,sung chan kim,yong chol kim,"Korea, North",kp,69.23,1,0,71.54,name=69; country=['kp'],REVIEW
c4e8dab2-3721-51a6-ae63-1e0a6c2721d6,7bb4c3ef-35ef-52a5-96a5-cca060395539,chang sok kim,song chol kim,"Korea, North",kp,69.23,1,0,71.54,name=69; country=['kp'],REVIEW
257b7973-9bb2-564f-b8c5-1a55c239efc9,17547bf6-7d8b-554a-9a98-f93e9fed0066,chung song kim,sok chol kim,"Korea, North",kp,69.23,1,0,71.54,name=69; country=['kp'],REVIEW
250b1f74-d92a-5b8e-81fd-91f406313e55,86f78ac3-c178-5fef-8754-9e7ec6d5010b,chun song jang,song hun kim,"Korea, North",kp,69.23,1,0,71.54,name=69; country=['kp'],REVIEW
250b1f74-d92a-5b8e-81fd-91f406313e55,4c764df4-42ba-5b64-9a59-3fe70dd4d74f,chun song jang,chol song jo,"Korea, North",kp,69.23,1,0,71.54,name=69; country=['kp'],REVIEW
3f5caa9c-1967-511d-a235-da7d3d2c5422,57a04792-22f6-5407-b134-7ae3891e193f,chol gu kang,song chol jang,"Korea, North",kp,69.23,1,0,71.54,name=69; country=['kp'],REVIEW
229631a1-a4f8-56d3-a528-bcc22873590c,317983e5-097d-5c89-8458-35268be76109,song hak chae,chol hak kang,"Korea, North",kp,69.23,1,0,71.54,name=69; country=['kp'],REVIEW
229631a1-a4f8-56d3-a528-bcc22873590c,7bb4c3ef-35ef-52a5-96a5-cca060395539,song hak chae,song chol kim,"Korea, North",kp,69.23,1,0,71.54,name=69; country=['kp'],REVIEW
19d89641-666f-5f5d-a65b-d189af5e95fe,1474f551-000f-5e1f-80b2-e02574cbc373,vladimir vladimirovich putin,oleg vladimirovich garin,Russia,ru,69.23,1,0,71.54,name=69; country=['ru'],REVIEW
9f7f1740-b4dd-5baa-9f5c-0df51713cbf6,dd1e9b1a-be11-5044-8661-3ad96dd04d7a,sergey viktorovich lavrov,aleksey viktorovich gureyev,Russia,ru,69.23,1,0,71.54,name=69; country=['ru'],REVIEW
9f7f1740-b4dd-5baa-9f5c-0df51713cbf6,b63764a3-b7e9-584d-a987-e5f9a7755d03,sergey viktorovich lavrov,alexander viktorovich gusev,Russia,ru,69.23,1,0,71.54,name=69; country=['ru'],REVIEW
9f7f1740-b4dd-5baa-9f5c-0df51713cbf6,3410751d-bc70-5170-9a8c-497ab8eb06d2,sergey viktorovich lavrov,grigory viktorovich anikeev,Russia,ru,69.23,1,0,71.54,name=69; country=['ru'],REVIEW
85da5294-bb31-5f57-9cb1-bc4d767cffe5,5e2efdce-5e5e-5821-9c69-17f41e9a937f,igor viktorovich krasnov,mikhail viktorovich shchapov,Russia,ru,69.23,1,0,71.54,name=69; country=['ru'],REVIEW
80e85b20-3659-5497-a31c-e42e37437cc0,93bb4600-d2fb-5e03-9e63-be7fcb794178,abdirahman mohamed abdullahi,mohamed abdullah hirey,Somalia,so,69.23,1,0,71.54,name=69; country=['so'],REVIEW
be361575-8aa7-5f0c-8aa1-12bf3a0b8d25,10bc45c2-1686-50af-b267-a5304abfd037,raquel buentrostro sanchez,hector manuel beltran sanchez,Mexico,mx,69.09,1,0,71.45,name=69; country=['mx'],REVIEW
19d89641-666f-5f5d-a65b-d189af5e95fe,403c6ea0-a932-5e19-8026-9279641484b4,vladimir vladimirovich putin,leonid vladimirovich gornin,Russia,ru,69.09,1,0,71.45,name=69; country=['ru'],REVIEW
19d89641-666f-5f5d-a65b-d189af5e95fe,78d1bfd3-41ba-5dd9-8d45-6ee767a5f851,vladimir vladimirovich putin,ulan vladimirovich ilishkin,Russia,ru,69.09,1,0,71.45,name=69; country=['ru'],REVIEW
19d89641-666f-5f5d-a65b-d189af5e95fe,ff04df48-239c-5315-a714-eeda31689912,vladimir vladimirovich putin,dmitrii vladimirovich galin,Russia,ru,69.09,1,0,71.45,name=69; country=['ru'],REVIEW
19ff653a-9fd8-5e8e-9100-5ac9c86d729d,d5b6edc4-1117-5cc2-91a3-838febc64c54,denis valentinovich manturov,sergei valentinovich petrov,Russia,ru,69.09,1,0,71.45,name=69; country=['ru'],REVIEW
11a8f3d4-bd63-5112-b032-b2f36644728e,98859346-6132-52af-b6c9-95dc0925dee4,aleksey logvinovich overchuk,aleksey leonidovich teksler,Russia,ru,69.09,1,0,71.45,name=69; country=['ru'],REVIEW
b45b6c16-05c3-5345-95eb-c1c6135f61b2,ead987c7-79c9-5cf9-b295-600208ed974c,aleksandr valentinovich novak,aleksandr viktorovich moor,Russia,ru,69.09,1,0,71.45,name=69; country=['ru'],REVIEW
9f1314cf-6c54-5b3f-b942-9bf298c2e407,62ebe233-b189-5883-a5ad-284fdf99f309,mikhail albertovich murashko,mikhail leonidovich rodikov,Russia,ru,69.09,1,0,71.45,name=69; country=['ru'],REVIEW
fbee7b65-a0d0-5c1f-b1ab-b1bba5553a9b,51eb6b04-bec4-5d0c-ad49-6a4c273cfebf,valeriy nikolayevich falkov,victor nikolayevich kiryanov,Russia,ru,69.09,1,0,71.45,name=69; country=['ru'],REVIEW
fbee7b65-a0d0-5c1f-b1ab-b1bba5553a9b,088fb401-9bfb-5939-bb4b-e3f1f3fcf906,valeriy nikolayevich falkov,valery nikolayevich zakharov,Russia,ru,69.09,1,0,71.45,name=69; country=['ru'],REVIEW
fbee7b65-a0d0-5c1f-b1ab-b1bba5553a9b,4ea9d1ff-69cc-52ca-9f5d-232db4440225,valeriy nikolayevich falkov,oleg nikolayevich kozhemyako,Russia,ru,69.09,1,0,71.45,name=69; country=['ru'],REVIEW
d6e33049-9c30-57e4-8fa8-e9317955ad2e,1474f551-000f-5e1f-80b2-e02574cbc373,mikhail vladimirovich degtyarev,oleg vladimirovich garin,Russia,ru,69.09,1,0,71.45,name=69; country=['ru'],REVIEW
dbe82bd4-dc46-57b0-b0e4-d46ff1522618,7d1d2bc9-655e-5932-b0ac-977a8c5f942e,roman vladimirovich starovoyt,pavel vladimirovich kuzmin,Russia,ru,69.09,1,0,71.45,name=69; country=['ru'],REVIEW
dbe82bd4-dc46-57b0-b0e4-d46ff1522618,e1c7891c-917c-5b30-b7d0-5fcf65dd66a6,roman vladimirovich starovoyt,andrei vladimirovich skoch,Russia,ru,69.09,1,0,71.45,name=69; country=['ru'],REVIEW
dbe82bd4-dc46-57b0-b0e4-d46ff1522618,d90e44da-667f-57d1-b4c6-b4a30acbbb73,roman vladimirovich starovoyt,igor vladimirovich borisov,Russia,ru,69.09,1,0,71.45,name=69; country=['ru'],REVIEW
dbe82bd4-dc46-57b0-b0e4-d46ff1522618,32030624-fc74-5388-8e66-411462ff6efa,roman vladimirovich starovoyt,ivan vladimirovich potanin,Russia,ru,69.09,1,0,71.45,name=69; country=['ru'],REVIEW
85da5294-bb31-5f57-9cb1-bc4d767cffe5,1e308e62-f887-5fdf-9253-92170e38d3b4,igor viktorovich krasnov,boris viktorovich ivanyuzhenkov,Russia,ru,69.09,1,0,71.45,name=69; country=['ru'],REVIEW
b52b2801-6f97-5c31-bb7c-ee616e85b5b9,39baadb8-ecd8-5203-be16-82b6f0dae7f5,salem abdullah al-soqotri,abdullah mesfer saleh al-shaer,Yemen,ye,69.09,1,0,71.45,name=69; country=['ye'],REVIEW
ae54960f-d347-5091-8aed-043644222a3d,f7e199ca-b2cb-55ab-b61d-c6f0bf4f0596,ahmad omar muhammad arman,saddam ahmad mohammad al faqih,Yemen,ye,69.09,1,0,71.45,name=69; country=['ye'],REVIEW
2e5f128c-e5ad-5eb5-92c5-10fd52963e18,16171b45-cf4e-5883-adbd-2c7e2ede721e,oppah muchinguri-kashiri,oppah charm zvipange muchinguri,Zimbabwe,zw,69.09,1,0,71.45,name=69; country=['zw'],REVIEW
928d4f05-b0ba-5cf1-84d6-44838e4dc4a6,342c9684-a188-5edd-ba71-48dff268aab7,min aung hlaing,aung mar myint,Burma,zm,68.97,1,0,71.38,name=69; country=['zm'],REVIEW
139f8b08-da25-5d92-a1e5-8c1315b84e4b,267b06f9-6739-539f-af7d-74ac2a79aefc,christodoulos patsalidis,christodoulos georgiou vassiliades,Cyprus,cy,68.97,1,0,71.38,name=69; country=['cy'],REVIEW
cdfd7c52-2fa6-55f8-baff-cfe317ebcbc0,45dd729a-6d8c-5cec-877e-5ee195fe84b4,falih al-sari,falih al-fayyadh,Iraq,iq,68.97,1,0,71.38,name=69; country=['iq'],REVIEW
19d89641-666f-5f5d-a65b-d189af5e95fe,5863277e-6f06-5e29-a6dd-abc5d6d3e59b,vladimir vladimirovich putin,ivan vladimirovich seliverstov,Russia,ru,68.97,1,0,71.38,name=69; country=['ru'],REVIEW
19d89641-666f-5f5d-a65b-d189af5e95fe,8d91b6e2-089d-5c65-a122-e31f6fe8ee05,vladimir vladimirovich putin,dmitriy vladimirovich artyakov,Russia,ru,68.97,1,0,71.38,name=69; country=['ru'],REVIEW
006ad23e-54a7-54a1-8822-9ce4af2635fc,ff04df48-239c-5315-a714-eeda31689912,mikhail vladimirovich mishustin,dmitrii vladimirovich galin,Russia,ru,68.97,1,0,71.38,name=69; country=['ru'],REVIEW
a1fcf254-dd99-5958-ace3-bcc964752c0c,235701f5-a1ad-5fa1-8311-275a8b0a19f0,dmitriy nikolayevich patrushev,andrei nikolayevich yepishin,Russia,ru,68.97,1,0,71.38,name=69; country=['ru'],REVIEW
b45b6c16-05c3-5345-95eb-c1c6135f61b2,ebd116ad-a228-54b0-bfa7-2f74007fb3e0,aleksandr valentinovich novak,aleksandr yevgenyevich udodov,Russia,ru,68.97,1,0,71.38,name=69; country=['ru'],REVIEW
b45b6c16-05c3-5345-95eb-c1c6135f61b2,6f45de5e-6d0e-5dac-a986-60e94eef7138,aleksandr valentinovich novak,mikhail valentinovich romanov,Russia,ru,68.97,1,0,71.38,name=69; country=['ru'],REVIEW
cd6c171d-c9ca-554f-891b-755908ea691e,0c8d1cb2-853e-52bb-9087-4939c365d6ca,aleksandr aleksandrovich kozlov,aleksandr nikolaevich popov,Russia,ru,68.97,1,0,71.38,name=69; country=['ru'],REVIEW
cd6c171d-c9ca-554f-891b-755908ea691e,614a972d-6f19-5c0a-8ce6-7e358cee1be1,aleksandr aleksandrovich kozlov,aleksandr vladimirovich pan,Russia,ru,68.97,1,0,71.38,name=69; country=['ru'],REVIEW
d6e33049-9c30-57e4-8fa8-e9317955ad2e,3d8db14d-6653-57ed-939b-f51a4d6d3c1d,mikhail vladimirovich degtyarev,eduard vladimirovich isakov,Russia,ru,68.97,1,0,71.38,name=69; country=['ru'],REVIEW
d6e33049-9c30-57e4-8fa8-e9317955ad2e,540a94a7-135e-570b-a13d-b60c6506bbf0,mikhail vladimirovich degtyarev,pavel vladimirovich simigin,Russia,ru,68.97,1,0,71.38,name=69; country=['ru'],REVIEW
d6e33049-9c30-57e4-8fa8-e9317955ad2e,43a0313e-e27f-5e8b-9286-ec74845b9ce1,mikhail vladimirovich degtyarev,andrey vladimirovich chibis,Russia,ru,68.97,1,0,71.38,name=69; country=['ru'],REVIEW
d6e33049-9c30-57e4-8fa8-e9317955ad2e,ff04df48-239c-5315-a714-eeda31689912,mikhail vladimirovich degtyarev,dmitrii vladimirovich galin,Russia,ru,68.97,1,0,71.38,name=69; country=['ru'],REVIEW
dbe82bd4-dc46-57b0-b0e4-d46ff1522618,4817aec1-92c4-5daa-b1bd-f4dcf2c09860,roman vladimirovich starovoyt,dmitry vladimirovich savelyev,Russia,ru,68.97,1,0,71.38,name=69; country=['ru'],REVIEW
dbe82bd4-dc46-57b0-b0e4-d46ff1522618,5fddfe1c-baa3-5ebd-97f3-485d68ffdbd6,roman vladimirovich starovoyt,valery vladimirovich semyonov,Russia,ru,68.97,1,0,71.38,name=69; country=['ru'],REVIEW
dbe82bd4-dc46-57b0-b0e4-d46ff1522618,3257e9e3-953d-553c-acc0-4e7086947546,roman vladimirovich starovoyt,alexey vladimirovich sitnikov,Russia,ru,68.97,1,0,71.38,name=69; country=['ru'],REVIEW
dbe82bd4-dc46-57b0-b0e4-d46ff1522618,436f7273-f94b-54d9-8c6b-2f34f4190fa3,roman vladimirovich starovoyt,sergey vladimirovich burlakov,Russia,ru,68.97,1,0,71.38,name=69; country=['ru'],REVIEW
0a20c63b-a3e5-5b97-9a17-2fa6525d1530,0c8d1cb2-853e-52bb-9087-4939c365d6ca,aleksandr vasilyevich bortnikov,aleksandr nikolaevich popov,Russia,ru,68.97,1,0,71.38,name=69; country=['ru'],REVIEW
66e0e444-e055-571d-8efc-92a87aee35f2,07bf1937-08af-5e29-8959-064c824bc6b0,vasiliy alekseyevich nebenzya,evgeny alekseyevich pervyshov,Russia,ru,68.97,1,0,71.38,name=69; country=['ru'],REVIEW
006ad23e-54a7-54a1-8822-9ce4af2635fc,034c5e27-760e-584e-b091-6c89bc03cfcf,mikhail vladimirovich mishustin,mikhail vladimirovich belousov,Russia,ru,68.85,1,0,71.31,name=69; country=['ru'],REVIEW
b45b6c16-05c3-5345-95eb-c1c6135f61b2,bbedd287-c5c9-5099-a78d-aaf9b06ab4ae,aleksandr valentinovich novak,aleksandr vitalyevich nezhentsev,Russia,ru,68.85,1,0,71.31,name=69; country=['ru'],REVIEW
d6e33049-9c30-57e4-8fa8-e9317955ad2e,3fbb9c3a-71bd-558f-809a-6b5a72e08890,mikhail vladimirovich degtyarev,nikolay vladimirovich levichev,Russia,ru,68.85,1,0,71.31,name=69; country=['ru'],REVIEW
d6e33049-9c30-57e4-8fa8-e9317955ad2e,704dc740-0dac-5ad4-a26e-2b42cacc16f4,mikhail vladimirovich degtyarev,vladimir vladimirovich gutenev,Russia,ru,68.85,1,0,71.31,name=69; country=['ru'],REVIEW
dbe82bd4-dc46-57b0-b0e4-d46ff1522618,13e38a7e-7b05-5189-8d38-415cb230063a,roman vladimirovich starovoyt,alexander vladimirovich iltyakov,Russia,ru,68.85,1,0,71.31,name=69; country=['ru'],REVIEW
0a20c63b-a3e5-5b97-9a17-2fa6525d1530,23a9959a-d32b-5833-bdb1-5eda433b1918,aleksandr vasilyevich bortnikov,aleksandr nikolayevich vorobev,Russia,ru,68.85,1,0,71.31,name=69; country=['ru'],REVIEW
707d43e8-fd9d-552b-9d4e-c962dfa72b32,a0d8c339-daa4-5a0e-88ab-9ba3b9a151e9,muhammad abdallah idris muhammad,osman mohamed hamid mohamed,Sudan,sd,68.85,1,0,71.31,name=69; country=['sd'],REVIEW
707d43e8-fd9d-552b-9d4e-c962dfa72b32,a1e55e79-b40a-5593-bb5f-45028430abed,muhammad abdallah idris muhammad,salah abdallah mohamed salah,Sudan,sd,68.85,1,0,71.31,name=69; country=['sd'],REVIEW
9578ba7b-ed8c-5041-96d8-36f346c46e40,f3e855ce-3e6e-579c-9ae1-6d0faf415a91,tariq muhammad abdallah salih,ebrahim ahmed abdullah al-matari,Yemen,ye,68.85,1,0,71.31,name=69; country=['ye'],REVIEW
c922b484-f7db-533b-8a41-b2062c1211a3,458ef4d1-256a-5cca-ab61-f8386ffe3c4d,yury horlaw,yury sivakov,Belarus,by,52.17,1,1,71.3,name=52; country=['by']; position_overlap=['minister'],REVIEW
c4b635e6-a2d9-5a9e-824d-c3d8d92a0728,71e2c383-be37-5093-847b-bcdc810d2990,mya tun oo,tun tun naung,Burma,zm,52.17,1,1,71.3,name=52; country=['zm']; position_overlap=['minister'],REVIEW
9e25c3df-58ca-57ed-a0dd-dba15c63ddbb,ea94ea94-8ff4-50f5-9f95-b89370a17a71,than maung,khin maung yi,Burma,zm,52.17,1,1,71.3,name=52; country=['zm']; position_overlap=['minister'],REVIEW
f6882b9b-2967-5f68-b2d1-8af318661ea7,67375b35-2704-5d67-881a-c0a7ba87ac6d,tin oo lwin,saw myint oo,Burma,zm,52.17,1,1,71.3,name=52; country=['zm']; position_overlap=['minister'],REVIEW
77116887-2b70-5a73-8d86-b89f28be0dc9,6ca2121f-4d93-5c24-9ed7-0036f0ac6060,chol gyu ju,thae chol ri,"Korea, North",kp,52.17,1,1,71.3,name=52; country=['kp']; position_overlap=['vice'],REVIEW
bd8abcfa-887a-5ca1-8f14-a5dd8c78110c,87285f8f-9572-5b10-abba-1e79dc0b295e,jong bom ko,yong su jong,"Korea, North",kp,52.17,1,1,71.3,name=52; country=['kp']; position_overlap=['minister'],REVIEW
353eedcc-2ffb-5352-b6af-806348a119eb,c928e5ff-5690-5828-ab89-222b7a629dd1,muhammad imran,khan mohammad azad,Bangladesh,bd,68.75,1,0,71.25,name=69; country=['bd'],REVIEW
bf904301-840f-5835-9230-84fdd82d0c19,e756b4be-0e85-5af1-8a40-e2a22962665e,myo thein kyaw,kyaw thu myo myint,Burma,zm,68.75,1,0,71.25,name=69; country=['zm'],REVIEW
71e240eb-741e-57da-994b-2cc7abbc865f,fe81a35a-f343-5932-b10f-3fa2272c5672,mohsen haji-mirzaei,mohsen hojati,Iran,ir,68.75,1,0,71.25,name=69; country=['ir'],REVIEW
9527d76f-4f43-5099-83ad-80e09d382873,6bfeb60e-26b8-5fd5-b363-dab90b51e4c8,ali-reza kazemi,hamid reza khamer,Iran,ir,68.75,1,0,71.25,name=69; country=['ir'],REVIEW
80c986f3-eb49-5d96-805a-f785e0a012c8,f7214ed3-631d-5968-9c16-47403084fa81,adam shareef umar,abdulla shareef,Maldives,mv,68.75,1,0,71.25,name=69; country=['mv'],REVIEW
94236c17-114a-5982-a3c0-f41abced05da,caee9fd6-b43c-5de4-89ca-40a3a05b4de3,abdul aleem khan,abdul samad sani,Pakistan,af,68.75,1,0,71.25,name=69; country=['pk'],REVIEW
5a13abd4-a847-5447-ad68-ca901dbd091a,02767790-0df9-58e3-9dd6-e6040b7f7888,muhammad aurangzeb,faqir muhammad,Pakistan,pk,68.75,1,0,71.25,name=69; country=['pk'],REVIEW
5a13abd4-a847-5447-ad68-ca901dbd091a,0f9172ac-7065-5480-92e7-b862da0a2931,muhammad aurangzeb,muhammad maruf,Pakistan,pk,68.75,1,0,71.25,name=69; country=['pk'],REVIEW
7578ccc2-ed0a-533d-a9e2-3dca8892a23b,02767790-0df9-58e3-9dd6-e6040b7f7888,muhammad ishaq dar,faqir muhammad,Pakistan,pk,68.75,1,0,71.25,name=69; country=['pk'],REVIEW
7578ccc2-ed0a-533d-a9e2-3dca8892a23b,0f9172ac-7065-5480-92e7-b862da0a2931,muhammad ishaq dar,muhammad maruf,Pakistan,pk,68.75,1,0,71.25,name=69; country=['pk'],REVIEW
7578ccc2-ed0a-533d-a9e2-3dca8892a23b,2847baf2-192a-516f-86fa-6510ec73abe2,muhammad ishaq dar,muhammad iqbal,Pakistan,pk,68.75,1,0,71.25,name=69; country=['pk'],REVIEW
006ad23e-54a7-54a1-8822-9ce4af2635fc,eaf0ab35-666a-5d86-9b95-00d8f91049f7,mikhail vladimirovich mishustin,vladimir vladimirovich mikheychik,Russia,ru,68.75,1,0,71.25,name=69; country=['ru'],REVIEW
a7f6b2f9-1666-5d11-966d-b03d88a6038c,e02872e9-e2d1-5923-9147-6c10e44fa8e4,dmitriy nikolayevich chernyshenko,nikolay nikolayevich alexeyenko,Russia,ru,68.75,1,0,71.25,name=69; country=['ru'],REVIEW
b45b6c16-05c3-5345-95eb-c1c6135f61b2,c4045cd5-bb97-5e7e-9add-cdebe6c50f4f,aleksandr valentinovich novak,aleksandr vladimirovich cherkovskiy,Russia,ru,68.75,1,0,71.25,name=69; country=['ru'],REVIEW
f21fad05-0e28-5492-a4e5-4ca30560fe5c,31e3c2e0-196e-54d4-b062-baab0cdfd66f,vladimir aleksandrovich kolokoltsev,sergey aleksandrovich maltsev,Russia,ru,68.75,1,0,71.25,name=69; country=['ru'],REVIEW
0a20c63b-a3e5-5b97-9a17-2fa6525d1530,6db1b7ea-2dc3-52ee-9111-d20dfb6efe53,aleksandr vasilyevich bortnikov,aleksandr vladimirovich konovalov,Russia,ru,68.75,1,0,71.25,name=69; country=['ru'],REVIEW
0a20c63b-a3e5-5b97-9a17-2fa6525d1530,8d1f3967-caff-51e8-a269-7cad116c90da,aleksandr vasilyevich bortnikov,aleksandr vladimirovich brechalov,Russia,ru,68.75,1,0,71.25,name=69; country=['ru'],REVIEW
f0b66f71-01d9-5c51-b9b6-9f9755117404,3d03156c-1c9d-5ef4-845a-d9d2acee9e60,muhammad skaf,muhammad nafi bilal,Syria,sy,68.75,1,0,71.25,name=69; country=['sy'],REVIEW
90e3298a-275a-5bde-9e3e-012bbd7cdd64,dcafa5b1-1147-51d8-aea6-aa17e9ea3984,nguyen hong dien,van nguyen hoang,Vietnam,vn,68.75,1,0,71.25,name=69; country=['vn'],REVIEW
ae0688ac-473c-5dd1-9ef0-30bcdc52c48b,e896370d-d5f7-5e90-977a-5add5b8ff01e,sergey kuzhugetovich shoygu,sergey fateevich brilka,Russia,ru,52.0,1,1,71.2,name=52; country=['ru']; position_overlap=['council'],REVIEW
7577e6ac-6813-5c14-a64b-543cff310d82,6db1b7ea-2dc3-52ee-9111-d20dfb6efe53,aleksandr vyacheslavovich kurenkov,aleksandr vladimirovich konovalov,Russia,ru,68.66,1,0,71.19,name=69; country=['ru'],REVIEW
7577e6ac-6813-5c14-a64b-543cff310d82,8d1f3967-caff-51e8-a269-7cad116c90da,aleksandr vyacheslavovich kurenkov,aleksandr vladimirovich brechalov,Russia,ru,68.66,1,0,71.19,name=69; country=['ru'],REVIEW
ee70743d-344a-500f-9106-2e05a74d69ee,caee9fd6-b43c-5de4-89ca-40a3a05b4de3,abdul ghani berader,abdul samad sani,Afghanistan,af,68.57,1,0,71.14,name=69; country=['af'],REVIEW
71e240eb-741e-57da-994b-2cc7abbc865f,c7b71f9b-3eca-56ec-a5ce-fb1d46ee8669,mohsen haji-mirzaei,mohsen gohardehi,Iran,ir,68.57,1,0,71.14,name=69; country=['ir'],REVIEW
486633c7-d65d-579c-a85e-bd4fb32cc714,46a7c7b8-8955-511a-87f0-0b3884228947,mohammad eslami,mohammad agha ahmadi,Iran,ir,68.57,1,0,71.14,name=69; country=['ir'],REVIEW
486633c7-d65d-579c-a85e-bd4fb32cc714,2aeab189-20f3-533b-9607-b855852a575e,mohammad eslami,muhammad al-ghorayfi,Iran,ir,68.57,1,0,71.14,name=69; country=['ir'],REVIEW
486633c7-d65d-579c-a85e-bd4fb32cc714,7936afc8-797b-5e41-b9ce-471b68954a82,mohammad eslami,mohammad nazar azimi,Iran,ir,68.57,1,0,71.14,name=69; country=['ir'],REVIEW
486633c7-d65d-579c-a85e-bd4fb32cc714,2de51460-70d9-563e-ba09-b47e89a73727,mohammad eslami,mohammad ali mirzaei,Iran,ir,68.57,1,0,71.14,name=69; country=['ir'],REVIEW
486633c7-d65d-579c-a85e-bd4fb32cc714,f49b3caa-5a94-5d02-ac6a-1a0adfa03815,mohammad eslami,mohammad banihashemi,Iran,ir,68.57,1,0,71.14,name=69; country=['ir'],REVIEW
486633c7-d65d-579c-a85e-bd4fb32cc714,fc4b0795-746d-548b-98cc-19869fe4a4f1,mohammad eslami,mohammad reza ansari,Iran,ir,68.57,1,0,71.14,name=69; country=['ir'],REVIEW
486633c7-d65d-579c-a85e-bd4fb32cc714,72b05d3b-baf3-5c54-8ba2-9befe93c04f0,mohammad eslami,mohammad reza kazemi,Iran,ir,68.57,1,0,71.14,name=69; country=['ir'],REVIEW
3b010830-4c7f-51c8-b05c-d12a854b19eb,46a7c7b8-8955-511a-87f0-0b3884228947,mohammad atabak,mohammad agha ahmadi,Iran,ir,68.57,1,0,71.14,name=69; country=['ir'],REVIEW
f09fa64f-3749-5bb9-8eae-47aa0e56fc7c,53db54cd-4f72-57ec-978d-378520d1417f,mohamad-reza farzin,mohammad hejazi,Iran,ir,68.57,1,0,71.14,name=69; country=['ir'],REVIEW
f09fa64f-3749-5bb9-8eae-47aa0e56fc7c,a8f81007-08b3-5db4-8e8c-f6ba5d8e8a4d,mohamad-reza farzin,mohammad asgari,Iran,ir,68.57,1,0,71.14,name=69; country=['ir'],REVIEW
f09fa64f-3749-5bb9-8eae-47aa0e56fc7c,2a70a36f-004c-57cf-a2a7-bd5ae56f7a87,mohamad-reza farzin,mohammad kazemi,Iran,ir,68.57,1,0,71.14,name=69; country=['ir'],REVIEW
f09fa64f-3749-5bb9-8eae-47aa0e56fc7c,09a37407-4fad-5e58-8a91-a367926774c7,mohamad-reza farzin,mohammad baseri,Iran,ir,68.57,1,0,71.14,name=69; country=['ir'],REVIEW
f09fa64f-3749-5bb9-8eae-47aa0e56fc7c,7216e8e2-b480-55a7-8d14-40f8d0e2c42e,mohamad-reza farzin,mohammad karami,Iran,ir,68.57,1,0,71.14,name=69; country=['ir'],REVIEW
6d580cd0-246d-59b1-92c3-1232ce7035b2,e228daf5-e6f4-534d-9fff-d35c1f2e7630,muhammad haidar,kamel mohamad amhaz,Lebanon,lb,68.57,1,0,71.14,name=69; country=['lb'],REVIEW
8ae67ed2-1944-586e-a3bc-a18b6ab3a36e,c9abbd81-607c-5b65-a0af-88f74a8e4cd9,khwaja muhammad asif,mohammed mazhar,Pakistan,pk,68.57,1,0,71.14,name=69; country=['pk'],REVIEW
9fd30122-a5ee-51a8-9382-368dcbce111f,40b50621-72a2-55a6-8ad6-c859c5db9d5c,syed mohsin raza naqvi,syed ali raza,Pakistan,pk,68.57,1,0,71.14,name=69; country=['pk'],REVIEW
9e652d34-33f0-55be-9065-021f6d5b73a0,a72cd322-d017-5a0b-958a-1aceaebfe32d,mohamed farah nur,ali mohamed rage,Somalia,so,68.57,1,0,71.14,name=69; country=['so'],REVIEW
ac9c6dc5-aee9-5725-a52b-091d465c61b4,dcf232fc-16a6-560e-b674-ed50f4d8f1af,khadija mohamed dirie,mohamed mire,Somalia,so,68.57,1,0,71.14,name=69; country=['so'],REVIEW
0610d2c0-faef-53d1-ad15-4070dc8f7137,974c853f-3219-5386-974f-2b79cc1166c4,marwan al-halabi,wael nader al-halqi,Syria,sy,68.57,1,0,71.14,name=69; country=['sy'],REVIEW
148757b5-c5fd-53e3-9edf-4bcd5960a9d3,71230d36-df59-5745-87ed-29dbefb3d3e6,anas hasan khattab,hasan al-shaban,Syria,sy,68.57,1,0,71.14,name=69; country=['sy'],REVIEW
c6fa8dc2-0c43-5716-a8f0-5846972e48d6,530d6991-18a1-58b0-aedb-12fe5e1ba066,muhammad samih hamid,muhammad hamsho,Syria,sy,68.57,1,0,71.14,name=69; country=['sy'],REVIEW
ae0688ac-473c-5dd1-9ef0-30bcdc52c48b,68ff4927-930f-5682-88ef-ee2d1cee6323,sergey kuzhugetovich shoygu,sergey nikolayevich muratov,Russia,ru,51.85,1,1,71.11,name=52; country=['ru']; position_overlap=['council'],REVIEW
fabf06b4-4899-5bee-9d88-c344a301a181,1745fd3f-c188-5ccf-b3d0-9cab9000ecd1,abdul salam hanafi,abdul samad achekzai,Afghanistan,af,68.42,1,0,71.05,name=68; country=['af'],REVIEW
23a3c546-d5b6-539c-bc5a-6937b3111c12,1745fd3f-c188-5ccf-b3d0-9cab9000ecd1,abdul hakim sharai,abdul samad achekzai,Afghanistan,af,68.42,1,0,71.05,name=68; country=['af'],REVIEW
1a8f313c-00cf-566a-a5e5-16a23c87195d,2446035d-492b-5f26-8822-efb9805f7f6b,mohammad-reza aref,mohammed reza sabahi,Iran,ir,68.42,1,0,71.05,name=68; country=['ir'],REVIEW
1a8f313c-00cf-566a-a5e5-16a23c87195d,40caeb44-4367-5c87-98b0-88ee4bfe2d57,mohammad-reza aref,mohammed reza zahedi,Iran,ir,68.42,1,0,71.05,name=68; country=['ir'],REVIEW
1a8f313c-00cf-566a-a5e5-16a23c87195d,7936afc8-797b-5e41-b9ce-471b68954a82,mohammad-reza aref,mohammad nazar azimi,Iran,ir,68.42,1,0,71.05,name=68; country=['ir'],REVIEW
486633c7-d65d-579c-a85e-bd4fb32cc714,76bceea7-b5c1-5696-b423-bd5601cfe35c,mohammad eslami,mohammad ali damirchilu,Iran,ir,68.42,1,0,71.05,name=68; country=['ir'],REVIEW
286d8443-aff7-5178-b2a1-75291c9f61ae,5f7cbd8b-613a-5551-9c5f-ec31a3d7a9fc,mohammad-reza zafarqandi,mohammad yazdi,Iran,ir,68.42,1,0,71.05,name=68; country=['ir'],REVIEW
6d580cd0-246d-59b1-92c3-1232ce7035b2,85aae630-8e7f-5fc2-a414-a9b13d432c04,muhammad haidar,amer mohamed akil rada,Lebanon,co,68.42,1,0,71.05,name=68; country=['lb'],REVIEW
bd693fa6-49aa-5b94-a60f-97feac51724a,4e87712e-9516-5673-9683-a62fcff04ccb,khalifa abd-al-sadiq,abd al hadi zarqun,Libya,ly,68.42,1,0,71.05,name=68; country=['ly'],REVIEW
151f7c69-018e-5415-a4f3-dec4847a0cbb,646cef4e-2651-5692-ade8-15b415e0209f,mohamed saeed,mohamed naushad shareef,Maldives,mv,68.42,1,0,71.05,name=68; country=['mv'],REVIEW
41cefcd6-58d0-590a-bfcf-b58be352ae10,d88c9edb-f15d-55a7-b818-1e9026043bdf,abdulla nazim ibrahim,abdulla ali manik,Maldives,mv,68.42,1,0,71.05,name=68; country=['mv'],REVIEW
94236c17-114a-5982-a3c0-f41abced05da,fdef230f-c257-5e00-be10-08e4a2357820,abdul aleem khan,abdul rehman al-dakhil,Pakistan,pk,68.42,1,0,71.05,name=68; country=['pk'],REVIEW
9f0aa0d4-f7e6-5336-87bb-90d92d8863f2,e696447d-b6e3-5608-a5c4-ad1ab7ba09b7,muhammad faruk khan,mohammad jahangir alam,Bangladesh,bd,68.29,1,0,70.98,name=68; country=['bd'],REVIEW
d9d20d48-92b2-5eb8-9ee1-38faa1562a34,e696447d-b6e3-5608-a5c4-ad1ab7ba09b7,mohammad ali arafat,mohammad jahangir alam,Bangladesh,bd,68.29,1,0,70.98,name=68; country=['bd'],REVIEW
72004bb0-b77a-50ae-bfde-809521de7dbb,cf4f1377-9278-5026-b0f2-53055950d411,muhammad al-manfi,maftah mohamed elmabruk,Libya,ly,68.29,1,0,70.98,name=68; country=['ly'],REVIEW
23aa2249-7320-5ad4-ab3d-0ff7fe21c2c6,d42310bb-b308-51c4-bbed-738c7196d3b3,abd-al-hamid dubaybah,atiyah abd al-rahman,Libya,ly,68.29,1,0,70.98,name=68; country=['ly'],REVIEW
8ae67ed2-1944-586e-a3bc-a18b6ab3a36e,987d65a3-20c5-5a58-9585-5d5ed279540e,khwaja muhammad asif,muhammad khizar hayat,Pakistan,pk,68.29,1,0,70.98,name=68; country=['pk'],REVIEW
c2369b0c-9fa5-5e0b-a144-0128a0d33c6e,63f715bb-d83b-5a0a-875a-735db749253e,muhammad al-bashir,muhammad mahmud mahalla,Syria,sy,68.29,1,0,70.98,name=68; country=['sy'],REVIEW
3af07ca8-cecc-5baf-8a7f-aeba0f1d105b,cafaa4e4-5308-5e54-b1ca-0581e76ffc39,abd al-nasser al-wali,abdul qader al-shami,Yemen,ye,68.29,1,0,70.98,name=68; country=['ye'],REVIEW
d9d20d48-92b2-5eb8-9ee1-38faa1562a34,3c11d1ba-fc73-5ecc-af85-5695d6a14a2e,mohammad ali arafat,mohammad anwar latif khan,Bangladesh,bd,68.18,1,0,70.91,name=68; country=['bd'],REVIEW
7a358573-7c60-57e5-a5ac-956ef2b33e3a,1d9722e7-f486-5b60-b89a-773d2e0f1bd8,shivraj singh chouhan,sandeep singh choudhary,India,in,68.18,1,0,70.91,name=68; country=['in'],REVIEW
fad6b794-28f0-5b61-92b0-531e88e1121b,fc4b0795-746d-548b-98cc-19869fe4a4f1,mohammad-jafar qaempanah,mohammad reza ansari,Iran,ir,68.18,1,0,70.91,name=68; country=['ir'],REVIEW
f57ff2a3-e8df-593b-9e2b-a887dc3b6f48,38e87d27-151c-5858-a0cb-9ee1e3cb9b78,amin-hosein rahimi,amin hosseinzadeh khanmiri,Iran,ir,68.18,1,0,70.91,name=68; country=['ir'],REVIEW
f09fa64f-3749-5bb9-8eae-47aa0e56fc7c,b5e95b8d-62e7-54e2-81b2-3909fad8f464,mohamad-reza farzin,mohammad sadegh karimian,Iran,ir,68.18,1,0,70.91,name=68; country=['ir'],REVIEW
b4739228-8770-5f35-9a18-0c857200eb69,2406ba11-05b7-59a5-8322-64de95fa22d1,abd al-husayn al-musawi,abd al-hadi al-iraqi,Iraq,iq,68.18,1,0,70.91,name=68; country=['iq'],REVIEW
888d9ff4-da50-55ca-94bf-f2d711ebe9b6,42214562-58ea-56ca-b2ae-4ac1da80b048,abd-al-shafi al-juwaifi,abd al-muhsin al-libi,Libya,ly,68.18,1,0,70.91,name=68; country=['ly'],REVIEW
5abf55de-949e-5cd5-8ac3-3b98b2364a55,630c746e-9e81-5e17-910f-1b69204ade0f,ibrahim al-assaf,ibrahim hassan tali al-asiri,Saudi Arabia,sa,68.18,1,0,70.91,name=68; country=['sa'],REVIEW
9813a436-bcaf-50ee-a39a-8e63b50c7a09,bd92fac4-4696-5760-8ae5-3b41af811a1a,mohamed adan moalim,abdikarin farah mohamed,Somalia,so,68.18,1,0,70.91,name=68; country=['so'],REVIEW
ac9c6dc5-aee9-5725-a52b-091d465c61b4,a1a5a5b2-15e5-59f1-bde3-392510f2ad39,khadija mohamed dirie,ahmed abdi aw-mohamed,Somalia,so,68.18,1,0,70.91,name=68; country=['so'],REVIEW
ac9c6dc5-aee9-5725-a52b-091d465c61b4,03009359-616c-5506-9656-043b0db95aeb,khadija mohamed dirie,ahmed abdi aw-mohamed,Somalia,so,68.18,1,0,70.91,name=68; country=['so'],REVIEW
ea7e8ab1-0b3e-5477-9efc-81b4021f53c5,7d76796b-f981-5649-ba27-5623925e89d8,ahmad husayn al-shara’,bassam ahmad al-hasri,Syria,sy,68.18,1,0,70.91,name=68; country=['sy'],REVIEW
c2369b0c-9fa5-5e0b-a144-0128a0d33c6e,02761702-0d80-51d2-8394-89889b9b37c3,muhammad al-bashir,muhammad yousef al-hasouri,Syria,sy,68.18,1,0,70.91,name=68; country=['sy'],REVIEW
f1c1473e-dffb-50fd-bbb3-0f32ea88747d,b40c5ae2-6ff8-5232-84a7-4be080a8476b,rashad muhammad al-alimi,muhammad al-sunaydar,Yemen,ye,68.18,1,0,70.91,name=68; country=['ye'],REVIEW
e614b1a4-c644-556d-bcf4-30f13d9b48ff,802cc3b8-f9bd-5ecb-88c5-183893512a75,abdallah ali fadl al-saadi,ali abdullah saleh,Yemen,ye,68.18,1,0,70.91,name=68; country=['ye'],REVIEW
6bf403eb-cd49-5885-a951-153e5cde5d09,df910b27-582d-52d9-9d98-887728077534,nizar muhammad said amedi,muhammad hamza zubaidi,Iraq,iq,68.09,1,0,70.85,name=68; country=['iq'],REVIEW
e596913c-6bee-572c-9253-b056bad653ec,02a62785-ae7d-5373-85fe-931114b8f60b,yuriy petrovich trutnev,valery petrovich usatyuk,Russia,ru,68.09,1,0,70.85,name=68; country=['ru'],REVIEW
6b7a9963-22df-5882-9a1a-45169decc49e,9cd68571-753e-5db6-b338-29022e85edb3,oksana nikolayevna lut,larisa nikolayevna tutova,Russia,ru,68.09,1,0,70.85,name=68; country=['ru'],REVIEW
f322b8e0-5492-53f6-9b5f-c2f86507973b,bd92fac4-4696-5760-8ae5-3b41af811a1a,abdulkadir muhammad nur,abdikarin farah mohamed,Somalia,so,68.09,1,0,70.85,name=68; country=['so'],REVIEW
f322b8e0-5492-53f6-9b5f-c2f86507973b,5b1f9cfe-6333-5a34-bf72-4601e91daba9,abdulkadir muhammad nur,abdirahman mohamed omar,Somalia,so,68.09,1,0,70.85,name=68; country=['so'],REVIEW
be95870c-a530-5d64-82da-7bcc1f3e21da,304f473e-6417-5def-99ac-737e4452b4b3,mohamed hamdan dagalo,algoney hamdan daglo musa,Sudan,sd,68.09,1,0,70.85,name=68; country=['sd'],REVIEW
c3bbe851-9ce5-554f-ada1-dce8062fef6f,4b2febdd-c8d7-51f7-96b8-880fcee52165,muhammad hassan dahab,gedo hamdan ahmed mohamed,Sudan,sd,68.09,1,0,70.85,name=68; country=['sd'],REVIEW
c6fa8dc2-0c43-5716-a8f0-5846972e48d6,ecfb051c-93bc-56e6-bcc1-96dff4b9504b,muhammad samih hamid,ahmad sabir mohammed hamsho,Syria,sy,68.09,1,0,70.85,name=68; country=['sy'],REVIEW
304687be-72b5-5f04-8437-e74cf2ccd578,b5e95b8d-62e7-54e2-81b2-3909fad8f464,mohammad-reza salehi-amiri,mohammad sadegh karimian,Iran,ir,68.0,1,0,70.8,name=68; country=['ir'],REVIEW
304687be-72b5-5f04-8437-e74cf2ccd578,bc34ad9d-6181-5bc7-ac40-063030a4df6f,mohammad-reza salehi-amiri,mohammad reza mirheydary,Iran,ir,68.0,1,0,70.8,name=68; country=['ir'],REVIEW
6bf403eb-cd49-5885-a951-153e5cde5d09,df72b18f-3793-5d16-9f21-eea5f1432cae,nizar muhammad said amedi,muhammad qahtan al-sa'idi,Iraq,iq,68.0,1,0,70.8,name=68; country=['iq'],REVIEW
a1ba40bc-1093-5b3a-8915-c71338aae763,4480b307-e3e9-59c2-b69a-ebdf6ca7b8af,andrey removich belousov,andrey viktorovich kutepov,Russia,ru,68.0,1,0,70.8,name=68; country=['ru'],REVIEW
a1ba40bc-1093-5b3a-8915-c71338aae763,3b608569-a9db-5b20-848a-e1968165a029,andrey removich belousov,andrey petrovich dukhvalov,Russia,ru,68.0,1,0,70.8,name=68; country=['ru'],REVIEW
a1ba40bc-1093-5b3a-8915-c71338aae763,84d4dc77-57d3-5c52-b565-0548843daed5,andrey removich belousov,andrey sergeyevich puchkov,Russia,ru,68.0,1,0,70.8,name=68; country=['ru'],REVIEW
a1ba40bc-1093-5b3a-8915-c71338aae763,dcc3b010-7000-5ff3-ad58-3a48533824df,andrey removich belousov,pavel andreyevich belousov,Russia,ru,68.0,1,0,70.8,name=68; country=['ru'],REVIEW
9f7f1740-b4dd-5baa-9f5c-0df51713cbf6,b5af4470-0c81-5b60-8ab4-8f795106fa20,sergey viktorovich lavrov,pavel viktorovich andreev,Russia,ru,68.0,1,0,70.8,name=68; country=['ru'],REVIEW
9f7f1740-b4dd-5baa-9f5c-0df51713cbf6,0c583834-2e8f-5d11-b03c-f73ac117ad34,sergey viktorovich lavrov,alexander viktorovich uss,Russia,ru,68.0,1,0,70.8,name=68; country=['ru'],REVIEW
85da5294-bb31-5f57-9cb1-bc4d767cffe5,4480b307-e3e9-59c2-b69a-ebdf6ca7b8af,igor viktorovich krasnov,andrey viktorovich kutepov,Russia,ru,68.0,1,0,70.8,name=68; country=['ru'],REVIEW
85da5294-bb31-5f57-9cb1-bc4d767cffe5,e18d6f2e-f483-5839-9a49-3d3b3c71988a,igor viktorovich krasnov,igor valentinovich korobov,Russia,ru,68.0,1,0,70.8,name=68; country=['ru'],REVIEW
85da5294-bb31-5f57-9cb1-bc4d767cffe5,a69d2554-ec7b-5319-a4e3-cdd099a75ae8,igor viktorovich krasnov,roman viktorovich busargin,Russia,ru,68.0,1,0,70.8,name=68; country=['ru'],REVIEW
147ba313-ef1d-5225-bc02-d52875086c66,e1379d0a-c158-57e2-9e5d-27528dab79c8,musaid bin muhammad al-ayban,tarad mohammad aljarba,Saudi Arabia,sa,68.0,1,0,70.8,name=68; country=['sa'],REVIEW
59552685-02a2-51e3-b3c4-01587c77f47c,516cc5cd-b2c6-5313-bc6d-dbc1bb91cff3,muhammad raza hayat harraj,mustafa hajji muhammad khan,Pakistan,pk,67.92,1,0,70.75,name=68; country=['pk'],REVIEW
19ff653a-9fd8-5e8e-9100-5ac9c86d729d,59f7376c-228a-5310-8b10-86ca5a4e051d,denis valentinovich manturov,yan valentinovich novikov,Russia,ru,67.92,1,0,70.75,name=68; country=['ru'],REVIEW
42defa76-8f86-50dd-aa3e-996fc951a68e,58a87026-dc6e-5606-9a68-4f6f900f2a76,tatyana alekseyevna golikova,tatyana anatolyevna gigel,Russia,ru,67.92,1,0,70.75,name=68; country=['ru'],REVIEW
11a8f3d4-bd63-5112-b032-b2f36644728e,65518dc8-c03b-51fe-b5dd-a473b4d9f4c3,aleksey logvinovich overchuk,aleksey lvovich rakhmanov,Russia,ru,67.92,1,0,70.75,name=68; country=['ru'],REVIEW
baf13575-cd11-5c0c-ae96-f537015d05c2,3af13022-8a45-5da8-988b-e171eb4b31b1,aleksey olegovich chekunkov,dmitry olegovich ishchenko,Russia,ru,67.92,1,0,70.75,name=68; country=['ru'],REVIEW
baf13575-cd11-5c0c-ae96-f537015d05c2,0791ee70-3342-508c-8a92-0bfb6ee475e1,aleksey olegovich chekunkov,aleksey valerevich sazanov,Russia,ru,67.92,1,0,70.75,name=68; country=['ru'],REVIEW
97b179e7-8df1-5604-acd0-0ea13054997f,3cd59c91-31b0-5fe5-9701-68cba2c7927f,sergey yevgenyevich tsivilev,vadim yevgenyevich dengin,Russia,ru,67.92,1,0,70.75,name=68; country=['ru'],REVIEW
97b179e7-8df1-5604-acd0-0ea13054997f,a3ea260c-e924-5905-9e09-d76b66c3417d,sergey yevgenyevich tsivilev,igor yevgenyevich levitin,Russia,ru,67.92,1,0,70.75,name=68; country=['ru'],REVIEW
dbe82bd4-dc46-57b0-b0e4-d46ff1522618,1474f551-000f-5e1f-80b2-e02574cbc373,roman vladimirovich starovoyt,oleg vladimirovich garin,Russia,ru,67.92,1,0,70.75,name=68; country=['ru'],REVIEW
f1c1473e-dffb-50fd-bbb3-0f32ea88747d,115f5e23-3991-5525-b7b4-a38a85dae4f2,rashad muhammad al-alimi,sa'id ahmad muhammad al-jamal,Yemen,ye,67.92,1,0,70.75,name=68; country=['ye'],REVIEW
c309640a-c084-5456-ae1b-48034d1c7209,06dfd183-8507-5e75-a49b-b9d26f23108a,muhammad edhah mahdi shabibah,muhammad ahmad al-talibi,Yemen,ye,67.92,1,0,70.75,name=68; country=['ye'],REVIEW
19d89641-666f-5f5d-a65b-d189af5e95fe,b651e692-4517-547e-b736-7b01abfc92cd,vladimir vladimirovich putin,anton vladimirovich shipulin,Russia,ru,67.86,1,0,70.71,name=68; country=['ru'],REVIEW
a1fcf254-dd99-5958-ace3-bcc964752c0c,f5c6fa7e-5502-55e5-9513-e1e6834d8897,dmitriy nikolayevich patrushev,peter nikolayevich tultaev,Russia,ru,67.86,1,0,70.71,name=68; country=['ru'],REVIEW
a1fcf254-dd99-5958-ace3-bcc964752c0c,b706fba8-63f1-5e90-b2be-beca609a7388,dmitriy nikolayevich patrushev,igor nikolayevich rudensky,Russia,ru,67.86,1,0,70.71,name=68; country=['ru'],REVIEW
42defa76-8f86-50dd-aa3e-996fc951a68e,3199a1a5-b96a-5c3e-b286-efcd66069a60,tatyana alekseyevna golikova,svetlana alekseyevna moretti,Russia,ru,67.86,1,0,70.71,name=68; country=['ru'],REVIEW
2bf83e07-5387-5987-9333-0a44ebdc0a8f,0a81da37-a95c-5597-abc7-32b34d6c5eb1,sergey sergeyevich kravtsov,sergey yevgenyevich naryshkin,Russia,ru,67.86,1,0,70.71,name=68; country=['ru'],REVIEW
9f7f1740-b4dd-5baa-9f5c-0df51713cbf6,3f4bdd2c-afcb-50d6-b197-721e941a178f,sergey viktorovich lavrov,sergey vladimirovich krivonosov,Russia,ru,67.86,1,0,70.71,name=68; country=['ru'],REVIEW
9f7f1740-b4dd-5baa-9f5c-0df51713cbf6,2703282f-f26b-5358-ae50-22ef5f1c31ed,sergey viktorovich lavrov,sergey vladimirovich matviyenko,Russia,ru,67.86,1,0,70.71,name=68; country=['ru'],REVIEW
fbee7b65-a0d0-5c1f-b1ab-b1bba5553a9b,e0e64598-6ad5-5ba0-8836-3a5b61f264e7,valeriy nikolayevich falkov,nikolay nikolayevich spasskiy,Russia,ru,67.86,1,0,70.71,name=68; country=['ru'],REVIEW
fbee7b65-a0d0-5c1f-b1ab-b1bba5553a9b,c5b5f785-5f38-5a15-9a27-7cc797023b55,valeriy nikolayevich falkov,vladimir nikolayevich blotsky,Russia,ru,67.86,1,0,70.71,name=68; country=['ru'],REVIEW
fbee7b65-a0d0-5c1f-b1ab-b1bba5553a9b,31c3263a-c357-5499-94b1-7a156472b00a,valeriy nikolayevich falkov,nikolay nikolayevich yezersky,Russia,ru,67.86,1,0,70.71,name=68; country=['ru'],REVIEW
d6e33049-9c30-57e4-8fa8-e9317955ad2e,4db37b8b-6600-5297-87a1-ed46c2e8a904,mikhail vladimirovich degtyarev,denis vladimirovich gusev,Russia,ru,67.86,1,0,70.71,name=68; country=['ru'],REVIEW
d6e33049-9c30-57e4-8fa8-e9317955ad2e,f0b486ad-7d6d-596f-8956-4861dc27c0d9,mikhail vladimirovich degtyarev,mikhail yuryevich avdeyev,Russia,ru,67.86,1,0,70.71,name=68; country=['ru'],REVIEW
d6e33049-9c30-57e4-8fa8-e9317955ad2e,3d451922-e373-51ac-a947-51068fdaf883,mikhail vladimirovich degtyarev,oleg vladimirovich petrov,Russia,ru,67.86,1,0,70.71,name=68; country=['ru'],REVIEW
d6e33049-9c30-57e4-8fa8-e9317955ad2e,4f232f63-fe9b-548d-ad96-76325672999a,mikhail vladimirovich degtyarev,mikhail pavlovich matveev,Russia,ru,67.86,1,0,70.71,name=68; country=['ru'],REVIEW
dbe82bd4-dc46-57b0-b0e4-d46ff1522618,45bec3a0-f2b3-508c-9d56-f7dea64c59c4,roman vladimirovich starovoyt,igor vladimirovich khomenko,Russia,ru,67.86,1,0,70.71,name=68; country=['ru'],REVIEW
0a20c63b-a3e5-5b97-9a17-2fa6525d1530,eaadb8fc-f4d2-5118-b5ab-926d8ee0c616,aleksandr vasilyevich bortnikov,alexey vasilyevich tensin,Russia,ru,67.86,1,0,70.71,name=68; country=['ru'],REVIEW
f1c1473e-dffb-50fd-bbb3-0f32ea88747d,6d705422-f55b-5e7c-8e4a-87c7ee1e5c68,rashad muhammad al-alimi,yahya mohammed mohammed al wazir,Yemen,ye,67.86,1,0,70.71,name=68; country=['ye'],REVIEW
5f272a74-f9a6-53b5-a1b2-5ce576352220,26ded3b9-953d-52fc-8f76-4af514d22790,muhammad hazm al-ashwal,hani 'abd-al-majid muhammad as'ad,Yemen,ye,67.86,1,0,70.71,name=68; country=['ye'],REVIEW
19ff653a-9fd8-5e8e-9100-5ac9c86d729d,681c72fa-e026-5b4b-aab7-38d87c8427dd,denis valentinovich manturov,nikolay valentinovich andrianov,Russia,ru,67.8,1,0,70.68,name=68; country=['ru'],REVIEW
a1fcf254-dd99-5958-ace3-bcc964752c0c,9d27bae8-2998-54f3-98e8-d3670c434872,dmitriy nikolayevich patrushev,dmitriy nikolayevich makhonin,Russia,ru,67.8,1,0,70.68,name=68; country=['ru'],REVIEW
42defa76-8f86-50dd-aa3e-996fc951a68e,bb0f8845-6879-5701-abce-17fbd95a04c5,tatyana alekseyevna golikova,yevgeniya alekseyevna belousova,Russia,ru,67.8,1,0,70.68,name=68; country=['ru'],REVIEW
b45b6c16-05c3-5345-95eb-c1c6135f61b2,76ded7ab-18b4-5cc1-aab7-6264a9fe4c90,aleksandr valentinovich novak,aleksandr vladimirovich gutsan,Russia,ru,67.8,1,0,70.68,name=68; country=['ru'],REVIEW
baf13575-cd11-5c0c-ae96-f537015d05c2,de97ea1c-0dab-572f-acba-6b05c3bc3104,aleksey olegovich chekunkov,aleksey nikolayevich kondratenko,Russia,ru,67.8,1,0,70.68,name=68; country=['ru'],REVIEW
cbc77aa2-a2ff-59f0-b3ba-597e679e7517,5def4729-9d76-57db-94d5-ab83e994d581,maksim gennadyevich reshetnikov,andrei gennadyevich melnikov,Russia,ru,67.8,1,0,70.68,name=68; country=['ru'],REVIEW
d6e33049-9c30-57e4-8fa8-e9317955ad2e,6b58da87-f515-564f-8dbb-82ae85af8700,mikhail vladimirovich degtyarev,nikita vladimirovich krasnov,Russia,ru,67.8,1,0,70.68,name=68; country=['ru'],REVIEW
d6e33049-9c30-57e4-8fa8-e9317955ad2e,432252c5-791a-569e-9c18-1e9b7652968a,mikhail vladimirovich degtyarev,nikita vladimirovich nagorny,Russia,ru,67.8,1,0,70.68,name=68; country=['ru'],REVIEW
dbe82bd4-dc46-57b0-b0e4-d46ff1522618,8d91b6e2-089d-5c65-a122-e31f6fe8ee05,roman vladimirovich starovoyt,dmitriy vladimirovich artyakov,Russia,ru,67.8,1,0,70.68,name=68; country=['ru'],REVIEW
dbe82bd4-dc46-57b0-b0e4-d46ff1522618,d206fb36-eba6-54c5-b42a-1e7da22a336c,roman vladimirovich starovoyt,sergey vladimirovich dokuchaev,Russia,ru,67.8,1,0,70.68,name=68; country=['ru'],REVIEW
0a20c63b-a3e5-5b97-9a17-2fa6525d1530,44566639-2dbd-533e-8830-495e5370a2ef,aleksandr vasilyevich bortnikov,aleksandr dmitrievich beglov,Russia,ru,67.8,1,0,70.68,name=68; country=['ru'],REVIEW
69ef53c5-e760-59db-8a23-dafa4673af75,7c8e1f48-178f-5916-aec3-6bc8540c9e0e,anatoliy ivanovich antonov,anatoliy vyacheslavovich razinkin,Russia,ru,67.8,1,0,70.68,name=68; country=['ru'],REVIEW
66e0e444-e055-571d-8efc-92a87aee35f2,f0316e9e-c1b5-5460-b4a0-b57dbea80a68,vasiliy alekseyevich nebenzya,vladimir alekseyevich koshelev,Russia,ru,67.8,1,0,70.68,name=68; country=['ru'],REVIEW
d8eb0d8e-12f4-5d54-a9ba-051bdb69ebaf,738ae95c-6fbb-5ebc-ac4d-153bef013ec6,abdallah bin hamad al-huqayl,sa'd abdullah hussein al-sharif,Saudi Arabia,sa,67.8,1,0,70.68,name=68; country=['sa'],REVIEW
80e85b20-3659-5497-a31c-e42e37437cc0,f3808244-9e06-5651-a5e6-f9ce19956617,abdirahman mohamed abdullahi,abdirahman fahiye isse mohamud,Somalia,so,67.8,1,0,70.68,name=68; country=['so'],REVIEW
e614b1a4-c644-556d-bcf4-30f13d9b48ff,615ea5dc-debd-5c16-a2dc-dabcf04ad4b8,abdallah ali fadl al-saadi,adil mutahhar abdallah al muayyad,Yemen,ye,67.8,1,0,70.68,name=68; country=['ye'],REVIEW
006ad23e-54a7-54a1-8822-9ce4af2635fc,61017f97-ff10-50ab-bd07-68bb3bb78df7,mikhail vladimirovich mishustin,mikhail vladimirovich degtyarev,Russia,ru,67.74,1,0,70.65,name=68; country=['ru'],REVIEW
b45b6c16-05c3-5345-95eb-c1c6135f61b2,79c20765-8887-554a-8868-16b8312a7055,aleksandr valentinovich novak,stanislav valentinovich makshakov,Russia,ru,67.74,1,0,70.65,name=68; country=['ru'],REVIEW
b45b6c16-05c3-5345-95eb-c1c6135f61b2,8d1f3967-caff-51e8-a269-7cad116c90da,aleksandr valentinovich novak,aleksandr vladimirovich brechalov,Russia,ru,67.74,1,0,70.65,name=68; country=['ru'],REVIEW
f21fad05-0e28-5492-a4e5-4ca30560fe5c,ffcb6d54-ecad-53ef-b9b1-ed1a8796e9c5,vladimir aleksandrovich kolokoltsev,yurii aleksandrovich olenin,Russia,ru,67.74,1,0,70.65,name=68; country=['ru'],REVIEW
d6e33049-9c30-57e4-8fa8-e9317955ad2e,66a46681-4a33-5460-8fc5-8c4600f8878e,mikhail vladimirovich degtyarev,alexander vladimirovich kalinin,Russia,ru,67.74,1,0,70.65,name=68; country=['ru'],REVIEW
d6e33049-9c30-57e4-8fa8-e9317955ad2e,ccaf6b49-9281-5587-af2c-005ad0adc2c5,mikhail vladimirovich degtyarev,mikhail vladimirovich mishustin,Russia,ru,67.74,1,0,70.65,name=68; country=['ru'],REVIEW
d6e33049-9c30-57e4-8fa8-e9317955ad2e,fab7f16a-f1da-521a-a779-a945bbff87c9,mikhail vladimirovich degtyarev,vladimir vladimirovich artyakov,Russia,ru,67.74,1,0,70.65,name=68; country=['ru'],REVIEW
d6e33049-9c30-57e4-8fa8-e9317955ad2e,ca9660d7-907c-5d6b-9b97-d675c1dc3b9b,mikhail vladimirovich degtyarev,dmitry vladimirovich khotimskiy,Russia,ru,67.74,1,0,70.65,name=68; country=['ru'],REVIEW
dbe82bd4-dc46-57b0-b0e4-d46ff1522618,6db1b7ea-2dc3-52ee-9111-d20dfb6efe53,roman vladimirovich starovoyt,aleksandr vladimirovich konovalov,Russia,ru,67.74,1,0,70.65,name=68; country=['ru'],REVIEW
0a20c63b-a3e5-5b97-9a17-2fa6525d1530,638ab717-e486-5424-bc83-f824eac79343,aleksandr vasilyevich bortnikov,aleksandr vitalevich tsybulskiy,Russia,ru,67.74,1,0,70.65,name=68; country=['ru'],REVIEW
f1c1473e-dffb-50fd-bbb3-0f32ea88747d,fe01f781-2ee1-50a0-aacc-63f3becc80f5,rashad muhammad al-alimi,mohammad hamdi mohammad sadiq al-ahdal,Yemen,ye,67.74,1,0,70.65,name=68; country=['ye'],REVIEW
bd9a1bc4-83c2-5723-bc79-1067a0aaaa79,8be9133e-acb4-5e12-ad2c-240afaf8a8a0,muammar mutahar al-iryani,maher yahya muhammad mutahar al-kinai,Yemen,ye,67.74,1,0,70.65,name=68; country=['ye'],REVIEW
7577e6ac-6813-5c14-a64b-543cff310d82,8dc59fe1-c9bc-5884-981f-090a59f0f708,aleksandr vyacheslavovich kurenkov,aleksandr valentinovich sokolov,Russia,ru,67.69,1,0,70.62,name=68; country=['ru'],REVIEW
f21fad05-0e28-5492-a4e5-4ca30560fe5c,147221ba-72b4-5313-a3dc-c8d53c66fcec,vladimir aleksandrovich kolokoltsev,dmitrii aleksandrovich baranov,Russia,ru,67.69,1,0,70.62,name=68; country=['ru'],REVIEW
f21fad05-0e28-5492-a4e5-4ca30560fe5c,af0aa35e-ffa9-5fe4-bf1a-2212cd8d8137,vladimir aleksandrovich kolokoltsev,denis aleksandrovich bortnikov,Russia,ru,67.69,1,0,70.62,name=68; country=['ru'],REVIEW
ae0688ac-473c-5dd1-9ef0-30bcdc52c48b,5977a88a-df31-535c-ad67-f2a04b996b1a,sergey kuzhugetovich shoygu,sergey nikolaevich lukin,Russia,ru,50.98,1,1,70.59,name=51; country=['ru']; position_overlap=['council'],REVIEW
c08e00d7-619f-5c03-a74d-b5bbccf23c2c,68d61420-fb10-54bc-bf0e-8e89b34a530c,abd al-aziz bin abdallah al al-shaykh,abdul mohsen abdullah ibrahim al-sharikh,Saudi Arabia,sa,67.53,1,0,70.52,name=68; country=['sa'],REVIEW
dfb1bf8b-462e-5b5b-af13-e9cabab94c98,93dde747-7bcc-53e6-9914-e2c19a78e36f,said chanegriha,said arif,Algeria,dz,66.67,1,0,70.0,name=67; country=['dz'],REVIEW
7231c29d-6a90-5da4-ad8c-700a4ae22616,13293562-fa97-51c6-bc10-41ea355119d1,yahya boukhari,yahya abu hammam,Algeria,dz,66.67,1,0,70.0,name=67; country=['dz'],REVIEW
809533ca-24d9-5104-ad2c-d76ce025869b,029de8b9-4c17-5624-934c-68860318655b,manuel tiago dias,manuel helder vieira dias,Angola,ao,66.67,1,0,70.0,name=67; country=['ao'],REVIEW
1df86c02-309b-5af9-a42c-c435d62a9ae5,c38122b9-dd8d-5ab5-a028-37053ed3970e,nawaf bin muhammad al-maawda,mohammed isa yousif saqar al binali,Bahrain,bh,66.67,1,0,70.0,name=67; country=['bh'],REVIEW
f8dd3b2b-feb3-546e-9f6e-b5d934c80dd5,c38122b9-dd8d-5ab5-a028-37053ed3970e,rashid bin muhammad al-maraj,mohammed isa yousif saqar al binali,Bahrain,bh,66.67,1,0,70.0,name=67; country=['bh'],REVIEW
353eedcc-2ffb-5352-b6af-806348a119eb,e696447d-b6e3-5608-a5c4-ad1ab7ba09b7,muhammad imran,mohammad jahangir alam,Bangladesh,bd,66.67,1,0,70.0,name=67; country=['bd'],REVIEW
a1b12857-2957-5e20-aa15-1d759043a0d1,71bfa5eb-e160-5857-8b2e-d31b2d32a7b1,manol genov,ivan kirov genov,Bulgaria,bg,66.67,1,0,70.0,name=67; country=['bg'],REVIEW
928d4f05-b0ba-5cf1-84d6-44838e4dc4a6,b0bd6edd-7aba-5129-b2a8-42491d1c89c3,min aung hlaing,naing htut aung,Burma,zm,66.67,1,0,70.0,name=67; country=['zm'],REVIEW
77a1b374-4f95-5011-b02c-253f96f52088,ff2dc209-d20a-5699-8eef-f56ff6d206f2,nan ni ni aye,aye nu sein,Burma,zm,66.67,1,0,70.0,name=67; country=['zm'],REVIEW
1e97b66b-d923-50fc-bd71-ae9942b749e8,71e2c383-be37-5093-847b-bcdc810d2990,tun ohn,tun tun naung,Burma,zm,50.0,1,1,70.0,name=50; country=['zm']; position_overlap=['minister'],REVIEW
1386098f-0895-5384-9544-25cb97ee6d4b,4b492a42-257b-561b-b934-11bd8a89b7b9,myo thant,myo swe win,Burma,zm,50.0,1,1,70.0,name=50; country=['zm']; position_overlap=['minister'],REVIEW
0e3e892e-645b-5404-b7ef-564db69c1653,b344183c-2efd-575a-8a4c-b396d499975c,myo zaw thein,myo thitsar,Burma,zm,66.67,1,0,70.0,name=67; country=['zm'],REVIEW
0e3e892e-645b-5404-b7ef-564db69c1653,90e7fe27-046a-533f-8fe2-eb02b6ed6685,myo zaw thein,zaw min tun,Burma,zm,66.67,1,0,70.0,name=67; country=['zm'],REVIEW
7761ba11-48e5-505e-9dac-b7014646adda,0c06c08c-fdb0-5d6b-b9ea-66babdd892bb,tun aung,tun tun oo,Burma,zm,66.67,1,0,70.0,name=67; country=['zm'],REVIEW
aa75125b-8fc2-59b2-afb9-8c972ba91169,b136d36a-8d22-5b0a-bd5e-52df24ebe4a1,ko ko lwin,ko ko oo,Burma,zm,66.67,1,0,70.0,name=67; country=['zm'],REVIEW
40d741c9-456a-5a8c-9a04-618bfaf79267,8c14a324-a725-588f-ab07-0cdb0543a4a6,tin maung swe,khin maung swe,Burma,zm,66.67,1,0,70.0,name=67; country=['zm'],REVIEW
a62082bb-02ac-54a1-a89f-a0e1812e97ab,0e6332fc-005f-57c5-9ecb-1c07d255e609,thet khaing win,theint win htet,Burma,zm,66.67,1,0,70.0,name=67; country=['zm'],REVIEW
39fa2df2-bd23-592f-829d-992d069a2c67,ad2805d2-ea35-5cb9-b77b-c679abdeddcb,nyunt win swe,thet khaing win,Burma,zm,50.0,1,1,70.0,name=50; country=['zm']; position_overlap=['minister'],REVIEW
39fa2df2-bd23-592f-829d-992d069a2c67,c6fd49b1-958e-5e70-9c4e-1c580057f88b,nyunt win swe,win min soe,Burma,zm,66.67,1,0,70.0,name=67; country=['zm'],REVIEW
1e68a075-f6b8-5fef-9e9c-20ba346d9a35,926176d6-00e8-5080-aa66-f97474060e5c,maung myint,khaing moe myint,Burma,zm,66.67,1,0,70.0,name=67; country=['zm'],REVIEW
1e68a075-f6b8-5fef-9e9c-20ba346d9a35,a7bdc26f-2a80-5ca0-a37d-5c7f6428f92d,maung myint,ohn mar myint,Burma,zm,66.67,1,0,70.0,name=67; country=['zm'],REVIEW
1e68a075-f6b8-5fef-9e9c-20ba346d9a35,e65f016d-2d84-528c-8d47-a6b912910869,maung myint,mahn nyein maung,Burma,zm,66.67,1,0,70.0,name=67; country=['zm'],REVIEW
e34a8c44-98dd-5ac0-bc86-3b7b3542af48,793434bf-9695-5b3b-87a0-b017325f19ba,myint kyaing,myo myint oo,Burma,zm,50.0,1,1,70.0,name=50; country=['zm']; position_overlap=['minister'],REVIEW
d6349380-567c-5b96-abf4-ddcd3faa1f5a,e65f016d-2d84-528c-8d47-a6b912910869,khin maung soe,mahn nyein maung,Burma,zm,66.67,1,0,70.0,name=67; country=['zm'],REVIEW
36b7bb62-908b-5f34-937f-845bbbbd6f4c,57ce63d0-674a-59b4-b953-b5fd5ef70c7f,aung kyaw hoe,aung moe myint,Burma,zm,66.67,1,0,70.0,name=67; country=['zm'],REVIEW
36b7bb62-908b-5f34-937f-845bbbbd6f4c,293d576a-8246-5fe2-98c2-0bff474068cc,aung kyaw hoe,aung soe,Burma,zm,66.67,1,0,70.0,name=67; country=['zm'],REVIEW
702b0148-0c9f-5d01-a9c7-f9237ad19685,52c41d60-797a-56a5-8cdf-de48e86413ae,hsan oo,aung naing oo,Burma,zm,50.0,1,1,70.0,name=50; country=['zm']; position_overlap=['minister'],REVIEW
fcbe7822-057e-519f-b81a-33a549658688,e7e0255a-64c0-54c7-ac84-54f2e3f45339,thet thet zin,thet thet aung,Burma,zm,66.67,1,0,70.0,name=67; country=['zm'],REVIEW
b05ed206-a84b-5bef-ad39-8bfa03419c61,66d6b25f-29af-5b8e-ac7d-142ad6d3f6f0,tin aung san,htun aung,Burma,zm,66.67,1,0,70.0,name=67; country=['zm'],REVIEW
e04d1361-6c5f-5682-9654-45f6127037f1,8c14a324-a725-588f-ab07-0cdb0543a4a6,khin naing oo,khin maung swe,Burma,zm,66.67,1,0,70.0,name=67; country=['zm'],REVIEW
4f703139-e0ac-56e7-82d2-3af76b873177,e756b4be-0e85-5af1-8a40-e2a22962665e,kyaw moe tun,kyaw thu myo myint,Burma,zm,66.67,1,0,70.0,name=67; country=['zm'],REVIEW
e59f0f47-31d3-5f4e-9c53-9497d721689e,191b822a-baa9-5dc8-9a34-96e60e1d121c,zheng han,fujing zheng,China,cn,66.67,1,0,70.0,name=67; country=['cn'],REVIEW
b763a905-8245-5ecd-98c7-069313da9814,9598f7e6-3c59-5852-a905-daddac399ea6,guoqing zhang,yu zhang,China,cn,66.67,1,0,70.0,name=67; country=['cn'],REVIEW
130ff18c-d312-545f-a54d-fb8474b63e02,7dee37e3-125e-51fa-b10a-8997aae65fbb,guangha wang,chao wang,China,cn,66.67,1,0,70.0,name=67; country=['cn'],REVIEW
c77eaf8b-8bf0-5454-a07e-4386a07bac25,297ebccb-dc64-58b9-a3af-873a983fa9ca,jun dong,wenbo dong,China,cn,66.67,1,0,70.0,name=67; country=['cn'],REVIEW
31bc6af8-18d2-5a6d-9bd4-d0e4b93151b2,ae883b32-5d9b-535f-b515-80b8dfdc2a93,yixin chen,zhi chen,China,cn,66.67,1,0,70.0,name=67; country=['cn'],REVIEW
a6dfc114-b00a-5fe4-8c48-c584cdf11d8a,f8eb395b-97d0-58ae-954d-27edf2b18dff,xiaodu yang,qi yang,China,cn,66.67,1,0,70.0,name=67; country=['cn'],REVIEW
0d39bb01-068e-53f7-9da1-2b020ccc460d,5afe4181-09e9-5e0a-b379-54a8f89b5428,jun zhang,hongbo zhang,China,cn,66.67,1,0,70.0,name=67; country=['cn'],REVIEW
0d39bb01-068e-53f7-9da1-2b020ccc460d,fe1dd849-f6a1-52b7-98be-2657c5184606,jun zhang,wei zhang,China,cn,66.67,1,0,70.0,name=67; country=['cn'],REVIEW
473e59b9-1af0-5b02-8e2a-f8800f4b65b2,4a0d9ea8-fb45-59f7-baaf-d2545a2507be,daniel rojas,jaime rojas franco,Colombia,co,66.67,1,0,70.0,name=67; country=['co'],REVIEW
71e240eb-741e-57da-994b-2cc7abbc865f,2de51460-70d9-563e-ba09-b47e89a73727,mohsen haji-mirzaei,mohammad ali mirzaei,Iran,ir,66.67,1,0,70.0,name=67; country=['ir'],REVIEW
1a8f313c-00cf-566a-a5e5-16a23c87195d,a92b62fc-9bfc-5023-b567-45c7f69f11c3,mohammad-reza aref,reza mohammad amin saberian,Iran,ir,66.67,1,0,70.0,name=67; country=['ir'],REVIEW
1a8f313c-00cf-566a-a5e5-16a23c87195d,a8f81007-08b3-5db4-8e8c-f6ba5d8e8a4d,mohammad-reza aref,mohammad asgari,Iran,ir,66.67,1,0,70.0,name=67; country=['ir'],REVIEW
1a8f313c-00cf-566a-a5e5-16a23c87195d,2a70a36f-004c-57cf-a2a7-bd5ae56f7a87,mohammad-reza aref,mohammad kazemi,Iran,ir,66.67,1,0,70.0,name=67; country=['ir'],REVIEW
1a8f313c-00cf-566a-a5e5-16a23c87195d,1fdea508-7df9-526f-92b0-3cad1ac5719d,mohammad-reza aref,reza mohammadi azizabadi,Iran,ir,66.67,1,0,70.0,name=67; country=['ir'],REVIEW
1a8f313c-00cf-566a-a5e5-16a23c87195d,09a37407-4fad-5e58-8a91-a367926774c7,mohammad-reza aref,mohammad baseri,Iran,ir,66.67,1,0,70.0,name=67; country=['ir'],REVIEW
1a8f313c-00cf-566a-a5e5-16a23c87195d,7216e8e2-b480-55a7-8d14-40f8d0e2c42e,mohammad-reza aref,mohammad karami,Iran,ir,66.67,1,0,70.0,name=67; country=['ir'],REVIEW
fad6b794-28f0-5b61-92b0-531e88e1121b,10cb3547-278f-513c-835c-464ee597b34a,mohammad-jafar qaempanah,mohammad reza hashemifar,Iran,ir,66.67,1,0,70.0,name=67; country=['ir'],REVIEW
afbc78ac-3ed3-583d-a275-3ed539772932,53c3cd18-01a5-5332-9ecc-97aed729b9e4,shahram dabiri,shahram poursafi,Iran,ir,66.67,1,0,70.0,name=67; country=['ir'],REVIEW
dd9c3037-a953-52b4-a3e2-2e6f5fb936de,d4425fd5-c1c4-5302-8aa3-09b71eb88bdd,hamid pur-mohammadi,mohammad reza mohammadi,Iran,ir,66.67,1,0,70.0,name=67; country=['ir'],REVIEW
486633c7-d65d-579c-a85e-bd4fb32cc714,467d0b49-1ce0-515a-8412-a55180564489,mohammad eslami,mohammad reza khademi,Iran,ir,66.67,1,0,70.0,name=67; country=['ir'],REVIEW
304687be-72b5-5f04-8437-e74cf2ccd578,4f5dc1ce-87ae-5719-8c68-4edc9cf1e13c,mohammad-reza salehi-amiri,mohammad sadegh fatehi,Iran,ir,66.67,1,0,70.0,name=67; country=['ir'],REVIEW
304687be-72b5-5f04-8437-e74cf2ccd578,53151d7d-43e9-5d7f-938b-abce15639918,mohammad-reza salehi-amiri,mohammed reza rezakhah,Iran,ir,66.67,1,0,70.0,name=67; country=['ir'],REVIEW
304687be-72b5-5f04-8437-e74cf2ccd578,358953ac-361a-5861-ad92-568c3d08c5d6,mohammad-reza salehi-amiri,mohammad reza moaref jahromi,Iran,ir,66.67,1,0,70.0,name=67; country=['ir'],REVIEW
304687be-72b5-5f04-8437-e74cf2ccd578,493f8d6f-afeb-52d3-8b68-1ee5416e2afb,mohammad-reza salehi-amiri,reza amiri moghadam,Iran,ir,66.67,1,0,70.0,name=67; country=['ir'],REVIEW
9527d76f-4f43-5099-83ad-80e09d382873,527d3fc2-e640-518a-bfaa-251a3442954b,ali-reza kazemi,reza mirzaei,Iran,ir,66.67,1,0,70.0,name=67; country=['ir'],REVIEW
3b010830-4c7f-51c8-b05c-d12a854b19eb,53db54cd-4f72-57ec-978d-378520d1417f,mohammad atabak,mohammad hejazi,Iran,ir,66.67,1,0,70.0,name=67; country=['ir'],REVIEW
3b010830-4c7f-51c8-b05c-d12a854b19eb,2a70a36f-004c-57cf-a2a7-bd5ae56f7a87,mohammad atabak,mohammad kazemi,Iran,ir,66.67,1,0,70.0,name=67; country=['ir'],REVIEW
3b010830-4c7f-51c8-b05c-d12a854b19eb,438deb7f-5fec-58b9-b069-3129bf6763c4,mohammad atabak,mohammad eskandari,Iran,ir,66.67,1,0,70.0,name=67; country=['ir'],REVIEW
3b010830-4c7f-51c8-b05c-d12a854b19eb,15bf4062-305e-527a-a664-fe1beda46e91,mohammad atabak,mohammad abdollahpour,Iran,ir,66.67,1,0,70.0,name=67; country=['ir'],REVIEW
363283d1-bd77-5bb4-bb10-143090a3b8bb,4651c09e-0000-5288-a20a-774be5f1cb50,ahmad meydari,ahmad naderian,Iran,ir,66.67,1,0,70.0,name=67; country=['ir'],REVIEW
363283d1-bd77-5bb4-bb10-143090a3b8bb,47f44062-8444-5c95-aff7-09bde9fe941b,ahmad meydari,ahmad fathi,Iran,ir,66.67,1,0,70.0,name=67; country=['ir'],REVIEW
87f842cc-288e-55f0-b582-ea1f8ebbec8d,7ef9d4df-0c77-5553-b05c-c7d1b21677e0,ahmad donyamali,ahmad karimi,Iran,ir,66.67,1,0,70.0,name=67; country=['ir'],REVIEW
f09fa64f-3749-5bb9-8eae-47aa0e56fc7c,4f5dc1ce-87ae-5719-8c68-4edc9cf1e13c,mohamad-reza farzin,mohammad sadegh fatehi,Iran,ir,66.67,1,0,70.0,name=67; country=['ir'],REVIEW
f09fa64f-3749-5bb9-8eae-47aa0e56fc7c,b98a0453-e7ba-55d6-8ae4-330119ad29dd,mohamad-reza farzin,seyyed reza mir mohammad ali,Iran,ir,66.67,1,0,70.0,name=67; country=['ir'],REVIEW
f09fa64f-3749-5bb9-8eae-47aa0e56fc7c,493f8d6f-afeb-52d3-8b68-1ee5416e2afb,mohamad-reza farzin,reza amiri moghadam,Iran,ir,66.67,1,0,70.0,name=67; country=['ir'],REVIEW
f09fa64f-3749-5bb9-8eae-47aa0e56fc7c,45fc9a87-c84e-5d7b-919f-5c53ef64b9cb,mohamad-reza farzin,mohammad reza naqdi,Iran,ir,66.67,1,0,70.0,name=67; country=['ir'],REVIEW
f09fa64f-3749-5bb9-8eae-47aa0e56fc7c,f3272569-03ab-598d-9b3b-ebc1063f9c65,mohamad-reza farzin,mohammad bagheri,Iran,ir,66.67,1,0,70.0,name=67; country=['ir'],REVIEW
f09fa64f-3749-5bb9-8eae-47aa0e56fc7c,12b779a6-568b-5113-ad9f-3d30b562fb11,mohamad-reza farzin,mohammad reza ostad,Iran,ir,66.67,1,0,70.0,name=67; country=['ir'],REVIEW
f09fa64f-3749-5bb9-8eae-47aa0e56fc7c,eb519384-d0a5-5f38-9fc9-317c7373860e,mohamad-reza farzin,mohammad abedini,Iran,ir,66.67,1,0,70.0,name=67; country=['ir'],REVIEW
30e84c08-0100-5fb9-adba-9b44b6b03513,2406ba11-05b7-59a5-8322-64de95fa22d1,abd al-rahim jassim,abd al-hadi al-iraqi,Iraq,iq,66.67,1,0,70.0,name=67; country=['iq'],REVIEW
b4739228-8770-5f35-9a18-0c857200eb69,1120d77d-9ba8-5878-957a-0890095cd8ca,abd al-husayn al-musawi,hossein moanes al-'ibudi,Iraq,iq,66.67,1,0,70.0,name=67; country=['iq'],REVIEW
b4739228-8770-5f35-9a18-0c857200eb69,67eb305b-dc93-54c5-b468-f332f353a091,abd al-husayn al-musawi,hussein qaid al-awadi,Iraq,iq,66.67,1,0,70.0,name=67; country=['iq'],REVIEW
f5bba0b2-1672-538d-a57d-6a7713adea30,2aeab189-20f3-533b-9607-b855852a575e,basim muhammad khudayr,muhammad al-ghorayfi,Iraq,ir,66.67,1,0,70.0,name=67; country=['iq'],REVIEW
23ba379d-8492-5e9e-997d-eb6a1e08510d,d824ded0-7a52-53fa-bacc-c1ac9016868b,ali muhsin al-allaq,muhsin khadr al-khafaji,Iraq,iq,66.67,1,0,70.0,name=67; country=['iq'],REVIEW
57f4eb8e-d7a9-57e6-99ca-baa2ad732695,c69a2303-7882-5481-9348-701c4024d607,bilal al-hamdani,fawzi mutlaq al-rawi,Iraq,iq,50.0,1,1,70.0,"name=50; country=['iq']; position_overlap=['chairman,']",REVIEW
57f4eb8e-d7a9-57e6-99ca-baa2ad732695,dce09c1b-b72a-5fb7-b7dc-dde9daf3eaff,bilal al-hamdani,ahmad al-hamidawi,Iraq,iq,66.67,1,0,70.0,name=67; country=['iq'],REVIEW
7662bda8-1581-5252-a638-f831c37cf977,2406ba11-05b7-59a5-8322-64de95fa22d1,luqman abd al-rahim fayli,abd al-hadi al-iraqi,Iraq,iq,66.67,1,0,70.0,name=67; country=['iq'],REVIEW
f9c11f75-2319-572a-8e2f-c836357552e5,12e28eae-3413-5c7f-8543-5361d66133d5,jong un kim,ho kyu kim,"Korea, North",kp,66.67,1,0,70.0,name=67; country=['kp'],REVIEW
f9c11f75-2319-572a-8e2f-c836357552e5,0bd558aa-1421-5587-843c-f71b34c549df,jong un kim,su gil kim,"Korea, North",kp,66.67,1,0,70.0,name=67; country=['kp'],REVIEW
f9c11f75-2319-572a-8e2f-c836357552e5,2ea72da9-edb8-54e7-9101-7fd192d24b3b,jong un kim,yong nam jong,"Korea, North",kp,66.67,1,0,70.0,name=67; country=['kp'],REVIEW
f9c11f75-2319-572a-8e2f-c836357552e5,87261b3b-752a-55f6-bf56-a32e634d2725,jong un kim,myong jin kim,"Korea, North",kp,66.67,1,0,70.0,name=67; country=['kp'],REVIEW
2db666ac-26f4-500d-8e57-d0d421626000,12e28eae-3413-5c7f-8543-5361d66133d5,tok hun kim,ho kyu kim,"Korea, North",kp,66.67,1,0,70.0,name=67; country=['kp'],REVIEW
2db666ac-26f4-500d-8e57-d0d421626000,7cd74e4c-db61-54f2-9dba-32cc9825ac15,tok hun kim,tok jin ri,"Korea, North",kp,66.67,1,0,70.0,name=67; country=['kp'],REVIEW
4a19256d-6939-57ce-8382-7eb6928ad8dd,80ac3a19-9ac6-56be-bafd-09a41c6b10f9,yong won jo,kyong-chol jo,"Korea, North",kp,66.67,1,0,70.0,name=67; country=['kp'],REVIEW
b700b190-27ae-5cb1-941c-0a513750a653,5247a5d4-c75c-54c8-85e6-ce6ff8d7f291,yong gil ri,yong hyok rim,"Korea, North",kp,66.67,1,0,70.0,name=67; country=['kp'],REVIEW
b700b190-27ae-5cb1-941c-0a513750a653,1d19abb8-c0ce-5200-9d7a-6ead2282d591,yong gil ri,su yong ri,"Korea, North",kp,66.67,1,0,70.0,name=67; country=['kp'],REVIEW
b700b190-27ae-5cb1-941c-0a513750a653,a8cba52b-1ae3-5e9b-b1fb-e13f1da061fe,yong gil ri,yong chol kim,"Korea, North",kp,66.67,1,0,70.0,name=67; country=['kp'],REVIEW
016b063f-7385-5c67-abd3-c36f628d8705,f46b91e1-d7a0-59a1-b231-26c7c4c19d88,o su yong,yong chol ho,"Korea, North",kp,66.67,1,0,70.0,name=67; country=['kp'],REVIEW
016b063f-7385-5c67-abd3-c36f628d8705,f94cc52e-7c0e-5ab7-9116-8acb8d38b55e,o su yong,yong chol jo,"Korea, North",kp,66.67,1,0,70.0,name=67; country=['kp'],REVIEW
016b063f-7385-5c67-abd3-c36f628d8705,cb469236-b7f5-5d91-82ab-566e6d934301,o su yong,yong bok kim,"Korea, North",kp,66.67,1,0,70.0,name=67; country=['kp'],REVIEW
c18a864c-2479-54f5-83a8-a797da2be8f7,9a254302-f774-5d8c-8065-c79655c127e4,son gwon ri,kyong sik son,"Korea, North",kp,66.67,1,0,70.0,name=67; country=['kp'],REVIEW
db80e495-6578-5cc9-8b23-b56d2587e7a3,86f78ac3-c178-5fef-8754-9e7ec6d5010b,song nam kim,song hun kim,"Korea, North",kp,66.67,1,0,70.0,name=67; country=['kp'],REVIEW
db80e495-6578-5cc9-8b23-b56d2587e7a3,c38931e4-4ea5-5377-bd31-227146de11df,song nam kim,tong-myo'ng kim,"Korea, North",kp,66.67,1,0,70.0,name=67; country=['kp'],REVIEW
c97a4c11-6d14-5bc3-824a-8a5f027534ab,a6fbd1c8-8c1a-5210-b1d4-ebfa024a13e0,sun nam kang,mun-kil kang,"Korea, North",kp,66.67,1,0,70.0,name=67; country=['kp'],REVIEW
b9bdb536-435b-5fc6-af79-cf064ea64207,7d5925c3-36b7-555b-ab91-d969cc28db32,son hui choe,chol ryong choe,"Korea, North",kp,66.67,1,0,70.0,name=67; country=['kp'],REVIEW
b9bdb536-435b-5fc6-af79-cf064ea64207,b7d75d20-00cf-59de-81a7-62845dea0474,son hui choe,myong hyon choe,"Korea, North",kp,66.67,1,0,70.0,name=67; country=['kp'],REVIEW
b9bdb536-435b-5fc6-af79-cf064ea64207,e529c90b-3ff6-522a-9fbe-d13a43d290dd,son hui choe,un hyok choe,"Korea, North",kp,66.67,1,0,70.0,name=67; country=['kp'],REVIEW
b9bdb536-435b-5fc6-af79-cf064ea64207,620835a7-a319-5d7d-9a53-5019683c0569,son hui choe,je-son ri,"Korea, North",kp,66.67,1,0,70.0,name=67; country=['kp'],REVIEW
cd2e7228-83bc-53ae-9022-290f7f52a37f,12e28eae-3413-5c7f-8543-5361d66133d5,yo jong kim,ho kyu kim,"Korea, North",kp,66.67,1,0,70.0,name=67; country=['kp'],REVIEW
cd2e7228-83bc-53ae-9022-290f7f52a37f,a8cba52b-1ae3-5e9b-b1fb-e13f1da061fe,yo jong kim,yong chol kim,"Korea, North",kp,66.67,1,0,70.0,name=67; country=['kp'],REVIEW
b16e8d80-7030-596c-9df3-521cbe6169a1,abbc7385-4a6d-56c0-8034-d61f10609891,yun sok kang,song guk yun,"Korea, North",kp,66.67,1,0,70.0,name=67; country=['kp'],REVIEW
f244bdca-f3a8-5d54-9b1b-cc2e39bc638f,118a1ba5-17c3-5ef9-b6da-2b5c86ddb3a2,yong hwan kim,song kim,"Korea, North",kp,66.67,1,0,70.0,name=67; country=['kp'],REVIEW
f244bdca-f3a8-5d54-9b1b-cc2e39bc638f,93bbb94d-7571-5e6e-84d0-b12b0f27b292,yong hwan kim,yong su kim,"Korea, North",kp,66.67,1,0,70.0,name=67; country=['kp'],REVIEW
0dfb6602-2cb9-593e-9549-4b97c0d28e5c,7bb4c3ef-35ef-52a5-96a5-cca060395539,chol mun,song chol kim,"Korea, North",kp,66.67,1,0,70.0,name=67; country=['kp'],REVIEW
0dfb6602-2cb9-593e-9549-4b97c0d28e5c,a8cba52b-1ae3-5e9b-b1fb-e13f1da061fe,chol mun,yong chol kim,"Korea, North",kp,66.67,1,0,70.0,name=67; country=['kp'],REVIEW
0dfb6602-2cb9-593e-9549-4b97c0d28e5c,2c7bae9f-46e8-5fc8-9af3-fc0e184a0906,chol mun,chol min choe,"Korea, North",kp,66.67,1,0,70.0,name=67; country=['kp'],REVIEW
d0495abd-8e55-518b-87c8-ff979fa8ac3f,8fca5417-eadd-53eb-b3b2-1319cdca551c,in chol pak,mun il pak,"Korea, North",kp,66.67,1,0,70.0,name=67; country=['kp'],REVIEW
d0495abd-8e55-518b-87c8-ff979fa8ac3f,502197bb-083e-500b-ab49-3e3a29fd9e6f,in chol pak,kuk chol jang,"Korea, North",kp,66.67,1,0,70.0,name=67; country=['kp'],REVIEW
367fc8b2-4112-5e2a-895e-2c7630693b1c,d50b4d18-392f-5bcf-8d88-16f8066eeaad,jong hyok han,sung hyok jong,"Korea, North",kp,66.67,1,0,70.0,name=67; country=['kp'],REVIEW
1bacae61-7d31-58f3-9a3d-c8f20b1d5fcd,86f78ac3-c178-5fef-8754-9e7ec6d5010b,jong sun kim,song hun kim,"Korea, North",kp,66.67,1,0,70.0,name=67; country=['kp'],REVIEW
1bacae61-7d31-58f3-9a3d-c8f20b1d5fcd,3a3dfc35-72b0-569a-82a6-51179e0d7e1e,jong sun kim,mun chol kim,"Korea, North",kp,66.67,1,0,70.0,name=67; country=['kp'],REVIEW
1bacae61-7d31-58f3-9a3d-c8f20b1d5fcd,135c4262-e6f9-5393-bc25-00c89328faca,jong sun kim,se un kim,"Korea, North",kp,66.67,1,0,70.0,name=67; country=['kp'],REVIEW
1bacae61-7d31-58f3-9a3d-c8f20b1d5fcd,87285f8f-9572-5b10-abba-1e79dc0b295e,jong sun kim,yong su jong,"Korea, North",kp,66.67,1,0,70.0,name=67; country=['kp'],REVIEW
6fa2335d-266a-53e7-8246-ad15133afa37,3a697517-1a1e-5bbd-8932-f90088886e14,chol min pak,chol sam kim,"Korea, North",kp,66.67,1,0,70.0,name=67; country=['kp'],REVIEW
6fa2335d-266a-53e7-8246-ad15133afa37,072c2404-41d4-5fb9-ba58-340a2e1052fe,chol min pak,chol man han,"Korea, North",kp,66.67,1,0,70.0,name=67; country=['kp'],REVIEW
6fa2335d-266a-53e7-8246-ad15133afa37,14df2660-0acf-5629-9a00-cc018ed8c391,chol min pak,chong-chol kwak,"Korea, North",kp,66.67,1,0,70.0,name=67; country=['kp'],REVIEW
6fa2335d-266a-53e7-8246-ad15133afa37,255af80c-23aa-5e30-812f-dde7dff45ed7,chol min pak,in chol jong,"Korea, North",kp,66.67,1,0,70.0,name=67; country=['kp'],REVIEW
6fa2335d-266a-53e7-8246-ad15133afa37,9fc6c03b-4ec8-5c86-837b-988c47dae158,chol min pak,min chol kim,"Korea, North",kp,66.67,1,0,70.0,name=67; country=['kp'],REVIEW
6fa2335d-266a-53e7-8246-ad15133afa37,17547bf6-7d8b-554a-9a98-f93e9fed0066,chol min pak,sok chol kim,"Korea, North",kp,66.67,1,0,70.0,name=67; country=['kp'],REVIEW
3c08ca0d-23b3-5574-85a7-901e21cddc9b,8fca5417-eadd-53eb-b3b2-1319cdca551c,kum hui pak,mun il pak,"Korea, North",kp,66.67,1,0,70.0,name=67; country=['kp'],REVIEW
3c08ca0d-23b3-5574-85a7-901e21cddc9b,d6f7853b-e6f6-5a32-8df3-92938e5c158b,kum hui pak,kwang hun pak,"Korea, North",kp,66.67,1,0,70.0,name=67; country=['kp'],REVIEW
c7a1b474-a0ab-5df4-8d68-f47f5b403fdb,cf8b6a77-2e92-5cbe-b1a0-def677d911eb,hyon chol jon,song chol choe,"Korea, North",kp,66.67,1,0,70.0,name=67; country=['kp'],REVIEW
c7a1b474-a0ab-5df4-8d68-f47f5b403fdb,11d8c011-5873-5083-a3f4-aaf27feb5ce6,hyon chol jon,chol min myong,"Korea, North",kp,66.67,1,0,70.0,name=67; country=['kp'],REVIEW
c7a1b474-a0ab-5df4-8d68-f47f5b403fdb,57a04792-22f6-5407-b134-7ae3891e193f,hyon chol jon,song chol jang,"Korea, North",kp,66.67,1,0,70.0,name=67; country=['kp'],REVIEW
c85a2ab4-d135-57bf-bdbc-dae1667811ef,a8fb7799-fa76-59f8-8c9c-12eb35795a66,sung guk jon,sung jun cha,"Korea, North",kp,66.67,1,0,70.0,name=67; country=['kp'],REVIEW
1ad2c0de-1de9-5af3-9e95-190396b8005f,953dd495-b9bf-54e0-8ea8-963ac47643f3,song hak ri,song hwa jong,"Korea, North",kp,66.67,1,0,70.0,name=67; country=['kp'],REVIEW
1ad2c0de-1de9-5af3-9e95-190396b8005f,e3469632-229c-55cc-8398-8cea13972d7e,song hak ri,song un ri,"Korea, North",kp,66.67,1,0,70.0,name=67; country=['kp'],REVIEW
1ad2c0de-1de9-5af3-9e95-190396b8005f,7bb4c3ef-35ef-52a5-96a5-cca060395539,song hak ri,song chol kim,"Korea, North",kp,66.67,1,0,70.0,name=67; country=['kp'],REVIEW
1ad2c0de-1de9-5af3-9e95-190396b8005f,1d19abb8-c0ce-5200-9d7a-6ead2282d591,song hak ri,su yong ri,"Korea, North",kp,66.67,1,0,70.0,name=67; country=['kp'],REVIEW
1ad2c0de-1de9-5af3-9e95-190396b8005f,b08c4646-4d5e-5f6a-9e7b-60ac21294784,song hak ri,sung il ri,"Korea, North",kp,66.67,1,0,70.0,name=67; country=['kp'],REVIEW
1ad2c0de-1de9-5af3-9e95-190396b8005f,379aa3c4-5a5a-5a6b-93ee-c71e924570ba,song hak ri,kum hyok song,"Korea, North",kp,66.67,1,0,70.0,name=67; country=['kp'],REVIEW
77116887-2b70-5a73-8d86-b89f28be0dc9,502197bb-083e-500b-ab49-3e3a29fd9e6f,chol gyu ju,kuk chol jang,"Korea, North",kp,66.67,1,0,70.0,name=67; country=['kp'],REVIEW
49fae442-9d38-5575-8249-874394a44a20,a4f277a4-af5d-5c02-85b9-94baf950dfa5,sung ho yang,song ho jong,"Korea, North",kp,66.67,1,0,70.0,name=67; country=['kp'],REVIEW
49fae442-9d38-5575-8249-874394a44a20,a54486f9-bca7-5cd3-967d-82418e88d91e,sung ho yang,yong ho o,"Korea, North",kp,66.67,1,0,70.0,name=67; country=['kp'],REVIEW
0d1d2866-386b-5a8c-8de9-b534f9364050,1a737494-4a6d-55cd-b6bf-f2dbd23e696a,kum chol kim,man chun kim,"Korea, North",kp,66.67,1,0,70.0,name=67; country=['kp'],REVIEW
0d1d2866-386b-5a8c-8de9-b534f9364050,cbdf6cc1-c16a-5fe1-886e-2b0d74882a0b,kum chol kim,chol nam pak,"Korea, North",kp,66.67,1,0,70.0,name=67; country=['kp'],REVIEW
0d1d2866-386b-5a8c-8de9-b534f9364050,68d55cae-ab6e-5083-9a53-c6ae3cc2bc4b,kum chol kim,chol ung nam,"Korea, North",kp,66.67,1,0,70.0,name=67; country=['kp'],REVIEW
d7a9ae79-3c5e-52ad-8495-75f9a6443701,a54486f9-bca7-5cd3-967d-82418e88d91e,sok ho jo,yong ho o,"Korea, North",kp,66.67,1,0,70.0,name=67; country=['kp'],REVIEW
d7a9ae79-3c5e-52ad-8495-75f9a6443701,f94cc52e-7c0e-5ab7-9116-8acb8d38b55e,sok ho jo,yong chol jo,"Korea, North",kp,66.67,1,0,70.0,name=67; country=['kp'],REVIEW
d7a9ae79-3c5e-52ad-8495-75f9a6443701,17547bf6-7d8b-554a-9a98-f93e9fed0066,sok ho jo,sok chol kim,"Korea, North",kp,66.67,1,0,70.0,name=67; country=['kp'],REVIEW
4f2e5ddc-e7f2-5114-91e0-b66d2b467446,7bb4c3ef-35ef-52a5-96a5-cca060395539,sung du kim,song chol kim,"Korea, North",kp,66.67,1,0,70.0,name=67; country=['kp'],REVIEW
4f2e5ddc-e7f2-5114-91e0-b66d2b467446,0bd558aa-1421-5587-843c-f71b34c549df,sung du kim,su gil kim,"Korea, North",kp,66.67,1,0,70.0,name=67; country=['kp'],REVIEW
4f2e5ddc-e7f2-5114-91e0-b66d2b467446,b08c4646-4d5e-5f6a-9e7b-60ac21294784,sung du kim,sung il ri,"Korea, North",kp,66.67,1,0,70.0,name=67; country=['kp'],REVIEW
a02de48a-caf5-5505-ba51-5a38d2e02d9f,7bb4c3ef-35ef-52a5-96a5-cca060395539,sok chol jo,song chol kim,"Korea, North",kp,66.67,1,0,70.0,name=67; country=['kp'],REVIEW
a02de48a-caf5-5505-ba51-5a38d2e02d9f,502197bb-083e-500b-ab49-3e3a29fd9e6f,sok chol jo,kuk chol jang,"Korea, North",kp,66.67,1,0,70.0,name=67; country=['kp'],REVIEW
c394fac8-0504-562f-861e-71123974b95f,118a1ba5-17c3-5ef9-b6da-2b5c86ddb3a2,jae ryong kim,song kim,"Korea, North",kp,66.67,1,0,70.0,name=67; country=['kp'],REVIEW
c394fac8-0504-562f-861e-71123974b95f,93bbb94d-7571-5e6e-84d0-b12b0f27b292,jae ryong kim,yong su kim,"Korea, North",kp,66.67,1,0,70.0,name=67; country=['kp'],REVIEW
c394fac8-0504-562f-861e-71123974b95f,3994612e-996b-596c-91b7-90cd5320c49c,jae ryong kim,tong-ho kim,"Korea, North",kp,66.67,1,0,70.0,name=67; country=['kp'],REVIEW
c394fac8-0504-562f-861e-71123974b95f,05295a1f-3193-5ce8-bb09-449b7fd68ddc,jae ryong kim,yon hui kim,"Korea, North",kp,66.67,1,0,70.0,name=67; country=['kp'],REVIEW
16e2fc62-372f-5b15-a7a0-28390672fd29,e529c90b-3ff6-522a-9fbe-d13a43d290dd,kang choe,un hyok choe,"Korea, North",kp,66.67,1,0,70.0,name=67; country=['kp'],REVIEW
16e2fc62-372f-5b15-a7a0-28390672fd29,f26aaf2e-a651-517b-aba9-903eb8ff7e80,kang choe,un jong choe,"Korea, North",kp,66.67,1,0,70.0,name=67; country=['kp'],REVIEW
b2e208de-6621-55ac-be25-017b499969b3,7cd74e4c-db61-54f2-9dba-32cc9825ac15,tu il ri,tok jin ri,"Korea, North",kp,66.67,1,0,70.0,name=67; country=['kp'],REVIEW
3dd10b94-ab62-5ae5-a73e-60104d5a70c8,317983e5-097d-5c89-8458-35268be76109,chol san ri,chol hak kang,"Korea, North",kp,66.67,1,0,70.0,name=67; country=['kp'],REVIEW
3dd10b94-ab62-5ae5-a73e-60104d5a70c8,b08c4646-4d5e-5f6a-9e7b-60ac21294784,chol san ri,sung il ri,"Korea, North",kp,66.67,1,0,70.0,name=67; country=['kp'],REVIEW
3dd10b94-ab62-5ae5-a73e-60104d5a70c8,a8cba52b-1ae3-5e9b-b1fb-e13f1da061fe,chol san ri,yong chol kim,"Korea, North",kp,66.67,1,0,70.0,name=67; country=['kp'],REVIEW
5f9ee52c-a87d-58ea-896c-92f65a548854,bf3c0770-67c1-5ebe-beb7-e1f150d76454,chol u yu,chol u yu,"Korea, North",,100.0,0,1,70.0,"name=100; position_overlap=['administration', 'aerospace']",REVIEW
5f9ee52c-a87d-58ea-896c-92f65a548854,f46b91e1-d7a0-59a1-b231-26c7c4c19d88,chol u yu,yong chol ho,"Korea, North",kp,66.67,1,0,70.0,name=67; country=['kp'],REVIEW
5f9ee52c-a87d-58ea-896c-92f65a548854,f94cc52e-7c0e-5ab7-9116-8acb8d38b55e,chol u yu,yong chol jo,"Korea, North",kp,66.67,1,0,70.0,name=67; country=['kp'],REVIEW
5f9ee52c-a87d-58ea-896c-92f65a548854,68d55cae-ab6e-5083-9a53-c6ae3cc2bc4b,chol u yu,chol ung nam,"Korea, North",kp,66.67,1,0,70.0,name=67; country=['kp'],REVIEW
aed6b75b-4fc2-5fec-abf0-625322fc4f37,7bb4c3ef-35ef-52a5-96a5-cca060395539,chol ha kim,song chol kim,"Korea, North",kp,66.67,1,0,70.0,name=67; country=['kp'],REVIEW
aed6b75b-4fc2-5fec-abf0-625322fc4f37,a8cba52b-1ae3-5e9b-b1fb-e13f1da061fe,chol ha kim,yong chol kim,"Korea, North",kp,66.67,1,0,70.0,name=67; country=['kp'],REVIEW
aed6b75b-4fc2-5fec-abf0-625322fc4f37,502197bb-083e-500b-ab49-3e3a29fd9e6f,chol ha kim,kuk chol jang,"Korea, North",kp,66.67,1,0,70.0,name=67; country=['kp'],REVIEW
3aea3e76-cdbe-5543-8f1e-79e51652cf89,3223540a-8b91-52b2-a4bb-3d3725575aa3,hak chol jon,myong chol jang,"Korea, North",kp,66.67,1,0,70.0,name=67; country=['kp'],REVIEW
3aea3e76-cdbe-5543-8f1e-79e51652cf89,1867f1a3-1864-5656-9b91-b3d19133316a,hak chol jon,kwang chol pyon,"Korea, North",kp,66.67,1,0,70.0,name=67; country=['kp'],REVIEW
3aea3e76-cdbe-5543-8f1e-79e51652cf89,3a3dfc35-72b0-569a-82a6-51179e0d7e1e,hak chol jon,mun chol kim,"Korea, North",kp,66.67,1,0,70.0,name=67; country=['kp'],REVIEW
3aea3e76-cdbe-5543-8f1e-79e51652cf89,4c764df4-42ba-5b64-9a59-3fe70dd4d74f,hak chol jon,chol song jo,"Korea, North",kp,66.67,1,0,70.0,name=67; country=['kp'],REVIEW
3aea3e76-cdbe-5543-8f1e-79e51652cf89,f94cc52e-7c0e-5ab7-9116-8acb8d38b55e,hak chol jon,yong chol jo,"Korea, North",kp,66.67,1,0,70.0,name=67; country=['kp'],REVIEW
3aea3e76-cdbe-5543-8f1e-79e51652cf89,1ef4b64d-9b45-56b6-9e73-5da55a083fad,hak chol jon,il ho jon,"Korea, North",kp,66.67,1,0,70.0,name=67; country=['kp'],REVIEW
3aea3e76-cdbe-5543-8f1e-79e51652cf89,9fc6c03b-4ec8-5c86-837b-988c47dae158,hak chol jon,min chol kim,"Korea, North",kp,66.67,1,0,70.0,name=67; country=['kp'],REVIEW
3aea3e76-cdbe-5543-8f1e-79e51652cf89,17547bf6-7d8b-554a-9a98-f93e9fed0066,hak chol jon,sok chol kim,"Korea, North",kp,66.67,1,0,70.0,name=67; country=['kp'],REVIEW
3aea3e76-cdbe-5543-8f1e-79e51652cf89,68d55cae-ab6e-5083-9a53-c6ae3cc2bc4b,hak chol jon,chol ung nam,"Korea, North",kp,66.67,1,0,70.0,name=67; country=['kp'],REVIEW
fba55d87-e11e-536c-80e8-00fc53ec6dce,953dd495-b9bf-54e0-8ea8-963ac47643f3,jong jin so,song hwa jong,"Korea, North",kp,66.67,1,0,70.0,name=67; country=['kp'],REVIEW
fba55d87-e11e-536c-80e8-00fc53ec6dce,697bfa89-7abb-5e26-b7a4-1c957a52b950,jong jin so,jong hyok son,"Korea, North",kp,66.67,1,0,70.0,name=67; country=['kp'],REVIEW
e28ecbaf-3233-5e7f-aed6-d0721c8b3bc9,89683347-13c3-5471-b14c-cfc9d9e13186,jong gyu sung,sung sop ku,"Korea, North",kp,66.67,1,0,70.0,name=67; country=['kp'],REVIEW
e28ecbaf-3233-5e7f-aed6-d0721c8b3bc9,290a5a17-12ba-54d3-8934-69e1a8f01234,jong gyu sung,jong son ho,"Korea, North",kp,66.67,1,0,70.0,name=67; country=['kp'],REVIEW
98d46526-22bc-5092-acc7-39b7ef15df5f,3a3dfc35-72b0-569a-82a6-51179e0d7e1e,yu il kim,mun chol kim,"Korea, North",kp,66.67,1,0,70.0,name=67; country=['kp'],REVIEW
98d46526-22bc-5092-acc7-39b7ef15df5f,c5f12979-38eb-5171-ac3f-9f9b622d122a,yu il kim,kwang-il kim,"Korea, North",kp,66.67,1,0,70.0,name=67; country=['kp'],REVIEW
8cd0c6e3-caab-55c5-94be-0cc31f55b070,953dd495-b9bf-54e0-8ea8-963ac47643f3,jong ho yun,song hwa jong,"Korea, North",kp,66.67,1,0,70.0,name=67; country=['kp'],REVIEW
8cd0c6e3-caab-55c5-94be-0cc31f55b070,409f605a-c08e-52a3-ab92-1b951394bad3,jong ho yun,jong chon pak,"Korea, North",kp,66.67,1,0,70.0,name=67; country=['kp'],REVIEW
bd8abcfa-887a-5ca1-8f14-a5dd8c78110c,697bfa89-7abb-5e26-b7a4-1c957a52b950,jong bom ko,jong hyok son,"Korea, North",kp,66.67,1,0,70.0,name=67; country=['kp'],REVIEW
bd8abcfa-887a-5ca1-8f14-a5dd8c78110c,409f605a-c08e-52a3-ab92-1b951394bad3,jong bom ko,jong chon pak,"Korea, North",kp,66.67,1,0,70.0,name=67; country=['kp'],REVIEW
86e14e01-a80e-5017-b9fc-aaa22aefdf76,a457feb7-1b89-50a1-aae6-ceedf79eaaf1,chun sop song,hong-sop ri,"Korea, North",kp,66.67,1,0,70.0,name=67; country=['kp'],REVIEW
3fb152be-1f78-5bf9-aa97-cbaa07844038,118a1ba5-17c3-5ef9-b6da-2b5c86ddb3a2,sung chan kim,song kim,"Korea, North",kp,66.67,1,0,70.0,name=67; country=['kp'],REVIEW
3fb152be-1f78-5bf9-aa97-cbaa07844038,93bbb94d-7571-5e6e-84d0-b12b0f27b292,sung chan kim,yong su kim,"Korea, North",kp,66.67,1,0,70.0,name=67; country=['kp'],REVIEW
3fb152be-1f78-5bf9-aa97-cbaa07844038,3994612e-996b-596c-91b7-90cd5320c49c,sung chan kim,tong-ho kim,"Korea, North",kp,66.67,1,0,70.0,name=67; country=['kp'],REVIEW
3fb152be-1f78-5bf9-aa97-cbaa07844038,0885644a-9a39-5222-abbc-2fbe58935244,sung chan kim,ung sun kim,"Korea, North",kp,66.67,1,0,70.0,name=67; country=['kp'],REVIEW
f3c08208-2b98-5df7-80e3-d940f854096e,9eddb6a0-baeb-5b5c-b6f2-4b9577c189b7,yong il ju,yong ju kim,"Korea, North",kp,66.67,1,0,70.0,name=67; country=['kp'],REVIEW
077959aa-ee52-5a90-a839-8c3e1ce4feca,3306c0a0-f312-56f4-a2ec-2093042bbfef,kum song jin,jin yong jon,"Korea, North",kp,66.67,1,0,70.0,name=67; country=['kp'],REVIEW
47ad2603-a5d2-5b3c-b035-391c6c9fadf7,1a737494-4a6d-55cd-b6bf-f2dbd23e696a,song jun kim,man chun kim,"Korea, North",kp,66.67,1,0,70.0,name=67; country=['kp'],REVIEW
47ad2603-a5d2-5b3c-b035-391c6c9fadf7,cb469236-b7f5-5d91-82ab-566e6d934301,song jun kim,yong bok kim,"Korea, North",kp,66.67,1,0,70.0,name=67; country=['kp'],REVIEW
47ad2603-a5d2-5b3c-b035-391c6c9fadf7,d00fc5c9-78c0-5d13-a35e-28ce581e024f,song jun kim,jong man kim,"Korea, North",kp,66.67,1,0,70.0,name=67; country=['kp'],REVIEW
c4e8dab2-3721-51a6-ae63-1e0a6c2721d6,39390504-fb4c-5a44-8689-e92b4196729a,chang sok kim,chang il ju,"Korea, North",kp,66.67,1,0,70.0,name=67; country=['kp'],REVIEW
4741c842-aa4f-5cb6-9d00-509b4d4be52a,3a697517-1a1e-5bbd-8932-f90088886e14,jong nam kim,chol sam kim,"Korea, North",kp,66.67,1,0,70.0,name=67; country=['kp'],REVIEW
257b7973-9bb2-564f-b8c5-1a55c239efc9,9f155f2b-eaf7-51fe-8216-80ab1dfa4deb,chung song kim,kyong hak kim,"Korea, North",kp,66.67,1,0,70.0,name=67; country=['kp'],REVIEW
257b7973-9bb2-564f-b8c5-1a55c239efc9,87261b3b-752a-55f6-bf56-a32e634d2725,chung song kim,myong jin kim,"Korea, North",kp,66.67,1,0,70.0,name=67; country=['kp'],REVIEW
257b7973-9bb2-564f-b8c5-1a55c239efc9,379aa3c4-5a5a-5a6b-93ee-c71e924570ba,chung song kim,kum hyok song,"Korea, North",kp,66.67,1,0,70.0,name=67; country=['kp'],REVIEW
a94b2e8e-85d9-507b-a1ca-4de6aa6b733e,e529c90b-3ff6-522a-9fbe-d13a43d290dd,kyong chol choe,un hyok choe,"Korea, North",kp,66.67,1,0,70.0,name=67; country=['kp'],REVIEW
a94b2e8e-85d9-507b-a1ca-4de6aa6b733e,4c764df4-42ba-5b64-9a59-3fe70dd4d74f,kyong chol choe,chol song jo,"Korea, North",kp,66.67,1,0,70.0,name=67; country=['kp'],REVIEW
a94b2e8e-85d9-507b-a1ca-4de6aa6b733e,211b3c34-7e1c-5566-ac2e-62eac6da9c57,kyong chol choe,kyong hun jo,"Korea, North",kp,66.67,1,0,70.0,name=67; country=['kp'],REVIEW
250b1f74-d92a-5b8e-81fd-91f406313e55,7725fd5c-cd5e-5a47-a960-87b96f9e937c,chun song jang,yong son jang,"Korea, North",kp,66.67,1,0,70.0,name=67; country=['kp'],REVIEW
3f5caa9c-1967-511d-a235-da7d3d2c5422,3223540a-8b91-52b2-a4bb-3d3725575aa3,chol gu kang,myong chol jang,"Korea, North",kp,66.67,1,0,70.0,name=67; country=['kp'],REVIEW
3f5caa9c-1967-511d-a235-da7d3d2c5422,072c2404-41d4-5fb9-ba58-340a2e1052fe,chol gu kang,chol man han,"Korea, North",kp,66.67,1,0,70.0,name=67; country=['kp'],REVIEW
3f5caa9c-1967-511d-a235-da7d3d2c5422,1867f1a3-1864-5656-9b91-b3d19133316a,chol gu kang,kwang chol pyon,"Korea, North",kp,66.67,1,0,70.0,name=67; country=['kp'],REVIEW
3f5caa9c-1967-511d-a235-da7d3d2c5422,f46b91e1-d7a0-59a1-b231-26c7c4c19d88,chol gu kang,yong chol ho,"Korea, North",kp,66.67,1,0,70.0,name=67; country=['kp'],REVIEW
3f5caa9c-1967-511d-a235-da7d3d2c5422,4c764df4-42ba-5b64-9a59-3fe70dd4d74f,chol gu kang,chol song jo,"Korea, North",kp,66.67,1,0,70.0,name=67; country=['kp'],REVIEW
3f5caa9c-1967-511d-a235-da7d3d2c5422,f94cc52e-7c0e-5ab7-9116-8acb8d38b55e,chol gu kang,yong chol jo,"Korea, North",kp,66.67,1,0,70.0,name=67; country=['kp'],REVIEW
3f5caa9c-1967-511d-a235-da7d3d2c5422,14df2660-0acf-5629-9a00-cc018ed8c391,chol gu kang,chong-chol kwak,"Korea, North",kp,66.67,1,0,70.0,name=67; country=['kp'],REVIEW
3f5caa9c-1967-511d-a235-da7d3d2c5422,255af80c-23aa-5e30-812f-dde7dff45ed7,chol gu kang,in chol jong,"Korea, North",kp,66.67,1,0,70.0,name=67; country=['kp'],REVIEW
3f5caa9c-1967-511d-a235-da7d3d2c5422,68d55cae-ab6e-5083-9a53-c6ae3cc2bc4b,chol gu kang,chol ung nam,"Korea, North",kp,66.67,1,0,70.0,name=67; country=['kp'],REVIEW
6671dde0-c650-53c2-a9cd-d29a239ac0ca,211b3c34-7e1c-5566-ac2e-62eac6da9c57,kyong jae im,kyong hun jo,"Korea, North",kp,66.67,1,0,70.0,name=67; country=['kp'],REVIEW
229631a1-a4f8-56d3-a528-bcc22873590c,57a04792-22f6-5407-b134-7ae3891e193f,song hak chae,song chol jang,"Korea, North",kp,66.67,1,0,70.0,name=67; country=['kp'],REVIEW
8a4561d5-6e38-5ae7-894b-48966e7707a5,135c4262-e6f9-5393-bc25-00c89328faca,sung jin kim,se un kim,"Korea, North",kp,66.67,1,0,70.0,name=67; country=['kp'],REVIEW
8a4561d5-6e38-5ae7-894b-48966e7707a5,d00fc5c9-78c0-5d13-a35e-28ce581e024f,sung jin kim,jong man kim,"Korea, North",kp,66.67,1,0,70.0,name=67; country=['kp'],REVIEW
8a4561d5-6e38-5ae7-894b-48966e7707a5,c5f12979-38eb-5171-ac3f-9f9b622d122a,sung jin kim,kwang-il kim,"Korea, North",kp,66.67,1,0,70.0,name=67; country=['kp'],REVIEW
cc616297-3e2c-5035-bb7f-1fdb127363a5,1a737494-4a6d-55cd-b6bf-f2dbd23e696a,song kim,man chun kim,"Korea, North",kp,50.0,1,1,70.0,name=50; country=['kp']; position_overlap=['representative'],REVIEW
cc616297-3e2c-5035-bb7f-1fdb127363a5,87261b3b-752a-55f6-bf56-a32e634d2725,song kim,myong jin kim,"Korea, North",kp,66.67,1,0,70.0,name=67; country=['kp'],REVIEW
cc616297-3e2c-5035-bb7f-1fdb127363a5,e3469632-229c-55cc-8398-8cea13972d7e,song kim,song un ri,"Korea, North",kp,66.67,1,0,70.0,name=67; country=['kp'],REVIEW
cc616297-3e2c-5035-bb7f-1fdb127363a5,4c764df4-42ba-5b64-9a59-3fe70dd4d74f,song kim,chol song jo,"Korea, North",kp,50.0,1,1,70.0,name=50; country=['kp']; position_overlap=['representative'],REVIEW
cc616297-3e2c-5035-bb7f-1fdb127363a5,3a3dfc35-72b0-569a-82a6-51179e0d7e1e,song kim,mun chol kim,"Korea, North",kp,50.0,1,1,70.0,name=50; country=['kp']; position_overlap=['representative'],REVIEW
cc616297-3e2c-5035-bb7f-1fdb127363a5,379aa3c4-5a5a-5a6b-93ee-c71e924570ba,song kim,kum hyok song,"Korea, North",kp,66.67,1,0,70.0,name=67; country=['kp'],REVIEW
cc616297-3e2c-5035-bb7f-1fdb127363a5,d00fc5c9-78c0-5d13-a35e-28ce581e024f,song kim,jong man kim,"Korea, North",kp,50.0,1,1,70.0,name=50; country=['kp']; position_overlap=['representative'],REVIEW
fbcf3541-bd8c-5aaf-bdd2-65cdbf2778af,8d63a8fa-433f-52b5-8ddd-c52e235ef793,nenad rasic,nenad popovic,Kosovo,rs,66.67,1,0,70.0,name=67; country=['rs'],REVIEW
940e4817-dc8f-5e77-ad70-f5a848a2503c,02b69b17-b0c4-56b5-9133-0f30a42d7617,ahmad al-hajjar,ali ahmad kaddoura,Lebanon,lb,66.67,1,0,70.0,name=67; country=['lb'],REVIEW
6d580cd0-246d-59b1-92c3-1232ce7035b2,4b9ed672-4b05-52fb-bdb1-41ccd0879c0c,muhammad haidar,imad mohamad bezz,Lebanon,lb,66.67,1,0,70.0,name=67; country=['lb'],REVIEW
6d580cd0-246d-59b1-92c3-1232ce7035b2,3072a731-d164-500e-b0a5-ea13710a505a,muhammad haidar,ja'far muhammad qasir,Lebanon,lb,66.67,1,0,70.0,name=67; country=['lb'],REVIEW
6d580cd0-246d-59b1-92c3-1232ce7035b2,743389e1-deb3-5481-9951-f956bbf37164,muhammad haidar,mohamad hasan wehbe,Lebanon,lb,66.67,1,0,70.0,name=67; country=['lb'],REVIEW
d0d6720b-e394-5c04-8002-a6f2cfb6f380,41ba6d37-bc46-588b-8340-4d8a9b1c56c9,rakan nasr al-din,hasan jamal-al-din,Lebanon,lb,66.67,1,0,70.0,name=67; country=['lb'],REVIEW
ba55e52b-b04b-55d0-acd3-c02ee7077388,7f82f1be-9b2f-5e70-91de-0dc6fe44efb7,muhammad al-qaryu,mohamed al-kani,Libya,ly,66.67,1,0,70.0,name=67; country=['ly'],REVIEW
297286df-6b6c-54b4-9946-4b32fef1fe91,9cbb8210-5bb9-5db4-b2a2-f0d2cf0cda35,muhammad al-dabib,mohamed koshlaf,Libya,ly,66.67,1,0,70.0,name=67; country=['ly'],REVIEW
888d9ff4-da50-55ca-94bf-f2d711ebe9b6,ef9e5aa7-449d-5251-99e0-e8114cf0e482,abd-al-shafi al-juwaifi,'abd-al-hamid al-masli,Libya,ly,66.67,1,0,70.0,name=67; country=['ly'],REVIEW
382f60c2-bbde-526d-afdb-cda906ceb80e,7f82f1be-9b2f-5e70-91de-0dc6fe44efb7,wafa al-kilani,mohamed al-kani,Libya,ly,66.67,1,0,70.0,name=67; country=['ly'],REVIEW
496a7478-0a0e-5a9e-b9a8-046fa8512bd6,7f82f1be-9b2f-5e70-91de-0dc6fe44efb7,muhammad bin ghalbon,mohamed al-kani,Libya,ly,66.67,1,0,70.0,name=67; country=['ly'],REVIEW
f8f2dc3f-9440-538f-8f96-037f86795977,5d9e3ae1-01e9-509f-8cb6-c25627359471,ali ihusaan,ali nihadh,Maldives,mv,66.67,1,0,70.0,name=67; country=['mv'],REVIEW
98b9a757-2882-50a6-a3af-25f98e68b5bf,d88c9edb-f15d-55a7-b818-1e9026043bdf,abdulla rafiu,abdulla ali manik,Maldives,mv,66.67,1,0,70.0,name=67; country=['mv'],REVIEW
3b7b5913-b9fc-5b2d-b947-b2b2237b41a6,38b94c2c-1d03-5118-83ce-fe0a0912e136,mario delgado carrillo,ildelfonso carrillo sapien,Mexico,mx,66.67,1,0,70.0,name=67; country=['mx'],REVIEW
8083fa5f-bec7-528d-a510-bd8488bbf4f9,1405d376-a911-58c2-9c4e-6d00e5e941f4,josefina rodriguez zamora,salvador diaz rodriguez,Mexico,mx,66.67,1,0,70.0,name=67; country=['mx'],REVIEW
12779d10-a9e8-5496-810f-e8c31459890c,54ba0913-4588-5d35-876d-22d9fb96ad18,vladimir bolea,vladimir plahotniuc,Moldova,md,66.67,1,0,70.0,name=67; country=['md'],REVIEW
b1744b64-5abf-557a-87c5-f2e4b05d53e4,1223b7e2-ff8c-5aca-94c1-b2b1e3870cc2,jimoh ibrahim,muhammed ibrahim isa,Nigeria,ng,66.67,1,0,70.0,name=67; country=['ng'],REVIEW
e89b4421-3300-5979-88f7-e83694b98c0a,4fbe4aae-4b66-57e0-abb9-067b28014568,jam kamal khan,abid ali khan,Pakistan,pk,66.67,1,0,70.0,name=67; country=['pk'],REVIEW
2c69e7f1-ad4a-586e-bdf1-122d4aea94f6,34994186-7cb1-5b7e-82c2-d30efde73e8b,ahad khan cheema,azam cheema,Pakistan,pk,66.67,1,0,70.0,name=67; country=['pk'],REVIEW
5a13abd4-a847-5447-ad68-ca901dbd091a,53468a54-f437-53b4-bc2b-0be24f195d16,muhammad aurangzeb,muhammad farooq,Pakistan,pk,66.67,1,0,70.0,name=67; country=['pk'],REVIEW
5a13abd4-a847-5447-ad68-ca901dbd091a,c9abbd81-607c-5b65-a0af-88f74a8e4cd9,muhammad aurangzeb,mohammed mazhar,Pakistan,pk,66.67,1,0,70.0,name=67; country=['pk'],REVIEW
7578ccc2-ed0a-533d-a9e2-3dca8892a23b,987d65a3-20c5-5a58-9585-5d5ed279540e,muhammad ishaq dar,muhammad khizar hayat,Pakistan,pk,66.67,1,0,70.0,name=67; country=['pk'],REVIEW
9fd30122-a5ee-51a8-9382-368dcbce111f,5db96148-d770-5a9b-b05a-3f5971ffc25f,syed mohsin raza naqvi,mohsin raza,Pakistan,pk,66.67,1,0,70.0,name=67; country=['pk'],REVIEW
5fbf22df-d3fc-5767-a465-4253047fd43e,2847baf2-192a-516f-86fa-6510ec73abe2,rana mubashar iqbal,muhammad iqbal,Pakistan,pk,66.67,1,0,70.0,name=67; country=['pk'],REVIEW
bdbf6c01-27bc-5ab7-a23f-6c45a20af934,c9abbd81-607c-5b65-a0af-88f74a8e4cd9,muhammad hanif abbasi,mohammed mazhar,Pakistan,pk,66.67,1,0,70.0,name=67; country=['pk'],REVIEW
bdbf6c01-27bc-5ab7-a23f-6c45a20af934,987d65a3-20c5-5a58-9585-5d5ed279540e,muhammad hanif abbasi,muhammad khizar hayat,Pakistan,pk,66.67,1,0,70.0,name=67; country=['pk'],REVIEW
28dfcbe3-854d-5b4d-973a-0f66e327165b,1063c7e3-70eb-5930-9681-33e3faa88826,sardar muhammad yousaf,muhammad saeed,Pakistan,pk,66.67,1,0,70.0,name=67; country=['pk'],REVIEW
19d89641-666f-5f5d-a65b-d189af5e95fe,2601fbed-9c4a-5ae9-bd25-f8c7f2e18d54,vladimir vladimirovich putin,andrey vladimirovich timoshin,Russia,ru,66.67,1,0,70.0,name=67; country=['ru'],REVIEW
19d89641-666f-5f5d-a65b-d189af5e95fe,5fddfe1c-baa3-5ebd-97f3-485d68ffdbd6,vladimir vladimirovich putin,valery vladimirovich semyonov,Russia,ru,66.67,1,0,70.0,name=67; country=['ru'],REVIEW
19d89641-666f-5f5d-a65b-d189af5e95fe,48351c68-3cf7-5f95-8c86-6cfc82d896ff,vladimir vladimirovich putin,pavel vladimirovich tarakanov,Russia,ru,66.67,1,0,70.0,name=67; country=['ru'],REVIEW
19d89641-666f-5f5d-a65b-d189af5e95fe,fa9c6bb6-ba7e-5f82-8330-52d622f6c7fb,vladimir vladimirovich putin,denis vladimirovich pasler,Russia,ru,66.67,1,0,70.0,name=67; country=['ru'],REVIEW
19d89641-666f-5f5d-a65b-d189af5e95fe,d90e44da-667f-57d1-b4c6-b4a30acbbb73,vladimir vladimirovich putin,igor vladimirovich borisov,Russia,ru,66.67,1,0,70.0,name=67; country=['ru'],REVIEW
19d89641-666f-5f5d-a65b-d189af5e95fe,4d965b30-6091-5d3a-98fa-afa4f093ebe8,vladimir vladimirovich putin,vladimir vyacheslavovich gast,Russia,ru,66.67,1,0,70.0,name=67; country=['ru'],REVIEW
19d89641-666f-5f5d-a65b-d189af5e95fe,19ab3328-7dac-51f7-81cd-e0f3beffde53,vladimir vladimirovich putin,nikita vladimirovich gusev,Russia,ru,66.67,1,0,70.0,name=67; country=['ru'],REVIEW
19d89641-666f-5f5d-a65b-d189af5e95fe,521ab365-45d0-5cf3-998d-3b537c0c803c,vladimir vladimirovich putin,dmitry vladimirovich gusev,Russia,ru,66.67,1,0,70.0,name=67; country=['ru'],REVIEW
19d89641-666f-5f5d-a65b-d189af5e95fe,84d5f552-e411-5caf-b68e-c361d936bda7,vladimir vladimirovich putin,dmitry vladimirovich baryshnikov,Russia,ru,66.67,1,0,70.0,name=67; country=['ru'],REVIEW
006ad23e-54a7-54a1-8822-9ce4af2635fc,f9508e29-5ac4-5e32-9d65-cfc842af7ce1,mikhail vladimirovich mishustin,alexei vladimirovich sinitsyn,Russia,ru,66.67,1,0,70.0,name=67; country=['ru'],REVIEW
006ad23e-54a7-54a1-8822-9ce4af2635fc,0e9f97fc-d779-543e-8697-597e67f508b6,mikhail vladimirovich mishustin,oleg vladimirovich tsepkin,Russia,ru,66.67,1,0,70.0,name=67; country=['ru'],REVIEW
006ad23e-54a7-54a1-8822-9ce4af2635fc,e1c7891c-917c-5b30-b7d0-5fcf65dd66a6,mikhail vladimirovich mishustin,andrei vladimirovich skoch,Russia,ru,66.67,1,0,70.0,name=67; country=['ru'],REVIEW
006ad23e-54a7-54a1-8822-9ce4af2635fc,3257e9e3-953d-553c-acc0-4e7086947546,mikhail vladimirovich mishustin,alexey vladimirovich sitnikov,Russia,ru,66.67,1,0,70.0,name=67; country=['ru'],REVIEW
006ad23e-54a7-54a1-8822-9ce4af2635fc,179195ce-ec6d-5be3-b607-01707bf1158a,mikhail vladimirovich mishustin,grigory vladimirovich shilkin,Russia,ru,66.67,1,0,70.0,name=67; country=['ru'],REVIEW
006ad23e-54a7-54a1-8822-9ce4af2635fc,004bbf86-7b5e-52cd-9674-37885196d46d,mikhail vladimirovich mishustin,mikhail vladimirovich kolesnikov,Russia,ru,66.67,1,0,70.0,name=67; country=['ru'],REVIEW
006ad23e-54a7-54a1-8822-9ce4af2635fc,521ab365-45d0-5cf3-998d-3b537c0c803c,mikhail vladimirovich mishustin,dmitry vladimirovich gusev,Russia,ru,66.67,1,0,70.0,name=67; country=['ru'],REVIEW
19ff653a-9fd8-5e8e-9100-5ac9c86d729d,79547300-7e32-5719-a6dd-14cc3db3624b,denis valentinovich manturov,viktor valentinovich seliverstov,Russia,ru,66.67,1,0,70.0,name=67; country=['ru'],REVIEW
f6fc2069-2869-5228-bae4-9e65d297ee4d,e7ece94b-d680-5143-953b-95ba3122bf89,dmitriy yuriyevich grigorenko,dmitriy sergeevich peskov,Russia,ru,66.67,1,0,70.0,name=67; country=['ru'],REVIEW
a1fcf254-dd99-5958-ace3-bcc964752c0c,31f86cb0-8992-5998-8b56-9716c9dbc649,dmitriy nikolayevich patrushev,igor nikolayevich shubin,Russia,ru,66.67,1,0,70.0,name=67; country=['ru'],REVIEW
a1fcf254-dd99-5958-ace3-bcc964752c0c,095bc267-7cf3-53bb-b74b-f079d86f0019,dmitriy nikolayevich patrushev,dmitriy nikolayevich lotsmanov,Russia,ru,66.67,1,0,70.0,name=67; country=['ru'],REVIEW
f11ad005-002c-53ae-9cda-c70654fa1f7d,1e4e8452-4dba-5dcf-87a7-561cd650aee8,vitaliy gennadyevich savelyev,vitaliy sergeyevich andreyev,Russia,ru,66.67,1,0,70.0,name=67; country=['ru'],REVIEW
42defa76-8f86-50dd-aa3e-996fc951a68e,508ce959-a7cf-5e72-83a0-ce49569f7c92,tatyana alekseyevna golikova,tatyana nikolaevna moskalkova,Russia,ru,66.67,1,0,70.0,name=67; country=['ru'],REVIEW
42defa76-8f86-50dd-aa3e-996fc951a68e,73ffc9a3-2de1-5277-8746-69cbe0b653e6,tatyana alekseyevna golikova,natalya alekseyevna orlova,Russia,ru,66.67,1,0,70.0,name=67; country=['ru'],REVIEW
42defa76-8f86-50dd-aa3e-996fc951a68e,c1476699-ce0d-58bf-8507-0a189d3233eb,tatyana alekseyevna golikova,tatyana georgiyevna lobach,Russia,ru,66.67,1,0,70.0,name=67; country=['ru'],REVIEW
11a8f3d4-bd63-5112-b032-b2f36644728e,68926fbd-0a35-5f30-b8a2-b20755936614,aleksey logvinovich overchuk,aleksey mikhaylovich serko,Russia,ru,66.67,1,0,70.0,name=67; country=['ru'],REVIEW
a7f6b2f9-1666-5d11-966d-b03d88a6038c,b7091fcf-9f9a-518c-b1e8-1e101722383d,dmitriy nikolayevich chernyshenko,andrey nikolayevich doroshenko,Russia,ru,66.67,1,0,70.0,name=67; country=['ru'],REVIEW
b45b6c16-05c3-5345-95eb-c1c6135f61b2,44566639-2dbd-533e-8830-495e5370a2ef,aleksandr valentinovich novak,aleksandr dmitrievich beglov,Russia,ru,66.67,1,0,70.0,name=67; country=['ru'],REVIEW
b45b6c16-05c3-5345-95eb-c1c6135f61b2,6a71f55c-2d8f-5956-8392-5eaf7e58f70c,aleksandr valentinovich novak,aleksandr viacheslavovich sychugov,Russia,ru,66.67,1,0,70.0,name=67; country=['ru'],REVIEW
b45b6c16-05c3-5345-95eb-c1c6135f61b2,d7df83c6-90bc-57c8-a3c8-a634182aa972,aleksandr valentinovich novak,yuri valentinovich kovalchuk,Russia,ru,66.67,1,0,70.0,name=67; country=['ru'],REVIEW
b45b6c16-05c3-5345-95eb-c1c6135f61b2,59f7376c-228a-5310-8b10-86ca5a4e051d,aleksandr valentinovich novak,yan valentinovich novikov,Russia,ru,66.67,1,0,70.0,name=67; country=['ru'],REVIEW
b45b6c16-05c3-5345-95eb-c1c6135f61b2,638ab717-e486-5424-bc83-f824eac79343,aleksandr valentinovich novak,aleksandr vitalevich tsybulskiy,Russia,ru,66.67,1,0,70.0,name=67; country=['ru'],REVIEW
b45b6c16-05c3-5345-95eb-c1c6135f61b2,820f4142-3520-5a83-a7e6-22e22d825819,aleksandr valentinovich novak,aleksandr okulov,Russia,ru,66.67,1,0,70.0,name=67; country=['ru'],REVIEW
6b7a9963-22df-5882-9a1a-45169decc49e,1f3d4354-c84e-52f3-8d46-0e1d7303be4d,oksana nikolayevna lut,galina nikolayevna solodun,Russia,ru,66.67,1,0,70.0,name=67; country=['ru'],REVIEW
6b7a9963-22df-5882-9a1a-45169decc49e,10231602-3776-507a-aac8-14b17ba1040a,oksana nikolayevna lut,olga nikolayevna khokhlova,Russia,ru,66.67,1,0,70.0,name=67; country=['ru'],REVIEW
7577e6ac-6813-5c14-a64b-543cff310d82,d1a85a07-c20f-549f-83e7-0f257ebbc45f,aleksandr vyacheslavovich kurenkov,boris vyacheslavovich gryzlov,Russia,ru,66.67,1,0,70.0,name=67; country=['ru'],REVIEW
7577e6ac-6813-5c14-a64b-543cff310d82,eacfe6c5-f73c-5bb4-b056-5b9be8a8643d,aleksandr vyacheslavovich kurenkov,oleg vyacheslavovich kucherov,Russia,ru,66.67,1,0,70.0,name=67; country=['ru'],REVIEW
7577e6ac-6813-5c14-a64b-543cff310d82,ef69fab4-7a3a-52fe-b006-f8a2197a15b9,aleksandr vyacheslavovich kurenkov,aleksandr vladimirovich onishchenko,Russia,ru,66.67,1,0,70.0,name=67; country=['ru'],REVIEW
7577e6ac-6813-5c14-a64b-543cff310d82,ebd116ad-a228-54b0-bfa7-2f74007fb3e0,aleksandr vyacheslavovich kurenkov,aleksandr yevgenyevich udodov,Russia,ru,66.67,1,0,70.0,name=67; country=['ru'],REVIEW
7577e6ac-6813-5c14-a64b-543cff310d82,e1f1409e-d42e-57de-b891-5d93e19327ec,aleksandr vyacheslavovich kurenkov,aleksandr vasilyevich tanchev,Russia,ru,66.67,1,0,70.0,name=67; country=['ru'],REVIEW
7577e6ac-6813-5c14-a64b-543cff310d82,4d965b30-6091-5d3a-98fa-afa4f093ebe8,aleksandr vyacheslavovich kurenkov,vladimir vyacheslavovich gast,Russia,ru,66.67,1,0,70.0,name=67; country=['ru'],REVIEW
7577e6ac-6813-5c14-a64b-543cff310d82,c4045cd5-bb97-5e7e-9add-cdebe6c50f4f,aleksandr vyacheslavovich kurenkov,aleksandr vladimirovich cherkovskiy,Russia,ru,66.67,1,0,70.0,name=67; country=['ru'],REVIEW
a1ba40bc-1093-5b3a-8915-c71338aae763,09bb32af-aa9f-585e-a72f-d19651d74565,andrey removich belousov,andrey grigoryevich areshev,Russia,ru,66.67,1,0,70.0,name=67; country=['ru'],REVIEW
a1ba40bc-1093-5b3a-8915-c71338aae763,904b4aa5-4505-541f-a54e-c5178ae865a3,andrey removich belousov,andrey yurievich sapelin,Russia,ru,66.67,1,0,70.0,name=67; country=['ru'],REVIEW
baf13575-cd11-5c0c-ae96-f537015d05c2,397f5c13-e218-58bd-8e09-f29e8cd70dba,aleksey olegovich chekunkov,aleksandr olegovich kalinin,Russia,ru,66.67,1,0,70.0,name=67; country=['ru'],REVIEW
baf13575-cd11-5c0c-ae96-f537015d05c2,36f6e82a-84f1-55f4-9741-1453c6e67fda,aleksey olegovich chekunkov,aleksey yevgenevich shchetinin,Russia,ru,66.67,1,0,70.0,name=67; country=['ru'],REVIEW
5ae8202c-5c03-5346-971f-d088c5aae8ef,fc284767-8829-5b16-ac92-4ce3bbab5d25,maksut igorevich shadayev,lev igorevich kovpak,Russia,ru,66.67,1,0,70.0,name=67; country=['ru'],REVIEW
2bf83e07-5387-5987-9333-0a44ebdc0a8f,b770f89f-d615-5bb8-be13-8a07bdd4b2f8,sergey sergeyevich kravtsov,sergey sergeyevich zelenyuk,Russia,ru,66.67,1,0,70.0,name=67; country=['ru'],REVIEW
2bf83e07-5387-5987-9333-0a44ebdc0a8f,fe733b31-d951-55d5-bee9-3af9959ec09a,sergey sergeyevich kravtsov,sergey yuryevich bidonko,Russia,ru,66.67,1,0,70.0,name=67; country=['ru'],REVIEW
97b179e7-8df1-5604-acd0-0ea13054997f,cb7f2c95-1416-5b15-88fc-fa7228cb672d,sergey yevgenyevich tsivilev,vladislav yevgenyevich lobaev,Russia,ru,66.67,1,0,70.0,name=67; country=['ru'],REVIEW
97b179e7-8df1-5604-acd0-0ea13054997f,0a81da37-a95c-5597-abc7-32b34d6c5eb1,sergey yevgenyevich tsivilev,sergey yevgenyevich naryshkin,Russia,ru,66.67,1,0,70.0,name=67; country=['ru'],REVIEW
9f7f1740-b4dd-5baa-9f5c-0df51713cbf6,7866d833-0e16-505d-aaee-bc99d53bf116,sergey viktorovich lavrov,sergey vladimirovich kabyshev,Russia,ru,66.67,1,0,70.0,name=67; country=['ru'],REVIEW
9f7f1740-b4dd-5baa-9f5c-0df51713cbf6,f249ce3d-a160-54df-a44e-cbc5ee8e071f,sergey viktorovich lavrov,sergey vladimirovich chepikov,Russia,ru,66.67,1,0,70.0,name=67; country=['ru'],REVIEW
9f7f1740-b4dd-5baa-9f5c-0df51713cbf6,ead987c7-79c9-5cf9-b295-600208ed974c,sergey viktorovich lavrov,aleksandr viktorovich moor,Russia,ru,66.67,1,0,70.0,name=67; country=['ru'],REVIEW
9f7f1740-b4dd-5baa-9f5c-0df51713cbf6,31388727-70df-5326-bcbf-b3b1ae2640a5,sergey viktorovich lavrov,roman viktorovich labin,Russia,ru,66.67,1,0,70.0,name=67; country=['ru'],REVIEW
9f7f1740-b4dd-5baa-9f5c-0df51713cbf6,c02c6680-138f-5068-b263-bdbfac01596d,sergey viktorovich lavrov,andrey viktorovich gurulev,Russia,ru,66.67,1,0,70.0,name=67; country=['ru'],REVIEW
9f7f1740-b4dd-5baa-9f5c-0df51713cbf6,83d84a40-9dee-5412-9ae7-708fdd6162aa,sergey viktorovich lavrov,sergey valeriyevich petrov,Russia,ru,66.67,1,0,70.0,name=67; country=['ru'],REVIEW
9f1314cf-6c54-5b3f-b942-9bf298c2e407,7842cb3c-5be7-557a-981c-5fb4a4de6b23,mikhail albertovich murashko,mikhail leonidovich sereda,Russia,ru,66.67,1,0,70.0,name=67; country=['ru'],REVIEW
f21fad05-0e28-5492-a4e5-4ca30560fe5c,c6d3cf08-d75c-52c5-b948-6e50a30a2214,vladimir aleksandrovich kolokoltsev,vladimir andreyevich beketov,Russia,ru,66.67,1,0,70.0,name=67; country=['ru'],REVIEW
f21fad05-0e28-5492-a4e5-4ca30560fe5c,c456e1af-1a90-5ea1-aecb-d7546b0fe337,vladimir aleksandrovich kolokoltsev,sergei aleksandrovich obozov,Russia,ru,66.67,1,0,70.0,name=67; country=['ru'],REVIEW
f21fad05-0e28-5492-a4e5-4ca30560fe5c,bdbdc4bd-d3ef-5f3d-94bc-80db02ae4b1c,vladimir aleksandrovich kolokoltsev,aleksey aleksandrovich potemkin,Russia,ru,66.67,1,0,70.0,name=67; country=['ru'],REVIEW
f21fad05-0e28-5492-a4e5-4ca30560fe5c,5f33bcbc-1e02-5820-8735-b5c7f9f880b5,vladimir aleksandrovich kolokoltsev,roman aleksandrovich kotekin,Russia,ru,66.67,1,0,70.0,name=67; country=['ru'],REVIEW
29a39d94-a45e-5891-a61a-73c87f60aa6c,827cf968-acf1-5bdd-a1c3-7551cc44d044,konstantin anatolyevich chuychekno,konstantin albertovich fedorenko,Russia,ru,66.67,1,0,70.0,name=67; country=['ru'],REVIEW
ed18924e-5c9b-5e5b-803d-27f2be535e3b,aa363e63-3c37-5a16-9ee8-ccab2fb77b8d,anton olegovich kotyakov,boris olegovich komotsky,Russia,ru,66.67,1,0,70.0,name=67; country=['ru'],REVIEW
cd6c171d-c9ca-554f-891b-755908ea691e,e1190e11-3ffb-55bd-9e09-e5d1181142bb,aleksandr aleksandrovich kozlov,aleksandr gennadievich razorenov,Russia,ru,66.67,1,0,70.0,name=67; country=['ru'],REVIEW
cd6c171d-c9ca-554f-891b-755908ea691e,9dde5bdc-57e3-5f10-bd59-e9fef1c969fa,aleksandr aleksandrovich kozlov,aleksandr andreyevich gayevoy,Russia,ru,66.67,1,0,70.0,name=67; country=['ru'],REVIEW
fbee7b65-a0d0-5c1f-b1ab-b1bba5553a9b,c19547cf-30d3-5e76-bd75-7577c3339e93,valeriy nikolayevich falkov,aydyn nikolayevich saryglar,Russia,ru,66.67,1,0,70.0,name=67; country=['ru'],REVIEW
fbee7b65-a0d0-5c1f-b1ab-b1bba5553a9b,23a9959a-d32b-5833-bdb1-5eda433b1918,valeriy nikolayevich falkov,aleksandr nikolayevich vorobev,Russia,ru,66.67,1,0,70.0,name=67; country=['ru'],REVIEW
d6e33049-9c30-57e4-8fa8-e9317955ad2e,4817aec1-92c4-5daa-b1bd-f4dcf2c09860,mikhail vladimirovich degtyarev,dmitry vladimirovich savelyev,Russia,ru,66.67,1,0,70.0,name=67; country=['ru'],REVIEW
d6e33049-9c30-57e4-8fa8-e9317955ad2e,5fddfe1c-baa3-5ebd-97f3-485d68ffdbd6,mikhail vladimirovich degtyarev,valery vladimirovich semyonov,Russia,ru,66.67,1,0,70.0,name=67; country=['ru'],REVIEW
d6e33049-9c30-57e4-8fa8-e9317955ad2e,48351c68-3cf7-5f95-8c86-6cfc82d896ff,mikhail vladimirovich degtyarev,pavel vladimirovich tarakanov,Russia,ru,66.67,1,0,70.0,name=67; country=['ru'],REVIEW
d6e33049-9c30-57e4-8fa8-e9317955ad2e,fa9c6bb6-ba7e-5f82-8330-52d622f6c7fb,mikhail vladimirovich degtyarev,denis vladimirovich pasler,Russia,ru,66.67,1,0,70.0,name=67; country=['ru'],REVIEW
d6e33049-9c30-57e4-8fa8-e9317955ad2e,bfc752f7-4b48-5b25-874d-98884ce5c3bc,mikhail vladimirovich degtyarev,andrey vladimirovich burov,Russia,ru,66.67,1,0,70.0,name=67; country=['ru'],REVIEW
d6e33049-9c30-57e4-8fa8-e9317955ad2e,179195ce-ec6d-5be3-b607-01707bf1158a,mikhail vladimirovich degtyarev,grigory vladimirovich shilkin,Russia,ru,66.67,1,0,70.0,name=67; country=['ru'],REVIEW
d6e33049-9c30-57e4-8fa8-e9317955ad2e,da7e8c22-2bda-5860-864f-2eeab2c120b3,mikhail vladimirovich degtyarev,mikhail yakovlevich evraev,Russia,ru,66.67,1,0,70.0,name=67; country=['ru'],REVIEW
d6e33049-9c30-57e4-8fa8-e9317955ad2e,521ab365-45d0-5cf3-998d-3b537c0c803c,mikhail vladimirovich degtyarev,dmitry vladimirovich gusev,Russia,ru,66.67,1,0,70.0,name=67; country=['ru'],REVIEW
d6e33049-9c30-57e4-8fa8-e9317955ad2e,30cd7445-4892-5044-9a8f-db3de5818c99,mikhail vladimirovich degtyarev,andrey vladimirovich kiyashko,Russia,ru,66.67,1,0,70.0,name=67; country=['ru'],REVIEW
dbe82bd4-dc46-57b0-b0e4-d46ff1522618,4db37b8b-6600-5297-87a1-ed46c2e8a904,roman vladimirovich starovoyt,denis vladimirovich gusev,Russia,ru,66.67,1,0,70.0,name=67; country=['ru'],REVIEW
dbe82bd4-dc46-57b0-b0e4-d46ff1522618,3bc0381c-7a29-5af1-885d-27f1b1782a2f,roman vladimirovich starovoyt,alexander vladimirovich narolin,Russia,ru,66.67,1,0,70.0,name=67; country=['ru'],REVIEW
dbe82bd4-dc46-57b0-b0e4-d46ff1522618,562624b4-267a-5cca-8035-f15167d03fde,roman vladimirovich starovoyt,yevgeny vladimirovich markov,Russia,ru,66.67,1,0,70.0,name=67; country=['ru'],REVIEW
dbe82bd4-dc46-57b0-b0e4-d46ff1522618,327633c4-34ad-5e18-9ce6-c38e495c00f7,roman vladimirovich starovoyt,viktor vladimirovich smirnov,Russia,ru,66.67,1,0,70.0,name=67; country=['ru'],REVIEW
dbe82bd4-dc46-57b0-b0e4-d46ff1522618,4b5d92e3-323d-545b-bf29-a732803b1c65,roman vladimirovich starovoyt,vladimir vladimirovich burmatov,Russia,ru,66.67,1,0,70.0,name=67; country=['ru'],REVIEW
dbe82bd4-dc46-57b0-b0e4-d46ff1522618,86098ed4-5113-5427-988c-b48e3ef6a049,roman vladimirovich starovoyt,nikolay vladimirovich novichkov,Russia,ru,66.67,1,0,70.0,name=67; country=['ru'],REVIEW
dbe82bd4-dc46-57b0-b0e4-d46ff1522618,ae675f69-9348-5530-a58c-9694f9000c62,roman vladimirovich starovoyt,arkady vladimirovich trachuk,Russia,ru,66.67,1,0,70.0,name=67; country=['ru'],REVIEW
dbe82bd4-dc46-57b0-b0e4-d46ff1522618,432252c5-791a-569e-9c18-1e9b7652968a,roman vladimirovich starovoyt,nikita vladimirovich nagorny,Russia,ru,66.67,1,0,70.0,name=67; country=['ru'],REVIEW
dbe82bd4-dc46-57b0-b0e4-d46ff1522618,1485105c-b6e8-5b99-ae34-444f39c35522,roman vladimirovich starovoyt,vladimir vladimirovich mazur,Russia,ru,66.67,1,0,70.0,name=67; country=['ru'],REVIEW
dbe82bd4-dc46-57b0-b0e4-d46ff1522618,00a7212f-5498-5374-ba58-9f78bbb8516e,roman vladimirovich starovoyt,sergey vladimirovich khotimskiy,Russia,ru,66.67,1,0,70.0,name=67; country=['ru'],REVIEW
dbe82bd4-dc46-57b0-b0e4-d46ff1522618,05ce64ee-55bd-5170-b618-97910f690b26,roman vladimirovich starovoyt,aleksei vladimirovich bashkirov,Russia,ru,66.67,1,0,70.0,name=67; country=['ru'],REVIEW
cc74e525-c18d-5f6c-8a8b-ea66a557c6bc,eab05bde-586f-53e1-8854-b8316d56f33a,sergey yevgenyevich naryshkin,sergey sergeyevich alekseyev,Russia,ru,66.67,1,0,70.0,name=67; country=['ru'],REVIEW
cc74e525-c18d-5f6c-8a8b-ea66a557c6bc,113171d8-7569-5a01-be6c-a0ae0a9fbcd6,sergey yevgenyevich naryshkin,sergey yevgenyevich velichko,Russia,ru,66.67,1,0,70.0,name=67; country=['ru'],REVIEW
0a20c63b-a3e5-5b97-9a17-2fa6525d1530,ead987c7-79c9-5cf9-b295-600208ed974c,aleksandr vasilyevich bortnikov,aleksandr viktorovich moor,Russia,ru,66.67,1,0,70.0,name=67; country=['ru'],REVIEW
0a20c63b-a3e5-5b97-9a17-2fa6525d1530,c4045cd5-bb97-5e7e-9add-cdebe6c50f4f,aleksandr vasilyevich bortnikov,aleksandr vladimirovich cherkovskiy,Russia,ru,66.67,1,0,70.0,name=67; country=['ru'],REVIEW
0a20c63b-a3e5-5b97-9a17-2fa6525d1530,a140edd5-fe9c-5695-9d9f-ae283a23ddea,aleksandr vasilyevich bortnikov,ilya vasilyevich shestakov,Russia,ru,66.67,1,0,70.0,name=67; country=['ru'],REVIEW
85da5294-bb31-5f57-9cb1-bc4d767cffe5,45bec3a0-f2b3-508c-9d56-f7dea64c59c4,igor viktorovich krasnov,igor vladimirovich khomenko,Russia,ru,66.67,1,0,70.0,name=67; country=['ru'],REVIEW
85da5294-bb31-5f57-9cb1-bc4d767cffe5,48b92f06-9292-5f10-9c66-e4ab988c7d3a,igor viktorovich krasnov,yury viktorovich fedorov,Russia,ru,66.67,1,0,70.0,name=67; country=['ru'],REVIEW
85da5294-bb31-5f57-9cb1-bc4d767cffe5,cf19afd4-4cbb-5893-8378-5f991b9131e8,igor viktorovich krasnov,pavel viktorovich malkov,Russia,ru,66.67,1,0,70.0,name=67; country=['ru'],REVIEW
85da5294-bb31-5f57-9cb1-bc4d767cffe5,b781b5ac-fd19-5e39-815a-d733435fc764,igor viktorovich krasnov,aleksandr viktorovich ionov,Russia,ru,66.67,1,0,70.0,name=67; country=['ru'],REVIEW
69ef53c5-e760-59db-8a23-dafa4673af75,42dc9352-b3d2-56a6-9d7a-35a80e1f9da9,anatoliy ivanovich antonov,andrey ivanovich bocharov,Russia,ru,66.67,1,0,70.0,name=67; country=['ru'],REVIEW
66e0e444-e055-571d-8efc-92a87aee35f2,81ba6db1-cf12-545e-bdad-3df5705130a6,vasiliy alekseyevich nebenzya,victor alekseyevich boyarkin,Russia,ru,66.67,1,0,70.0,name=67; country=['ru'],REVIEW
db319bef-0ee7-5055-84fb-65ce22e909e9,738ae95c-6fbb-5ebc-ac4d-153bef013ec6,abdallah al-swaha,sa'd abdullah hussein al-sharif,Saudi Arabia,sa,66.67,1,0,70.0,name=67; country=['sa'],REVIEW
fc726116-daf6-51fb-8807-341d8d0ce68d,a1efe343-58c4-55e9-85b2-f61a184d2b44,muhammad al-jadan,mustafa mohammed m. almadani,Saudi Arabia,sa,66.67,1,0,70.0,name=67; country=['sa'],REVIEW
8dff148d-4a18-5f86-adcc-4043ac3d5ff9,ce763156-052c-5946-b889-c71c5adaa2b2,muhammad bin abd al-malik al al-shaykh,'abd al-rahman muhammad zafir al-dubaysi al-juhni,Saudi Arabia,sa,66.67,1,0,70.0,name=67; country=['sa'],REVIEW
147ba313-ef1d-5225-bc02-d52875086c66,5ada1700-1c2b-51c3-b354-51cbdad9ecf9,musaid bin muhammad al-ayban,nayf salam muhammad ujaym al-hababi,Saudi Arabia,sa,66.67,1,0,70.0,name=67; country=['sa'],REVIEW
d25ddcc5-ca06-5aa2-b237-5ab988ff44d7,4fee3e24-99f4-5c3c-b58c-1e5db96bfa7b,adil al-ahmad al-jubayr,faysal ahmad 'ali al-zahrani,Saudi Arabia,sa,66.67,1,0,70.0,name=67; country=['sa'],REVIEW
1f73df7f-690d-505b-a1a2-f2bc1c2228b8,de3cc1db-f333-5c7e-8955-cbd9356460f7,yusuf mohamed adan,aadan yusuf saciid ibrahim,Somalia,so,66.67,1,0,70.0,name=67; country=['so'],REVIEW
6fe76e44-142e-53d5-9576-0ff60aa7b805,dcf232fc-16a6-560e-b674-ed50f4d8f1af,dahir shire mohamed,mohamed mire,Somalia,so,66.67,1,0,70.0,name=67; country=['so'],REVIEW
9813a436-bcaf-50ee-a39a-8e63b50c7a09,d01bc837-6503-523f-bf79-c7bee18a290c,mohamed adan moalim,mohamed jumale ali awale,Somalia,so,66.67,1,0,70.0,name=67; country=['so'],REVIEW
9813a436-bcaf-50ee-a39a-8e63b50c7a09,a1a5a5b2-15e5-59f1-bde3-392510f2ad39,mohamed adan moalim,ahmed abdi aw-mohamed,Somalia,so,66.67,1,0,70.0,name=67; country=['so'],REVIEW
9813a436-bcaf-50ee-a39a-8e63b50c7a09,03009359-616c-5506-9656-043b0db95aeb,mohamed adan moalim,ahmed abdi aw-mohamed,Somalia,so,66.67,1,0,70.0,name=67; country=['so'],REVIEW
9813a436-bcaf-50ee-a39a-8e63b50c7a09,dcf232fc-16a6-560e-b674-ed50f4d8f1af,mohamed adan moalim,mohamed mire,Somalia,so,66.67,1,0,70.0,name=67; country=['so'],REVIEW
9813a436-bcaf-50ee-a39a-8e63b50c7a09,ac9d6356-4e8a-5b2e-85d2-87757bfe6563,mohamed adan moalim,jami' 'ali muhammad,Somalia,so,66.67,1,0,70.0,name=67; country=['so'],REVIEW
9e652d34-33f0-55be-9065-021f6d5b73a0,bd92fac4-4696-5760-8ae5-3b41af811a1a,mohamed farah nur,abdikarin farah mohamed,Somalia,so,66.67,1,0,70.0,name=67; country=['so'],REVIEW
be95870c-a530-5d64-82da-7bcc1f3e21da,d75f5f12-f984-585d-a360-c073a0196b2b,mohamed hamdan dagalo,khalil ibrahim mohamed achar foudail taha,Sudan,sd,50.0,1,1,70.0,"name=50; country=['sd']; position_overlap=['chairman,']",REVIEW
fe28a4c6-9d92-5e4e-804f-4f03a1c3d81e,d4740de9-0c0f-5d33-a6f5-ec79cb755255,muhammad abdallah mahmoud,mohamed atta emoula abbas,Sudan,sd,66.67,1,0,70.0,name=67; country=['sd'],REVIEW
6f8d3b0a-45bb-5b76-a210-ac13674d0b7b,de27b4ae-658e-5936-9205-e721969d9fa8,haitham muhammad ibrahim,ali ahmed karti mohamed,Sudan,sd,66.67,1,0,70.0,name=67; country=['sd'],REVIEW
c3bbe851-9ce5-554f-ada1-dce8062fef6f,d54ea9cf-dbec-57b4-b052-99b2aa16dcc0,muhammad hassan dahab,mohammed hamdan daglo mousa,Sudan,sd,66.67,1,0,70.0,name=67; country=['sd'],REVIEW
93f38396-d1ec-5818-a7cd-bd96fce10d48,de27b4ae-658e-5936-9205-e721969d9fa8,muhammad bashir,ali ahmed karti mohamed,Sudan,sd,66.67,1,0,70.0,name=67; country=['sd'],REVIEW
c47c862d-75e5-5f45-adca-974521f25671,3d03156c-1c9d-5ef4-845a-d9d2acee9e60,muhammad nidal al-shaar,muhammad nafi bilal,Syria,sy,66.67,1,0,70.0,name=67; country=['sy'],REVIEW
6431c011-7e65-57eb-be58-5fd69139c64a,46b0bcdf-1675-5979-8a28-8da225b6efb8,muhammad yasir barniyah,muhammad ibrahim,Syria,sy,66.67,1,0,70.0,name=67; country=['sy'],REVIEW
6431c011-7e65-57eb-be58-5fd69139c64a,c1f0f927-3c2a-5ffa-b6bb-c00ea5666d28,muhammad yasir barniyah,mohammad ibrahim al-shaar,Syria,sy,66.67,1,0,70.0,name=67; country=['sy'],REVIEW
0610d2c0-faef-53d1-ad15-4070dc8f7137,ae384180-17bc-549f-98cb-8b68bedcffe7,marwan al-halabi,nasr al-ali,Syria,sy,66.67,1,0,70.0,name=67; country=['sy'],REVIEW
43b6ef8b-4f1b-57af-8e1a-e1552fdd6344,5b2f2117-06a8-53ff-96b3-afa215503142,muhammad anjarani,amr mohamed hamsho,Syria,sy,66.67,1,0,70.0,name=67; country=['sy'],REVIEW
43b6ef8b-4f1b-57af-8e1a-e1552fdd6344,4174892c-2ec8-5609-951f-4b1ded52c468,muhammad anjarani,hassan muhammad daqqou,Syria,sy,66.67,1,0,70.0,name=67; country=['sy'],REVIEW
43b6ef8b-4f1b-57af-8e1a-e1552fdd6344,03c1ade3-1f0a-5799-a9ed-ddd7ee60e759,muhammad anjarani,mohammad hussein al-jasim,Syria,sy,66.67,1,0,70.0,name=67; country=['sy'],REVIEW
c6fa8dc2-0c43-5716-a8f0-5846972e48d6,3d03156c-1c9d-5ef4-845a-d9d2acee9e60,muhammad samih hamid,muhammad nafi bilal,Syria,sy,66.67,1,0,70.0,name=67; country=['sy'],REVIEW
5eb8e600-8b44-5bbf-ab10-308a94f78062,141fe1d7-62eb-52b2-bbcb-b87866e907c6,yen-nun huang,wang ken huang,Taiwan,tw,66.67,1,0,70.0,name=67; country=['tw'],REVIEW
eeb48df0-b36b-5584-af8f-0b195b108a80,d84f8a11-0fe4-5d17-80a9-c23f1e07ab4b,cheng-wen wu,wen-fu chang,Taiwan,tw,66.67,1,0,70.0,name=67; country=['tw'],REVIEW
4f97e070-844c-5f64-9009-4313a4d4bbd8,4997d16f-6e46-5dc0-a0cd-5a525d122283,shih-chung chen,mei hsiang chen,Taiwan,tw,66.67,1,0,70.0,name=67; country=['tw'],REVIEW
01ea857c-9e27-5934-b945-a034d1fdf72f,4997d16f-6e46-5dc0-a0cd-5a525d122283,yaw-shyang chen,mei hsiang chen,Taiwan,tw,66.67,1,0,70.0,name=67; country=['tw'],REVIEW
2ff416a3-61df-505f-b641-39f60669a672,7bd95e84-0979-5fff-a6d2-c3cc5d9c2ea1,mehmet fatih kacir,mehmet kaya,Turkey,tr,66.67,1,0,70.0,name=67; country=['tr'],REVIEW
90c37efe-99a8-5519-83ab-54c924a64e8c,1af93cc8-67e4-58f1-9976-91507ad2b6ea,ahmet yildiz,ahmet yuksel,Turkey,tr,66.67,1,0,70.0,name=67; country=['tr'],REVIEW
8ff32fca-16f0-5fe7-a001-94a6de60c230,0f7258e5-21c0-5121-80ba-2e368c50e6e4,ricardo menendez prieto,ricardo jose moron hernandez,Venezuela,ve,66.67,1,0,70.0,name=67; country=['ve'],REVIEW
47d0934f-ce02-5e15-a644-9af1f138788e,dcafa5b1-1147-51d8-aea6-aa17e9ea3984,nguyen van the,van nguyen hoang,Vietnam,vn,66.67,1,0,70.0,name=67; country=['vn'],REVIEW
f1c1473e-dffb-50fd-bbb3-0f32ea88747d,67781c14-b09b-5e3e-9802-11bb1d376361,rashad muhammad al-alimi,ali muhammad muhsin salih al-hadi,Yemen,ye,66.67,1,0,70.0,name=67; country=['ye'],REVIEW
f1c1473e-dffb-50fd-bbb3-0f32ea88747d,f7e199ca-b2cb-55ab-b61d-c6f0bf4f0596,rashad muhammad al-alimi,saddam ahmad mohammad al faqih,Yemen,ye,66.67,1,0,70.0,name=67; country=['ye'],REVIEW
9578ba7b-ed8c-5041-96d8-36f346c46e40,da581888-847b-521c-9b55-ae33ac274626,tariq muhammad abdallah salih,muhammad ali al-qadiri,Yemen,ye,66.67,1,0,70.0,name=67; country=['ye'],REVIEW
9578ba7b-ed8c-5041-96d8-36f346c46e40,8b5e0a66-837f-5226-af7a-8c2d3cadd73c,tariq muhammad abdallah salih,wail muhammad said abd-al-wadud,Yemen,ye,66.67,1,0,70.0,name=67; country=['ye'],REVIEW
9578ba7b-ed8c-5041-96d8-36f346c46e40,8e698ee8-8c98-5c99-8e87-f159e0344b24,tariq muhammad abdallah salih,mohammad abdulsalam,Yemen,ye,66.67,1,0,70.0,name=67; country=['ye'],REVIEW
571aec7a-4005-5238-a8df-e363687e944d,6fe78b0b-4cdc-5bbc-b82c-7f27329f220e,aydarus qasim al-zubaydi,hashim muhsin aydarus al-hamid,Yemen,ye,66.67,1,0,70.0,name=67; country=['ye'],REVIEW
b52b2801-6f97-5c31-bb7c-ee616e85b5b9,f3e855ce-3e6e-579c-9ae1-6d0faf415a91,salem abdullah al-soqotri,ebrahim ahmed abdullah al-matari,Yemen,ye,66.67,1,0,70.0,name=67; country=['ye'],REVIEW
c309640a-c084-5456-ae1b-48034d1c7209,e9212872-ee4f-5429-89e2-8ffc2d02bd1f,muhammad edhah mahdi shabibah,muhammad fadl abd al-nabi,Yemen,ye,66.67,1,0,70.0,name=67; country=['ye'],REVIEW
3fee6e99-1e49-59ce-8c2a-06e8f58d59b0,4229028f-cb9f-52e8-820b-22fbb05edc2d,khaled ahmad al-wasabi,ahmed khaled yahya al-shahare,Yemen,ye,66.67,1,0,70.0,name=67; country=['ye'],REVIEW
3fee6e99-1e49-59ce-8c2a-06e8f58d59b0,f19c531a-dfb2-57bc-8963-7782d16e4955,khaled ahmad al-wasabi,ahmad al-hamzi,Yemen,ye,66.67,1,0,70.0,name=67; country=['ye'],REVIEW
ae54960f-d347-5091-8aed-043644222a3d,86552079-c77b-5496-beda-310cda172282,ahmad omar muhammad arman,ahmad muhammad muhammad hasan al-hadi,Yemen,ye,66.67,1,0,70.0,name=67; country=['ye'],REVIEW
ae54960f-d347-5091-8aed-043644222a3d,45a535c9-96af-54ac-b22b-6ec2fc67b6e9,ahmad omar muhammad arman,mohammed ahmed al-dawla,Yemen,ye,66.67,1,0,70.0,name=67; country=['ye'],REVIEW
5f272a74-f9a6-53b5-a1b2-5ce576352220,6b3f3f6b-6582-58f0-a17f-a19605923a01,muhammad hazm al-ashwal,khaled muhammad khalil,Yemen,ye,66.67,1,0,70.0,name=67; country=['ye'],REVIEW
d673bd64-7515-5966-9e29-0990efbfcb22,efbe65e6-1ba9-5346-99d1-653aa3c41c07,ibrahim ali ahmad haydan,nabil ali ahmed al-hadha,Yemen,ye,66.67,1,0,70.0,name=67; country=['ye'],REVIEW
d673bd64-7515-5966-9e29-0990efbfcb22,06dfd183-8507-5e75-a49b-b9d26f23108a,ibrahim ali ahmad haydan,muhammad ahmad al-talibi,Yemen,ye,66.67,1,0,70.0,name=67; country=['ye'],REVIEW
0fae46ef-f7b8-5c78-800f-923f94b34cb2,06dfd183-8507-5e75-a49b-b9d26f23108a,muhammad al-zaouri,muhammad ahmad al-talibi,Yemen,ye,66.67,1,0,70.0,name=67; country=['ye'],REVIEW
e614b1a4-c644-556d-bcf4-30f13d9b48ff,d25accbe-2c4d-5d6b-8d4b-252fcfe9a7b8,abdallah ali fadl al-saadi,hamid abdullah hussein al ahmar,Yemen,ye,66.67,1,0,70.0,name=67; country=['ye'],REVIEW
2e830ef2-5b5e-5e3f-9001-73b85779f863,7c552135-379d-50f6-928d-e36ffe148e07,abd al-rahman bin abd al-muhsin al-fadhli,'abdallah muhammad bin-sulayman al-muhaysini,Saudi Arabia,sa,65.88,1,0,69.53,name=66; country=['sa'],REVIEW
ae0688ac-473c-5dd1-9ef0-30bcdc52c48b,a4321bc2-890a-5458-9c22-36eb203db17e,sergey kuzhugetovich shoygu,sergey nikolayevich kolbin,Russia,ru,49.06,1,1,69.43,name=49; country=['ru']; position_overlap=['council'],REVIEW
9578ba7b-ed8c-5041-96d8-36f346c46e40,598e35d1-d49a-5a5b-9feb-43ac26b4ba8a,tariq muhammad abdallah salih,hisham abdulwasea hael mohammed al-nahari,Yemen,ye,65.71,1,0,69.43,name=66; country=['ye'],REVIEW
7577e6ac-6813-5c14-a64b-543cff310d82,7c8e1f48-178f-5916-aec3-6bc8540c9e0e,aleksandr vyacheslavovich kurenkov,anatoliy vyacheslavovich razinkin,Russia,ru,65.67,1,0,69.4,name=66; country=['ru'],REVIEW
60703c42-976d-5078-8240-0e96bfee1620,d25accbe-2c4d-5d6b-8d4b-252fcfe9a7b8,abd al-wahab abdullah ahmed al-hajri,hamid abdullah hussein al ahmar,Yemen,ye,65.67,1,0,69.4,name=66; country=['ye'],REVIEW
006ad23e-54a7-54a1-8822-9ce4af2635fc,08ba672e-198f-5481-8584-9e52f38f5af5,mikhail vladimirovich mishustin,aleksei vladimirovich pankrashkin,Russia,ru,65.62,1,0,69.38,name=66; country=['ru'],REVIEW
b45b6c16-05c3-5345-95eb-c1c6135f61b2,ef69fab4-7a3a-52fe-b006-f8a2197a15b9,aleksandr valentinovich novak,aleksandr vladimirovich onishchenko,Russia,ru,65.62,1,0,69.38,name=66; country=['ru'],REVIEW
7577e6ac-6813-5c14-a64b-543cff310d82,76ded7ab-18b4-5cc1-aab7-6264a9fe4c90,aleksandr vyacheslavovich kurenkov,aleksandr vladimirovich gutsan,Russia,ru,65.62,1,0,69.38,name=66; country=['ru'],REVIEW
7577e6ac-6813-5c14-a64b-543cff310d82,79a8e35a-8a46-5cca-a1e6-8652bba15fe9,aleksandr vyacheslavovich kurenkov,aleksandr nikolaevich nekrasov,Russia,ru,65.62,1,0,69.38,name=66; country=['ru'],REVIEW
f21fad05-0e28-5492-a4e5-4ca30560fe5c,d994734d-aadc-5f4b-adca-64d417a7039c,vladimir aleksandrovich kolokoltsev,vladimir mikhailovich novikov,Russia,ru,65.62,1,0,69.38,name=66; country=['ru'],REVIEW
f21fad05-0e28-5492-a4e5-4ca30560fe5c,ad19185c-6126-526f-ba06-5e90a99d1d0d,vladimir aleksandrovich kolokoltsev,nikolay aleksandrovich doluda,Russia,ru,65.62,1,0,69.38,name=66; country=['ru'],REVIEW
f21fad05-0e28-5492-a4e5-4ca30560fe5c,1b27d500-8351-5c74-a813-320f28740052,vladimir aleksandrovich kolokoltsev,viktor aleksandrovich ignatov,Russia,ru,65.62,1,0,69.38,name=66; country=['ru'],REVIEW
f21fad05-0e28-5492-a4e5-4ca30560fe5c,34dfea35-2ce8-5bf9-a3ec-8fa1aa593aca,vladimir aleksandrovich kolokoltsev,vladimir alekseyevich ilynikh,Russia,ru,65.62,1,0,69.38,name=66; country=['ru'],REVIEW
cd6c171d-c9ca-554f-891b-755908ea691e,14d5a87b-c760-5a40-9a5c-f08f9618d108,aleksandr aleksandrovich kozlov,alexander aleksandrovich remezkov,Russia,ru,65.62,1,0,69.38,name=66; country=['ru'],REVIEW
cd6c171d-c9ca-554f-891b-755908ea691e,5f27f896-f755-54fb-93f9-f31e7ad8031e,aleksandr aleksandrovich kozlov,alexander aleksandrovich borissov,Russia,ru,65.62,1,0,69.38,name=66; country=['ru'],REVIEW
d6e33049-9c30-57e4-8fa8-e9317955ad2e,6db1b7ea-2dc3-52ee-9111-d20dfb6efe53,mikhail vladimirovich degtyarev,aleksandr vladimirovich konovalov,Russia,ru,65.62,1,0,69.38,name=66; country=['ru'],REVIEW
d6e33049-9c30-57e4-8fa8-e9317955ad2e,8d1f3967-caff-51e8-a269-7cad116c90da,mikhail vladimirovich degtyarev,aleksandr vladimirovich brechalov,Russia,ru,65.62,1,0,69.38,name=66; country=['ru'],REVIEW
dbe82bd4-dc46-57b0-b0e4-d46ff1522618,0f007da9-25a1-50e0-bb50-da42b53f6f4d,roman vladimirovich starovoyt,alexander vladimirovich shcherbakov,Russia,ru,65.62,1,0,69.38,name=66; country=['ru'],REVIEW
dbe82bd4-dc46-57b0-b0e4-d46ff1522618,c4045cd5-bb97-5e7e-9add-cdebe6c50f4f,roman vladimirovich starovoyt,aleksandr vladimirovich cherkovskiy,Russia,ru,65.62,1,0,69.38,name=66; country=['ru'],REVIEW
9578ba7b-ed8c-5041-96d8-36f346c46e40,c5a971fe-e502-5a6d-90ed-2ac271e91a5b,tariq muhammad abdallah salih,ali abd-al-wahhab muhammad al-wazir,Yemen,ye,65.62,1,0,69.38,name=66; country=['ye'],REVIEW
006ad23e-54a7-54a1-8822-9ce4af2635fc,c661b36e-4129-53ec-989c-1447c159d232,mikhail vladimirovich mishustin,aleksey vladimirovich kurinniy,Russia,ru,65.57,1,0,69.34,name=66; country=['ru'],REVIEW
006ad23e-54a7-54a1-8822-9ce4af2635fc,76ded7ab-18b4-5cc1-aab7-6264a9fe4c90,mikhail vladimirovich mishustin,aleksandr vladimirovich gutsan,Russia,ru,65.57,1,0,69.34,name=66; country=['ru'],REVIEW
006ad23e-54a7-54a1-8822-9ce4af2635fc,5863277e-6f06-5e29-a6dd-abc5d6d3e59b,mikhail vladimirovich mishustin,ivan vladimirovich seliverstov,Russia,ru,65.57,1,0,69.34,name=66; country=['ru'],REVIEW
006ad23e-54a7-54a1-8822-9ce4af2635fc,e5fc429b-99df-5b3e-91d7-990868714715,mikhail vladimirovich mishustin,vladimir vladimirovich ezhikov,Russia,ru,65.57,1,0,69.34,name=66; country=['ru'],REVIEW
006ad23e-54a7-54a1-8822-9ce4af2635fc,8d91b6e2-089d-5c65-a122-e31f6fe8ee05,mikhail vladimirovich mishustin,dmitriy vladimirovich artyakov,Russia,ru,65.57,1,0,69.34,name=66; country=['ru'],REVIEW
b45b6c16-05c3-5345-95eb-c1c6135f61b2,41af9f69-5c35-54e0-ab05-481edcf20676,aleksandr valentinovich novak,aleksandr nikolayevich borodayev,Russia,ru,65.57,1,0,69.34,name=66; country=['ru'],REVIEW
7577e6ac-6813-5c14-a64b-543cff310d82,614a972d-6f19-5c0a-8ce6-7e358cee1be1,aleksandr vyacheslavovich kurenkov,aleksandr vladimirovich pan,Russia,ru,65.57,1,0,69.34,name=66; country=['ru'],REVIEW
7577e6ac-6813-5c14-a64b-543cff310d82,b781b5ac-fd19-5e39-815a-d733435fc764,aleksandr vyacheslavovich kurenkov,aleksandr viktorovich ionov,Russia,ru,65.57,1,0,69.34,name=66; country=['ru'],REVIEW
cbc77aa2-a2ff-59f0-b3ba-597e679e7517,21aed475-ebd3-552b-9a64-bc5e62710d0c,maksim gennadyevich reshetnikov,nikita gennadyevich rumyantsev,Russia,ru,65.57,1,0,69.34,name=66; country=['ru'],REVIEW
cd6c171d-c9ca-554f-891b-755908ea691e,76ded7ab-18b4-5cc1-aab7-6264a9fe4c90,aleksandr aleksandrovich kozlov,aleksandr vladimirovich gutsan,Russia,ru,65.57,1,0,69.34,name=66; country=['ru'],REVIEW
cd6c171d-c9ca-554f-891b-755908ea691e,7c40d3de-c794-5b84-958a-d3d6aab318e8,aleksandr aleksandrovich kozlov,aleksandr borisovich kurdiumov,Russia,ru,65.57,1,0,69.34,name=66; country=['ru'],REVIEW
cd6c171d-c9ca-554f-891b-755908ea691e,23a9959a-d32b-5833-bdb1-5eda433b1918,aleksandr aleksandrovich kozlov,aleksandr nikolayevich vorobev,Russia,ru,65.57,1,0,69.34,name=66; country=['ru'],REVIEW
cd6c171d-c9ca-554f-891b-755908ea691e,79a8e35a-8a46-5cca-a1e6-8652bba15fe9,aleksandr aleksandrovich kozlov,aleksandr nikolaevich nekrasov,Russia,ru,65.57,1,0,69.34,name=66; country=['ru'],REVIEW
dbe82bd4-dc46-57b0-b0e4-d46ff1522618,84d5f552-e411-5caf-b68e-c361d936bda7,roman vladimirovich starovoyt,dmitry vladimirovich baryshnikov,Russia,ru,65.57,1,0,69.34,name=66; country=['ru'],REVIEW
0a20c63b-a3e5-5b97-9a17-2fa6525d1530,76ded7ab-18b4-5cc1-aab7-6264a9fe4c90,aleksandr vasilyevich bortnikov,aleksandr vladimirovich gutsan,Russia,ru,65.57,1,0,69.34,name=66; country=['ru'],REVIEW
0a20c63b-a3e5-5b97-9a17-2fa6525d1530,d3b807f7-e116-5ff8-9cbd-98945e2ed3c7,aleksandr vasilyevich bortnikov,valerii vasilyevich lukyanenko,Russia,ru,65.57,1,0,69.34,name=66; country=['ru'],REVIEW
0a20c63b-a3e5-5b97-9a17-2fa6525d1530,102266c3-ab5c-57a2-a1a9-df4b64f7554c,aleksandr vasilyevich bortnikov,andrey vasilyevich lavrishchev,Russia,ru,65.57,1,0,69.34,name=66; country=['ru'],REVIEW
f1c1473e-dffb-50fd-bbb3-0f32ea88747d,8be9133e-acb4-5e12-ad2c-240afaf8a8a0,rashad muhammad al-alimi,maher yahya muhammad mutahar al-kinai,Yemen,ye,65.57,1,0,69.34,name=66; country=['ye'],REVIEW
692d0217-0dbb-5722-b4f2-ed73c5bdc12a,c5a971fe-e502-5a6d-90ed-2ac271e91a5b,abdullah al-alimi ba wazir,ali abd-al-wahhab muhammad al-wazir,Yemen,ye,65.57,1,0,69.34,name=66; country=['ye'],REVIEW
06ea8d5b-6792-571b-b5b4-2654fd81bff7,22308161-827c-5c1a-be93-5080efa03b61,muhammad kortikaila salih,ahmad muhammed harun,Sudan,sd,48.89,1,1,69.33,name=49; country=['sd']; position_overlap=['minister'],REVIEW
6bf403eb-cd49-5885-a951-153e5cde5d09,d0d71b8c-d60c-5e4f-9f84-da1dc25ef2e3,nizar muhammad said amedi,mohammed saeed odhafa al behadili,Iraq,iq,65.52,1,0,69.31,name=66; country=['iq'],REVIEW
006ad23e-54a7-54a1-8822-9ce4af2635fc,45bec3a0-f2b3-508c-9d56-f7dea64c59c4,mikhail vladimirovich mishustin,igor vladimirovich khomenko,Russia,ru,65.52,1,0,69.31,name=66; country=['ru'],REVIEW
006ad23e-54a7-54a1-8822-9ce4af2635fc,2014156a-eb35-5e71-ab7d-084a2ecde420,mikhail vladimirovich mishustin,eddie vladimirovich astanin,Russia,ru,65.52,1,0,69.31,name=66; country=['ru'],REVIEW
f6fc2069-2869-5228-bae4-9e65d297ee4d,2cbaeea6-e8de-513c-8407-a45a8181c680,dmitriy yuriyevich grigorenko,dmitriy viktorovich pogorelyy,Russia,ru,65.52,1,0,69.31,name=66; country=['ru'],REVIEW
a1fcf254-dd99-5958-ace3-bcc964752c0c,51eb6b04-bec4-5d0c-ad49-6a4c273cfebf,dmitriy nikolayevich patrushev,victor nikolayevich kiryanov,Russia,ru,65.52,1,0,69.31,name=66; country=['ru'],REVIEW
2bf83e07-5387-5987-9333-0a44ebdc0a8f,3f4bdd2c-afcb-50d6-b197-721e941a178f,sergey sergeyevich kravtsov,sergey vladimirovich krivonosov,Russia,ru,65.52,1,0,69.31,name=66; country=['ru'],REVIEW
cd6c171d-c9ca-554f-891b-755908ea691e,b77eea75-0974-52cb-a278-8370715a797b,aleksandr aleksandrovich kozlov,aleksandr sergeyevich ushko,Russia,ru,65.52,1,0,69.31,name=66; country=['ru'],REVIEW
cd6c171d-c9ca-554f-891b-755908ea691e,a8017cdb-3614-589b-ae45-29a8f529ae35,aleksandr aleksandrovich kozlov,oleg aleksandrovich golikov,Russia,ru,65.52,1,0,69.31,name=66; country=['ru'],REVIEW
cd6c171d-c9ca-554f-891b-755908ea691e,397f5c13-e218-58bd-8e09-f29e8cd70dba,aleksandr aleksandrovich kozlov,aleksandr olegovich kalinin,Russia,ru,65.52,1,0,69.31,name=66; country=['ru'],REVIEW
fbee7b65-a0d0-5c1f-b1ab-b1bba5553a9b,31cb7354-b723-55e2-abc2-6aaee31731ef,valeriy nikolayevich falkov,nikolay nikolayevich vladimirov,Russia,ru,65.52,1,0,69.31,name=66; country=['ru'],REVIEW
d6e33049-9c30-57e4-8fa8-e9317955ad2e,45bec3a0-f2b3-508c-9d56-f7dea64c59c4,mikhail vladimirovich degtyarev,igor vladimirovich khomenko,Russia,ru,65.52,1,0,69.31,name=66; country=['ru'],REVIEW
d6e33049-9c30-57e4-8fa8-e9317955ad2e,add8cbb7-beea-5cad-8363-985df4e963ef,mikhail vladimirovich degtyarev,pavel vladimirovich lapshov,Russia,ru,65.52,1,0,69.31,name=66; country=['ru'],REVIEW
d6e33049-9c30-57e4-8fa8-e9317955ad2e,614a972d-6f19-5c0a-8ce6-7e358cee1be1,mikhail vladimirovich degtyarev,aleksandr vladimirovich pan,Russia,ru,65.52,1,0,69.31,name=66; country=['ru'],REVIEW
dbe82bd4-dc46-57b0-b0e4-d46ff1522618,2601fbed-9c4a-5ae9-bd25-f8c7f2e18d54,roman vladimirovich starovoyt,andrey vladimirovich timoshin,Russia,ru,65.52,1,0,69.31,name=66; country=['ru'],REVIEW
dbe82bd4-dc46-57b0-b0e4-d46ff1522618,4690a2cd-d492-5486-b89f-c5993ed7c3f8,roman vladimirovich starovoyt,sergei vladimirovich berezkin,Russia,ru,65.52,1,0,69.31,name=66; country=['ru'],REVIEW
dbe82bd4-dc46-57b0-b0e4-d46ff1522618,f9508e29-5ac4-5e32-9d65-cfc842af7ce1,roman vladimirovich starovoyt,alexei vladimirovich sinitsyn,Russia,ru,65.52,1,0,69.31,name=66; country=['ru'],REVIEW
dbe82bd4-dc46-57b0-b0e4-d46ff1522618,7866d833-0e16-505d-aaee-bc99d53bf116,roman vladimirovich starovoyt,sergey vladimirovich kabyshev,Russia,ru,65.52,1,0,69.31,name=66; country=['ru'],REVIEW
dbe82bd4-dc46-57b0-b0e4-d46ff1522618,f249ce3d-a160-54df-a44e-cbc5ee8e071f,roman vladimirovich starovoyt,sergey vladimirovich chepikov,Russia,ru,65.52,1,0,69.31,name=66; country=['ru'],REVIEW
dbe82bd4-dc46-57b0-b0e4-d46ff1522618,30cd7445-4892-5044-9a8f-db3de5818c99,roman vladimirovich starovoyt,andrey vladimirovich kiyashko,Russia,ru,65.52,1,0,69.31,name=66; country=['ru'],REVIEW
dbe82bd4-dc46-57b0-b0e4-d46ff1522618,67278d57-1dea-5771-a69c-c556825d9f27,roman vladimirovich starovoyt,andrei vladimirovich khokhlov,Russia,ru,65.52,1,0,69.31,name=66; country=['ru'],REVIEW
cc74e525-c18d-5f6c-8a8b-ea66a557c6bc,b5a90dea-5d5b-5fd0-b872-15669c8a7d7d,sergey yevgenyevich naryshkin,valeriy yevgenyevich chekalov,Russia,ru,65.52,1,0,69.31,name=66; country=['ru'],REVIEW
0a20c63b-a3e5-5b97-9a17-2fa6525d1530,397f5c13-e218-58bd-8e09-f29e8cd70dba,aleksandr vasilyevich bortnikov,aleksandr olegovich kalinin,Russia,ru,65.52,1,0,69.31,name=66; country=['ru'],REVIEW
0a20c63b-a3e5-5b97-9a17-2fa6525d1530,614a972d-6f19-5c0a-8ce6-7e358cee1be1,aleksandr vasilyevich bortnikov,aleksandr vladimirovich pan,Russia,ru,65.52,1,0,69.31,name=66; country=['ru'],REVIEW
66e0e444-e055-571d-8efc-92a87aee35f2,34dfea35-2ce8-5bf9-a3ec-8fa1aa593aca,vasiliy alekseyevich nebenzya,vladimir alekseyevich ilynikh,Russia,ru,65.52,1,0,69.31,name=66; country=['ru'],REVIEW
ea7e8ab1-0b3e-5477-9efc-81b4021f53c5,128f8416-4f33-552e-bc21-449c1487581c,ahmad husayn al-shara’,talib 'ali husayn al-ahmad al-rawi,Syria,sy,65.52,1,0,69.31,name=66; country=['sy'],REVIEW
692d0217-0dbb-5722-b4f2-ed73c5bdc12a,f3e855ce-3e6e-579c-9ae1-6d0faf415a91,abdullah al-alimi ba wazir,ebrahim ahmed abdullah al-matari,Yemen,ye,65.52,1,0,69.31,name=66; country=['ye'],REVIEW
e614b1a4-c644-556d-bcf4-30f13d9b48ff,f3e855ce-3e6e-579c-9ae1-6d0faf415a91,abdallah ali fadl al-saadi,ebrahim ahmed abdullah al-matari,Yemen,ye,65.52,1,0,69.31,name=66; country=['ye'],REVIEW
51957458-67ed-54a9-9a0a-2c57fc419b81,17621829-f5e3-5edb-b7c1-4037b6fa11af,mohamed salah el-din,mohammed abdel-halim hemaida saleh,Egypt,eg,65.45,1,0,69.27,name=65; country=['eg'],REVIEW
6bf403eb-cd49-5885-a951-153e5cde5d09,3b376dfb-779b-5692-a674-60c7fc008917,nizar muhammad said amedi,amir rashid muhammad al-ubaidi,Iraq,iq,65.45,1,0,69.27,name=65; country=['iq'],REVIEW
19d89641-666f-5f5d-a65b-d189af5e95fe,add8cbb7-beea-5cad-8363-985df4e963ef,vladimir vladimirovich putin,pavel vladimirovich lapshov,Russia,ru,65.45,1,0,69.27,name=65; country=['ru'],REVIEW
19d89641-666f-5f5d-a65b-d189af5e95fe,3d8db14d-6653-57ed-939b-f51a4d6d3c1d,vladimir vladimirovich putin,eduard vladimirovich isakov,Russia,ru,65.45,1,0,69.27,name=65; country=['ru'],REVIEW
19d89641-666f-5f5d-a65b-d189af5e95fe,43a0313e-e27f-5e8b-9286-ec74845b9ce1,vladimir vladimirovich putin,andrey vladimirovich chibis,Russia,ru,65.45,1,0,69.27,name=65; country=['ru'],REVIEW
19d89641-666f-5f5d-a65b-d189af5e95fe,614a972d-6f19-5c0a-8ce6-7e358cee1be1,vladimir vladimirovich putin,aleksandr vladimirovich pan,Russia,ru,65.45,1,0,69.27,name=65; country=['ru'],REVIEW
42defa76-8f86-50dd-aa3e-996fc951a68e,6ad33e4c-a636-5826-8f20-77342b041390,tatyana alekseyevna golikova,tatyana grigoryevna ivanova,Russia,ru,65.45,1,0,69.27,name=65; country=['ru'],REVIEW
42defa76-8f86-50dd-aa3e-996fc951a68e,6b21c1ed-9399-5d47-97f1-653ca0684196,tatyana alekseyevna golikova,nelli alekseyevna parutenko,Russia,ru,65.45,1,0,69.27,name=65; country=['ru'],REVIEW
b45b6c16-05c3-5345-95eb-c1c6135f61b2,e18d6f2e-f483-5839-9a49-3d3b3c71988a,aleksandr valentinovich novak,igor valentinovich korobov,Russia,ru,65.45,1,0,69.27,name=65; country=['ru'],REVIEW
baf13575-cd11-5c0c-ae96-f537015d05c2,f89f5f02-510f-54b8-be76-e656303dd205,aleksey olegovich chekunkov,aleksey viktorovich lukashev,Russia,ru,65.45,1,0,69.27,name=65; country=['ru'],REVIEW
9f7f1740-b4dd-5baa-9f5c-0df51713cbf6,457251f1-6557-5de6-8f02-47f443a701f9,sergey viktorovich lavrov,vasiliy viktorovich gromovikov,Russia,ru,65.45,1,0,69.27,name=65; country=['ru'],REVIEW
9f7f1740-b4dd-5baa-9f5c-0df51713cbf6,d206fb36-eba6-54c5-b42a-1e7da22a336c,sergey viktorovich lavrov,sergey vladimirovich dokuchaev,Russia,ru,65.45,1,0,69.27,name=65; country=['ru'],REVIEW
fbee7b65-a0d0-5c1f-b1ab-b1bba5553a9b,662990c0-431d-5c25-b1cd-49eb78304e71,valeriy nikolayevich falkov,viktor nikolayevich bondarev,Russia,ru,65.45,1,0,69.27,name=65; country=['ru'],REVIEW
dbe82bd4-dc46-57b0-b0e4-d46ff1522618,fa9c6bb6-ba7e-5f82-8330-52d622f6c7fb,roman vladimirovich starovoyt,denis vladimirovich pasler,Russia,ru,65.45,1,0,69.27,name=65; country=['ru'],REVIEW
dbe82bd4-dc46-57b0-b0e4-d46ff1522618,521ab365-45d0-5cf3-998d-3b537c0c803c,roman vladimirovich starovoyt,dmitry vladimirovich gusev,Russia,ru,65.45,1,0,69.27,name=65; country=['ru'],REVIEW
85da5294-bb31-5f57-9cb1-bc4d767cffe5,d2f76547-d864-5d11-a9f5-315999fd1003,igor viktorovich krasnov,aleksandr viktorovich ryzhenkov,Russia,ru,65.45,1,0,69.27,name=65; country=['ru'],REVIEW
147ba313-ef1d-5225-bc02-d52875086c66,516cc5cd-b2c6-5313-bc6d-dbc1bb91cff3,musaid bin muhammad al-ayban,mustafa hajji muhammad khan,Saudi Arabia,pk,65.45,1,0,69.27,name=65; country=['sa'],REVIEW
6f8d3b0a-45bb-5b76-a210-ac13674d0b7b,e5341fb2-36ca-5ce6-9281-efcd2d8f9910,haitham muhammad ibrahim,gebreil ibrahim mohamed fediel,Sudan,sd,65.45,1,0,69.27,name=65; country=['sd'],REVIEW
5f272a74-f9a6-53b5-a1b2-5ce576352220,e69ac5cf-6e65-55a7-976c-38ba5f1bff5d,muhammad hazm al-ashwal,muhammad abd al-karim al-ghamari,Yemen,ye,65.45,1,0,69.27,name=65; country=['ye'],REVIEW
864e8a54-af6f-5a84-b771-c5ee02ed365a,0be9e904-0612-561d-94d1-09fac6fb297b,alyaksandr khadzhayew,alyaksandr henadzievich tkachou,Belarus,by,65.38,1,0,69.23,name=65; country=['by'],REVIEW
6d1e8ef5-326c-5bbd-befc-5ae9796f8f32,7884d8e7-8b54-5f17-8f5a-3d626736ea87,pedro arnulfo sanchez suarez,arnulfo sanchez gonzalez,Colombia,co,65.38,1,0,69.23,name=65; country=['co'],REVIEW
0283dd0a-f371-58d5-9a3c-315ce2a64e8b,6457da92-94e4-52d5-81b2-dd1606f2b28d,armando benedetti,armando alberto benedetti villaneda,Colombia,co,65.38,1,0,69.23,name=65; country=['co'],REVIEW
304687be-72b5-5f04-8437-e74cf2ccd578,83b5cee8-8f6e-50b3-b605-decd22b27ce0,mohammad-reza salehi-amiri,vahid mohammad naser majid,Iran,ir,65.38,1,0,69.23,name=65; country=['ir'],REVIEW
286d8443-aff7-5178-b2a1-75291c9f61ae,f483691c-9469-55c6-a17c-93ff2768c050,mohammad-reza zafarqandi,mohammad reza raouf sheibani,Iran,ir,65.38,1,0,69.23,name=65; country=['ir'],REVIEW
f5bba0b2-1672-538d-a57d-6a7713adea30,dd1ac8c2-88ca-5d07-9b1b-2a5ce6fdd9bc,basim muhammad khudayr,basim mohammad hasab al-majidi,Iraq,iq,65.38,1,0,69.23,name=65; country=['iq'],REVIEW
19ff653a-9fd8-5e8e-9100-5ac9c86d729d,2f6ab7c2-0434-5037-9841-76322413f33a,denis valentinovich manturov,denis yakovlevich gafner,Russia,ru,65.38,1,0,69.23,name=65; country=['ru'],REVIEW
5ae8202c-5c03-5346-971f-d088c5aae8ef,3bc9127e-a4dc-5a65-b439-a2b396dcc1a7,maksut igorevich shadayev,stanislav igorevich molotov,Russia,ru,65.38,1,0,69.23,name=65; country=['ru'],REVIEW
2bf83e07-5387-5987-9333-0a44ebdc0a8f,682d2a7a-10d2-55fb-a17e-18e79ffd8368,sergey sergeyevich kravtsov,pavel sergeyevich grachev,Russia,ru,65.38,1,0,69.23,name=65; country=['ru'],REVIEW
2bf83e07-5387-5987-9333-0a44ebdc0a8f,5b5fb38a-d579-540e-a617-3d9544c0d42a,sergey sergeyevich kravtsov,batu sergeyevich khasikov,Russia,ru,65.38,1,0,69.23,name=65; country=['ru'],REVIEW
9f7f1740-b4dd-5baa-9f5c-0df51713cbf6,b781b5ac-fd19-5e39-815a-d733435fc764,sergey viktorovich lavrov,aleksandr viktorovich ionov,Russia,ru,65.38,1,0,69.23,name=65; country=['ru'],REVIEW
ae0688ac-473c-5dd1-9ef0-30bcdc52c48b,adc3a534-23b4-5aaf-a344-78d8f74f12fb,sergey kuzhugetovich shoygu,sergey mikhaylovich sokol,Russia,ru,65.38,1,0,69.23,name=65; country=['ru'],REVIEW
85da5294-bb31-5f57-9cb1-bc4d767cffe5,6b58da87-f515-564f-8dbb-82ae85af8700,igor viktorovich krasnov,nikita vladimirovich krasnov,Russia,ru,65.38,1,0,69.23,name=65; country=['ru'],REVIEW
85da5294-bb31-5f57-9cb1-bc4d767cffe5,b4242136-1b0e-5a49-ada9-c243ca900179,igor viktorovich krasnov,dmitriy viktorovich lameykin,Russia,ru,65.38,1,0,69.23,name=65; country=['ru'],REVIEW
85da5294-bb31-5f57-9cb1-bc4d767cffe5,f89f5f02-510f-54b8-be76-e656303dd205,igor viktorovich krasnov,aleksey viktorovich lukashev,Russia,ru,65.38,1,0,69.23,name=65; country=['ru'],REVIEW
85da5294-bb31-5f57-9cb1-bc4d767cffe5,eae749cd-fe8a-53f5-b0ec-304a10150e3c,igor viktorovich krasnov,igor vladimirovich panchenko,Russia,ru,65.38,1,0,69.23,name=65; country=['ru'],REVIEW
69ef53c5-e760-59db-8a23-dafa4673af75,e32c1c46-ca12-53e0-9b73-610a6b611db6,anatoliy ivanovich antonov,anatoly ivanovich shirokov,Russia,ru,65.38,1,0,69.23,name=65; country=['ru'],REVIEW
69ef53c5-e760-59db-8a23-dafa4673af75,d92e2d9f-843f-5e3c-8f72-10d91fddf791,anatoliy ivanovich antonov,anatoly ivanovich lisitsyn,Russia,ru,65.38,1,0,69.23,name=65; country=['ru'],REVIEW
69ef53c5-e760-59db-8a23-dafa4673af75,b8746fe0-3755-5efa-af0e-92fe14c76666,anatoliy ivanovich antonov,anatoliy leonidovich popov,Russia,ru,65.38,1,0,69.23,name=65; country=['ru'],REVIEW
861c9cab-7980-5987-ab24-9341ef0775ac,d01bc837-6503-523f-bf79-c7bee18a290c,bashir mohamed jama goobbe,mohamed jumale ali awale,Somalia,so,65.38,1,0,69.23,name=65; country=['so'],REVIEW
fe28a4c6-9d92-5e4e-804f-4f03a1c3d81e,d54ea9cf-dbec-57b4-b052-99b2aa16dcc0,muhammad abdallah mahmoud,mohammed hamdan daglo mousa,Sudan,sd,65.38,1,0,69.23,name=65; country=['sd'],REVIEW
6b7a9963-22df-5882-9a1a-45169decc49e,850bb168-5318-5ff8-a983-454d62eac767,oksana nikolayevna lut,olga nikolayevna anufriyeva,Russia,ru,65.31,1,0,69.18,name=65; country=['ru'],REVIEW
6b7a9963-22df-5882-9a1a-45169decc49e,4d515e7e-47d0-5ecd-978b-a8f66a73d9dc,oksana nikolayevna lut,maria nikolayevna prusakova,Russia,ru,65.31,1,0,69.18,name=65; country=['ru'],REVIEW
dcec7de1-abdf-59fb-b307-d4eefda190be,e5d0c3bd-1a4d-5ec3-9861-8cff76a652f5,olga borisovna lyubimova,elena borisovna shumilova,Russia,ru,65.31,1,0,69.18,name=65; country=['ru'],REVIEW
dcec7de1-abdf-59fb-b307-d4eefda190be,2d76e341-2b2b-5acf-8a4f-21140692a2ab,olga borisovna lyubimova,yelena borisovna mizulina,Russia,ru,65.31,1,0,69.18,name=65; country=['ru'],REVIEW
a1ba40bc-1093-5b3a-8915-c71338aae763,7540edb1-4322-5f1f-9c28-7aec8194546a,andrey removich belousov,andrey petrovich kazazaev,Russia,ru,65.31,1,0,69.18,name=65; country=['ru'],REVIEW
2bf83e07-5387-5987-9333-0a44ebdc0a8f,6b885131-e8e7-56d5-9907-7922de290bf2,sergey sergeyevich kravtsov,ivan sergeyevich kusov,Russia,ru,65.31,1,0,69.18,name=65; country=['ru'],REVIEW
df456803-12e3-51a9-be87-159ecd3813eb,0d989333-b5e4-5986-a6ff-d15cb42fdc20,anton germanovich siluanov,anton igorevich lopatin,Russia,ru,65.31,1,0,69.18,name=65; country=['ru'],REVIEW
df456803-12e3-51a9-be87-159ecd3813eb,568eb2b7-60c7-54ec-9d8d-68bf503a6959,anton germanovich siluanov,anton sergeevich urusov,Russia,ru,65.31,1,0,69.18,name=65; country=['ru'],REVIEW
9f7f1740-b4dd-5baa-9f5c-0df51713cbf6,ce76ab3c-6d8c-5a26-badb-b87b9d5b57c8,sergey viktorovich lavrov,ruslan viktorovich labin,Russia,ru,65.31,1,0,69.18,name=65; country=['ru'],REVIEW
ed18924e-5c9b-5e5b-803d-27f2be535e3b,51033061-7fe3-5a3b-b32f-bb52c6c755da,anton olegovich kotyakov,anton mikhaylovich ivanov,Russia,ru,65.31,1,0,69.18,name=65; country=['ru'],REVIEW
85da5294-bb31-5f57-9cb1-bc4d767cffe5,277848be-7ff7-5411-9e86-8301e733e9ac,igor viktorovich krasnov,pavel viktorovich akifyev,Russia,ru,65.31,1,0,69.18,name=65; country=['ru'],REVIEW
85da5294-bb31-5f57-9cb1-bc4d767cffe5,499d0bdf-c7b5-5c81-9466-7e4d28fe1e7f,igor viktorovich krasnov,igor nikolayevich morozov,Russia,ru,65.31,1,0,69.18,name=65; country=['ru'],REVIEW
85da5294-bb31-5f57-9cb1-bc4d767cffe5,b5af4470-0c81-5b60-8ab4-8f795106fa20,igor viktorovich krasnov,pavel viktorovich andreev,Russia,ru,65.31,1,0,69.18,name=65; country=['ru'],REVIEW
6f8d3b0a-45bb-5b76-a210-ac13674d0b7b,5252be32-3554-50b4-8a1d-bb0eaf1262cd,haitham muhammad ibrahim,mohammed ibrahim sulaiman,Sudan,sd,65.31,1,0,69.18,name=65; country=['sd'],REVIEW
9de6e65f-8f57-5068-b9fd-0a982f9d7506,de27b4ae-658e-5936-9205-e721969d9fa8,hisham ahmed ali abu zaid,ali ahmed karti mohamed,Sudan,sd,65.31,1,0,69.18,name=65; country=['sd'],REVIEW
f1c1473e-dffb-50fd-bbb3-0f32ea88747d,e9212872-ee4f-5429-89e2-8ffc2d02bd1f,rashad muhammad al-alimi,muhammad fadl abd al-nabi,Yemen,ye,65.31,1,0,69.18,name=65; country=['ye'],REVIEW
9578ba7b-ed8c-5041-96d8-36f346c46e40,b40c5ae2-6ff8-5232-84a7-4be080a8476b,tariq muhammad abdallah salih,muhammad al-sunaydar,Yemen,ye,65.31,1,0,69.18,name=65; country=['ye'],REVIEW
fad6b794-28f0-5b61-92b0-531e88e1121b,4f5dc1ce-87ae-5719-8c68-4edc9cf1e13c,mohammad-jafar qaempanah,mohammad sadegh fatehi,Iran,ir,65.22,1,0,69.13,name=65; country=['ir'],REVIEW
304687be-72b5-5f04-8437-e74cf2ccd578,1671ce01-bc8d-5c82-978f-e559b3e5a67a,mohammad-reza salehi-amiri,mohammed saeed ajily,Iran,ir,65.22,1,0,69.13,name=65; country=['ir'],REVIEW
304687be-72b5-5f04-8437-e74cf2ccd578,7936afc8-797b-5e41-b9ce-471b68954a82,mohammad-reza salehi-amiri,mohammad nazar azimi,Iran,ir,65.22,1,0,69.13,name=65; country=['ir'],REVIEW
6bf403eb-cd49-5885-a951-153e5cde5d09,cf2e739e-f211-5d58-88a8-bd4a665943b9,nizar muhammad said amedi,mohammed tahir hammid,Iraq,iq,65.22,1,0,69.13,name=65; country=['iq'],REVIEW
02365e20-d950-5c86-8365-cd4254a18cc4,3103b1d4-183d-5f9e-87d6-a7e3da147a4a,sarwa abd al-wahid,nawaf ahmad alwan al-rashidi,Iraq,iq,65.22,1,0,69.13,name=65; country=['iq'],REVIEW
c3c00c54-eeee-5a2b-81d9-289765a74eab,dfc419c9-6a67-55b1-9fc1-5b656a612805,rosura ruiz gutierrez,jose luis gutierrez ochoa,Mexico,mx,65.22,1,0,69.13,name=65; country=['mx'],REVIEW
4114467e-6461-53b3-95fa-167acc8d60b0,2006c08e-309f-5eb5-adb0-2c64293eb5df,citlalli hernandez mora,regulo acosta hernandez,Mexico,mx,65.22,1,0,69.13,name=65; country=['mx'],REVIEW
4114467e-6461-53b3-95fa-167acc8d60b0,e28cf8e2-03cf-5462-809a-a7af2ab8a823,citlalli hernandez mora,arturo hernandez moreno,Mexico,mx,65.22,1,0,69.13,name=65; country=['mx'],REVIEW
e74dcac3-8629-5c1e-ae65-a122e848330b,1405d376-a911-58c2-9c4e-6d00e5e941f4,victoria rodriguez ceja,salvador diaz rodriguez,Mexico,mx,65.22,1,0,69.13,name=65; country=['mx'],REVIEW
8ae67ed2-1944-586e-a3bc-a18b6ab3a36e,f3f6a050-e2ce-50ae-a2ea-d375973b197d,khwaja muhammad asif,mohammad masood azhar alvi,Pakistan,pk,65.22,1,0,69.13,name=65; country=['pk'],REVIEW
bb38a58b-4874-577a-8715-5812ec6b7ab1,9636b92d-acb0-5a33-8da1-5d8dd1634d84,ali bin ahmed al-kuwari,abd al-muayyid al-banai,Qatar,qa,65.22,1,0,69.13,name=65; country=['qa'],REVIEW
69ef53c5-e760-59db-8a23-dafa4673af75,ade00b0f-7cc9-58e8-bcc1-9c32b39003e5,anatoliy ivanovich antonov,anatoliy voronovskiy,Russia,ru,65.22,1,0,69.13,name=65; country=['ru'],REVIEW
1d3648e0-890b-5857-b494-38f5e5169785,516cc5cd-b2c6-5313-bc6d-dbc1bb91cff3,muhammad bin salman,mustafa hajji muhammad khan,Saudi Arabia,pk,65.22,1,0,69.13,name=65; country=['sa'],REVIEW
861c9cab-7980-5987-ab24-9341ef0775ac,ac9d6356-4e8a-5b2e-85d2-87757bfe6563,bashir mohamed jama goobbe,jami' 'ali muhammad,Somalia,so,65.22,1,0,69.13,name=65; country=['so'],REVIEW
f322b8e0-5492-53f6-9b5f-c2f86507973b,0d28db77-1acc-5075-b46b-c815209f84cf,abdulkadir muhammad nur,mohamed mire ali yusuf,Somalia,so,65.22,1,0,69.13,name=65; country=['so'],REVIEW
ac9c6dc5-aee9-5725-a52b-091d465c61b4,6ad005c0-b3d5-555b-8be0-efebe062a29b,khadija mohamed dirie,bashir mohamed mahamoud,Somalia,so,65.22,1,0,69.13,name=65; country=['so'],REVIEW
2ac13cfb-390d-57f3-8211-eb1b67b2053a,9320d0c3-6bd1-508c-9ced-c50d13389db5,usman husayn osman,taha osman ahmed al-hussein,Sudan,sd,65.22,1,0,69.13,name=65; country=['sd'],REVIEW
f1c1473e-dffb-50fd-bbb3-0f32ea88747d,6b3f3f6b-6582-58f0-a17f-a19605923a01,rashad muhammad al-alimi,khaled muhammad khalil,Yemen,ye,65.22,1,0,69.13,name=65; country=['ye'],REVIEW
b0654420-c034-5096-9710-656720166c3b,865148e7-2e38-56ce-bd93-29736be0ceee,shaya al-zindani,shaykh abd-al-majid al-zindani,Yemen,ye,65.22,1,0,69.13,name=65; country=['ye'],REVIEW
3fee6e99-1e49-59ce-8c2a-06e8f58d59b0,efbe65e6-1ba9-5346-99d1-653aa3c41c07,khaled ahmad al-wasabi,nabil ali ahmed al-hadha,Yemen,ye,65.22,1,0,69.13,name=65; country=['ye'],REVIEW
e614b1a4-c644-556d-bcf4-30f13d9b48ff,cafaa4e4-5308-5e54-b1ca-0581e76ffc39,abdallah ali fadl al-saadi,abdul qader al-shami,Yemen,ye,65.22,1,0,69.13,name=65; country=['ye'],REVIEW
6edb8d16-a351-56c2-ba23-539c0d283047,f8a08a81-e0b2-54bc-a812-70bb258f7c74,mohamed irfaan ali,azruddin intiaz mohamed,Guyana,gy,65.12,1,0,69.07,name=65; country=['gy'],REVIEW
1a8f313c-00cf-566a-a5e5-16a23c87195d,2b0f4b31-6b10-5a45-9354-ffb5a2cea122,mohammad-reza aref,mohammad bagher shirinkar,Iran,ir,65.12,1,0,69.07,name=65; country=['ir'],REVIEW
f09fa64f-3749-5bb9-8eae-47aa0e56fc7c,93ea4f71-cc32-53ba-9f88-ea051fbc39aa,mohamad-reza farzin,mohammad ali yazdan joo,Iran,ir,65.12,1,0,69.07,name=65; country=['ir'],REVIEW
f09fa64f-3749-5bb9-8eae-47aa0e56fc7c,fcb770d4-5dc7-5552-96ab-244f779f361c,mohamad-reza farzin,mohammad ali noorinajad,Iran,ir,65.12,1,0,69.07,name=65; country=['ir'],REVIEW
23aa2249-7320-5ad4-ab3d-0ff7fe21c2c6,ef9e5aa7-449d-5251-99e0-e8114cf0e482,abd-al-hamid dubaybah,'abd-al-hamid al-masli,Libya,ly,65.12,1,0,69.07,name=65; country=['ly'],REVIEW
17ca8132-371b-5b30-8f9c-76a5584240ea,1607cb3a-30a4-5337-9451-1e8aed958030,mohamed shaheem ali saeed,mohamed thasleem,Maldives,mv,65.12,1,0,69.07,name=65; country=['mv'],REVIEW
b7c878f1-ff17-5033-8e09-b96f9d59f372,646cef4e-2651-5692-ade8-15b415e0209f,ali naseer mohamed,mohamed naushad shareef,Maldives,mv,65.12,1,0,69.07,name=65; country=['mv'],REVIEW
bdbf6c01-27bc-5ab7-a23f-6c45a20af934,47d82e5a-4c84-52ee-97d9-6a72e06da980,muhammad hanif abbasi,ali muhammad abu turab,Pakistan,pk,65.12,1,0,69.07,name=65; country=['pk'],REVIEW
db319bef-0ee7-5055-84fb-65ce22e909e9,adcabc47-487b-5206-a09d-970a5311ccbb,abdallah al-swaha,waleed abdullah m. alsehri,Saudi Arabia,sa,65.12,1,0,69.07,name=65; country=['sa'],REVIEW
fc726116-daf6-51fb-8807-341d8d0ce68d,788493c3-fdd9-517d-9d58-ef4c0e30c79f,muhammad al-jadan,mohammed saad h. alzahrani,Saudi Arabia,sa,65.12,1,0,69.07,name=65; country=['sa'],REVIEW
1f73df7f-690d-505b-a1a2-f2bc1c2228b8,5b1f9cfe-6333-5a34-bf72-4601e91daba9,yusuf mohamed adan,abdirahman mohamed omar,Somalia,so,65.12,1,0,69.07,name=65; country=['so'],REVIEW
6fe76e44-142e-53d5-9576-0ff60aa7b805,0d28db77-1acc-5075-b46b-c815209f84cf,dahir shire mohamed,mohamed mire ali yusuf,Somalia,so,65.12,1,0,69.07,name=65; country=['so'],REVIEW
6fe76e44-142e-53d5-9576-0ff60aa7b805,93bb4600-d2fb-5e03-9e63-be7fcb794178,dahir shire mohamed,mohamed abdullah hirey,Somalia,so,65.12,1,0,69.07,name=65; country=['so'],REVIEW
9813a436-bcaf-50ee-a39a-8e63b50c7a09,93bb4600-d2fb-5e03-9e63-be7fcb794178,mohamed adan moalim,mohamed abdullah hirey,Somalia,so,65.12,1,0,69.07,name=65; country=['so'],REVIEW
f1c1473e-dffb-50fd-bbb3-0f32ea88747d,8e698ee8-8c98-5c99-8e87-f159e0344b24,rashad muhammad al-alimi,mohammad abdulsalam,Yemen,ye,65.12,1,0,69.07,name=65; country=['ye'],REVIEW
0fae46ef-f7b8-5c78-800f-923f94b34cb2,e9212872-ee4f-5429-89e2-8ffc2d02bd1f,muhammad al-zaouri,muhammad fadl abd al-nabi,Yemen,ye,65.12,1,0,69.07,name=65; country=['ye'],REVIEW
c2ad6c13-1cc1-5fd6-9d59-f848e76820d9,ca425696-d9a2-583c-bb3b-b4ac5152885d,qari din mohammad,hafiz mohammed popalzai,Afghanistan,af,65.0,1,0,69.0,name=65; country=['af'],REVIEW
237f8b95-1a7a-558f-a604-a4d187bac313,6757840d-9a20-587a-93ee-6130d27da55e,mohamed tarek belaribi,mohamed belkalem,Algeria,dz,65.0,1,0,69.0,name=65; country=['dz'],REVIEW
053197b2-c2cf-5616-8cd1-fa82f161f429,c928e5ff-5690-5828-ab89-222b7a629dd1,mohammed hasan mahmud,khan mohammad azad,Bangladesh,bd,65.0,1,0,69.0,name=65; country=['bd'],REVIEW
da32fc97-fa5b-5a05-8800-aa86629ef333,28888838-059b-5960-bf4b-8aa40758a456,rosen zhelyazkov,ilko dimitrov zhelyazkov,Bulgaria,bg,65.0,1,0,69.0,name=65; country=['bg'],REVIEW
1a8f313c-00cf-566a-a5e5-16a23c87195d,4f5dc1ce-87ae-5719-8c68-4edc9cf1e13c,mohammad-reza aref,mohammad sadegh fatehi,Iran,ir,65.0,1,0,69.0,name=65; country=['ir'],REVIEW
1a8f313c-00cf-566a-a5e5-16a23c87195d,53151d7d-43e9-5d7f-938b-abce15639918,mohammad-reza aref,mohammed reza rezakhah,Iran,ir,65.0,1,0,69.0,name=65; country=['ir'],REVIEW
486633c7-d65d-579c-a85e-bd4fb32cc714,102ac090-9c2b-5984-8c3f-5344aa29c7af,mohammad eslami,mohammad hossein khosravi,Iran,ir,65.0,1,0,69.0,name=65; country=['ir'],REVIEW
3b010830-4c7f-51c8-b05c-d12a854b19eb,73b4e39d-1a76-5bad-adac-6f83e048102f,mohammad atabak,mohammad sadegh abutalebi,Iran,ir,65.0,1,0,69.0,name=65; country=['ir'],REVIEW
f09fa64f-3749-5bb9-8eae-47aa0e56fc7c,1671ce01-bc8d-5c82-978f-e559b3e5a67a,mohamad-reza farzin,mohammed saeed ajily,Iran,ir,65.0,1,0,69.0,name=65; country=['ir'],REVIEW
f09fa64f-3749-5bb9-8eae-47aa0e56fc7c,2446035d-492b-5f26-8822-efb9805f7f6b,mohamad-reza farzin,mohammed reza sabahi,Iran,ir,65.0,1,0,69.0,name=65; country=['ir'],REVIEW
f09fa64f-3749-5bb9-8eae-47aa0e56fc7c,40caeb44-4367-5c87-98b0-88ee4bfe2d57,mohamad-reza farzin,mohammed reza zahedi,Iran,ir,65.0,1,0,69.0,name=65; country=['ir'],REVIEW
f09fa64f-3749-5bb9-8eae-47aa0e56fc7c,2de51460-70d9-563e-ba09-b47e89a73727,mohamad-reza farzin,mohammad ali mirzaei,Iran,ir,65.0,1,0,69.0,name=65; country=['ir'],REVIEW
ede10d47-1dc0-591b-a561-e286797d055d,d72482c5-ddc9-5b1f-b377-a3d91bbc073c,muhammad nuri karbuli,muhammad kawtharani,Iraq,lb,65.0,1,0,69.0,name=65; country=['iq'],REVIEW
e99a93cd-d651-54c7-9cfb-47b31d79bd9e,ef9e5aa7-449d-5251-99e0-e8114cf0e482,abd-al-munim salih,'abd-al-hamid al-masli,Libya,ly,65.0,1,0,69.0,name=65; country=['ly'],REVIEW
9412ad48-ae9b-5557-b3c8-0e2f80fc9fff,17a765d4-8ac6-5c2f-ab02-44470e66e130,mohamed khaled nordin,mohamad rafi udin,Malaysia,my,65.0,1,0,69.0,name=65; country=['my'],REVIEW
416eb7e2-cfa3-52ec-8759-c3655a0b39d3,e89ae9fb-04e2-5b11-8e4d-929444a380c6,qaiser ahmed sheikh,muhammad naeem sheikh,Pakistan,pk,65.0,1,0,69.0,name=65; country=['pk'],REVIEW
19d64331-4a98-5a1a-8b23-f2b5fc66029a,ad7df207-f6cd-5f10-9347-2818aaa731ed,abd al-aziz al-wasil,abdul rahim al-talhi,Saudi Arabia,sa,65.0,1,0,69.0,name=65; country=['sa'],REVIEW
1f73df7f-690d-505b-a1a2-f2bc1c2228b8,72f8f519-fbb6-549b-b6d8-3b3a6bb1dac8,yusuf mohamed adan,mohamed ahmed qahiye,Somalia,so,65.0,1,0,69.0,name=65; country=['so'],REVIEW
9e652d34-33f0-55be-9065-021f6d5b73a0,6676865c-3b5a-5664-950b-7dac11640ad1,mohamed farah nur,mohamed omar mohamed,Somalia,so,65.0,1,0,69.0,name=65; country=['so'],REVIEW
911eed12-a02f-5d5a-b2d5-798a46483094,cc612d8a-68be-5479-b5a7-e9c56e9226cf,ali sharif ahmed,ahmed haji ali haji omar,Somalia,so,65.0,1,0,69.0,name=65; country=['so'],REVIEW
93f38396-d1ec-5818-a7cd-bd96fce10d48,5252be32-3554-50b4-8a1d-bb0eaf1262cd,muhammad bashir,mohammed ibrahim sulaiman,Sudan,sd,65.0,1,0,69.0,name=65; country=['sd'],REVIEW
c2369b0c-9fa5-5e0b-a144-0128a0d33c6e,4174892c-2ec8-5609-951f-4b1ded52c468,muhammad al-bashir,hassan muhammad daqqou,Syria,sy,65.0,1,0,69.0,name=65; country=['sy'],REVIEW
c2369b0c-9fa5-5e0b-a144-0128a0d33c6e,0a8efc38-c56b-5504-b1ca-3465823a3b64,muhammad al-bashir,abu mohammed al-adnani,Syria,sy,65.0,1,0,69.0,name=65; country=['sy'],REVIEW
68657b9d-e5cc-59b2-9a65-84e447d02169,811a0034-7dbe-511e-acb9-eeecb6ed4144,as’ad hasan al-shaybani,bassam al-hassan,Syria,sy,65.0,1,0,69.0,name=65; country=['sy'],REVIEW
c6fa8dc2-0c43-5716-a8f0-5846972e48d6,5197bf7d-4bce-53f1-be16-82be8fb3e890,muhammad samih hamid,mohammed dib zaitoun,Syria,sy,65.0,1,0,69.0,name=65; country=['sy'],REVIEW
5f272a74-f9a6-53b5-a1b2-5ce576352220,d69934a9-5fe1-572e-beb8-7fbcafcdbb2b,muhammad hazm al-ashwal,mohamed al-atifi,Yemen,ye,65.0,1,0,69.0,name=65; country=['ye'],REVIEW
1b652019-36c0-552b-9031-55ce6822d027,4be6cd1d-7989-5983-a7d2-bc54dc02b2f8,abd al-salam hadi,abdullah yahya al hakim,Yemen,ye,65.0,1,0,69.0,name=65; country=['ye'],REVIEW
0a20c63b-a3e5-5b97-9a17-2fa6525d1530,f7193da6-0a52-59fc-b497-776bd6177782,aleksandr vasilyevich bortnikov,sergey vasilyevich yakhnyuk,Russia,ru,48.28,1,1,68.97,name=48; country=['ru']; position_overlap=['federal'],REVIEW
8dff148d-4a18-5f86-adcc-4043ac3d5ff9,7c884148-fc42-58b0-aac5-ccc11fe5f304,muhammad bin abd al-malik al al-shaykh,abd al hamid sulaiman muhammed al-mujil,Saudi Arabia,sa,64.94,1,0,68.96,name=65; country=['sa'],REVIEW
505bfc47-dc10-5cb8-a9fb-b8b04e6cbae4,a41b4f92-5705-5038-886b-1dc7bc050c75,mohammad khalid,shah mohammad barakzai,Afghanistan,af,64.86,1,0,68.92,name=65; country=['af'],REVIEW
d9d20d48-92b2-5eb8-9ee1-38faa1562a34,c928e5ff-5690-5828-ab89-222b7a629dd1,mohammad ali arafat,khan mohammad azad,Bangladesh,bd,64.86,1,0,68.92,name=65; country=['bd'],REVIEW
7d149833-d657-5fb3-9d7e-d1c4cde4da4e,eed27341-c99f-56bb-8073-0408e02b48b0,antoliano peralta,cesar emilio peralta,Dominican Republic,do,64.86,1,0,68.92,name=65; country=['do'],REVIEW
1a8f313c-00cf-566a-a5e5-16a23c87195d,493f8d6f-afeb-52d3-8b68-1ee5416e2afb,mohammad-reza aref,reza amiri moghadam,Iran,ir,64.86,1,0,68.92,name=65; country=['ir'],REVIEW
486633c7-d65d-579c-a85e-bd4fb32cc714,175f3941-a0ee-5049-bdb1-85d59a66bb67,mohammad eslami,mohammad-reza ashtiani,Iran,ir,64.86,1,0,68.92,name=65; country=['ir'],REVIEW
3b010830-4c7f-51c8-b05c-d12a854b19eb,175f3941-a0ee-5049-bdb1-85d59a66bb67,mohammad atabak,mohammad-reza ashtiani,Iran,ir,64.86,1,0,68.92,name=65; country=['ir'],REVIEW
6d580cd0-246d-59b1-92c3-1232ce7035b2,dd539a8b-4ec6-5e8e-b928-ea2aabf80547,muhammad haidar,mohammad ibrahim bazzi,Lebanon,lb,64.86,1,0,68.92,name=65; country=['lb'],REVIEW
6d580cd0-246d-59b1-92c3-1232ce7035b2,5f79a220-dfe0-566d-8da4-a1d7bdb9172b,muhammad haidar,jamil mohamad khafaja,Lebanon,lb,64.86,1,0,68.92,name=65; country=['lb'],REVIEW
6d580cd0-246d-59b1-92c3-1232ce7035b2,4174892c-2ec8-5609-951f-4b1ded52c468,muhammad haidar,hassan muhammad daqqou,Lebanon,sy,64.86,1,0,68.92,name=65; country=['lb'],REVIEW
6d580cd0-246d-59b1-92c3-1232ce7035b2,4078f29e-e70e-5f94-bfef-5fe666d6a054,muhammad haidar,ahmad mohamad yazbeck,Lebanon,lb,64.86,1,0,68.92,name=65; country=['lb'],REVIEW
e99a93cd-d651-54c7-9cfb-47b31d79bd9e,8a0cacd9-622a-5bb8-9852-c71228ba22e4,abd-al-munim salih,abd al-rahman milad,Libya,ly,64.86,1,0,68.92,name=65; country=['ly'],REVIEW
f81da043-bcdd-54d0-b39b-a6bd118ff328,9b6ae75d-25a2-59ee-9fcb-3008cf5ed239,omar garcia harfuch,tomasa garcia rios,Mexico,mx,64.86,1,0,68.92,name=65; country=['mx'],REVIEW
0a9c1d84-ef52-5a43-bad4-c2a7042f43d6,24b50789-f8d0-53db-b7d2-2f4ec2eeccdf,mohamed saad berrada,muhammad abbatay,Morocco,ma,64.86,1,0,68.92,name=65; country=['ma'],REVIEW
b08359ad-f4b2-5ed8-a169-9edaaa85a66f,f39a7c31-e583-57a6-8aea-d8353f85b93c,mohamed mehdi bensaid,mohamed abrini,Morocco,be,64.86,1,0,68.92,name=65; country=['ma'],REVIEW
db319bef-0ee7-5055-84fb-65ce22e909e9,ad7df207-f6cd-5f10-9347-2818aaa731ed,abdallah al-swaha,abdul rahim al-talhi,Saudi Arabia,sa,64.86,1,0,68.92,name=65; country=['sa'],REVIEW
ab9f2529-ed9b-5956-afab-73f4e0edcd43,72f8f519-fbb6-549b-b6d8-3b3a6bb1dac8,salah ahmed jama,mohamed ahmed qahiye,Somalia,so,64.86,1,0,68.92,name=65; country=['so'],REVIEW
9813a436-bcaf-50ee-a39a-8e63b50c7a09,a72cd322-d017-5a0b-958a-1aceaebfe32d,mohamed adan moalim,ali mohamed rage,Somalia,so,64.86,1,0,68.92,name=65; country=['so'],REVIEW
fabf06b4-4899-5bee-9d88-c344a301a181,caee9fd6-b43c-5de4-89ca-40a3a05b4de3,abdul salam hanafi,abdul samad sani,Afghanistan,af,64.71,1,0,68.82,name=65; country=['af'],REVIEW
71843300-ef3f-5160-bf9a-6815fd90d030,217b5921-ab71-5d02-b73b-54707404e3ce,andrey shved,andrei ivanavich shved,Belarus,by,64.71,1,0,68.82,name=65; country=['by'],REVIEW
a62082bb-02ac-54a1-a89f-a0e1812e97ab,3f1ad98b-ad28-5a97-907e-6b37f6a0ec74,thet khaing win,khin thiri thet mon,Burma,zm,64.71,1,0,68.82,name=65; country=['zm'],REVIEW
df480bf7-b23e-5b4e-808c-896ab30d2464,a5fe3196-9204-5bb0-a03f-721d996773b9,abraha asfaha,abraha kassa nemariam,Eritrea,er,64.71,1,0,68.82,name=65; country=['er'],REVIEW
6fc4b716-246b-5695-9850-74755cb934d9,58d716d9-1810-58c9-a7c6-43ce7d327347,jitendra singh,jugwinder singh brar,India,in,64.71,1,0,68.82,name=65; country=['in'],REVIEW
71e240eb-741e-57da-994b-2cc7abbc865f,cd58b0ec-37fa-528d-a6c0-66d00fc9f02f,mohsen haji-mirzaei,mohsen ebrahimi,Iran,ir,64.71,1,0,68.82,name=65; country=['ir'],REVIEW
71e240eb-741e-57da-994b-2cc7abbc865f,c4dff94b-e53a-5121-8e45-9c44b547c615,mohsen haji-mirzaei,mohsen alikhani,Iran,ir,64.71,1,0,68.82,name=65; country=['ir'],REVIEW
1a8f313c-00cf-566a-a5e5-16a23c87195d,f3272569-03ab-598d-9b3b-ebc1063f9c65,mohammad-reza aref,mohammad bagheri,Iran,ir,64.71,1,0,68.82,name=65; country=['ir'],REVIEW
1a8f313c-00cf-566a-a5e5-16a23c87195d,eb519384-d0a5-5f38-9fc9-317c7373860e,mohammad-reza aref,mohammad abedini,Iran,ir,64.71,1,0,68.82,name=65; country=['ir'],REVIEW
f4ea4886-8be2-5d37-a640-c17e42563a62,1cfb94eb-ce2a-54b4-a3c3-d9bc89b49f4a,abbas salehi-shariati,abbas sartaji,Iran,ir,64.71,1,0,68.82,name=65; country=['ir'],REVIEW
9527d76f-4f43-5099-83ad-80e09d382873,65330aa4-7263-514a-a810-87edd8c5f35d,ali-reza kazemi,morteza ali bakhshi,Iran,ir,64.71,1,0,68.82,name=65; country=['ir'],REVIEW
cdfd7c52-2fa6-55f8-baff-cfe317ebcbc0,1b1782c4-a0c2-5b72-9c43-076434d1b40c,falih al-sari,hussein falah al-lami,Iraq,iq,64.71,1,0,68.82,name=65; country=['iq'],REVIEW
cdfd7c52-2fa6-55f8-baff-cfe317ebcbc0,1dd4b526-1e25-5bf0-a484-41297b4b9d9e,falih al-sari,ali maarij al-bahadly,Iraq,iq,64.71,1,0,68.82,name=65; country=['iq'],REVIEW
b3fce8a0-b61f-5db2-89d9-5d6f7758230e,bc6af824-d929-5d74-bf0e-2bd699e1e7f5,ibrahim munir,osama al kuni ibrahim,Libya,ly,64.71,1,0,68.82,name=65; country=['ly'],REVIEW
8ae67ed2-1944-586e-a3bc-a18b6ab3a36e,02767790-0df9-58e3-9dd6-e6040b7f7888,khwaja muhammad asif,faqir muhammad,Pakistan,pk,64.71,1,0,68.82,name=65; country=['pk'],REVIEW
8ae67ed2-1944-586e-a3bc-a18b6ab3a36e,0f9172ac-7065-5480-92e7-b862da0a2931,khwaja muhammad asif,muhammad maruf,Pakistan,pk,64.71,1,0,68.82,name=65; country=['pk'],REVIEW
8ae67ed2-1944-586e-a3bc-a18b6ab3a36e,2847baf2-192a-516f-86fa-6510ec73abe2,khwaja muhammad asif,muhammad iqbal,Pakistan,pk,64.71,1,0,68.82,name=65; country=['pk'],REVIEW
50fc3491-9c61-5fd4-a1a9-9ef9a5554e8a,cf350077-285c-58b8-8875-08ec56a313d8,syed imran ahmed shah,shahzad ahmed,Pakistan,pk,64.71,1,0,68.82,name=65; country=['pk'],REVIEW
f2077323-1b0e-5542-90db-01fe340e86bf,f60c95a4-afad-54d2-939d-0fb4cb6adb45,hashim ismail ali,ali saleh husain,Yemen,ye,64.71,1,0,68.82,name=65; country=['ye'],REVIEW
34d8db5a-0109-5817-b07f-4588ef010a59,458ef4d1-256a-5cca-ab61-f8386ffe3c4d,yury chebotar,yury sivakov,Belarus,by,48.0,1,1,68.8,name=48; country=['by']; position_overlap=['minister'],REVIEW
86f62f16-2175-5afa-b820-a898c02c9063,71e2c383-be37-5093-847b-bcdc810d2990,ye myint tun,tun tun naung,Burma,zm,48.0,1,1,68.8,name=48; country=['zm']; position_overlap=['minister'],REVIEW
c7a1b474-a0ab-5df4-8d68-f47f5b403fdb,6ca2121f-4d93-5c24-9ed7-0036f0ac6060,hyon chol jon,thae chol ri,"Korea, North",kp,48.0,1,1,68.8,name=48; country=['kp']; position_overlap=['vice'],REVIEW
7577e6ac-6813-5c14-a64b-543cff310d82,0b0d6f4b-9de1-5c54-a532-87783a0cfa57,aleksandr vyacheslavovich kurenkov,aleksandr aleksandrovich vyalov,Russia,ru,64.62,1,0,68.77,name=65; country=['ru'],REVIEW
f21fad05-0e28-5492-a4e5-4ca30560fe5c,7f712351-9b06-5838-95d2-4f40993aeb28,vladimir aleksandrovich kolokoltsev,igor aleksandrovich antropenko,Russia,ru,64.62,1,0,68.77,name=65; country=['ru'],REVIEW
f21fad05-0e28-5492-a4e5-4ca30560fe5c,a3e8681e-dc90-596f-9126-607e5da8f1ac,vladimir aleksandrovich kolokoltsev,nikolai aleksandrovich tupikin,Russia,ru,64.62,1,0,68.77,name=65; country=['ru'],REVIEW
f21fad05-0e28-5492-a4e5-4ca30560fe5c,fb703de7-9d25-5364-bd59-0a0f1b267e8f,vladimir aleksandrovich kolokoltsev,kirill aleksandrovich dmitriev,Russia,ru,64.62,1,0,68.77,name=65; country=['ru'],REVIEW
cd6c171d-c9ca-554f-891b-755908ea691e,ae369c5e-ca37-57f5-91f2-79042705f375,aleksandr aleksandrovich kozlov,alexander aleksandrovich moskovsky,Russia,ru,64.62,1,0,68.77,name=65; country=['ru'],REVIEW
cd6c171d-c9ca-554f-891b-755908ea691e,896ae7fc-3049-5302-847e-6f9c3e6103ea,aleksandr aleksandrovich kozlov,alexander aleksandrovich malkevich,Russia,ru,64.62,1,0,68.77,name=65; country=['ru'],REVIEW
0a20c63b-a3e5-5b97-9a17-2fa6525d1530,6a71f55c-2d8f-5956-8392-5eaf7e58f70c,aleksandr vasilyevich bortnikov,aleksandr viacheslavovich sychugov,Russia,ru,64.62,1,0,68.77,name=65; country=['ru'],REVIEW
c7ad8cab-7fe7-57cc-b129-c8f8731256ef,a3a04197-e5bb-5e12-b36a-7be0d00f969c,khalid bin abd al-aziz al-falih,khalid abd al-rahman hamd al-fawaz,Saudi Arabia,sa,64.62,1,0,68.77,name=65; country=['sa'],REVIEW
22a90d9b-1224-53d5-8b6f-8521113fdb1c,caee9fd6-b43c-5de4-89ca-40a3a05b4de3,abdul haq wasiq,abdul samad sani,Afghanistan,af,64.52,1,0,68.71,name=65; country=['af'],REVIEW
fa14c5ae-32d5-5a85-9f5b-ba8a1c4a0c41,d807c3c2-886e-5eb0-8572-4067082b2000,hardeep singh puri,ranveer singh,India,in,64.52,1,0,68.71,name=65; country=['in'],REVIEW
71e240eb-741e-57da-994b-2cc7abbc865f,d537a550-3921-5f6b-ac89-248557fa55b6,mohsen haji-mirzaei,mohsen asadi,Iran,ir,64.52,1,0,68.71,name=65; country=['ir'],REVIEW
486633c7-d65d-579c-a85e-bd4fb32cc714,36a38799-8c88-553f-a7b7-66630900cccf,mohammad eslami,mohammad mokhber,Iran,ir,64.52,1,0,68.71,name=65; country=['ir'],REVIEW
5d65308b-947a-5e22-8942-4c00ef3223ef,610e7899-cb06-59be-b6be-7c49ae65fae6,abdol-naser hemmati,naser maleki,Iran,ir,64.52,1,0,68.71,name=65; country=['ir'],REVIEW
3b010830-4c7f-51c8-b05c-d12a854b19eb,a1683ae8-9d84-575c-8714-e13be351af86,mohammad atabak,mohammad gholami,Iran,ir,64.52,1,0,68.71,name=65; country=['ir'],REVIEW
3b010830-4c7f-51c8-b05c-d12a854b19eb,36a38799-8c88-553f-a7b7-66630900cccf,mohammad atabak,mohammad mokhber,Iran,ir,64.52,1,0,68.71,name=65; country=['ir'],REVIEW
940e4817-dc8f-5e77-ad70-f5a848a2503c,3e5d3d20-44bd-54c3-a4ae-c3fcb160775d,ahmad al-hajjar,ali ahmad krisht,Lebanon,lb,64.52,1,0,68.71,name=65; country=['lb'],REVIEW
b781a0b5-c67f-56e7-8379-db86df736447,7a32de25-7496-5cd3-9227-89088c96609d,fathallah al-zani,faysal al-wadi,Libya,ly,64.52,1,0,68.71,name=65; country=['ly'],REVIEW
9f322d7f-9aa5-5b39-a223-1568ac34bdc3,24b50789-f8d0-53db-b7d2-2f4ec2eeccdf,mohamed hajoui,muhammad abbatay,Morocco,ma,64.52,1,0,68.71,name=65; country=['ma'],REVIEW
225b387b-6c9c-565d-acc8-2f001dd4c615,ee879773-6ece-5be3-bee8-8792e0b3f817,syed mustafa kamal,mustafa hamid,Pakistan,eg,64.52,1,0,68.71,name=65; country=['pk'],REVIEW
225b387b-6c9c-565d-acc8-2f001dd4c615,40b50621-72a2-55a6-8ad6-c859c5db9d5c,syed mustafa kamal,syed ali raza,Pakistan,pk,64.52,1,0,68.71,name=65; country=['pk'],REVIEW
006ad23e-54a7-54a1-8822-9ce4af2635fc,66a46681-4a33-5460-8fc5-8c4600f8878e,mikhail vladimirovich mishustin,alexander vladimirovich kalinin,Russia,ru,64.52,1,0,68.71,name=65; country=['ru'],REVIEW
006ad23e-54a7-54a1-8822-9ce4af2635fc,194b6c2a-b8b3-5fb0-a107-8da37fdf9b2e,mikhail vladimirovich mishustin,vladimir vladimirovich sipyagin,Russia,ru,64.52,1,0,68.71,name=65; country=['ru'],REVIEW
006ad23e-54a7-54a1-8822-9ce4af2635fc,66191a6a-06af-5cb7-8604-e8a425ee2bb4,mikhail vladimirovich mishustin,alexey vladimirovich ostrovskiy,Russia,ru,64.52,1,0,68.71,name=65; country=['ru'],REVIEW
006ad23e-54a7-54a1-8822-9ce4af2635fc,86098ed4-5113-5427-988c-b48e3ef6a049,mikhail vladimirovich mishustin,nikolay vladimirovich novichkov,Russia,ru,64.52,1,0,68.71,name=65; country=['ru'],REVIEW
006ad23e-54a7-54a1-8822-9ce4af2635fc,00a7212f-5498-5374-ba58-9f78bbb8516e,mikhail vladimirovich mishustin,sergey vladimirovich khotimskiy,Russia,ru,64.52,1,0,68.71,name=65; country=['ru'],REVIEW
006ad23e-54a7-54a1-8822-9ce4af2635fc,05ce64ee-55bd-5170-b618-97910f690b26,mikhail vladimirovich mishustin,aleksei vladimirovich bashkirov,Russia,ru,64.52,1,0,68.71,name=65; country=['ru'],REVIEW
006ad23e-54a7-54a1-8822-9ce4af2635fc,1972aeda-a1de-57e2-b2f8-08cb510db8f9,mikhail vladimirovich mishustin,vladimir vladimirovich kolychev,Russia,ru,64.52,1,0,68.71,name=65; country=['ru'],REVIEW
a7f6b2f9-1666-5d11-966d-b03d88a6038c,9a695962-6280-5f4c-b4a3-e95b43a40c4e,dmitriy nikolayevich chernyshenko,mikhail nikolayevich matveyev,Russia,ru,64.52,1,0,68.71,name=65; country=['ru'],REVIEW
a7f6b2f9-1666-5d11-966d-b03d88a6038c,9d27bae8-2998-54f3-98e8-d3670c434872,dmitriy nikolayevich chernyshenko,dmitriy nikolayevich makhonin,Russia,ru,64.52,1,0,68.71,name=65; country=['ru'],REVIEW
7577e6ac-6813-5c14-a64b-543cff310d82,71704c6f-a48e-5756-a19c-bf551ebd1736,aleksandr vyacheslavovich kurenkov,aleksandr sergeyevich kozlov,Russia,ru,64.52,1,0,68.71,name=65; country=['ru'],REVIEW
7577e6ac-6813-5c14-a64b-543cff310d82,0ad09817-10b8-59e2-a2da-c172d84490e6,aleksandr vyacheslavovich kurenkov,aleksandr sergeyevich ershov,Russia,ru,64.52,1,0,68.71,name=65; country=['ru'],REVIEW
f21fad05-0e28-5492-a4e5-4ca30560fe5c,2df7eccf-8c59-5708-8a80-c82eed1af18a,vladimir aleksandrovich kolokoltsev,oleg aleksandrovich lebedev,Russia,ru,64.52,1,0,68.71,name=65; country=['ru'],REVIEW
f21fad05-0e28-5492-a4e5-4ca30560fe5c,a49084ae-f886-514c-8990-00b6744ce4f9,vladimir aleksandrovich kolokoltsev,artem aleksandrovich verhov,Russia,ru,64.52,1,0,68.71,name=65; country=['ru'],REVIEW
cd6c171d-c9ca-554f-891b-755908ea691e,b5747fc8-2f6a-5672-91dd-0692acc779fb,aleksandr aleksandrovich kozlov,aleksei aleksandrovich vostokov,Russia,ru,64.52,1,0,68.71,name=65; country=['ru'],REVIEW
cd6c171d-c9ca-554f-891b-755908ea691e,7b5f3fb5-5695-5bbb-8d6a-1377dc4b115f,aleksandr aleksandrovich kozlov,aleksandr mikhailovich stepanov,Russia,ru,64.52,1,0,68.71,name=65; country=['ru'],REVIEW
d6e33049-9c30-57e4-8fa8-e9317955ad2e,3d1ab18d-570b-54c4-8543-d69e73026b6e,mikhail vladimirovich degtyarev,andrey vladimirovich chernyshev,Russia,ru,64.52,1,0,68.71,name=65; country=['ru'],REVIEW
d6e33049-9c30-57e4-8fa8-e9317955ad2e,3bc0381c-7a29-5af1-885d-27f1b1782a2f,mikhail vladimirovich degtyarev,alexander vladimirovich narolin,Russia,ru,64.52,1,0,68.71,name=65; country=['ru'],REVIEW
d6e33049-9c30-57e4-8fa8-e9317955ad2e,66191a6a-06af-5cb7-8604-e8a425ee2bb4,mikhail vladimirovich degtyarev,alexey vladimirovich ostrovskiy,Russia,ru,64.52,1,0,68.71,name=65; country=['ru'],REVIEW
d6e33049-9c30-57e4-8fa8-e9317955ad2e,3c815a8b-c750-5a94-b00a-9c8eb7cfc9cf,mikhail vladimirovich degtyarev,evgeniy vladimirovich kuyvashev,Russia,ru,64.52,1,0,68.71,name=65; country=['ru'],REVIEW
d6e33049-9c30-57e4-8fa8-e9317955ad2e,1631be43-a92c-5ee2-a591-7ed362f0d73d,mikhail vladimirovich degtyarev,dmitrii vladimirovich alikhanov,Russia,ru,64.52,1,0,68.71,name=65; country=['ru'],REVIEW
d6e33049-9c30-57e4-8fa8-e9317955ad2e,1972aeda-a1de-57e2-b2f8-08cb510db8f9,mikhail vladimirovich degtyarev,vladimir vladimirovich kolychev,Russia,ru,64.52,1,0,68.71,name=65; country=['ru'],REVIEW
dbe82bd4-dc46-57b0-b0e4-d46ff1522618,e07d1fbb-5a93-5a41-936a-02f5f70fbbb5,roman vladimirovich starovoyt,vladimir vladimirovich vladimirov,Russia,ru,64.52,1,0,68.71,name=65; country=['ru'],REVIEW
dbe82bd4-dc46-57b0-b0e4-d46ff1522618,8d1f3967-caff-51e8-a269-7cad116c90da,roman vladimirovich starovoyt,aleksandr vladimirovich brechalov,Russia,ru,64.52,1,0,68.71,name=65; country=['ru'],REVIEW
ab9f2529-ed9b-5956-afab-73f4e0edcd43,0a53717d-5ac5-52d8-b840-9198d945f8a4,salah ahmed jama,ali ahmed naaji,Somalia,so,64.52,1,0,68.71,name=65; country=['so'],REVIEW
9e652d34-33f0-55be-9065-021f6d5b73a0,dcf232fc-16a6-560e-b674-ed50f4d8f1af,mohamed farah nur,mohamed mire,Somalia,so,64.52,1,0,68.71,name=65; country=['so'],REVIEW
f8068481-1599-5d0c-85d8-eb88cabf5a54,82dfadfc-06b9-5b21-a6ef-8328713c447c,musab al-ali,muhamad ali al-hebo,Syria,sy,64.52,1,0,68.71,name=65; country=['sy'],REVIEW
8f34fdb8-02f3-5aea-80db-c2d805398eb1,dcafa5b1-1147-51d8-aea6-aa17e9ea3984,nguyen chi dung,van nguyen hoang,Vietnam,vn,64.52,1,0,68.71,name=65; country=['vn'],REVIEW
c309640a-c084-5456-ae1b-48034d1c7209,67781c14-b09b-5e3e-9802-11bb1d376361,muhammad edhah mahdi shabibah,ali muhammad muhsin salih al-hadi,Yemen,ye,64.52,1,0,68.71,name=65; country=['ye'],REVIEW
ba55e52b-b04b-55d0-acd3-c02ee7077388,ac7db0e1-9354-5ecb-81b1-c2d4a4d8d20c,muhammad al-qaryu,khalifa mohamed ahmed ghawil,Libya,ly,47.83,1,1,68.7,name=48; country=['ly']; position_overlap=['minister'],REVIEW
2e830ef2-5b5e-5e3f-9001-73b85779f863,ce763156-052c-5946-b889-c71c5adaa2b2,abd al-rahman bin abd al-muhsin al-fadhli,'abd al-rahman muhammad zafir al-dubaysi al-juhni,Saudi Arabia,sa,64.44,1,0,68.67,name=64; country=['sa'],REVIEW
286d8443-aff7-5178-b2a1-75291c9f61ae,44625d04-9d5f-5833-a110-37e3c84b618f,mohammad-reza zafarqandi,sayyed mohammad reza seddighi saber,Iran,ir,64.41,1,0,68.64,name=64; country=['ir'],REVIEW
19d89641-666f-5f5d-a65b-d189af5e95fe,66a46681-4a33-5460-8fc5-8c4600f8878e,vladimir vladimirovich putin,alexander vladimirovich kalinin,Russia,ru,64.41,1,0,68.64,name=64; country=['ru'],REVIEW
19d89641-666f-5f5d-a65b-d189af5e95fe,ccaf6b49-9281-5587-af2c-005ad0adc2c5,vladimir vladimirovich putin,mikhail vladimirovich mishustin,Russia,ru,64.41,1,0,68.64,name=64; country=['ru'],REVIEW
19d89641-666f-5f5d-a65b-d189af5e95fe,ca9660d7-907c-5d6b-9b97-d675c1dc3b9b,vladimir vladimirovich putin,dmitry vladimirovich khotimskiy,Russia,ru,64.41,1,0,68.64,name=64; country=['ru'],REVIEW
19d89641-666f-5f5d-a65b-d189af5e95fe,00a7212f-5498-5374-ba58-9f78bbb8516e,vladimir vladimirovich putin,sergey vladimirovich khotimskiy,Russia,ru,64.41,1,0,68.64,name=64; country=['ru'],REVIEW
19d89641-666f-5f5d-a65b-d189af5e95fe,2703282f-f26b-5358-ae50-22ef5f1c31ed,vladimir vladimirovich putin,sergey vladimirovich matviyenko,Russia,ru,64.41,1,0,68.64,name=64; country=['ru'],REVIEW
19d89641-666f-5f5d-a65b-d189af5e95fe,05ce64ee-55bd-5170-b618-97910f690b26,vladimir vladimirovich putin,aleksei vladimirovich bashkirov,Russia,ru,64.41,1,0,68.64,name=64; country=['ru'],REVIEW
006ad23e-54a7-54a1-8822-9ce4af2635fc,79b603ac-5ba8-5bed-b16e-5df171078f73,mikhail vladimirovich mishustin,mikhail viktorovich turkanov,Russia,ru,64.41,1,0,68.64,name=64; country=['ru'],REVIEW
006ad23e-54a7-54a1-8822-9ce4af2635fc,5e2efdce-5e5e-5821-9c69-17f41e9a937f,mikhail vladimirovich mishustin,mikhail viktorovich shchapov,Russia,ru,64.41,1,0,68.64,name=64; country=['ru'],REVIEW
006ad23e-54a7-54a1-8822-9ce4af2635fc,6b58da87-f515-564f-8dbb-82ae85af8700,mikhail vladimirovich mishustin,nikita vladimirovich krasnov,Russia,ru,64.41,1,0,68.64,name=64; country=['ru'],REVIEW
006ad23e-54a7-54a1-8822-9ce4af2635fc,327633c4-34ad-5e18-9ce6-c38e495c00f7,mikhail vladimirovich mishustin,viktor vladimirovich smirnov,Russia,ru,64.41,1,0,68.64,name=64; country=['ru'],REVIEW
006ad23e-54a7-54a1-8822-9ce4af2635fc,d736a3eb-7f43-5f33-854a-93d88c8d09a1,mikhail vladimirovich mishustin,oleg vladimirovich savchenko,Russia,ru,64.41,1,0,68.64,name=64; country=['ru'],REVIEW
006ad23e-54a7-54a1-8822-9ce4af2635fc,ae675f69-9348-5530-a58c-9694f9000c62,mikhail vladimirovich mishustin,arkady vladimirovich trachuk,Russia,ru,64.41,1,0,68.64,name=64; country=['ru'],REVIEW
006ad23e-54a7-54a1-8822-9ce4af2635fc,1485105c-b6e8-5b99-ae34-444f39c35522,mikhail vladimirovich mishustin,vladimir vladimirovich mazur,Russia,ru,64.41,1,0,68.64,name=64; country=['ru'],REVIEW
006ad23e-54a7-54a1-8822-9ce4af2635fc,dd11d8a6-1c47-576a-bd7d-9e859c70bbae,mikhail vladimirovich mishustin,vladimir vladimirovich putin,Russia,ru,64.41,1,0,68.64,name=64; country=['ru'],REVIEW
f6fc2069-2869-5228-bae4-9e65d297ee4d,095bc267-7cf3-53bb-b74b-f079d86f0019,dmitriy yuriyevich grigorenko,dmitriy nikolayevich lotsmanov,Russia,ru,64.41,1,0,68.64,name=64; country=['ru'],REVIEW
a1fcf254-dd99-5958-ace3-bcc964752c0c,b167f791-72fd-5f8e-85cc-14010d652a68,dmitriy nikolayevich patrushev,arkady nikolayevich svistunov,Russia,ru,64.41,1,0,68.64,name=64; country=['ru'],REVIEW
a1fcf254-dd99-5958-ace3-bcc964752c0c,e0e64598-6ad5-5ba0-8836-3a5b61f264e7,dmitriy nikolayevich patrushev,nikolay nikolayevich spasskiy,Russia,ru,64.41,1,0,68.64,name=64; country=['ru'],REVIEW
a1fcf254-dd99-5958-ace3-bcc964752c0c,4574e5de-7515-53dd-a371-951120004b12,dmitriy nikolayevich patrushev,dmitriy nikolaevich bezrukikh,Russia,ru,64.41,1,0,68.64,name=64; country=['ru'],REVIEW
5e7ae156-a13d-5428-a59e-f95c95f775d2,1cc26f31-1821-5809-9183-67175b0d5866,anton andreyevich alikhanov,alexander andreyevich yushchenko,Russia,ru,64.41,1,0,68.64,name=64; country=['ru'],REVIEW
cd6c171d-c9ca-554f-891b-755908ea691e,b64a0aaf-fced-5e04-952a-71681b38e3bb,aleksandr aleksandrovich kozlov,oleg aleksandrovich alekseev,Russia,ru,64.41,1,0,68.64,name=64; country=['ru'],REVIEW
cd6c171d-c9ca-554f-891b-755908ea691e,c456e1af-1a90-5ea1-aecb-d7546b0fe337,aleksandr aleksandrovich kozlov,sergei aleksandrovich obozov,Russia,ru,64.41,1,0,68.64,name=64; country=['ru'],REVIEW
cd6c171d-c9ca-554f-891b-755908ea691e,ee278cc5-9b35-58c9-9a20-c93693e38fa6,aleksandr aleksandrovich kozlov,georgy aleksandrovich karlov,Russia,ru,64.41,1,0,68.64,name=64; country=['ru'],REVIEW
cd6c171d-c9ca-554f-891b-755908ea691e,418ed3ec-271d-5ff9-96af-c55baeb8ea45,aleksandr aleksandrovich kozlov,vasiliy aleksandrovich orlov,Russia,ru,64.41,1,0,68.64,name=64; country=['ru'],REVIEW
cd6c171d-c9ca-554f-891b-755908ea691e,d7783997-1d46-50ff-8e64-3ebf8567630b,aleksandr aleksandrovich kozlov,aleksandr leonidovich burkov,Russia,ru,64.41,1,0,68.64,name=64; country=['ru'],REVIEW
d6e33049-9c30-57e4-8fa8-e9317955ad2e,e40c1bdb-1d3e-56fe-8e26-6e0b7dd3ddc0,mikhail vladimirovich degtyarev,igor vladimirovich pozhidaev,Russia,ru,64.41,1,0,68.64,name=64; country=['ru'],REVIEW
d6e33049-9c30-57e4-8fa8-e9317955ad2e,1ac32124-4921-5a46-9b65-c28f44718e6f,mikhail vladimirovich degtyarev,vadim vladimirovich belousov,Russia,ru,64.41,1,0,68.64,name=64; country=['ru'],REVIEW
d6e33049-9c30-57e4-8fa8-e9317955ad2e,b651e692-4517-547e-b736-7b01abfc92cd,mikhail vladimirovich degtyarev,anton vladimirovich shipulin,Russia,ru,64.41,1,0,68.64,name=64; country=['ru'],REVIEW
d6e33049-9c30-57e4-8fa8-e9317955ad2e,b8b38677-d9bb-566d-9d91-abf7568e7bbf,mikhail vladimirovich degtyarev,dmitrii vladimirovich zauers,Russia,ru,64.41,1,0,68.64,name=64; country=['ru'],REVIEW
d6e33049-9c30-57e4-8fa8-e9317955ad2e,327633c4-34ad-5e18-9ce6-c38e495c00f7,mikhail vladimirovich degtyarev,viktor vladimirovich smirnov,Russia,ru,64.41,1,0,68.64,name=64; country=['ru'],REVIEW
d6e33049-9c30-57e4-8fa8-e9317955ad2e,d736a3eb-7f43-5f33-854a-93d88c8d09a1,mikhail vladimirovich degtyarev,oleg vladimirovich savchenko,Russia,ru,64.41,1,0,68.64,name=64; country=['ru'],REVIEW
d6e33049-9c30-57e4-8fa8-e9317955ad2e,1485105c-b6e8-5b99-ae34-444f39c35522,mikhail vladimirovich degtyarev,vladimir vladimirovich mazur,Russia,ru,64.41,1,0,68.64,name=64; country=['ru'],REVIEW
dbe82bd4-dc46-57b0-b0e4-d46ff1522618,76ded7ab-18b4-5cc1-aab7-6264a9fe4c90,roman vladimirovich starovoyt,aleksandr vladimirovich gutsan,Russia,ru,64.41,1,0,68.64,name=64; country=['ru'],REVIEW
dbe82bd4-dc46-57b0-b0e4-d46ff1522618,3f548ac6-e7f3-5cef-a62a-6c3d15f3a110,roman vladimirovich starovoyt,andrei vladimirovich nikipelov,Russia,ru,64.41,1,0,68.64,name=64; country=['ru'],REVIEW
dbe82bd4-dc46-57b0-b0e4-d46ff1522618,be79f221-098c-54ef-9b32-2dd1efb26e31,roman vladimirovich starovoyt,vladimir vladimirovich plyakin,Russia,ru,64.41,1,0,68.64,name=64; country=['ru'],REVIEW
dbe82bd4-dc46-57b0-b0e4-d46ff1522618,08924d48-c0e1-5cc7-a3c4-3798c6f6df2f,roman vladimirovich starovoyt,anatoliy vladimirovich chepiga,Russia,ru,64.41,1,0,68.64,name=64; country=['ru'],REVIEW
66e0e444-e055-571d-8efc-92a87aee35f2,2fe9c638-5db3-568e-9f56-ffe0551b6d96,vasiliy alekseyevich nebenzya,maksim alekseyevich kotelnikov,Russia,ru,64.41,1,0,68.64,name=64; country=['ru'],REVIEW
f1c1473e-dffb-50fd-bbb3-0f32ea88747d,c5a971fe-e502-5a6d-90ed-2ac271e91a5b,rashad muhammad al-alimi,ali abd-al-wahhab muhammad al-wazir,Yemen,ye,64.41,1,0,68.64,name=64; country=['ye'],REVIEW
692d0217-0dbb-5722-b4f2-ed73c5bdc12a,615ea5dc-debd-5c16-a2dc-dabcf04ad4b8,abdullah al-alimi ba wazir,adil mutahhar abdallah al muayyad,Yemen,ye,64.41,1,0,68.64,name=64; country=['ye'],REVIEW
9578ba7b-ed8c-5041-96d8-36f346c46e40,39baadb8-ecd8-5203-be16-82b6f0dae7f5,tariq muhammad abdallah salih,abdullah mesfer saleh al-shaer,Yemen,ye,64.41,1,0,68.64,name=64; country=['ye'],REVIEW
c309640a-c084-5456-ae1b-48034d1c7209,f7e199ca-b2cb-55ab-b61d-c6f0bf4f0596,muhammad edhah mahdi shabibah,saddam ahmad mohammad al faqih,Yemen,ye,64.41,1,0,68.64,name=64; country=['ye'],REVIEW
60703c42-976d-5078-8240-0e96bfee1620,4be6cd1d-7989-5983-a7d2-bc54dc02b2f8,abd al-wahab abdullah ahmed al-hajri,abdullah yahya al hakim,Yemen,ye,64.41,1,0,68.64,name=64; country=['ye'],REVIEW
40d741c9-456a-5a8c-9a04-618bfaf79267,dbbe66d8-2c1c-58a6-823a-9f70986aafc9,tin maung swe,maung ko,Burma,zm,47.62,1,1,68.57,name=48; country=['zm']; position_overlap=['minister'],REVIEW
b05ed206-a84b-5bef-ad39-8bfa03419c61,03ab7058-ec70-50ef-922f-e7347e50673e,tin aung san,pwint san,Burma,zm,47.62,1,1,68.57,name=48; country=['zm']; position_overlap=['minister'],REVIEW
b05ed206-a84b-5bef-ad39-8bfa03419c61,22e106db-9cfe-5a66-8bdb-1517755c9af3,tin aung san,hlaing bwar aung,Burma,zm,64.29,1,0,68.57,name=64; country=['zm'],REVIEW
4f703139-e0ac-56e7-82d2-3af76b873177,b5ffba92-a5b2-5987-9fae-fab4aee53c91,kyaw moe tun,maung maung kyaw,Burma,zm,64.29,1,0,68.57,name=64; country=['zm'],REVIEW
6d1e8ef5-326c-5bbd-befc-5ae9796f8f32,8d7edf09-cd55-5ae3-99db-ae59a19ff51b,pedro arnulfo sanchez suarez,jose gonzalo sanchez sanchez,Colombia,co,64.29,1,0,68.57,name=64; country=['co'],REVIEW
87f842cc-288e-55f0-b582-ea1f8ebbec8d,ebbeac18-0c44-5cfd-beab-379581de9f5a,ahmad donyamali,ahmad shafahi,Iran,ir,64.29,1,0,68.57,name=64; country=['ir'],REVIEW
87f842cc-288e-55f0-b582-ea1f8ebbec8d,01d1e38a-1fa7-5783-a7bc-e23e11a93250,ahmad donyamali,ahmad jannati,Iran,ir,64.29,1,0,68.57,name=64; country=['ir'],REVIEW
6df411d0-1699-52d3-9234-f0746d1155e8,3eae7141-feee-52ff-97b7-7c031abb3427,amir said iravani,amir dianat,Iran,ir,64.29,1,0,68.57,name=64; country=['ir'],REVIEW
cdfd7c52-2fa6-55f8-baff-cfe317ebcbc0,39507e1b-59dd-5676-8e33-b7aaa916fe87,falih al-sari,qais al-khazali,Iraq,iq,64.29,1,0,68.57,name=64; country=['iq'],REVIEW
760e0ba4-7aa7-5ea2-b565-665ad6d216ec,6e8485f8-3df3-5521-a7cf-b0bc2f6a7274,su il pak,tong sok pak,"Korea, North",kp,47.62,1,1,68.57,name=48; country=['kp']; position_overlap=['general'],REVIEW
c7a1b474-a0ab-5df4-8d68-f47f5b403fdb,7d5925c3-36b7-555b-ab91-d969cc28db32,hyon chol jon,chol ryong choe,"Korea, North",kp,64.29,1,0,68.57,name=64; country=['kp'],REVIEW
c7a1b474-a0ab-5df4-8d68-f47f5b403fdb,3223540a-8b91-52b2-a4bb-3d3725575aa3,hyon chol jon,myong chol jang,"Korea, North",kp,64.29,1,0,68.57,name=64; country=['kp'],REVIEW
c7a1b474-a0ab-5df4-8d68-f47f5b403fdb,1867f1a3-1864-5656-9b91-b3d19133316a,hyon chol jon,kwang chol pyon,"Korea, North",kp,64.29,1,0,68.57,name=64; country=['kp'],REVIEW
c7a1b474-a0ab-5df4-8d68-f47f5b403fdb,14df2660-0acf-5629-9a00-cc018ed8c391,hyon chol jon,chong-chol kwak,"Korea, North",kp,64.29,1,0,68.57,name=64; country=['kp'],REVIEW
257b7973-9bb2-564f-b8c5-1a55c239efc9,57a04792-22f6-5407-b134-7ae3891e193f,chung song kim,song chol jang,"Korea, North",kp,64.29,1,0,68.57,name=64; country=['kp'],REVIEW
a94b2e8e-85d9-507b-a1ca-4de6aa6b733e,317983e5-097d-5c89-8458-35268be76109,kyong chol choe,chol hak kang,"Korea, North",kp,64.29,1,0,68.57,name=64; country=['kp'],REVIEW
a94b2e8e-85d9-507b-a1ca-4de6aa6b733e,c7ce61aa-4e69-5d99-af48-6f8231a31964,kyong chol choe,chun-sik choe,"Korea, North",kp,64.29,1,0,68.57,name=64; country=['kp'],REVIEW
a94b2e8e-85d9-507b-a1ca-4de6aa6b733e,7bb4c3ef-35ef-52a5-96a5-cca060395539,kyong chol choe,song chol kim,"Korea, North",kp,64.29,1,0,68.57,name=64; country=['kp'],REVIEW
a94b2e8e-85d9-507b-a1ca-4de6aa6b733e,9b4c97e1-e3b6-5ec4-8963-58ebb6aa0441,kyong chol choe,chun pom choe,"Korea, North",kp,64.29,1,0,68.57,name=64; country=['kp'],REVIEW
600e5627-b033-5897-849f-6f5e37b5a653,7a32de25-7496-5cd3-9227-89088c96609d,salim al-zadma,faysal al-wadi,Libya,ly,64.29,1,0,68.57,name=64; country=['ly'],REVIEW
b3fce8a0-b61f-5db2-89d9-5d6f7758230e,0cecc3d2-7c58-5fa8-9248-7a0cb69742f1,ibrahim munir,ibrahim jadhran,Libya,ly,64.29,1,0,68.57,name=64; country=['ly'],REVIEW
c7893e93-106b-594c-8928-9d325a891eb2,4e0f7503-c8f3-52ed-b788-f0ff28b842ec,ahmed toufiq,ahmed el bouhali,Morocco,ma,64.29,1,0,68.57,name=64; country=['ma'],REVIEW
94236c17-114a-5982-a3c0-f41abced05da,8f77e838-de63-5e11-980b-1f3574a27390,abdul aleem khan,abdul majeed,Pakistan,pk,64.29,1,0,68.57,name=64; country=['pk'],REVIEW
19d89641-666f-5f5d-a65b-d189af5e95fe,2f94bcaf-26b0-5b44-94c7-d0f971edb51c,vladimir vladimirovich putin,maksim vladimirovich makarov,Russia,ru,64.29,1,0,68.57,name=64; country=['ru'],REVIEW
19d89641-666f-5f5d-a65b-d189af5e95fe,b8b38677-d9bb-566d-9d91-abf7568e7bbf,vladimir vladimirovich putin,dmitrii vladimirovich zauers,Russia,ru,64.29,1,0,68.57,name=64; country=['ru'],REVIEW
19d89641-666f-5f5d-a65b-d189af5e95fe,6b58da87-f515-564f-8dbb-82ae85af8700,vladimir vladimirovich putin,nikita vladimirovich krasnov,Russia,ru,64.29,1,0,68.57,name=64; country=['ru'],REVIEW
19d89641-666f-5f5d-a65b-d189af5e95fe,432252c5-791a-569e-9c18-1e9b7652968a,vladimir vladimirovich putin,nikita vladimirovich nagorny,Russia,ru,64.29,1,0,68.57,name=64; country=['ru'],REVIEW
19d89641-666f-5f5d-a65b-d189af5e95fe,26a83c3b-1a8e-5ac5-ba41-05129d653657,vladimir vladimirovich putin,mikhail vladimirovich kizeev,Russia,ru,64.29,1,0,68.57,name=64; country=['ru'],REVIEW
19d89641-666f-5f5d-a65b-d189af5e95fe,6a147acf-f36a-5ccc-adf9-590b2d069598,vladimir vladimirovich putin,sergey vladimirovich kolunov,Russia,ru,64.29,1,0,68.57,name=64; country=['ru'],REVIEW
19d89641-666f-5f5d-a65b-d189af5e95fe,335a3210-3173-5ea8-8536-aceab8c9e648,vladimir vladimirovich putin,vladimir vasilyevich ustinov,Russia,ru,64.29,1,0,68.57,name=64; country=['ru'],REVIEW
006ad23e-54a7-54a1-8822-9ce4af2635fc,4db37b8b-6600-5297-87a1-ed46c2e8a904,mikhail vladimirovich mishustin,denis vladimirovich gusev,Russia,ru,64.29,1,0,68.57,name=64; country=['ru'],REVIEW
19ff653a-9fd8-5e8e-9100-5ac9c86d729d,307226a0-9787-5116-bf1c-5ff4b500d44c,denis valentinovich manturov,vitaly valentinovich milonov,Russia,ru,64.29,1,0,68.57,name=64; country=['ru'],REVIEW
f6fc2069-2869-5228-bae4-9e65d297ee4d,624c4516-1bb2-5956-b3ba-9efa8478dbd6,dmitriy yuriyevich grigorenko,dmitriy georgievich novikov,Russia,ru,64.29,1,0,68.57,name=64; country=['ru'],REVIEW
a1fcf254-dd99-5958-ace3-bcc964752c0c,645c7439-0816-541c-a9da-610dd6cb11a2,dmitriy nikolayevich patrushev,sergey nikolayevich kotkin,Russia,ru,64.29,1,0,68.57,name=64; country=['ru'],REVIEW
b45b6c16-05c3-5345-95eb-c1c6135f61b2,d5b6edc4-1117-5cc2-91a3-838febc64c54,aleksandr valentinovich novak,sergei valentinovich petrov,Russia,ru,64.29,1,0,68.57,name=64; country=['ru'],REVIEW
b45b6c16-05c3-5345-95eb-c1c6135f61b2,0c8d1cb2-853e-52bb-9087-4939c365d6ca,aleksandr valentinovich novak,aleksandr nikolaevich popov,Russia,ru,64.29,1,0,68.57,name=64; country=['ru'],REVIEW
b45b6c16-05c3-5345-95eb-c1c6135f61b2,ba0bfe46-563d-5a3d-8d0b-290badf92181,aleksandr valentinovich novak,german valentinovich belous,Russia,ru,64.29,1,0,68.57,name=64; country=['ru'],REVIEW
9f7f1740-b4dd-5baa-9f5c-0df51713cbf6,d2f76547-d864-5d11-a9f5-315999fd1003,sergey viktorovich lavrov,aleksandr viktorovich ryzhenkov,Russia,ru,64.29,1,0,68.57,name=64; country=['ru'],REVIEW
9f1314cf-6c54-5b3f-b942-9bf298c2e407,a851d1b5-60d2-5195-a510-51c98df3f0f5,mikhail albertovich murashko,mikhail alekseyevich plisyuk,Russia,ru,64.29,1,0,68.57,name=64; country=['ru'],REVIEW
9f1314cf-6c54-5b3f-b942-9bf298c2e407,9e7d1735-0fc8-5054-8eb6-2fb9d3c58cbd,mikhail albertovich murashko,mikhail grigoryevich spichak,Russia,ru,64.29,1,0,68.57,name=64; country=['ru'],REVIEW
fbee7b65-a0d0-5c1f-b1ab-b1bba5553a9b,34bb1583-d0b1-56f3-989d-e75647642f26,valeriy nikolayevich falkov,arkady nikolayevich ponomarev,Russia,ru,64.29,1,0,68.57,name=64; country=['ru'],REVIEW
fbee7b65-a0d0-5c1f-b1ab-b1bba5553a9b,b927eed4-6645-56b0-924b-1e75bdcfe6ce,valeriy nikolayevich falkov,valeriy gennadevich boyarinev,Russia,ru,64.29,1,0,68.57,name=64; country=['ru'],REVIEW
fbee7b65-a0d0-5c1f-b1ab-b1bba5553a9b,b167f791-72fd-5f8e-85cc-14010d652a68,valeriy nikolayevich falkov,arkady nikolayevich svistunov,Russia,ru,64.29,1,0,68.57,name=64; country=['ru'],REVIEW
d6e33049-9c30-57e4-8fa8-e9317955ad2e,d56d1462-b34b-5634-a864-4b671cf45d6f,mikhail vladimirovich degtyarev,ivan vladimirovich tavrin,Russia,ru,64.29,1,0,68.57,name=64; country=['ru'],REVIEW
dbe82bd4-dc46-57b0-b0e4-d46ff1522618,add8cbb7-beea-5cad-8363-985df4e963ef,roman vladimirovich starovoyt,pavel vladimirovich lapshov,Russia,ru,64.29,1,0,68.57,name=64; country=['ru'],REVIEW
dbe82bd4-dc46-57b0-b0e4-d46ff1522618,403c6ea0-a932-5e19-8026-9279641484b4,roman vladimirovich starovoyt,leonid vladimirovich gornin,Russia,ru,64.29,1,0,68.57,name=64; country=['ru'],REVIEW
dbe82bd4-dc46-57b0-b0e4-d46ff1522618,43a0313e-e27f-5e8b-9286-ec74845b9ce1,roman vladimirovich starovoyt,andrey vladimirovich chibis,Russia,ru,64.29,1,0,68.57,name=64; country=['ru'],REVIEW
dbe82bd4-dc46-57b0-b0e4-d46ff1522618,614a972d-6f19-5c0a-8ce6-7e358cee1be1,roman vladimirovich starovoyt,aleksandr vladimirovich pan,Russia,ru,64.29,1,0,68.57,name=64; country=['ru'],REVIEW
dbe82bd4-dc46-57b0-b0e4-d46ff1522618,2014156a-eb35-5e71-ab7d-084a2ecde420,roman vladimirovich starovoyt,eddie vladimirovich astanin,Russia,ru,64.29,1,0,68.57,name=64; country=['ru'],REVIEW
cc74e525-c18d-5f6c-8a8b-ea66a557c6bc,b4d1f108-0033-5983-9f69-d7246b191490,sergey yevgenyevich naryshkin,anatoly yevgenyevich karpov,Russia,ru,64.29,1,0,68.57,name=64; country=['ru'],REVIEW
85da5294-bb31-5f57-9cb1-bc4d767cffe5,50c9069a-8468-511d-9d5b-f211b569fc3e,igor viktorovich krasnov,andrei viktorovich gavryuchenkov,Russia,ru,64.29,1,0,68.57,name=64; country=['ru'],REVIEW
69ef53c5-e760-59db-8a23-dafa4673af75,08924d48-c0e1-5cc7-a3c4-3798c6f6df2f,anatoliy ivanovich antonov,anatoliy vladimirovich chepiga,Russia,ru,64.29,1,0,68.57,name=64; country=['ru'],REVIEW
66e0e444-e055-571d-8efc-92a87aee35f2,4c24f67e-f9e2-5e58-8bbf-fc15ed1ec8ec,vasiliy alekseyevich nebenzya,viktor alekseyevich kazakov,Russia,ru,64.29,1,0,68.57,name=64; country=['ru'],REVIEW
0d6d5874-41b2-56b8-9b81-2aa6901058f7,101267fb-37d8-5013-bd2a-7d596e3fa179,dragan glamocic,dragan dragas,Serbia,rs,64.29,1,0,68.57,name=64; country=['rs'],REVIEW
7b69ba0e-b74f-5c35-bb7e-b742faceb9e4,ae1a5a9b-5e1b-5885-93c8-c65fc87f0b53,milan milanovic,milan subotic,Serbia,rs,64.29,1,0,68.57,name=64; country=['rs'],REVIEW
759035ca-4dcb-5c4f-9ad9-677c0eefdd94,141fe1d7-62eb-52b2-bbcb-b87866e907c6,kuei-lien wang,wang ken huang,Taiwan,tw,64.29,1,0,68.57,name=64; country=['tw'],REVIEW
fa3d62fd-f368-5081-80ad-1a8cd2cbf091,1bbce1c6-8466-5c40-abe4-a8181e5cda31,le minh hoan,minh quang hoang,Vietnam,vn,64.29,1,0,68.57,name=64; country=['vn'],REVIEW
692d0217-0dbb-5722-b4f2-ed73c5bdc12a,39baadb8-ecd8-5203-be16-82b6f0dae7f5,abdullah al-alimi ba wazir,abdullah mesfer saleh al-shaer,Yemen,ye,64.29,1,0,68.57,name=64; country=['ye'],REVIEW
8b18eb36-7f78-5f79-b85c-f876fe80b80f,f3e855ce-3e6e-579c-9ae1-6d0faf415a91,badr abdo ahmad al-ardah,ebrahim ahmed abdullah al-matari,Yemen,ye,64.29,1,0,68.57,name=64; country=['ye'],REVIEW
e614b1a4-c644-556d-bcf4-30f13d9b48ff,dbde3523-dc1c-5ad3-bea1-817ce19cde2b,abdallah ali fadl al-saadi,'abdallah najib ahmad al-jamal,Yemen,ye,64.29,1,0,68.57,name=64; country=['ye'],REVIEW
e614b1a4-c644-556d-bcf4-30f13d9b48ff,bc6f1ed7-0a2f-54cd-a6d9-cb91de27162e,abdallah ali fadl al-saadi,sayf abdulrab salem al-hayashi,Yemen,ye,64.29,1,0,68.57,name=64; country=['ye'],REVIEW
e614b1a4-c644-556d-bcf4-30f13d9b48ff,39baadb8-ecd8-5203-be16-82b6f0dae7f5,abdallah ali fadl al-saadi,abdullah mesfer saleh al-shaer,Yemen,ye,64.29,1,0,68.57,name=64; country=['ye'],REVIEW
b4739228-8770-5f35-9a18-0c857200eb69,6cfd713a-f48f-501a-901b-bc20d34b4f3b,abd al-husayn al-musawi,ali saddam hussein al-tikriti,Iraq,iq,64.15,1,0,68.49,name=64; country=['iq'],REVIEW
491fcb31-4c85-5571-89fd-5de45b321fdd,1405d376-a911-58c2-9c4e-6d00e5e941f4,rosa icela rodriguez velazquez,salvador diaz rodriguez,Mexico,mx,64.15,1,0,68.49,name=64; country=['mx'],REVIEW
19d89641-666f-5f5d-a65b-d189af5e95fe,4db37b8b-6600-5297-87a1-ed46c2e8a904,vladimir vladimirovich putin,denis vladimirovich gusev,Russia,ru,64.15,1,0,68.49,name=64; country=['ru'],REVIEW
19d89641-666f-5f5d-a65b-d189af5e95fe,3d451922-e373-51ac-a947-51068fdaf883,vladimir vladimirovich putin,oleg vladimirovich petrov,Russia,ru,64.15,1,0,68.49,name=64; country=['ru'],REVIEW
19ff653a-9fd8-5e8e-9100-5ac9c86d729d,4db37b8b-6600-5297-87a1-ed46c2e8a904,denis valentinovich manturov,denis vladimirovich gusev,Russia,ru,64.15,1,0,68.49,name=64; country=['ru'],REVIEW
19ff653a-9fd8-5e8e-9100-5ac9c86d729d,67be8d59-3af9-579b-b572-48196e35f96a,denis valentinovich manturov,vadim valentinovich kumin,Russia,ru,64.15,1,0,68.49,name=64; country=['ru'],REVIEW
f6fc2069-2869-5228-bae4-9e65d297ee4d,a408dd0c-1fdb-5a2f-9f0e-e834a6d7f302,dmitriy yuriyevich grigorenko,dmitriy igorevich azarov,Russia,ru,64.15,1,0,68.49,name=64; country=['ru'],REVIEW
baf13575-cd11-5c0c-ae96-f537015d05c2,e2777842-cecc-511d-9d1d-a42074ab2bff,aleksey olegovich chekunkov,aleksey vasilyevich lisyuk,Russia,ru,64.15,1,0,68.49,name=64; country=['ru'],REVIEW
baf13575-cd11-5c0c-ae96-f537015d05c2,54d5f49f-354e-52f0-8732-4b030de99f88,aleksey olegovich chekunkov,denis olegovich deryushkin,Russia,ru,64.15,1,0,68.49,name=64; country=['ru'],REVIEW
2bf83e07-5387-5987-9333-0a44ebdc0a8f,dfccce3d-de21-5488-899f-1ac735bfb152,sergey sergeyevich kravtsov,anton sergeyevich bespalov,Russia,ru,64.15,1,0,68.49,name=64; country=['ru'],REVIEW
97b179e7-8df1-5604-acd0-0ea13054997f,0eefc42d-fec8-5744-86d5-b644a36a1555,sergey yevgenyevich tsivilev,igor yevgenyevich molotov,Russia,ru,64.15,1,0,68.49,name=64; country=['ru'],REVIEW
5e7ae156-a13d-5428-a59e-f95c95f775d2,012b4f30-3b29-5701-bf93-d74e618259ec,anton andreyevich alikhanov,anton aleksandrovich getta,Russia,ru,64.15,1,0,68.49,name=64; country=['ru'],REVIEW
fbee7b65-a0d0-5c1f-b1ab-b1bba5553a9b,b706fba8-63f1-5e90-b2be-beca609a7388,valeriy nikolayevich falkov,igor nikolayevich rudensky,Russia,ru,64.15,1,0,68.49,name=64; country=['ru'],REVIEW
cc74e525-c18d-5f6c-8a8b-ea66a557c6bc,fe733b31-d951-55d5-bee9-3af9959ec09a,sergey yevgenyevich naryshkin,sergey yuryevich bidonko,Russia,ru,64.15,1,0,68.49,name=64; country=['ru'],REVIEW
85da5294-bb31-5f57-9cb1-bc4d767cffe5,183d0156-c6ec-52ac-9fad-9d72f507c4a9,igor viktorovich krasnov,alexey viktorovich korniyenko,Russia,ru,64.15,1,0,68.49,name=64; country=['ru'],REVIEW
85da5294-bb31-5f57-9cb1-bc4d767cffe5,703e599b-c1ee-5c03-8f50-698e8c9f9d69,igor viktorovich krasnov,igor veniaminovich kaigorodov,Russia,ru,64.15,1,0,68.49,name=64; country=['ru'],REVIEW
273f7c93-b943-54f3-b29b-c5b49914c4a7,c1f0f927-3c2a-5ffa-b6bb-c00ea5666d28,muhammad abu al-khayr shukri,mohammad ibrahim al-shaar,Syria,sy,64.15,1,0,68.49,name=64; country=['sy'],REVIEW
9578ba7b-ed8c-5041-96d8-36f346c46e40,06dfd183-8507-5e75-a49b-b9d26f23108a,tariq muhammad abdallah salih,muhammad ahmad al-talibi,Yemen,ye,64.15,1,0,68.49,name=64; country=['ye'],REVIEW
5f272a74-f9a6-53b5-a1b2-5ce576352220,60cebfe9-13e8-5707-8913-ae1292159225,muhammad hazm al-ashwal,muaadh ahmed mohammed al-haifi,Yemen,ye,64.15,1,0,68.49,name=64; country=['ye'],REVIEW
9142b9b8-deb1-5fc2-be19-c2535688e86c,4c343abe-7b77-5ea5-8239-fcd917a2f137,anar aliyev,yevgeni aliyev,Azerbaijan,ru,64.0,1,0,68.4,name=64; country=['az'],REVIEW
08888da7-5dd0-5478-8011-8c70cd3c5f9a,00b0c46b-c31a-5a01-8003-26f659521772,alyaksandr turchyn,alyaksandr uladzimiravich yuzhyk,Belarus,by,64.0,1,0,68.4,name=64; country=['by'],REVIEW
9e25c3df-58ca-57ed-a0dd-dba15c63ddbb,8a4cdf87-c720-5686-a794-be988a391fff,than maung,maung maung aye,Burma,zm,64.0,1,0,68.4,name=64; country=['zm'],REVIEW
9e25c3df-58ca-57ed-a0dd-dba15c63ddbb,baba9b2b-728d-5a88-a7c4-8b80eb31ee12,than maung,maung maung soe,Burma,zm,64.0,1,0,68.4,name=64; country=['zm'],REVIEW
39fa2df2-bd23-592f-829d-992d069a2c67,a0b26f6f-a9b7-5ded-ae93-9788771f63bf,nyunt win swe,swe swe aung,Burma,zm,64.0,1,0,68.4,name=64; country=['zm'],REVIEW
36b7bb62-908b-5f34-937f-845bbbbd6f4c,ae441ad0-97a9-5e25-9ba3-ee31c43e09a7,aung kyaw hoe,saw san aung,Burma,zm,64.0,1,0,68.4,name=64; country=['zm'],REVIEW
36b7bb62-908b-5f34-937f-845bbbbd6f4c,a0b26f6f-a9b7-5ded-ae93-9788771f63bf,aung kyaw hoe,swe swe aung,Burma,zm,64.0,1,0,68.4,name=64; country=['zm'],REVIEW
bf904301-840f-5835-9230-84fdd82d0c19,70ff77f4-392d-5719-bd21-f67740d92473,myo thein kyaw,kyaw min oo,Burma,zm,64.0,1,0,68.4,name=64; country=['zm'],REVIEW
dbb1d05c-aab2-51f9-afc7-97ddbd7200b9,46ac963b-95c8-51c6-9a14-11ef29e37e49,xiaohong wang,zhiqing wang,China,cn,64.0,1,0,68.4,name=64; country=['cn'],REVIEW
fd8a9ab7-bb25-519d-b586-97a61c0e8c59,191b822a-baa9-5dc8-9a34-96e60e1d121c,shanjie zheng,fujing zheng,China,cn,64.0,1,0,68.4,name=64; country=['cn'],REVIEW
f722fc07-65ea-5b81-9f44-20ff33624ac4,e25bb6aa-5d19-5de1-973d-7fa68cedbf88,runqiu huang,xiaojun huang,China,cn,64.0,1,0,68.4,name=64; country=['cn'],REVIEW
130ff18c-d312-545f-a54d-fb8474b63e02,bda4a13f-ecf9-50ea-a30d-4121a3645507,guangha wang,jiantong wang,China,cn,64.0,1,0,68.4,name=64; country=['cn'],REVIEW
130ff18c-d312-545f-a54d-fb8474b63e02,0b9e0d8a-c554-5aeb-b5d7-334850f02d8b,guangha wang,mingming wang,China,cn,64.0,1,0,68.4,name=64; country=['cn'],REVIEW
130ff18c-d312-545f-a54d-fb8474b63e02,bac907c6-6201-5496-bd7b-ebf50ea55a60,guangha wang,shucheng wang,China,cn,64.0,1,0,68.4,name=64; country=['cn'],REVIEW
130ff18c-d312-545f-a54d-fb8474b63e02,921a94fa-1f41-5df7-8585-d6a3d2d8719f,guangha wang,mingjing wang,China,cn,64.0,1,0,68.4,name=64; country=['cn'],REVIEW
130ff18c-d312-545f-a54d-fb8474b63e02,4f2e2ecb-8302-5693-ba9e-12089535a6dc,guangha wang,junzheng wang,China,cn,64.0,1,0,68.4,name=64; country=['cn'],REVIEW
3dc46a74-6d92-5d20-b977-8faab1aa5207,d807c3c2-886e-5eb0-8572-4067082b2000,lallan singh,ranveer singh,India,in,64.0,1,0,68.4,name=64; country=['in'],REVIEW
d92323a3-f42b-55fb-8054-61ed32350322,3975b109-91f5-5ff4-ac08-7320df2a92b7,majid ansari,majid khademi,Iran,ir,64.0,1,0,68.4,name=64; country=['ir'],REVIEW
d92323a3-f42b-55fb-8054-61ed32350322,ab7d7a87-5755-5484-bfa8-f0e2a26bb4c7,majid ansari,majid dehghan,Iran,ir,64.0,1,0,68.4,name=64; country=['ir'],REVIEW
304687be-72b5-5f04-8437-e74cf2ccd578,1fdea508-7df9-526f-92b0-3cad1ac5719d,mohammad-reza salehi-amiri,reza mohammadi azizabadi,Iran,ir,64.0,1,0,68.4,name=64; country=['ir'],REVIEW
9527d76f-4f43-5099-83ad-80e09d382873,cc1b62e4-4a21-52e4-932a-39b85994674d,ali-reza kazemi,reza khaki,Iran,ir,64.0,1,0,68.4,name=64; country=['ir'],REVIEW
9527d76f-4f43-5099-83ad-80e09d382873,32be568e-8ccb-5a43-a7d8-65b9b331299c,ali-reza kazemi,ali kamali,Iran,ir,64.0,1,0,68.4,name=64; country=['ir'],REVIEW
363283d1-bd77-5bb4-bb10-143090a3b8bb,34e39cb3-9c4b-5775-9034-7b4013c29fad,ahmad meydari,ahmad vahidi,Iran,ir,64.0,1,0,68.4,name=64; country=['ir'],REVIEW
6bf403eb-cd49-5885-a951-153e5cde5d09,7d4e182e-d44b-593f-ac10-6413ac8c56e7,nizar muhammad said amedi,khamis sirhan al-muhammad,Iraq,iq,64.0,1,0,68.4,name=64; country=['iq'],REVIEW
b4739228-8770-5f35-9a18-0c857200eb69,6c3ef32a-14ed-5588-8d89-6379d7e1b9a1,abd al-husayn al-musawi,samir abd al-aziz al-najim,Iraq,iq,64.0,1,0,68.4,name=64; country=['iq'],REVIEW
4a19256d-6939-57ce-8382-7eb6928ad8dd,ac20c82b-a756-5b8b-b07a-a1aecff7e9bc,yong won jo,chun yong choe,"Korea, North",kp,64.0,1,0,68.4,name=64; country=['kp'],REVIEW
db80e495-6578-5cc9-8b23-b56d2587e7a3,7bb4c3ef-35ef-52a5-96a5-cca060395539,song nam kim,song chol kim,"Korea, North",kp,64.0,1,0,68.4,name=64; country=['kp'],REVIEW
db80e495-6578-5cc9-8b23-b56d2587e7a3,87261b3b-752a-55f6-bf56-a32e634d2725,song nam kim,myong jin kim,"Korea, North",kp,64.0,1,0,68.4,name=64; country=['kp'],REVIEW
db80e495-6578-5cc9-8b23-b56d2587e7a3,2ea72da9-edb8-54e7-9101-7fd192d24b3b,song nam kim,yong nam jong,"Korea, North",kp,64.0,1,0,68.4,name=64; country=['kp'],REVIEW
db80e495-6578-5cc9-8b23-b56d2587e7a3,d6e3669e-6f63-53bc-8913-0eae7ef42c7b,song nam kim,kwang yon kim,"Korea, North",kp,64.0,1,0,68.4,name=64; country=['kp'],REVIEW
db80e495-6578-5cc9-8b23-b56d2587e7a3,379aa3c4-5a5a-5a6b-93ee-c71e924570ba,song nam kim,kum hyok song,"Korea, North",kp,64.0,1,0,68.4,name=64; country=['kp'],REVIEW
c97a4c11-6d14-5bc3-824a-8a5f027534ab,2ea72da9-edb8-54e7-9101-7fd192d24b3b,sun nam kang,yong nam jong,"Korea, North",kp,64.0,1,0,68.4,name=64; country=['kp'],REVIEW
b9bdb536-435b-5fc6-af79-cf064ea64207,2c7bae9f-46e8-5fc8-9af3-fc0e184a0906,son hui choe,chol min choe,"Korea, North",kp,64.0,1,0,68.4,name=64; country=['kp'],REVIEW
b16e8d80-7030-596c-9df3-521cbe6169a1,cfb6a5db-80a1-54b7-86cc-52a256c8d770,yun sok kang,kwang sok sim,"Korea, North",kp,64.0,1,0,68.4,name=64; country=['kp'],REVIEW
b16e8d80-7030-596c-9df3-521cbe6169a1,04b8113c-2623-5e7c-9dcc-90fc1726dfbe,yun sok kang,kyong il kang,"Korea, North",kp,64.0,1,0,68.4,name=64; country=['kp'],REVIEW
f244bdca-f3a8-5d54-9b1b-cc2e39bc638f,1a737494-4a6d-55cd-b6bf-f2dbd23e696a,yong hwan kim,man chun kim,"Korea, North",kp,64.0,1,0,68.4,name=64; country=['kp'],REVIEW
0dfb6602-2cb9-593e-9549-4b97c0d28e5c,7abe579e-b0d7-5cde-90d6-e8056fdf3b25,chol mun,cho'ng-ch'o'l mun,"Korea, North",kp,64.0,1,0,68.4,name=64; country=['kp'],REVIEW
d0495abd-8e55-518b-87c8-ff979fa8ac3f,e472907a-de0a-5171-9835-3ac562d6e529,in chol pak,tae chol ryang,"Korea, North",kp,64.0,1,0,68.4,name=64; country=['kp'],REVIEW
d0495abd-8e55-518b-87c8-ff979fa8ac3f,11d8c011-5873-5083-a3f4-aaf27feb5ce6,in chol pak,chol min myong,"Korea, North",kp,64.0,1,0,68.4,name=64; country=['kp'],REVIEW
367fc8b2-4112-5e2a-895e-2c7630693b1c,e529c90b-3ff6-522a-9fbe-d13a43d290dd,jong hyok han,un hyok choe,"Korea, North",kp,64.0,1,0,68.4,name=64; country=['kp'],REVIEW
367fc8b2-4112-5e2a-895e-2c7630693b1c,9725385d-e066-52d3-b946-2a87a77d9cb2,jong hyok han,hong gil han,"Korea, North",kp,64.0,1,0,68.4,name=64; country=['kp'],REVIEW
367fc8b2-4112-5e2a-895e-2c7630693b1c,a4f82b64-a1c9-5934-9ae9-ea55ed5c776f,jong hyok han,tong hyok ri,"Korea, North",kp,64.0,1,0,68.4,name=64; country=['kp'],REVIEW
1bacae61-7d31-58f3-9a3d-c8f20b1d5fcd,284aff52-29dd-50ed-98fa-3ca5a9d16c0a,jong sun kim,jong sam paek,"Korea, North",kp,64.0,1,0,68.4,name=64; country=['kp'],REVIEW
1bacae61-7d31-58f3-9a3d-c8f20b1d5fcd,7bb4c3ef-35ef-52a5-96a5-cca060395539,jong sun kim,song chol kim,"Korea, North",kp,64.0,1,0,68.4,name=64; country=['kp'],REVIEW
1bacae61-7d31-58f3-9a3d-c8f20b1d5fcd,87261b3b-752a-55f6-bf56-a32e634d2725,jong sun kim,myong jin kim,"Korea, North",kp,64.0,1,0,68.4,name=64; country=['kp'],REVIEW
1bacae61-7d31-58f3-9a3d-c8f20b1d5fcd,2ea72da9-edb8-54e7-9101-7fd192d24b3b,jong sun kim,yong nam jong,"Korea, North",kp,64.0,1,0,68.4,name=64; country=['kp'],REVIEW
72e0847c-9874-58f3-804a-336a949ecc18,6e8485f8-3df3-5521-a7cf-b0bc2f6a7274,thae song pak,tong sok pak,"Korea, North",kp,64.0,1,0,68.4,name=64; country=['kp'],REVIEW
72e0847c-9874-58f3-804a-336a949ecc18,2afb9540-5165-5ac6-82af-d9d07cb77476,thae song pak,hwa song pak,"Korea, North",kp,64.0,1,0,68.4,name=64; country=['kp'],REVIEW
6fa2335d-266a-53e7-8246-ad15133afa37,502197bb-083e-500b-ab49-3e3a29fd9e6f,chol min pak,kuk chol jang,"Korea, North",kp,64.0,1,0,68.4,name=64; country=['kp'],REVIEW
6fa2335d-266a-53e7-8246-ad15133afa37,2c7bae9f-46e8-5fc8-9af3-fc0e184a0906,chol min pak,chol min choe,"Korea, North",kp,64.0,1,0,68.4,name=64; country=['kp'],REVIEW
ee714e14-ed52-53c9-a0f3-0a0fb01c9e2c,284aff52-29dd-50ed-98fa-3ca5a9d16c0a,jong gun pak,jong sam paek,"Korea, North",kp,64.0,1,0,68.4,name=64; country=['kp'],REVIEW
c7a1b474-a0ab-5df4-8d68-f47f5b403fdb,68d55cae-ab6e-5083-9a53-c6ae3cc2bc4b,hyon chol jon,chol ung nam,"Korea, North",kp,64.0,1,0,68.4,name=64; country=['kp'],REVIEW
0d1d2866-386b-5a8c-8de9-b534f9364050,317983e5-097d-5c89-8458-35268be76109,kum chol kim,chol hak kang,"Korea, North",kp,64.0,1,0,68.4,name=64; country=['kp'],REVIEW
0d1d2866-386b-5a8c-8de9-b534f9364050,502197bb-083e-500b-ab49-3e3a29fd9e6f,kum chol kim,kuk chol jang,"Korea, North",kp,64.0,1,0,68.4,name=64; country=['kp'],REVIEW
a02de48a-caf5-5505-ba51-5a38d2e02d9f,cf8b6a77-2e92-5cbe-b1a0-def677d911eb,sok chol jo,song chol choe,"Korea, North",kp,64.0,1,0,68.4,name=64; country=['kp'],REVIEW
c394fac8-0504-562f-861e-71123974b95f,86f78ac3-c178-5fef-8754-9e7ec6d5010b,jae ryong kim,song hun kim,"Korea, North",kp,64.0,1,0,68.4,name=64; country=['kp'],REVIEW
3dd10b94-ab62-5ae5-a73e-60104d5a70c8,e472907a-de0a-5171-9835-3ac562d6e529,chol san ri,tae chol ryang,"Korea, North",kp,64.0,1,0,68.4,name=64; country=['kp'],REVIEW
3dd10b94-ab62-5ae5-a73e-60104d5a70c8,11d8c011-5873-5083-a3f4-aaf27feb5ce6,chol san ri,chol min myong,"Korea, North",kp,64.0,1,0,68.4,name=64; country=['kp'],REVIEW
3dd10b94-ab62-5ae5-a73e-60104d5a70c8,57a04792-22f6-5407-b134-7ae3891e193f,chol san ri,song chol jang,"Korea, North",kp,64.0,1,0,68.4,name=64; country=['kp'],REVIEW
3aea3e76-cdbe-5543-8f1e-79e51652cf89,80ac3a19-9ac6-56be-bafd-09a41c6b10f9,hak chol jon,kyong-chol jo,"Korea, North",kp,64.0,1,0,68.4,name=64; country=['kp'],REVIEW
e28ecbaf-3233-5e7f-aed6-d0721c8b3bc9,a8fb7799-fa76-59f8-8c9c-12eb35795a66,jong gyu sung,sung jun cha,"Korea, North",kp,64.0,1,0,68.4,name=64; country=['kp'],REVIEW
e28ecbaf-3233-5e7f-aed6-d0721c8b3bc9,f26aaf2e-a651-517b-aba9-903eb8ff7e80,jong gyu sung,un jong choe,"Korea, North",kp,64.0,1,0,68.4,name=64; country=['kp'],REVIEW
86e14e01-a80e-5017-b9fc-aaa22aefdf76,a4f277a4-af5d-5c02-85b9-94baf950dfa5,chun sop song,song ho jong,"Korea, North",kp,64.0,1,0,68.4,name=64; country=['kp'],REVIEW
86e14e01-a80e-5017-b9fc-aaa22aefdf76,86f78ac3-c178-5fef-8754-9e7ec6d5010b,chun sop song,song hun kim,"Korea, North",kp,64.0,1,0,68.4,name=64; country=['kp'],REVIEW
86e14e01-a80e-5017-b9fc-aaa22aefdf76,d98f4a4c-80bf-598d-b411-4676b9ad9460,chun sop song,hyon sop sim,"Korea, North",kp,64.0,1,0,68.4,name=64; country=['kp'],REVIEW
7c1ecb74-4d2c-5e83-a21f-c54a49f53255,abbc7385-4a6d-56c0-8034-d61f10609891,ryong guk han,song guk yun,"Korea, North",kp,64.0,1,0,68.4,name=64; country=['kp'],REVIEW
3fb152be-1f78-5bf9-aa97-cbaa07844038,3a697517-1a1e-5bbd-8932-f90088886e14,sung chan kim,chol sam kim,"Korea, North",kp,64.0,1,0,68.4,name=64; country=['kp'],REVIEW
3fb152be-1f78-5bf9-aa97-cbaa07844038,9fc6c03b-4ec8-5c86-837b-988c47dae158,sung chan kim,min chol kim,"Korea, North",kp,64.0,1,0,68.4,name=64; country=['kp'],REVIEW
3fb152be-1f78-5bf9-aa97-cbaa07844038,17547bf6-7d8b-554a-9a98-f93e9fed0066,sung chan kim,sok chol kim,"Korea, North",kp,64.0,1,0,68.4,name=64; country=['kp'],REVIEW
077959aa-ee52-5a90-a839-8c3e1ce4feca,7bb4c3ef-35ef-52a5-96a5-cca060395539,kum song jin,song chol kim,"Korea, North",kp,64.0,1,0,68.4,name=64; country=['kp'],REVIEW
47ad2603-a5d2-5b3c-b035-391c6c9fadf7,9f155f2b-eaf7-51fe-8216-80ab1dfa4deb,song jun kim,kyong hak kim,"Korea, North",kp,64.0,1,0,68.4,name=64; country=['kp'],REVIEW
47ad2603-a5d2-5b3c-b035-391c6c9fadf7,a8cba52b-1ae3-5e9b-b1fb-e13f1da061fe,song jun kim,yong chol kim,"Korea, North",kp,64.0,1,0,68.4,name=64; country=['kp'],REVIEW
47ad2603-a5d2-5b3c-b035-391c6c9fadf7,379aa3c4-5a5a-5a6b-93ee-c71e924570ba,song jun kim,kum hyok song,"Korea, North",kp,64.0,1,0,68.4,name=64; country=['kp'],REVIEW
c4e8dab2-3721-51a6-ae63-1e0a6c2721d6,3a697517-1a1e-5bbd-8932-f90088886e14,chang sok kim,chol sam kim,"Korea, North",kp,64.0,1,0,68.4,name=64; country=['kp'],REVIEW
c4e8dab2-3721-51a6-ae63-1e0a6c2721d6,1a737494-4a6d-55cd-b6bf-f2dbd23e696a,chang sok kim,man chun kim,"Korea, North",kp,64.0,1,0,68.4,name=64; country=['kp'],REVIEW
4741c842-aa4f-5cb6-9d00-509b4d4be52a,87261b3b-752a-55f6-bf56-a32e634d2725,jong nam kim,myong jin kim,"Korea, North",kp,64.0,1,0,68.4,name=64; country=['kp'],REVIEW
4741c842-aa4f-5cb6-9d00-509b4d4be52a,2ea72da9-edb8-54e7-9101-7fd192d24b3b,jong nam kim,yong nam jong,"Korea, North",kp,64.0,1,0,68.4,name=64; country=['kp'],REVIEW
a6663a37-373c-55f5-9061-d45fb425f859,3a697517-1a1e-5bbd-8932-f90088886e14,chung gol kim,chol sam kim,"Korea, North",kp,64.0,1,0,68.4,name=64; country=['kp'],REVIEW
a6663a37-373c-55f5-9061-d45fb425f859,1a737494-4a6d-55cd-b6bf-f2dbd23e696a,chung gol kim,man chun kim,"Korea, North",kp,64.0,1,0,68.4,name=64; country=['kp'],REVIEW
a6663a37-373c-55f5-9061-d45fb425f859,3a3dfc35-72b0-569a-82a6-51179e0d7e1e,chung gol kim,mun chol kim,"Korea, North",kp,64.0,1,0,68.4,name=64; country=['kp'],REVIEW
a6663a37-373c-55f5-9061-d45fb425f859,9fc6c03b-4ec8-5c86-837b-988c47dae158,chung gol kim,min chol kim,"Korea, North",kp,64.0,1,0,68.4,name=64; country=['kp'],REVIEW
a6663a37-373c-55f5-9061-d45fb425f859,17547bf6-7d8b-554a-9a98-f93e9fed0066,chung gol kim,sok chol kim,"Korea, North",kp,64.0,1,0,68.4,name=64; country=['kp'],REVIEW
cc81e615-d493-582e-afc5-946ac6cfb9f5,bdf7db8d-caa4-59b3-a63f-3baaecc9bba3,chol su kim,geum cheol kim,"Korea, North",kp,64.0,1,0,68.4,name=64; country=['kp'],REVIEW
257b7973-9bb2-564f-b8c5-1a55c239efc9,93bbb94d-7571-5e6e-84d0-b12b0f27b292,chung song kim,yong su kim,"Korea, North",kp,64.0,1,0,68.4,name=64; country=['kp'],REVIEW
250b1f74-d92a-5b8e-81fd-91f406313e55,7e7f14fc-2f97-5696-b2ee-a43d9722648f,chun song jang,song jin im,"Korea, North",kp,64.0,1,0,68.4,name=64; country=['kp'],REVIEW
3f5caa9c-1967-511d-a235-da7d3d2c5422,7bb4c3ef-35ef-52a5-96a5-cca060395539,chol gu kang,song chol kim,"Korea, North",kp,64.0,1,0,68.4,name=64; country=['kp'],REVIEW
3f5caa9c-1967-511d-a235-da7d3d2c5422,a8cba52b-1ae3-5e9b-b1fb-e13f1da061fe,chol gu kang,yong chol kim,"Korea, North",kp,64.0,1,0,68.4,name=64; country=['kp'],REVIEW
3f5caa9c-1967-511d-a235-da7d3d2c5422,502197bb-083e-500b-ab49-3e3a29fd9e6f,chol gu kang,kuk chol jang,"Korea, North",kp,64.0,1,0,68.4,name=64; country=['kp'],REVIEW
6671dde0-c650-53c2-a9cd-d29a239ac0ca,e6949688-4f67-5720-8b4c-1657ed06fe5f,kyong jae im,kyong nam kim,"Korea, North",kp,64.0,1,0,68.4,name=64; country=['kp'],REVIEW
6671dde0-c650-53c2-a9cd-d29a239ac0ca,9f155f2b-eaf7-51fe-8216-80ab1dfa4deb,kyong jae im,kyong hak kim,"Korea, North",kp,64.0,1,0,68.4,name=64; country=['kp'],REVIEW
6671dde0-c650-53c2-a9cd-d29a239ac0ca,80ac3a19-9ac6-56be-bafd-09a41c6b10f9,kyong jae im,kyong-chol jo,"Korea, North",kp,64.0,1,0,68.4,name=64; country=['kp'],REVIEW
229631a1-a4f8-56d3-a528-bcc22873590c,86f78ac3-c178-5fef-8754-9e7ec6d5010b,song hak chae,song hun kim,"Korea, North",kp,64.0,1,0,68.4,name=64; country=['kp'],REVIEW
229631a1-a4f8-56d3-a528-bcc22873590c,4c764df4-42ba-5b64-9a59-3fe70dd4d74f,song hak chae,chol song jo,"Korea, North",kp,64.0,1,0,68.4,name=64; country=['kp'],REVIEW
8a4561d5-6e38-5ae7-894b-48966e7707a5,7bb4c3ef-35ef-52a5-96a5-cca060395539,sung jin kim,song chol kim,"Korea, North",kp,64.0,1,0,68.4,name=64; country=['kp'],REVIEW
55dd8a94-e430-5cc6-8fe4-7569591bb2c0,75a9ecb6-7f7d-5ad8-92f1-c607d6655dde,uz ahmed usham,ameen ahmed,Maldives,mv,64.0,1,0,68.4,name=64; country=['mv'],REVIEW
6b7a9963-22df-5882-9a1a-45169decc49e,d5d8c848-b481-526c-9c68-1faf2cb1856f,oksana nikolayevna lut,oksana genrikhovna dmitrieva,Russia,ru,64.0,1,0,68.4,name=64; country=['ru'],REVIEW
a1ba40bc-1093-5b3a-8915-c71338aae763,ecd1fe8c-2953-517a-a60f-73289208c384,andrey removich belousov,andrey mikhaylovich bulyga,Russia,ru,64.0,1,0,68.4,name=64; country=['ru'],REVIEW
a1ba40bc-1093-5b3a-8915-c71338aae763,c02c6680-138f-5068-b263-bdbfac01596d,andrey removich belousov,andrey viktorovich gurulev,Russia,ru,64.0,1,0,68.4,name=64; country=['ru'],REVIEW
df456803-12e3-51a9-be87-159ecd3813eb,af642bd5-ef1f-54aa-a74e-e41bb64316a6,anton germanovich siluanov,anton olegovich tkachyov,Russia,ru,64.0,1,0,68.4,name=64; country=['ru'],REVIEW
9f7f1740-b4dd-5baa-9f5c-0df51713cbf6,9ffd1a09-af58-5993-87fd-4cac16829f81,sergey viktorovich lavrov,anton viktorovich koltsov,Russia,ru,64.0,1,0,68.4,name=64; country=['ru'],REVIEW
9f7f1740-b4dd-5baa-9f5c-0df51713cbf6,7e7d0b24-9725-55ec-9e2f-9e58acc2e680,sergey viktorovich lavrov,yuri viktorovich arkharov,Russia,ru,64.0,1,0,68.4,name=64; country=['ru'],REVIEW
9f7f1740-b4dd-5baa-9f5c-0df51713cbf6,277848be-7ff7-5411-9e86-8301e733e9ac,sergey viktorovich lavrov,pavel viktorovich akifyev,Russia,ru,64.0,1,0,68.4,name=64; country=['ru'],REVIEW
9f7f1740-b4dd-5baa-9f5c-0df51713cbf6,5d63b5c3-b8a4-5c7f-b9cc-ad2f3f49bf42,sergey viktorovich lavrov,viktor viktorovich dzyuba,Russia,ru,64.0,1,0,68.4,name=64; country=['ru'],REVIEW
9f1314cf-6c54-5b3f-b942-9bf298c2e407,0176173f-49c3-53d3-bf85-b8ab5e55d9de,mikhail albertovich murashko,mikhail ilich yakushev,Russia,ru,64.0,1,0,68.4,name=64; country=['ru'],REVIEW
ed18924e-5c9b-5e5b-803d-27f2be535e3b,dfccce3d-de21-5488-899f-1ac735bfb152,anton olegovich kotyakov,anton sergeyevich bespalov,Russia,ru,64.0,1,0,68.4,name=64; country=['ru'],REVIEW
ed18924e-5c9b-5e5b-803d-27f2be535e3b,36ebf81b-3135-524d-8151-59048ea2a353,anton olegovich kotyakov,mikhail olegovich avtukhov,Russia,ru,64.0,1,0,68.4,name=64; country=['ru'],REVIEW
85da5294-bb31-5f57-9cb1-bc4d767cffe5,7f56f54c-d8c6-5854-8875-680d7669f72e,igor viktorovich krasnov,sergey viktorovich chizhov,Russia,ru,64.0,1,0,68.4,name=64; country=['ru'],REVIEW
85da5294-bb31-5f57-9cb1-bc4d767cffe5,ead987c7-79c9-5cf9-b295-600208ed974c,igor viktorovich krasnov,aleksandr viktorovich moor,Russia,ru,64.0,1,0,68.4,name=64; country=['ru'],REVIEW
85da5294-bb31-5f57-9cb1-bc4d767cffe5,2f4eebeb-0786-51b1-8fe8-0d5f299d4d5c,igor viktorovich krasnov,sergey viktorovich pitikov,Russia,ru,64.0,1,0,68.4,name=64; country=['ru'],REVIEW
85da5294-bb31-5f57-9cb1-bc4d767cffe5,74d72214-6a53-5f9b-9349-6a8b62edc019,igor viktorovich krasnov,igor valerievich lavrenkov,Russia,kn,64.0,1,0,68.4,name=64; country=['ru'],REVIEW
85da5294-bb31-5f57-9cb1-bc4d767cffe5,c02c6680-138f-5068-b263-bdbfac01596d,igor viktorovich krasnov,andrey viktorovich gurulev,Russia,ru,64.0,1,0,68.4,name=64; country=['ru'],REVIEW
69ef53c5-e760-59db-8a23-dafa4673af75,000ac429-0c30-5216-ac30-35f52d64735e,anatoliy ivanovich antonov,alexey ivanovich isaykin,Russia,ru,64.0,1,0,68.4,name=64; country=['ru'],REVIEW
2e830ef2-5b5e-5e3f-9001-73b85779f863,a3a04197-e5bb-5e12-b36a-7be0d00f969c,abd al-rahman bin abd al-muhsin al-fadhli,khalid abd al-rahman hamd al-fawaz,Saudi Arabia,sa,64.0,1,0,68.4,name=64; country=['sa'],REVIEW
f266e218-51a4-54b0-83d8-87163465c542,e8b72b58-ec59-5dcf-a650-0fba6e2b3d11,zoran gajic,zoran petrovic,Serbia,rs,64.0,1,0,68.4,name=64; country=['rs'],REVIEW
06ea8d5b-6792-571b-b5b4-2654fd81bff7,5252be32-3554-50b4-8a1d-bb0eaf1262cd,muhammad kortikaila salih,mohammed ibrahim sulaiman,Sudan,sd,64.0,1,0,68.4,name=64; country=['sd'],REVIEW
6431c011-7e65-57eb-be58-5fd69139c64a,ecfb051c-93bc-56e6-bcc1-96dff4b9504b,muhammad yasir barniyah,ahmad sabir mohammed hamsho,Syria,sy,64.0,1,0,68.4,name=64; country=['sy'],REVIEW
273f7c93-b943-54f3-b29b-c5b49914c4a7,0a8efc38-c56b-5504-b1ca-3465823a3b64,muhammad abu al-khayr shukri,abu mohammed al-adnani,Syria,sy,64.0,1,0,68.4,name=64; country=['sy'],REVIEW
ae54960f-d347-5091-8aed-043644222a3d,e9212872-ee4f-5429-89e2-8ffc2d02bd1f,ahmad omar muhammad arman,muhammad fadl abd al-nabi,Yemen,ye,64.0,1,0,68.4,name=64; country=['ye'],REVIEW
d673bd64-7515-5966-9e29-0990efbfcb22,10f43ffb-5e06-50b1-a842-232e4179ed1d,ibrahim ali ahmad haydan,shawki ali ahmed al-badani,Yemen,ye,64.0,1,0,68.4,name=64; country=['ye'],REVIEW
8b18eb36-7f78-5f79-b85c-f876fe80b80f,02b8ea4e-d3a1-55a3-8a71-a2140ad7b851,badr abdo ahmad al-ardah,umar ahmad umar ahmad hajj,Yemen,ye,64.0,1,0,68.4,name=64; country=['ye'],REVIEW
8b18eb36-7f78-5f79-b85c-f876fe80b80f,ad0ef235-3af7-5a50-b8b6-a694110dc1d2,badr abdo ahmad al-ardah,zayd 'ali ahmed al-sharafi,Yemen,ye,64.0,1,0,68.4,name=64; country=['ye'],REVIEW
f2077323-1b0e-5542-90db-01fe340e86bf,21ff7c83-3e71-525b-ac7b-ef14fffd1648,hashim ismail ali,hashem ismail ali ahmed al-madani,Yemen,ye,64.0,1,0,68.4,name=64; country=['ye'],REVIEW
ae0688ac-473c-5dd1-9ef0-30bcdc52c48b,15794120-3b90-57b5-93f6-a387db69fd02,sergey kuzhugetovich shoygu,sergey nikolayevich perminov,Russia,ru,47.27,1,1,68.36,name=47; country=['ru']; position_overlap=['council'],REVIEW
7df66bc2-e527-56e5-9655-a4983d2fbcc1,cf3d659b-2534-52dd-9456-899b605dbf54,mohammed bin abdullah bin mohammed al-sulaiti,'abd al-latif bin 'abdallah salih muhammad al-kawari,Qatar,qa,63.92,1,0,68.35,name=64; country=['qa'],REVIEW
304687be-72b5-5f04-8437-e74cf2ccd578,238dacc5-2131-5ca9-889c-c424f7a5e84c,mohammad-reza salehi-amiri,seyed mohammad kalami,Iran,ir,63.83,1,0,68.3,name=64; country=['ir'],REVIEW
6beef345-acb9-517c-82d0-b0e325d53bd1,c8fb7c10-c762-55d4-b1c8-b6983bcdae8d,mohamed ahmed ould mohamed lemine,'abd al-rahman ould muhammad al-husayn ould muhammad salim,Mauritania,mr,63.83,1,0,68.3,name=64; country=['mr'],REVIEW
8ae67ed2-1944-586e-a3bc-a18b6ab3a36e,516cc5cd-b2c6-5313-bc6d-dbc1bb91cff3,khwaja muhammad asif,mustafa hajji muhammad khan,Pakistan,pk,63.83,1,0,68.3,name=64; country=['pk'],REVIEW
59552685-02a2-51e3-b3c4-01587c77f47c,987d65a3-20c5-5a58-9585-5d5ed279540e,muhammad raza hayat harraj,muhammad khizar hayat,Pakistan,pk,63.83,1,0,68.3,name=64; country=['pk'],REVIEW
a1ba40bc-1093-5b3a-8915-c71338aae763,f73a5c3e-4cf4-5197-a3f3-68b3ef097e1e,andrey removich belousov,andrey pavlovich markov,Russia,ru,63.83,1,0,68.3,name=64; country=['ru'],REVIEW
2bf83e07-5387-5987-9333-0a44ebdc0a8f,cd427953-90ec-5093-82b1-bea0d149abae,sergey sergeyevich kravtsov,sergey yuryevich ten,Russia,ru,63.83,1,0,68.3,name=64; country=['ru'],REVIEW
cd6c171d-c9ca-554f-891b-755908ea691e,820f4142-3520-5a83-a7e6-22e22d825819,aleksandr aleksandrovich kozlov,aleksandr okulov,Russia,ru,63.83,1,0,68.3,name=64; country=['ru'],REVIEW
fc726116-daf6-51fb-8807-341d8d0ce68d,2c7b5b61-7328-5e11-bfe2-5f1e2ce982ef,muhammad al-jadan,ahmad hassan mohammed al asiri,Saudi Arabia,sa,63.83,1,0,68.3,name=64; country=['sa'],REVIEW
ac15a0ce-1f00-5033-aaf7-a2414ed975e4,5197bf7d-4bce-53f1-be16-82be8fb3e890,muhammad adbul rahman turko,mohammed dib zaitoun,Syria,sy,63.83,1,0,68.3,name=64; country=['sy'],REVIEW
9578ba7b-ed8c-5041-96d8-36f346c46e40,802cc3b8-f9bd-5ecb-88c5-183893512a75,tariq muhammad abdallah salih,ali abdullah saleh,Yemen,ye,63.83,1,0,68.3,name=64; country=['ye'],REVIEW
ae54960f-d347-5091-8aed-043644222a3d,da581888-847b-521c-9b55-ae33ac274626,ahmad omar muhammad arman,muhammad ali al-qadiri,Yemen,ye,63.83,1,0,68.3,name=64; country=['ye'],REVIEW
bd9a1bc4-83c2-5723-bc79-1067a0aaaa79,da581888-847b-521c-9b55-ae33ac274626,muammar mutahar al-iryani,muhammad ali al-qadiri,Yemen,ye,63.83,1,0,68.3,name=64; country=['ye'],REVIEW
1b652019-36c0-552b-9031-55ce6822d027,bc6f1ed7-0a2f-54cd-a6d9-cb91de27162e,abd al-salam hadi,sayf abdulrab salem al-hayashi,Yemen,ye,63.83,1,0,68.3,name=64; country=['ye'],REVIEW
486633c7-d65d-579c-a85e-bd4fb32cc714,45fc9a87-c84e-5d7b-919f-5c53ef64b9cb,mohammad eslami,mohammad reza naqdi,Iran,ir,47.06,1,1,68.24,"name=47; country=['ir']; position_overlap=['organization', 'president']",REVIEW
760e0ba4-7aa7-5ea2-b565-665ad6d216ec,6670463d-2261-5ab6-94e5-3fcff7a2d2ff,su il pak,il-u cho,"Korea, North",kp,47.06,1,1,68.24,name=47; country=['kp']; position_overlap=['general'],REVIEW
ae0688ac-473c-5dd1-9ef0-30bcdc52c48b,f3d56d66-d2ce-527e-85c2-63612aadbe03,sergey kuzhugetovich shoygu,sergey borisovich ivanov,Russia,ru,47.06,1,1,68.24,name=47; country=['ru']; position_overlap=['council'],REVIEW
60703c42-976d-5078-8240-0e96bfee1620,d5864712-e474-541e-bfff-6ed513b19169,abd al-wahab abdullah ahmed al-hajri,ahmed ali saleh,Yemen,ye,47.06,1,1,68.24,name=47; country=['ye']; position_overlap=['ambassador'],REVIEW
053197b2-c2cf-5616-8cd1-fa82f161f429,e696447d-b6e3-5608-a5c4-ad1ab7ba09b7,mohammed hasan mahmud,mohammad jahangir alam,Bangladesh,bd,63.64,1,0,68.18,name=64; country=['bd'],REVIEW
0e3e892e-645b-5404-b7ef-564db69c1653,9382f386-d9b2-5c07-9eab-300d721e9b80,myo zaw thein,thein soe,Burma,zm,63.64,1,0,68.18,name=64; country=['zm'],REVIEW
b763a905-8245-5ecd-98c7-069313da9814,fe1dd849-f6a1-52b7-98be-2657c5184606,guoqing zhang,wei zhang,China,cn,63.64,1,0,68.18,name=64; country=['cn'],REVIEW
31bc6af8-18d2-5a6d-9bd4-d0e4b93151b2,8bf61611-5fd4-5518-ab7f-9bffe169bfb2,yixin chen,mingguo chen,China,cn,63.64,1,0,68.18,name=64; country=['cn'],REVIEW
0d39bb01-068e-53f7-9da1-2b020ccc460d,3b4a21b9-e311-529c-a188-177d04cadd21,jun zhang,yanbing zhang,China,cn,63.64,1,0,68.18,name=64; country=['cn'],REVIEW
0d39bb01-068e-53f7-9da1-2b020ccc460d,86f6034b-9417-5620-b5a5-7a955f2346c2,jun zhang,longbao zhang,China,cn,63.64,1,0,68.18,name=64; country=['cn'],REVIEW
f9c11f75-2319-572a-8e2f-c836357552e5,3994612e-996b-596c-91b7-90cd5320c49c,jong un kim,tong-ho kim,"Korea, North",kp,63.64,1,0,68.18,name=64; country=['kp'],REVIEW
f9c11f75-2319-572a-8e2f-c836357552e5,9eddb6a0-baeb-5b5c-b6f2-4b9577c189b7,jong un kim,yong ju kim,"Korea, North",kp,63.64,1,0,68.18,name=64; country=['kp'],REVIEW
2db666ac-26f4-500d-8e57-d0d421626000,9eddb6a0-baeb-5b5c-b6f2-4b9577c189b7,tok hun kim,yong ju kim,"Korea, North",kp,63.64,1,0,68.18,name=64; country=['kp'],REVIEW
4a19256d-6939-57ce-8382-7eb6928ad8dd,bd3ebc5c-8fa5-5d48-ab43-c0798bd7fb90,yong won jo,yong il sin,"Korea, North",kp,63.64,1,0,68.18,name=64; country=['kp'],REVIEW
4a19256d-6939-57ce-8382-7eb6928ad8dd,9eddb6a0-baeb-5b5c-b6f2-4b9577c189b7,yong won jo,yong ju kim,"Korea, North",kp,63.64,1,0,68.18,name=64; country=['kp'],REVIEW
b700b190-27ae-5cb1-941c-0a513750a653,93bbb94d-7571-5e6e-84d0-b12b0f27b292,yong gil ri,yong su kim,"Korea, North",kp,63.64,1,0,68.18,name=64; country=['kp'],REVIEW
b700b190-27ae-5cb1-941c-0a513750a653,9eddb6a0-baeb-5b5c-b6f2-4b9577c189b7,yong gil ri,yong ju kim,"Korea, North",kp,63.64,1,0,68.18,name=64; country=['kp'],REVIEW
016b063f-7385-5c67-abd3-c36f628d8705,5247a5d4-c75c-54c8-85e6-ce6ff8d7f291,o su yong,yong hyok rim,"Korea, North",kp,63.64,1,0,68.18,name=64; country=['kp'],REVIEW
016b063f-7385-5c67-abd3-c36f628d8705,2ea72da9-edb8-54e7-9101-7fd192d24b3b,o su yong,yong nam jong,"Korea, North",kp,63.64,1,0,68.18,name=64; country=['kp'],REVIEW
016b063f-7385-5c67-abd3-c36f628d8705,a8cba52b-1ae3-5e9b-b1fb-e13f1da061fe,o su yong,yong chol kim,"Korea, North",kp,63.64,1,0,68.18,name=64; country=['kp'],REVIEW
016b063f-7385-5c67-abd3-c36f628d8705,7725fd5c-cd5e-5a47-a960-87b96f9e937c,o su yong,yong son jang,"Korea, North",kp,63.64,1,0,68.18,name=64; country=['kp'],REVIEW
c18a864c-2479-54f5-83a8-a797da2be8f7,40c9e172-e82a-525e-9db4-ff12994ba0f5,son gwon ri,yong gil ri,"Korea, North",kp,63.64,1,0,68.18,name=64; country=['kp'],REVIEW
cd2e7228-83bc-53ae-9022-290f7f52a37f,3994612e-996b-596c-91b7-90cd5320c49c,yo jong kim,tong-ho kim,"Korea, North",kp,63.64,1,0,68.18,name=64; country=['kp'],REVIEW
cd2e7228-83bc-53ae-9022-290f7f52a37f,05295a1f-3193-5ce8-bb09-449b7fd68ddc,yo jong kim,yon hui kim,"Korea, North",kp,63.64,1,0,68.18,name=64; country=['kp'],REVIEW
b16e8d80-7030-596c-9df3-521cbe6169a1,e0d597b0-49d9-5849-83c1-3c2b189426b0,yun sok kang,ryong kang,"Korea, North",kp,63.64,1,0,68.18,name=64; country=['kp'],REVIEW
f244bdca-f3a8-5d54-9b1b-cc2e39bc638f,a54486f9-bca7-5cd3-967d-82418e88d91e,yong hwan kim,yong ho o,"Korea, North",kp,63.64,1,0,68.18,name=64; country=['kp'],REVIEW
0dfb6602-2cb9-593e-9549-4b97c0d28e5c,11d8c011-5873-5083-a3f4-aaf27feb5ce6,chol mun,chol min myong,"Korea, North",kp,63.64,1,0,68.18,name=64; country=['kp'],REVIEW
1bacae61-7d31-58f3-9a3d-c8f20b1d5fcd,12e28eae-3413-5c7f-8543-5361d66133d5,jong sun kim,ho kyu kim,"Korea, North",kp,63.64,1,0,68.18,name=64; country=['kp'],REVIEW
3c08ca0d-23b3-5574-85a7-901e21cddc9b,05295a1f-3193-5ce8-bb09-449b7fd68ddc,kum hui pak,yon hui kim,"Korea, North",kp,63.64,1,0,68.18,name=64; country=['kp'],REVIEW
3c08ca0d-23b3-5574-85a7-901e21cddc9b,741c6a5e-d244-5497-b88e-2e55c0447846,kum hui pak,chun il pak,"Korea, North",kp,63.64,1,0,68.18,name=64; country=['kp'],REVIEW
c7a1b474-a0ab-5df4-8d68-f47f5b403fdb,1ef4b64d-9b45-56b6-9e73-5da55a083fad,hyon chol jon,il ho jon,"Korea, North",kp,63.64,1,0,68.18,name=64; country=['kp'],REVIEW
1ad2c0de-1de9-5af3-9e95-190396b8005f,7e7f14fc-2f97-5696-b2ee-a43d9722648f,song hak ri,song jin im,"Korea, North",kp,63.64,1,0,68.18,name=64; country=['kp'],REVIEW
1ad2c0de-1de9-5af3-9e95-190396b8005f,40c9e172-e82a-525e-9db4-ff12994ba0f5,song hak ri,yong gil ri,"Korea, North",kp,63.64,1,0,68.18,name=64; country=['kp'],REVIEW
1ad2c0de-1de9-5af3-9e95-190396b8005f,a457feb7-1b89-50a1-aae6-ceedf79eaaf1,song hak ri,hong-sop ri,"Korea, North",kp,63.64,1,0,68.18,name=64; country=['kp'],REVIEW
49fae442-9d38-5575-8249-874394a44a20,96c5b369-8173-58f8-bd31-63253c0fff4a,sung ho yang,ho-jin yun,"Korea, North",kp,63.64,1,0,68.18,name=64; country=['kp'],REVIEW
0d1d2866-386b-5a8c-8de9-b534f9364050,0bd558aa-1421-5587-843c-f71b34c549df,kum chol kim,su gil kim,"Korea, North",kp,63.64,1,0,68.18,name=64; country=['kp'],REVIEW
d7a9ae79-3c5e-52ad-8495-75f9a6443701,80ac3a19-9ac6-56be-bafd-09a41c6b10f9,sok ho jo,kyong-chol jo,"Korea, North",kp,63.64,1,0,68.18,name=64; country=['kp'],REVIEW
4f2e5ddc-e7f2-5114-91e0-b66d2b467446,62242724-dd04-5f07-8346-f4298bcc659d,sung du kim,nam ung kim,"Korea, North",kp,63.64,1,0,68.18,name=64; country=['kp'],REVIEW
4f2e5ddc-e7f2-5114-91e0-b66d2b467446,3994612e-996b-596c-91b7-90cd5320c49c,sung du kim,tong-ho kim,"Korea, North",kp,63.64,1,0,68.18,name=64; country=['kp'],REVIEW
4f2e5ddc-e7f2-5114-91e0-b66d2b467446,05295a1f-3193-5ce8-bb09-449b7fd68ddc,sung du kim,yon hui kim,"Korea, North",kp,63.64,1,0,68.18,name=64; country=['kp'],REVIEW
4f2e5ddc-e7f2-5114-91e0-b66d2b467446,89683347-13c3-5471-b14c-cfc9d9e13186,sung du kim,sung sop ku,"Korea, North",kp,63.64,1,0,68.18,name=64; country=['kp'],REVIEW
3dd10b94-ab62-5ae5-a73e-60104d5a70c8,a457feb7-1b89-50a1-aae6-ceedf79eaaf1,chol san ri,hong-sop ri,"Korea, North",kp,63.64,1,0,68.18,name=64; country=['kp'],REVIEW
5f9ee52c-a87d-58ea-896c-92f65a548854,80ac3a19-9ac6-56be-bafd-09a41c6b10f9,chol u yu,kyong-chol jo,"Korea, North",kp,63.64,1,0,68.18,name=64; country=['kp'],REVIEW
5f9ee52c-a87d-58ea-896c-92f65a548854,a8cba52b-1ae3-5e9b-b1fb-e13f1da061fe,chol u yu,yong chol kim,"Korea, North",kp,63.64,1,0,68.18,name=64; country=['kp'],REVIEW
5f9ee52c-a87d-58ea-896c-92f65a548854,502197bb-083e-500b-ab49-3e3a29fd9e6f,chol u yu,kuk chol jang,"Korea, North",kp,63.64,1,0,68.18,name=64; country=['kp'],REVIEW
fba55d87-e11e-536c-80e8-00fc53ec6dce,7e7f14fc-2f97-5696-b2ee-a43d9722648f,jong jin so,song jin im,"Korea, North",kp,63.64,1,0,68.18,name=64; country=['kp'],REVIEW
98d46526-22bc-5092-acc7-39b7ef15df5f,87261b3b-752a-55f6-bf56-a32e634d2725,yu il kim,myong jin kim,"Korea, North",kp,63.64,1,0,68.18,name=64; country=['kp'],REVIEW
98d46526-22bc-5092-acc7-39b7ef15df5f,a8cba52b-1ae3-5e9b-b1fb-e13f1da061fe,yu il kim,yong chol kim,"Korea, North",kp,63.64,1,0,68.18,name=64; country=['kp'],REVIEW
3fb152be-1f78-5bf9-aa97-cbaa07844038,135c4262-e6f9-5393-bc25-00c89328faca,sung chan kim,se un kim,"Korea, North",kp,63.64,1,0,68.18,name=64; country=['kp'],REVIEW
f3c08208-2b98-5df7-80e3-d940f854096e,f46b91e1-d7a0-59a1-b231-26c7c4c19d88,yong il ju,yong chol ho,"Korea, North",kp,63.64,1,0,68.18,name=64; country=['kp'],REVIEW
cc81e615-d493-582e-afc5-946ac6cfb9f5,3994612e-996b-596c-91b7-90cd5320c49c,chol su kim,tong-ho kim,"Korea, North",kp,63.64,1,0,68.18,name=64; country=['kp'],REVIEW
f71309bc-ec54-5d5b-85a1-9fe7b86aebd3,48cff17a-d1bf-50dd-9ea6-52b19cc1b602,hussain mohamed latheef,mohamed inthif rauf,Maldives,mv,63.64,1,0,68.18,name=64; country=['mv'],REVIEW
4114467e-6461-53b3-95fa-167acc8d60b0,6c7f693a-f1d8-5564-9f4d-7c7237ed5b9e,citlalli hernandez mora,raul hernandez barron,Mexico,mx,63.64,1,0,68.18,name=64; country=['mx'],REVIEW
28dfcbe3-854d-5b4d-973a-0f66e327165b,bf549732-8324-59b7-80a9-0caa7c33a0a3,sardar muhammad yousaf,muhammad ijaz safarash,Pakistan,pk,63.64,1,0,68.18,name=64; country=['pk'],REVIEW
006ad23e-54a7-54a1-8822-9ce4af2635fc,ef69fab4-7a3a-52fe-b006-f8a2197a15b9,mikhail vladimirovich mishustin,aleksandr vladimirovich onishchenko,Russia,ru,63.64,1,0,68.18,name=64; country=['ru'],REVIEW
7577e6ac-6813-5c14-a64b-543cff310d82,97361779-1280-586a-94dd-666a54c2d8f3,aleksandr vyacheslavovich kurenkov,vladislav vyacheslavovich kostin,Russia,ru,63.64,1,0,68.18,name=64; country=['ru'],REVIEW
7577e6ac-6813-5c14-a64b-543cff310d82,41af9f69-5c35-54e0-ab05-481edcf20676,aleksandr vyacheslavovich kurenkov,aleksandr nikolayevich borodayev,Russia,ru,63.64,1,0,68.18,name=64; country=['ru'],REVIEW
7577e6ac-6813-5c14-a64b-543cff310d82,bd704a5f-6ad2-53da-9e59-0b17fb7892b5,aleksandr vyacheslavovich kurenkov,aleksandr vladimirovich osadchuk,Russia,ru,63.64,1,0,68.18,name=64; country=['ru'],REVIEW
7577e6ac-6813-5c14-a64b-543cff310d82,bbedd287-c5c9-5099-a78d-aaf9b06ab4ae,aleksandr vyacheslavovich kurenkov,aleksandr vitalyevich nezhentsev,Russia,ru,63.64,1,0,68.18,name=64; country=['ru'],REVIEW
f21fad05-0e28-5492-a4e5-4ca30560fe5c,b5747fc8-2f6a-5672-91dd-0692acc779fb,vladimir aleksandrovich kolokoltsev,aleksei aleksandrovich vostokov,Russia,ru,63.64,1,0,68.18,name=64; country=['ru'],REVIEW
f21fad05-0e28-5492-a4e5-4ca30560fe5c,d7903a67-bd70-5feb-bca1-3ca53f100046,vladimir aleksandrovich kolokoltsev,vladimir nikolayevich plotnikov,Russia,ru,63.64,1,0,68.18,name=64; country=['ru'],REVIEW
cd6c171d-c9ca-554f-891b-755908ea691e,c4045cd5-bb97-5e7e-9add-cdebe6c50f4f,aleksandr aleksandrovich kozlov,aleksandr vladimirovich cherkovskiy,Russia,ru,63.64,1,0,68.18,name=64; country=['ru'],REVIEW
d6e33049-9c30-57e4-8fa8-e9317955ad2e,c4045cd5-bb97-5e7e-9add-cdebe6c50f4f,mikhail vladimirovich degtyarev,aleksandr vladimirovich cherkovskiy,Russia,ru,63.64,1,0,68.18,name=64; country=['ru'],REVIEW
1d3648e0-890b-5857-b494-38f5e5169785,6884d96b-1686-5d92-bbef-5505c3c057f5,muhammad bin salman,salah muhammed a. tubaigy,Saudi Arabia,sa,63.64,1,0,68.18,name=64; country=['sa'],REVIEW
fc726116-daf6-51fb-8807-341d8d0ce68d,dcd717ae-bf38-5035-adf6-57c9f5e55c6a,muhammad al-jadan,mubarak mohammed a alotaibi,Saudi Arabia,sa,63.64,1,0,68.18,name=64; country=['sa'],REVIEW
6fe76e44-142e-53d5-9576-0ff60aa7b805,5b1f9cfe-6333-5a34-bf72-4601e91daba9,dahir shire mohamed,abdirahman mohamed omar,Somalia,so,63.64,1,0,68.18,name=64; country=['so'],REVIEW
9813a436-bcaf-50ee-a39a-8e63b50c7a09,6ad005c0-b3d5-555b-8be0-efebe062a29b,mohamed adan moalim,bashir mohamed mahamoud,Somalia,so,63.64,1,0,68.18,name=64; country=['so'],REVIEW
9813a436-bcaf-50ee-a39a-8e63b50c7a09,5b1f9cfe-6333-5a34-bf72-4601e91daba9,mohamed adan moalim,abdirahman mohamed omar,Somalia,so,63.64,1,0,68.18,name=64; country=['so'],REVIEW
ea7e8ab1-0b3e-5477-9efc-81b4021f53c5,6bc00d0d-b525-5cbf-9de4-43e44c84dc4a,ahmad husayn al-shara’,abd-al-rahman 'ali husayn al-ahmad al-rawi,Syria,sy,63.64,1,0,68.18,name=64; country=['sy'],REVIEW
c2369b0c-9fa5-5e0b-a144-0128a0d33c6e,505c96f5-40ca-5a4d-a14f-4f19bd09556c,muhammad al-bashir,iyad mohammad esam mahrous,Syria,sy,63.64,1,0,68.18,name=64; country=['sy'],REVIEW
363a881e-6838-5bf9-8cb0-769d8385846e,b0bb62be-befe-59f0-84b3-6de436d4117f,chu chen,shih huan chen,Taiwan,tw,63.64,1,0,68.18,name=64; country=['tw'],REVIEW
0f225775-928e-58b2-8c2e-6bfcc4b4efc0,5e079c3e-0db5-5412-8578-7fe2b3985903,murat kurum,murat bukey,Turkey,tr,63.64,1,0,68.18,name=64; country=['tr'],REVIEW
692d0217-0dbb-5722-b4f2-ed73c5bdc12a,802cc3b8-f9bd-5ecb-88c5-183893512a75,abdullah al-alimi ba wazir,ali abdullah saleh,Yemen,ye,63.64,1,0,68.18,name=64; country=['ye'],REVIEW
ae54960f-d347-5091-8aed-043644222a3d,1342ceb6-62c8-5580-9a9b-1cb2f8fb9352,ahmad omar muhammad arman,mohamed ali badaas,Yemen,ye,63.64,1,0,68.18,name=64; country=['ye'],REVIEW
411a3390-2431-5ab5-aec7-c878a793cd76,c38122b9-dd8d-5ab5-a028-37053ed3970e,muhammad bin thamer al-kaabi,mohammed isa yousif saqar al binali,Bahrain,bh,63.49,1,0,68.1,name=63; country=['bh'],REVIEW
006ad23e-54a7-54a1-8822-9ce4af2635fc,bd704a5f-6ad2-53da-9e59-0b17fb7892b5,mikhail vladimirovich mishustin,aleksandr vladimirovich osadchuk,Russia,ru,63.49,1,0,68.1,name=63; country=['ru'],REVIEW
006ad23e-54a7-54a1-8822-9ce4af2635fc,84d5f552-e411-5caf-b68e-c361d936bda7,mikhail vladimirovich mishustin,dmitry vladimirovich baryshnikov,Russia,ru,63.49,1,0,68.1,name=63; country=['ru'],REVIEW
a7f6b2f9-1666-5d11-966d-b03d88a6038c,095bc267-7cf3-53bb-b74b-f079d86f0019,dmitriy nikolayevich chernyshenko,dmitriy nikolayevich lotsmanov,Russia,ru,63.49,1,0,68.1,name=63; country=['ru'],REVIEW
7577e6ac-6813-5c14-a64b-543cff310d82,7ad426d2-ce91-5baa-955e-f57a41e81aa9,aleksandr vyacheslavovich kurenkov,aleksandr vasilyevich bogomaz,Russia,ru,63.49,1,0,68.1,name=63; country=['ru'],REVIEW
7577e6ac-6813-5c14-a64b-543cff310d82,bdd848bf-8c88-5bef-a3d7-a2bec6fc9b13,aleksandr vyacheslavovich kurenkov,aleksandr valeryevich potapov,Russia,ru,63.49,1,0,68.1,name=63; country=['ru'],REVIEW
cd6c171d-c9ca-554f-891b-755908ea691e,d12609ec-718a-54e7-ab9e-4a5dd2ea0168,aleksandr aleksandrovich kozlov,alexander aleksandrovich maximov,Russia,ru,63.49,1,0,68.1,name=63; country=['ru'],REVIEW
cd6c171d-c9ca-554f-891b-755908ea691e,bd704a5f-6ad2-53da-9e59-0b17fb7892b5,aleksandr aleksandrovich kozlov,aleksandr vladimirovich osadchuk,Russia,ru,63.49,1,0,68.1,name=63; country=['ru'],REVIEW
d6e33049-9c30-57e4-8fa8-e9317955ad2e,13e38a7e-7b05-5189-8d38-415cb230063a,mikhail vladimirovich degtyarev,alexander vladimirovich iltyakov,Russia,ru,63.49,1,0,68.1,name=63; country=['ru'],REVIEW
d6e33049-9c30-57e4-8fa8-e9317955ad2e,84d5f552-e411-5caf-b68e-c361d936bda7,mikhail vladimirovich degtyarev,dmitry vladimirovich baryshnikov,Russia,ru,63.49,1,0,68.1,name=63; country=['ru'],REVIEW
dbe82bd4-dc46-57b0-b0e4-d46ff1522618,6b21d250-73da-5d26-864f-e947101fe96b,roman vladimirovich starovoyt,pavel vladimirovich krasheninnikov,Russia,ru,63.49,1,0,68.1,name=63; country=['ru'],REVIEW
0a20c63b-a3e5-5b97-9a17-2fa6525d1530,bd704a5f-6ad2-53da-9e59-0b17fb7892b5,aleksandr vasilyevich bortnikov,aleksandr vladimirovich osadchuk,Russia,ru,63.49,1,0,68.1,name=63; country=['ru'],REVIEW
9578ba7b-ed8c-5041-96d8-36f346c46e40,4bd5a4ba-9156-5420-a369-574c64d1c30b,tariq muhammad abdallah salih,ramzi mohammed abdullah binalshibh,Yemen,ye,63.49,1,0,68.1,name=63; country=['ye'],REVIEW
e614b1a4-c644-556d-bcf4-30f13d9b48ff,ca93af8a-fc4a-5589-b860-d01d2b396b07,abdallah ali fadl al-saadi,abdulmalek abdullah mohammed e alagri,Yemen,ye,63.49,1,0,68.1,name=63; country=['ye'],REVIEW
3afb7462-148f-50a2-836c-555110935408,6ed68c63-69f8-508c-9c3f-2db57c207650,viktar khrenin,viktor gennadievich khrenin,Belarus,by,63.41,1,0,68.05,name=63; country=['by'],REVIEW
fa14c5ae-32d5-5a85-9f5b-ba8a1c4a0c41,1d9722e7-f486-5b60-b89a-773d2e0f1bd8,hardeep singh puri,sandeep singh choudhary,India,in,63.41,1,0,68.05,name=63; country=['in'],REVIEW
1a8f313c-00cf-566a-a5e5-16a23c87195d,93ea4f71-cc32-53ba-9f88-ea051fbc39aa,mohammad-reza aref,mohammad ali yazdan joo,Iran,ir,63.41,1,0,68.05,name=63; country=['ir'],REVIEW
1a8f313c-00cf-566a-a5e5-16a23c87195d,fcb770d4-5dc7-5552-96ab-244f779f361c,mohammad-reza aref,mohammad ali noorinajad,Iran,ir,63.41,1,0,68.05,name=63; country=['ir'],REVIEW
f4ea4886-8be2-5d37-a640-c17e42563a62,a4f4bccb-3f16-5b56-b2ed-6faceb9585bb,abbas salehi-shariati,abbas ali kadkhodaei,Iran,ir,63.41,1,0,68.05,name=63; country=['ir'],REVIEW
3b010830-4c7f-51c8-b05c-d12a854b19eb,d177a485-86c1-5901-9770-32ea0ca724fb,mohammad atabak,mohammad abedininajafabadi,Iran,ir,63.41,1,0,68.05,name=63; country=['ir'],REVIEW
3b010830-4c7f-51c8-b05c-d12a854b19eb,90466e72-16f9-5bc9-9de2-3eae251d2a4c,mohammad atabak,mohammad kazem chaghazardy,Iran,ir,63.41,1,0,68.05,name=63; country=['ir'],REVIEW
f09fa64f-3749-5bb9-8eae-47aa0e56fc7c,238dacc5-2131-5ca9-889c-c424f7a5e84c,mohamad-reza farzin,seyed mohammad kalami,Iran,ir,63.41,1,0,68.05,name=63; country=['ir'],REVIEW
b4739228-8770-5f35-9a18-0c857200eb69,14e2b55b-36db-52f5-9dc9-6fc509c6aa40,abd al-husayn al-musawi,mazen ali hussein,Iraq,iq,63.41,1,0,68.05,name=63; country=['iq'],REVIEW
ede10d47-1dc0-591b-a561-e286797d055d,e34e737c-63a0-55f1-a821-2182a6d0f9fc,muhammad nuri karbuli,muhammad yunis ahmad,Iraq,iq,63.41,1,0,68.05,name=63; country=['iq'],REVIEW
f5bba0b2-1672-538d-a57d-6a7713adea30,d72482c5-ddc9-5b1f-b377-a3d91bbc073c,basim muhammad khudayr,muhammad kawtharani,Iraq,lb,63.41,1,0,68.05,name=63; country=['iq'],REVIEW
b05590e8-cd51-5873-bdbc-d7c58cc7bf1c,d42310bb-b308-51c4-bbed-738c7196d3b3,abd-al-latif al-tahir,atiyah abd al-rahman,Libya,ly,63.41,1,0,68.05,name=63; country=['ly'],REVIEW
bd693fa6-49aa-5b94-a60f-97feac51724a,42214562-58ea-56ca-b2ae-4ac1da80b048,khalifa abd-al-sadiq,abd al-muhsin al-libi,Libya,ly,63.41,1,0,68.05,name=63; country=['ly'],REVIEW
fdf5b127-c44a-538f-8520-3b6557a30c9c,be588661-1fbe-5994-9526-d9d9e5cfa006,abdul ghafoor mohamed,faris mohamed didi,Maldives,mv,63.41,1,0,68.05,name=63; country=['mv'],REVIEW
1d3648e0-890b-5857-b494-38f5e5169785,e1379d0a-c158-57e2-9e5d-27528dab79c8,muhammad bin salman,tarad mohammad aljarba,Saudi Arabia,sa,63.41,1,0,68.05,name=63; country=['sa'],REVIEW
8dff148d-4a18-5f86-adcc-4043ac3d5ff9,7c552135-379d-50f6-928d-e36ffe148e07,muhammad bin abd al-malik al al-shaykh,'abdallah muhammad bin-sulayman al-muhaysini,Saudi Arabia,sa,63.41,1,0,68.05,name=63; country=['sa'],REVIEW
626871b1-d3b4-5d94-83ad-561c3ef4c004,9896d2ce-62c4-57da-96ea-399236814cbc,abdisalan abdi ali,abdifatah abubakar abdi,Somalia,so,63.41,1,0,68.05,name=63; country=['so'],REVIEW
9e652d34-33f0-55be-9065-021f6d5b73a0,0d28db77-1acc-5075-b46b-c815209f84cf,mohamed farah nur,mohamed mire ali yusuf,Somalia,so,63.41,1,0,68.05,name=63; country=['so'],REVIEW
9e652d34-33f0-55be-9065-021f6d5b73a0,beec7640-bc85-5529-98b7-8db713ac42cb,mohamed farah nur,liibaan yousuf mohamed,Somalia,so,63.41,1,0,68.05,name=63; country=['so'],REVIEW
ac9c6dc5-aee9-5725-a52b-091d465c61b4,ac9d6356-4e8a-5b2e-85d2-87757bfe6563,khadija mohamed dirie,jami' 'ali muhammad,Somalia,so,63.41,1,0,68.05,name=63; country=['so'],REVIEW
c2369b0c-9fa5-5e0b-a144-0128a0d33c6e,d0b2d3e3-6cb0-5397-9d0a-4d18d3d5e6ac,muhammad al-bashir,ibrahim mohamed khalil,Syria,sy,63.41,1,0,68.05,name=63; country=['sy'],REVIEW
13ac983f-07e4-5c1e-8a0a-8d7f11910e7e,2c36177a-3e87-5e33-a4ed-ad9721770c1c,nuramy gutierrez,jose luis gutierrez parra,Venezuela,ve,63.41,1,0,68.05,name=63; country=['ve'],REVIEW
89db8f9c-2a89-5081-80bd-75a047d125c6,c38122b9-dd8d-5ab5-a028-37053ed3970e,hamad bin faisal al-malki,mohammed isa yousif saqar al binali,Bahrain,bh,63.33,1,0,68.0,name=63; country=['bh'],REVIEW
006ad23e-54a7-54a1-8822-9ce4af2635fc,4690a2cd-d492-5486-b89f-c5993ed7c3f8,mikhail vladimirovich mishustin,sergei vladimirovich berezkin,Russia,ru,63.33,1,0,68.0,name=63; country=['ru'],REVIEW
006ad23e-54a7-54a1-8822-9ce4af2635fc,48351c68-3cf7-5f95-8c86-6cfc82d896ff,mikhail vladimirovich mishustin,pavel vladimirovich tarakanov,Russia,ru,63.33,1,0,68.0,name=63; country=['ru'],REVIEW
006ad23e-54a7-54a1-8822-9ce4af2635fc,7866d833-0e16-505d-aaee-bc99d53bf116,mikhail vladimirovich mishustin,sergey vladimirovich kabyshev,Russia,ru,63.33,1,0,68.0,name=63; country=['ru'],REVIEW
006ad23e-54a7-54a1-8822-9ce4af2635fc,642ef1b3-60d2-50a2-8857-4bfb5551847a,mikhail vladimirovich mishustin,roman vladimirovich starovoyt,Russia,ru,63.33,1,0,68.0,name=63; country=['ru'],REVIEW
006ad23e-54a7-54a1-8822-9ce4af2635fc,6f45de5e-6d0e-5dac-a986-60e94eef7138,mikhail vladimirovich mishustin,mikhail valentinovich romanov,Russia,ru,63.33,1,0,68.0,name=63; country=['ru'],REVIEW
006ad23e-54a7-54a1-8822-9ce4af2635fc,30cd7445-4892-5044-9a8f-db3de5818c99,mikhail vladimirovich mishustin,andrey vladimirovich kiyashko,Russia,ru,63.33,1,0,68.0,name=63; country=['ru'],REVIEW
006ad23e-54a7-54a1-8822-9ce4af2635fc,90438f3b-5de3-5e92-abda-5361dff13595,mikhail vladimirovich mishustin,vladimir vladimirovich gugnin,Russia,ru,63.33,1,0,68.0,name=63; country=['ru'],REVIEW
a1fcf254-dd99-5958-ace3-bcc964752c0c,3fbe6bcc-d488-5846-81b7-40639016552b,dmitriy nikolayevich patrushev,gennady nikolayevich timchenko,Russia,fi,63.33,1,0,68.0,name=63; country=['ru'],REVIEW
a1fcf254-dd99-5958-ace3-bcc964752c0c,23a9959a-d32b-5833-bdb1-5eda433b1918,dmitriy nikolayevich patrushev,aleksandr nikolayevich vorobev,Russia,ru,63.33,1,0,68.0,name=63; country=['ru'],REVIEW
a7f6b2f9-1666-5d11-966d-b03d88a6038c,5058a6ae-f35b-588b-b08a-4661a565906f,dmitriy nikolayevich chernyshenko,alexey nikolayevich didenko,Russia,ru,63.33,1,0,68.0,name=63; country=['ru'],REVIEW
b45b6c16-05c3-5345-95eb-c1c6135f61b2,e3c4c70b-0f96-50e3-adf7-72f69fe98492,aleksandr valentinovich novak,aleksandr aleksandrovich ivanov,Russia,ru,63.33,1,0,68.0,name=63; country=['ru'],REVIEW
b45b6c16-05c3-5345-95eb-c1c6135f61b2,9d0e9a0a-b11c-5b48-82cd-7a56d458ea4d,aleksandr valentinovich novak,aleksandr sergeyevich bolshakov,Russia,ru,63.33,1,0,68.0,name=63; country=['ru'],REVIEW
b45b6c16-05c3-5345-95eb-c1c6135f61b2,0b0d6f4b-9de1-5c54-a532-87783a0cfa57,aleksandr valentinovich novak,aleksandr aleksandrovich vyalov,Russia,ru,63.33,1,0,68.0,name=63; country=['ru'],REVIEW
b45b6c16-05c3-5345-95eb-c1c6135f61b2,12993ca2-31ca-5a99-b0ed-d4af2bdddcc7,aleksandr valentinovich novak,aleksandr aleksandrovich kozlov,Russia,ru,63.33,1,0,68.0,name=63; country=['ru'],REVIEW
f21fad05-0e28-5492-a4e5-4ca30560fe5c,01dfc469-40dc-519f-b3b3-bd7490e33c52,vladimir aleksandrovich kolokoltsev,vladimir ivanovich kashin,Russia,ru,63.33,1,0,68.0,name=63; country=['ru'],REVIEW
cd6c171d-c9ca-554f-891b-755908ea691e,cad6a2a0-e6f0-5a52-b5c5-4660dc15d508,aleksandr aleksandrovich kozlov,aleksandr valentinovich novak,Russia,ru,63.33,1,0,68.0,name=63; country=['ru'],REVIEW
cd6c171d-c9ca-554f-891b-755908ea691e,134cc9bd-18b5-5341-a4ac-f47b967a3962,aleksandr aleksandrovich kozlov,aleksandr pavlovich sarkisyan,Russia,ru,63.33,1,0,68.0,name=63; country=['ru'],REVIEW
d6e33049-9c30-57e4-8fa8-e9317955ad2e,4690a2cd-d492-5486-b89f-c5993ed7c3f8,mikhail vladimirovich degtyarev,sergei vladimirovich berezkin,Russia,ru,63.33,1,0,68.0,name=63; country=['ru'],REVIEW
d6e33049-9c30-57e4-8fa8-e9317955ad2e,9a695962-6280-5f4c-b4a3-e95b43a40c4e,mikhail vladimirovich degtyarev,mikhail nikolayevich matveyev,Russia,ru,63.33,1,0,68.0,name=63; country=['ru'],REVIEW
d6e33049-9c30-57e4-8fa8-e9317955ad2e,f9508e29-5ac4-5e32-9d65-cfc842af7ce1,mikhail vladimirovich degtyarev,alexei vladimirovich sinitsyn,Russia,ru,63.33,1,0,68.0,name=63; country=['ru'],REVIEW
d6e33049-9c30-57e4-8fa8-e9317955ad2e,3257e9e3-953d-553c-acc0-4e7086947546,mikhail vladimirovich degtyarev,alexey vladimirovich sitnikov,Russia,ru,63.33,1,0,68.0,name=63; country=['ru'],REVIEW
dbe82bd4-dc46-57b0-b0e4-d46ff1522618,3d1ab18d-570b-54c4-8543-d69e73026b6e,roman vladimirovich starovoyt,andrey vladimirovich chernyshev,Russia,ru,63.33,1,0,68.0,name=63; country=['ru'],REVIEW
dbe82bd4-dc46-57b0-b0e4-d46ff1522618,ccaf6b49-9281-5587-af2c-005ad0adc2c5,roman vladimirovich starovoyt,mikhail vladimirovich mishustin,Russia,ru,63.33,1,0,68.0,name=63; country=['ru'],REVIEW
dbe82bd4-dc46-57b0-b0e4-d46ff1522618,194b6c2a-b8b3-5fb0-a107-8da37fdf9b2e,roman vladimirovich starovoyt,vladimir vladimirovich sipyagin,Russia,ru,63.33,1,0,68.0,name=63; country=['ru'],REVIEW
dbe82bd4-dc46-57b0-b0e4-d46ff1522618,a23427cc-41c1-5a43-8468-2b599e06cdda,roman vladimirovich starovoyt,daniil vladimirovich bessarabov,Russia,ru,63.33,1,0,68.0,name=63; country=['ru'],REVIEW
dbe82bd4-dc46-57b0-b0e4-d46ff1522618,1631be43-a92c-5ee2-a591-7ed362f0d73d,roman vladimirovich starovoyt,dmitrii vladimirovich alikhanov,Russia,ru,63.33,1,0,68.0,name=63; country=['ru'],REVIEW
dbe82bd4-dc46-57b0-b0e4-d46ff1522618,fab7f16a-f1da-521a-a779-a945bbff87c9,roman vladimirovich starovoyt,vladimir vladimirovich artyakov,Russia,ru,63.33,1,0,68.0,name=63; country=['ru'],REVIEW
dbe82bd4-dc46-57b0-b0e4-d46ff1522618,ca9660d7-907c-5d6b-9b97-d675c1dc3b9b,roman vladimirovich starovoyt,dmitry vladimirovich khotimskiy,Russia,ru,63.33,1,0,68.0,name=63; country=['ru'],REVIEW
cc74e525-c18d-5f6c-8a8b-ea66a557c6bc,b970494e-bb12-5e3e-a593-81fd54e07540,sergey yevgenyevich naryshkin,mikhail yevgenyevich starshinov,Russia,ru,63.33,1,0,68.0,name=63; country=['ru'],REVIEW
66e0e444-e055-571d-8efc-92a87aee35f2,8ed7d1ef-d843-5b5e-8067-f568f1460d13,vasiliy alekseyevich nebenzya,alexey alekseyevich strelchenko,Russia,ru,63.33,1,0,68.0,name=63; country=['ru'],REVIEW
692d0217-0dbb-5722-b4f2-ed73c5bdc12a,4bd5a4ba-9156-5420-a369-574c64d1c30b,abdullah al-alimi ba wazir,ramzi mohammed abdullah binalshibh,Yemen,ye,63.33,1,0,68.0,name=63; country=['ye'],REVIEW
e614b1a4-c644-556d-bcf4-30f13d9b48ff,1b72e900-fc6c-52c7-b872-1b60bd9432e0,abdallah ali fadl al-saadi,mohammed abdulwasea hael al-nahari,Yemen,ye,63.33,1,0,68.0,name=63; country=['ye'],REVIEW
505bfc47-dc10-5cb8-a9fb-b8b04e6cbae4,ca425696-d9a2-583c-bb3b-b4ac5152885d,mohammad khalid,hafiz mohammed popalzai,Afghanistan,af,63.16,1,0,67.89,name=63; country=['af'],REVIEW
19614ce9-2c27-58df-aa74-1a9bc3308e0f,67375b35-2704-5d67-881a-c0a7ba87ac6d,nyo saw,saw myint oo,Burma,zm,63.16,1,0,67.89,name=63; country=['zm'],REVIEW
cdd8b352-c89d-507f-b19d-8850b50d0595,2d741569-50f8-5829-add3-a7891dcdec37,soe win,saw sein win,Burma,zm,63.16,1,0,67.89,name=63; country=['zm'],REVIEW
de185584-d912-5660-adf3-65cf95c960ff,ee315b49-9565-5bd5-95a2-35d344545b52,yi wang,xueqing wang,China,cn,63.16,1,0,67.89,name=63; country=['cn'],REVIEW
de185584-d912-5660-adf3-65cf95c960ff,46ac963b-95c8-51c6-9a14-11ef29e37e49,yi wang,zhiqing wang,China,cn,63.16,1,0,67.89,name=63; country=['cn'],REVIEW
a6dfc114-b00a-5fe4-8c48-c584cdf11d8a,6d71e290-6f1b-5645-8096-8d349cce7155,xiaodu yang,yang fan,China,cn,63.16,1,0,67.89,name=63; country=['cn'],REVIEW
1a8f313c-00cf-566a-a5e5-16a23c87195d,1671ce01-bc8d-5c82-978f-e559b3e5a67a,mohammad-reza aref,mohammed saeed ajily,Iran,ir,63.16,1,0,67.89,name=63; country=['ir'],REVIEW
1a8f313c-00cf-566a-a5e5-16a23c87195d,2aeab189-20f3-533b-9607-b855852a575e,mohammad-reza aref,muhammad al-ghorayfi,Iran,ir,63.16,1,0,67.89,name=63; country=['ir'],REVIEW
1a8f313c-00cf-566a-a5e5-16a23c87195d,2de51460-70d9-563e-ba09-b47e89a73727,mohammad-reza aref,mohammad ali mirzaei,Iran,ir,63.16,1,0,67.89,name=63; country=['ir'],REVIEW
1a8f313c-00cf-566a-a5e5-16a23c87195d,16b2705a-2f33-506b-96f0-48cb55643a5b,mohammad-reza aref,hamid reza ghadirian,Iran,ir,63.16,1,0,67.89,name=63; country=['ir'],REVIEW
486633c7-d65d-579c-a85e-bd4fb32cc714,11d7c541-f485-529d-874f-abec86836027,mohammad eslami,mohammad ali moradipour,Iran,ir,63.16,1,0,67.89,name=63; country=['ir'],REVIEW
486633c7-d65d-579c-a85e-bd4fb32cc714,d4425fd5-c1c4-5302-8aa3-09b71eb88bdd,mohammad eslami,mohammad reza mohammadi,Iran,ir,63.16,1,0,67.89,name=63; country=['ir'],REVIEW
f09fa64f-3749-5bb9-8eae-47aa0e56fc7c,438deb7f-5fec-58b9-b069-3129bf6763c4,mohamad-reza farzin,mohammad eskandari,Iran,ir,63.16,1,0,67.89,name=63; country=['ir'],REVIEW
30e84c08-0100-5fb9-adba-9b44b6b03513,7cae659a-be30-5253-8781-5c7d359aafbe,abd al-rahim jassim,hajji 'abd al-nasir,Iraq,iq,63.16,1,0,67.89,name=63; country=['iq'],REVIEW
486a72fc-e0b8-5266-a529-f37f35e979f1,2406ba11-05b7-59a5-8322-64de95fa22d1,abd al-karim abtan,abd al-hadi al-iraqi,Iraq,iq,63.16,1,0,67.89,name=63; country=['iq'],REVIEW
02365e20-d950-5c86-8365-cd4254a18cc4,2406ba11-05b7-59a5-8322-64de95fa22d1,sarwa abd al-wahid,abd al-hadi al-iraqi,Iraq,iq,63.16,1,0,67.89,name=63; country=['iq'],REVIEW
02365e20-d950-5c86-8365-cd4254a18cc4,daaa9b36-56c3-56da-a359-a379b8357253,sarwa abd al-wahid,arkam 'abbas al-kabi,Iraq,iq,63.16,1,0,67.89,name=63; country=['iq'],REVIEW
760e0ba4-7aa7-5ea2-b565-665ad6d216ec,8fca5417-eadd-53eb-b3b2-1319cdca551c,su il pak,mun il pak,"Korea, North",kp,63.16,1,0,67.89,name=63; country=['kp'],REVIEW
760e0ba4-7aa7-5ea2-b565-665ad6d216ec,b08c4646-4d5e-5f6a-9e7b-60ac21294784,su il pak,sung il ri,"Korea, North",kp,63.16,1,0,67.89,name=63; country=['kp'],REVIEW
90b1bfe1-3891-5856-9781-3d8fbca3cbbf,cbdf6cc1-c16a-5fe1-886e-2b0d74882a0b,hun pak,chol nam pak,"Korea, North",kp,63.16,1,0,67.89,name=63; country=['kp'],REVIEW
0d1d2866-386b-5a8c-8de9-b534f9364050,a0be472f-abfc-5db1-a5fd-05db7d9ae185,kum chol kim,kyu kim,"Korea, North",kp,63.16,1,0,67.89,name=63; country=['kp'],REVIEW
b2e208de-6621-55ac-be25-017b499969b3,40c9e172-e82a-525e-9db4-ff12994ba0f5,tu il ri,yong gil ri,"Korea, North",kp,63.16,1,0,67.89,name=63; country=['kp'],REVIEW
fba55d87-e11e-536c-80e8-00fc53ec6dce,2a682a47-b642-569e-8d3b-53d6d62ced7d,jong jin so,myong so,"Korea, North",kp,63.16,1,0,67.89,name=63; country=['kp'],REVIEW
98d46526-22bc-5092-acc7-39b7ef15df5f,b08c4646-4d5e-5f6a-9e7b-60ac21294784,yu il kim,sung il ri,"Korea, North",kp,63.16,1,0,67.89,name=63; country=['kp'],REVIEW
f3c08208-2b98-5df7-80e3-d940f854096e,a54486f9-bca7-5cd3-967d-82418e88d91e,yong il ju,yong ho o,"Korea, North",kp,63.16,1,0,67.89,name=63; country=['kp'],REVIEW
f3c08208-2b98-5df7-80e3-d940f854096e,1ef4b64d-9b45-56b6-9e73-5da55a083fad,yong il ju,il ho jon,"Korea, North",kp,63.16,1,0,67.89,name=63; country=['kp'],REVIEW
cc616297-3e2c-5035-bb7f-1fdb127363a5,05295a1f-3193-5ce8-bb09-449b7fd68ddc,song kim,yon hui kim,"Korea, North",kp,63.16,1,0,67.89,name=63; country=['kp'],REVIEW
6d580cd0-246d-59b1-92c3-1232ce7035b2,3662bcc6-2375-58b9-9e49-201874084591,muhammad haidar,mohammed suleiman badir,Lebanon,lb,63.16,1,0,67.89,name=63; country=['lb'],REVIEW
6d580cd0-246d-59b1-92c3-1232ce7035b2,eb31dc33-160d-527f-ad1a-8ee47c1a7742,muhammad haidar,hala mohamad tarshishi,Lebanon,lb,63.16,1,0,67.89,name=63; country=['lb'],REVIEW
6d580cd0-246d-59b1-92c3-1232ce7035b2,5444e040-1582-5972-8c70-79d62cb27169,muhammad haidar,mohamad hussein hijazi,Lebanon,lb,63.16,1,0,67.89,name=63; country=['lb'],REVIEW
f71309bc-ec54-5d5b-85a1-9fe7b86aebd3,48e724dd-d5ab-585b-b85d-1076ac67409c,hussain mohamed latheef,mohamad ameen,Maldives,mv,63.16,1,0,67.89,name=63; country=['mv'],REVIEW
f81da043-bcdd-54d0-b39b-a6bd118ff328,d907c5a1-f481-50f7-80e4-589fa41e7691,omar garcia harfuch,nabor vargas garcia,Mexico,mx,63.16,1,0,67.89,name=63; country=['mx'],REVIEW
5fbc33b0-f72d-516e-9f81-5ac9fbee4a06,b7a08f12-2b5b-594f-ba2f-c967e918abb3,abubakar momoh,surajo abubakar muhammad,Nigeria,ng,63.16,1,0,67.89,name=63; country=['ng'],REVIEW
19d89641-666f-5f5d-a65b-d189af5e95fe,4690a2cd-d492-5486-b89f-c5993ed7c3f8,vladimir vladimirovich putin,sergei vladimirovich berezkin,Russia,ru,63.16,1,0,67.89,name=63; country=['ru'],REVIEW
19d89641-666f-5f5d-a65b-d189af5e95fe,f9508e29-5ac4-5e32-9d65-cfc842af7ce1,vladimir vladimirovich putin,alexei vladimirovich sinitsyn,Russia,ru,63.16,1,0,67.89,name=63; country=['ru'],REVIEW
19d89641-666f-5f5d-a65b-d189af5e95fe,4817aec1-92c4-5daa-b1bd-f4dcf2c09860,vladimir vladimirovich putin,dmitry vladimirovich savelyev,Russia,ru,63.16,1,0,67.89,name=63; country=['ru'],REVIEW
19d89641-666f-5f5d-a65b-d189af5e95fe,f249ce3d-a160-54df-a44e-cbc5ee8e071f,vladimir vladimirovich putin,sergey vladimirovich chepikov,Russia,ru,63.16,1,0,67.89,name=63; country=['ru'],REVIEW
19d89641-666f-5f5d-a65b-d189af5e95fe,642ef1b3-60d2-50a2-8857-4bfb5551847a,vladimir vladimirovich putin,roman vladimirovich starovoyt,Russia,ru,63.16,1,0,67.89,name=63; country=['ru'],REVIEW
19d89641-666f-5f5d-a65b-d189af5e95fe,436f7273-f94b-54d9-8c6b-2f34f4190fa3,vladimir vladimirovich putin,sergey vladimirovich burlakov,Russia,ru,63.16,1,0,67.89,name=63; country=['ru'],REVIEW
19d89641-666f-5f5d-a65b-d189af5e95fe,179195ce-ec6d-5be3-b607-01707bf1158a,vladimir vladimirovich putin,grigory vladimirovich shilkin,Russia,ru,63.16,1,0,67.89,name=63; country=['ru'],REVIEW
006ad23e-54a7-54a1-8822-9ce4af2635fc,7d1d2bc9-655e-5932-b0ac-977a8c5f942e,mikhail vladimirovich mishustin,pavel vladimirovich kuzmin,Russia,ru,63.16,1,0,67.89,name=63; country=['ru'],REVIEW
006ad23e-54a7-54a1-8822-9ce4af2635fc,bf7d50d2-9897-5ef3-925b-f079005d73ea,mikhail vladimirovich mishustin,mikhail vadimovich chernov,Russia,ru,63.16,1,0,67.89,name=63; country=['ru'],REVIEW
006ad23e-54a7-54a1-8822-9ce4af2635fc,19ab3328-7dac-51f7-81cd-e0f3beffde53,mikhail vladimirovich mishustin,nikita vladimirovich gusev,Russia,ru,63.16,1,0,67.89,name=63; country=['ru'],REVIEW
19ff653a-9fd8-5e8e-9100-5ac9c86d729d,414dad5d-fdfe-530c-855e-7ae9b7be19f2,denis valentinovich manturov,oleg valentinovich belozyorov,Russia,ru,63.16,1,0,67.89,name=63; country=['ru'],REVIEW
a1fcf254-dd99-5958-ace3-bcc964752c0c,68ff4927-930f-5682-88ef-ee2d1cee6323,dmitriy nikolayevich patrushev,sergey nikolayevich muratov,Russia,ru,63.16,1,0,67.89,name=63; country=['ru'],REVIEW
a1fcf254-dd99-5958-ace3-bcc964752c0c,c19547cf-30d3-5e76-bd75-7577c3339e93,dmitriy nikolayevich patrushev,aydyn nikolayevich saryglar,Russia,ru,63.16,1,0,67.89,name=63; country=['ru'],REVIEW
11a8f3d4-bd63-5112-b032-b2f36644728e,a2d6b236-47a4-501e-afdc-ed465b1a638f,aleksey logvinovich overchuk,aleksey vyacheslavovich losev,Russia,ru,63.16,1,0,67.89,name=63; country=['ru'],REVIEW
a7f6b2f9-1666-5d11-966d-b03d88a6038c,a408dd0c-1fdb-5a2f-9f0e-e834a6d7f302,dmitriy nikolayevich chernyshenko,dmitriy igorevich azarov,Russia,ru,63.16,1,0,67.89,name=63; country=['ru'],REVIEW
b45b6c16-05c3-5345-95eb-c1c6135f61b2,de5ab66b-b1fe-5382-b5c8-dd48ebcc15fb,aleksandr valentinovich novak,denis valentinovich kamyshev,Russia,ru,63.16,1,0,67.89,name=63; country=['ru'],REVIEW
b45b6c16-05c3-5345-95eb-c1c6135f61b2,71704c6f-a48e-5756-a19c-bf551ebd1736,aleksandr valentinovich novak,aleksandr sergeyevich kozlov,Russia,ru,63.16,1,0,67.89,name=63; country=['ru'],REVIEW
b45b6c16-05c3-5345-95eb-c1c6135f61b2,307226a0-9787-5116-bf1c-5ff4b500d44c,aleksandr valentinovich novak,vitaly valentinovich milonov,Russia,ru,63.16,1,0,67.89,name=63; country=['ru'],REVIEW
b45b6c16-05c3-5345-95eb-c1c6135f61b2,176db1b4-9a56-5d0c-b818-0914e22031a6,aleksandr valentinovich novak,aleksandr arkadyevich zhukov,Russia,ru,63.16,1,0,67.89,name=63; country=['ru'],REVIEW
b45b6c16-05c3-5345-95eb-c1c6135f61b2,0ad09817-10b8-59e2-a2da-c172d84490e6,aleksandr valentinovich novak,aleksandr sergeyevich ershov,Russia,ru,63.16,1,0,67.89,name=63; country=['ru'],REVIEW
baf13575-cd11-5c0c-ae96-f537015d05c2,5e1b80b6-47b6-5a2a-915b-7834bb22008b,aleksey olegovich chekunkov,aleksey gennadievich dubonosov,Russia,ru,63.16,1,0,67.89,name=63; country=['ru'],REVIEW
baf13575-cd11-5c0c-ae96-f537015d05c2,c661b36e-4129-53ec-989c-1447c159d232,aleksey olegovich chekunkov,aleksey vladimirovich kurinniy,Russia,ru,63.16,1,0,67.89,name=63; country=['ru'],REVIEW
cbc77aa2-a2ff-59f0-b3ba-597e679e7517,d75bd824-c307-536e-b872-2341d77d3765,maksim gennadyevich reshetnikov,artem gennadyevich sheikin,Russia,ru,63.16,1,0,67.89,name=63; country=['ru'],REVIEW
97b179e7-8df1-5604-acd0-0ea13054997f,b5a90dea-5d5b-5fd0-b872-15669c8a7d7d,sergey yevgenyevich tsivilev,valeriy yevgenyevich chekalov,Russia,ru,63.16,1,0,67.89,name=63; country=['ru'],REVIEW
cd6c171d-c9ca-554f-891b-755908ea691e,7e22b6cd-2380-5e09-b964-e27ee98d4dd1,aleksandr aleksandrovich kozlov,ivan aleksandrovich maslov,Russia,ru,63.16,1,0,67.89,name=63; country=['ru'],REVIEW
cd6c171d-c9ca-554f-891b-755908ea691e,d50be9c2-8d91-5c70-9510-281424d9b3e1,aleksandr aleksandrovich kozlov,igor aleksandrovich reutov,Russia,ru,63.16,1,0,67.89,name=63; country=['ru'],REVIEW
d6e33049-9c30-57e4-8fa8-e9317955ad2e,7d1d2bc9-655e-5932-b0ac-977a8c5f942e,mikhail vladimirovich degtyarev,pavel vladimirovich kuzmin,Russia,ru,63.16,1,0,67.89,name=63; country=['ru'],REVIEW
d6e33049-9c30-57e4-8fa8-e9317955ad2e,d90e44da-667f-57d1-b4c6-b4a30acbbb73,mikhail vladimirovich degtyarev,igor vladimirovich borisov,Russia,ru,63.16,1,0,67.89,name=63; country=['ru'],REVIEW
d6e33049-9c30-57e4-8fa8-e9317955ad2e,32030624-fc74-5388-8e66-411462ff6efa,mikhail vladimirovich degtyarev,ivan vladimirovich potanin,Russia,ru,63.16,1,0,67.89,name=63; country=['ru'],REVIEW
dbe82bd4-dc46-57b0-b0e4-d46ff1522618,e40c1bdb-1d3e-56fe-8e26-6e0b7dd3ddc0,roman vladimirovich starovoyt,igor vladimirovich pozhidaev,Russia,ru,63.16,1,0,67.89,name=63; country=['ru'],REVIEW
dbe82bd4-dc46-57b0-b0e4-d46ff1522618,1ac32124-4921-5a46-9b65-c28f44718e6f,roman vladimirovich starovoyt,vadim vladimirovich belousov,Russia,ru,63.16,1,0,67.89,name=63; country=['ru'],REVIEW
dbe82bd4-dc46-57b0-b0e4-d46ff1522618,75034a86-74b0-560f-9d28-02887036c184,roman vladimirovich starovoyt,andrey vladimirovich yatskin,Russia,ru,63.16,1,0,67.89,name=63; country=['ru'],REVIEW
dbe82bd4-dc46-57b0-b0e4-d46ff1522618,b651e692-4517-547e-b736-7b01abfc92cd,roman vladimirovich starovoyt,anton vladimirovich shipulin,Russia,ru,63.16,1,0,67.89,name=63; country=['ru'],REVIEW
dbe82bd4-dc46-57b0-b0e4-d46ff1522618,e68576f7-c130-5926-a97a-5ccadecd1b38,roman vladimirovich starovoyt,mikhail vladimirovich kuzmin,Russia,ru,63.16,1,0,67.89,name=63; country=['ru'],REVIEW
dbe82bd4-dc46-57b0-b0e4-d46ff1522618,eae749cd-fe8a-53f5-b0ec-304a10150e3c,roman vladimirovich starovoyt,igor vladimirovich panchenko,Russia,ru,63.16,1,0,67.89,name=63; country=['ru'],REVIEW
dbe82bd4-dc46-57b0-b0e4-d46ff1522618,dd11d8a6-1c47-576a-bd7d-9e859c70bbae,roman vladimirovich starovoyt,vladimir vladimirovich putin,Russia,ru,63.16,1,0,67.89,name=63; country=['ru'],REVIEW
0a20c63b-a3e5-5b97-9a17-2fa6525d1530,a9c83547-b1ff-5871-b759-9cb5dacfb740,aleksandr vasilyevich bortnikov,dmitrii vasilyevich pyanov,Russia,ru,63.16,1,0,67.89,name=63; country=['ru'],REVIEW
66e0e444-e055-571d-8efc-92a87aee35f2,418ed3ec-271d-5ff9-96af-c55baeb8ea45,vasiliy alekseyevich nebenzya,vasiliy aleksandrovich orlov,Russia,ru,63.16,1,0,67.89,name=63; country=['ru'],REVIEW
66e0e444-e055-571d-8efc-92a87aee35f2,a851d1b5-60d2-5195-a510-51c98df3f0f5,vasiliy alekseyevich nebenzya,mikhail alekseyevich plisyuk,Russia,ru,63.16,1,0,67.89,name=63; country=['ru'],REVIEW
84d671bc-176a-52fd-b511-79ea35908a11,03009359-616c-5506-9656-043b0db95aeb,hamza abdi barre,ahmed abdi aw-mohamed,Somalia,so,63.16,1,0,67.89,name=63; country=['so'],REVIEW
84d671bc-176a-52fd-b511-79ea35908a11,a1a5a5b2-15e5-59f1-bde3-392510f2ad39,hamza abdi barre,ahmed abdi aw-mohamed,Somalia,so,63.16,1,0,67.89,name=63; country=['so'],REVIEW
1f73df7f-690d-505b-a1a2-f2bc1c2228b8,7bab2d14-f2e1-5414-905e-ce5fbc6fac55,yusuf mohamed adan,isse mohamoud yusuf,Somalia,so,63.16,1,0,67.89,name=63; country=['so'],REVIEW
9e652d34-33f0-55be-9065-021f6d5b73a0,c323f37c-eef6-54a5-a08e-bb7371769a13,mohamed farah nur,fuad mohamed khalaf,Somalia,so,63.16,1,0,67.89,name=63; country=['so'],REVIEW
4da0d6ee-6da6-55fa-9edc-1dc68a393cc5,532689eb-4669-5f5f-b0b6-4ad5a6615678,michael chiangjiek geay,michael kuajien,South Sudan,ss,63.16,1,0,67.89,name=63; country=['ss'],REVIEW
fe28a4c6-9d92-5e4e-804f-4f03a1c3d81e,5a731886-1796-58ec-a7eb-ea99003d95bb,muhammad abdallah mahmoud,mohamed makawi ibrahim mohamed,Sudan,sd,63.16,1,0,67.89,name=63; country=['sd'],REVIEW
707d43e8-fd9d-552b-9d4e-c962dfa72b32,5252be32-3554-50b4-8a1d-bb0eaf1262cd,muhammad abdallah idris muhammad,mohammed ibrahim sulaiman,Sudan,sd,63.16,1,0,67.89,name=63; country=['sd'],REVIEW
c47c862d-75e5-5f45-adca-974521f25671,fd265180-101b-5c89-b0c1-c4bbf3b98e39,muhammad nidal al-shaar,bashar al-assad,Syria,sy,63.16,1,0,67.89,name=63; country=['sy'],REVIEW
c2369b0c-9fa5-5e0b-a144-0128a0d33c6e,98e37b14-de82-58d1-8ca7-e6b6446423ed,muhammad al-bashir,husam muhammad louka,Syria,sy,63.16,1,0,67.89,name=63; country=['sy'],REVIEW
43b6ef8b-4f1b-57af-8e1a-e1552fdd6344,cf5b8493-aa4c-5f84-a5df-30ec6bcf6c93,muhammad anjarani,muhammad ma'ruf balwi,Syria,sy,63.16,1,0,67.89,name=63; country=['sy'],REVIEW
f1c1473e-dffb-50fd-bbb3-0f32ea88747d,05082fbf-b69e-537a-9dc6-3b3ffa7ead47,rashad muhammad al-alimi,muhammad salih abd-rabbuh al-omgy,Yemen,ye,63.16,1,0,67.89,name=63; country=['ye'],REVIEW
5f272a74-f9a6-53b5-a1b2-5ce576352220,1b72e900-fc6c-52c7-b872-1b60bd9432e0,muhammad hazm al-ashwal,mohammed abdulwasea hael al-nahari,Yemen,ye,63.16,1,0,67.89,name=63; country=['ye'],REVIEW
d673bd64-7515-5966-9e29-0990efbfcb22,f19c531a-dfb2-57bc-8963-7782d16e4955,ibrahim ali ahmad haydan,ahmad al-hamzi,Yemen,ye,63.16,1,0,67.89,name=63; country=['ye'],REVIEW
1b652019-36c0-552b-9031-55ce6822d027,068063be-a343-574a-95c5-272c216ebb6c,abd al-salam hadi,abdul malik al houthi,Yemen,ye,63.16,1,0,67.89,name=63; country=['ye'],REVIEW
e614b1a4-c644-556d-bcf4-30f13d9b48ff,86131cbf-76eb-589b-b4f8-07a10b849cf0,abdallah ali fadl al-saadi,abdulwali abdoh hasan al-jabri,Yemen,ye,63.16,1,0,67.89,name=63; country=['ye'],REVIEW
ae0688ac-473c-5dd1-9ef0-30bcdc52c48b,106a3eb3-2e29-5005-9a9e-2a75fb564bbe,sergey kuzhugetovich shoygu,sergey alexandrovich martynov,Russia,ru,46.43,1,1,67.86,name=46; country=['ru']; position_overlap=['council'],REVIEW
ae0688ac-473c-5dd1-9ef0-30bcdc52c48b,86675259-452f-56fa-9a57-0af9ed902f77,sergey kuzhugetovich shoygu,sergey nikolayevich ryabukhin,Russia,ru,46.43,1,1,67.86,name=46; country=['ru']; position_overlap=['council'],REVIEW
5355a52d-7521-5f57-bac9-faaf4df9dfbc,5ada1700-1c2b-51c3-b354-51cbdad9ecf9,walid bin muhammad bin salid al-samani,nayf salam muhammad ujaym al-hababi,Saudi Arabia,sa,63.01,1,0,67.81,name=63; country=['sa'],REVIEW
6c3c926d-60e2-53cb-bf69-5d92ce31ecb9,72ea531c-9980-58a2-b2aa-67624736bcce,abdallah bin hassan al-nuaymi,qassim abdullah ali ahmed,Bahrain,bh,62.96,1,0,67.78,name=63; country=['bh'],REVIEW
304687be-72b5-5f04-8437-e74cf2ccd578,f483691c-9469-55c6-a17c-93ff2768c050,mohammad-reza salehi-amiri,mohammad reza raouf sheibani,Iran,ir,62.96,1,0,67.78,name=63; country=['ir'],REVIEW
973ee1f6-dc9f-54c1-bf5a-557e166023ac,8fddb48b-a90e-5f94-aefb-5a1d0f3ed26b,ali falih kadhim al-zaydi,ammar jasim kadhim al rammahi,Iraq,iq,62.96,1,0,67.78,name=63; country=['iq'],REVIEW
b4739228-8770-5f35-9a18-0c857200eb69,d00d6eb5-c6a5-5072-a966-50fe63b57260,abd al-husayn al-musawi,hala saddam hussein al-tikriti,Iraq,iq,62.96,1,0,67.78,name=63; country=['iq'],REVIEW
3b7b5913-b9fc-5b2d-b947-b2b2237b41a6,f87cc355-5f56-5d6c-bef9-dc3052a2a766,mario delgado carrillo,karina guadalupe carrillo torres,Mexico,mx,62.96,1,0,67.78,name=63; country=['mx'],REVIEW
19d89641-666f-5f5d-a65b-d189af5e95fe,0e9f97fc-d779-543e-8697-597e67f508b6,vladimir vladimirovich putin,oleg vladimirovich tsepkin,Russia,ru,62.96,1,0,67.78,name=63; country=['ru'],REVIEW
19d89641-666f-5f5d-a65b-d189af5e95fe,e1c7891c-917c-5b30-b7d0-5fcf65dd66a6,vladimir vladimirovich putin,andrei vladimirovich skoch,Russia,ru,62.96,1,0,67.78,name=63; country=['ru'],REVIEW
19d89641-666f-5f5d-a65b-d189af5e95fe,bfc752f7-4b48-5b25-874d-98884ce5c3bc,vladimir vladimirovich putin,andrey vladimirovich burov,Russia,ru,62.96,1,0,67.78,name=63; country=['ru'],REVIEW
19ff653a-9fd8-5e8e-9100-5ac9c86d729d,fa9c6bb6-ba7e-5f82-8330-52d622f6c7fb,denis valentinovich manturov,denis vladimirovich pasler,Russia,ru,62.96,1,0,67.78,name=63; country=['ru'],REVIEW
42defa76-8f86-50dd-aa3e-996fc951a68e,cad890d1-a175-5d28-8744-24067ab8e2bc,tatyana alekseyevna golikova,tatyana ivanovna dyakonova,Russia,ru,62.96,1,0,67.78,name=63; country=['ru'],REVIEW
11a8f3d4-bd63-5112-b032-b2f36644728e,0791ee70-3342-508c-8a92-0bfb6ee475e1,aleksey logvinovich overchuk,aleksey valerevich sazanov,Russia,ru,62.96,1,0,67.78,name=63; country=['ru'],REVIEW
6b7a9963-22df-5882-9a1a-45169decc49e,cb9e87a5-49b5-5e89-bb77-0eda0d8d2aee,oksana nikolayevna lut,valentina nikolayevna artamonova,Russia,ru,62.96,1,0,67.78,name=63; country=['ru'],REVIEW
a1ba40bc-1093-5b3a-8915-c71338aae763,117285bc-9743-520a-925d-a6ba8b3569a0,andrey removich belousov,andrey nikolayevich dolgopolov,Russia,ru,62.96,1,0,67.78,name=63; country=['ru'],REVIEW
a1ba40bc-1093-5b3a-8915-c71338aae763,6ea61fe7-9e1c-56f8-8fac-57631cb0ef02,andrey removich belousov,andrey valeriyevich kartapolov,Russia,ru,62.96,1,0,67.78,name=63; country=['ru'],REVIEW
baf13575-cd11-5c0c-ae96-f537015d05c2,dd1e9b1a-be11-5044-8661-3ad96dd04d7a,aleksey olegovich chekunkov,aleksey viktorovich gureyev,Russia,ru,62.96,1,0,67.78,name=63; country=['ru'],REVIEW
2bf83e07-5387-5987-9333-0a44ebdc0a8f,4439d5d0-1348-5060-b2d8-f7314f1a6624,sergey sergeyevich kravtsov,sergey viktorovich altukhov,Russia,ru,62.96,1,0,67.78,name=63; country=['ru'],REVIEW
9f7f1740-b4dd-5baa-9f5c-0df51713cbf6,a9c0105d-78eb-5365-ae9f-25721220c41e,sergey viktorovich lavrov,aleksei viktorovich bredikhin,Russia,ru,62.96,1,0,67.78,name=63; country=['ru'],REVIEW
9f7f1740-b4dd-5baa-9f5c-0df51713cbf6,2cbaeea6-e8de-513c-8407-a45a8181c680,sergey viktorovich lavrov,dmitriy viktorovich pogorelyy,Russia,ru,62.96,1,0,67.78,name=63; country=['ru'],REVIEW
fbee7b65-a0d0-5c1f-b1ab-b1bba5553a9b,5058a6ae-f35b-588b-b08a-4661a565906f,valeriy nikolayevich falkov,alexey nikolayevich didenko,Russia,ru,62.96,1,0,67.78,name=63; country=['ru'],REVIEW
fbee7b65-a0d0-5c1f-b1ab-b1bba5553a9b,0b069b72-dfff-5ba6-b204-f81dad04dd18,valeriy nikolayevich falkov,vadim nikolayevich shuvalov,Russia,ru,62.96,1,0,67.78,name=63; country=['ru'],REVIEW
cc74e525-c18d-5f6c-8a8b-ea66a557c6bc,3cd59c91-31b0-5fe5-9701-68cba2c7927f,sergey yevgenyevich naryshkin,vadim yevgenyevich dengin,Russia,ru,62.96,1,0,67.78,name=63; country=['ru'],REVIEW
ae0688ac-473c-5dd1-9ef0-30bcdc52c48b,7fcdb117-8996-56fd-b8e3-e0231fc858b0,sergey kuzhugetovich shoygu,sergey semyonovich sobyanin,Russia,ru,62.96,1,0,67.78,name=63; country=['ru'],REVIEW
85da5294-bb31-5f57-9cb1-bc4d767cffe5,457251f1-6557-5de6-8f02-47f443a701f9,igor viktorovich krasnov,vasiliy viktorovich gromovikov,Russia,ru,62.96,1,0,67.78,name=63; country=['ru'],REVIEW
69ef53c5-e760-59db-8a23-dafa4673af75,9838c35e-3d82-5390-b780-84ff44ba9ef4,anatoliy ivanovich antonov,anatoliy anatolyevich smolin,Russia,ru,62.96,1,0,67.78,name=63; country=['ru'],REVIEW
1d3648e0-890b-5857-b494-38f5e5169785,5ada1700-1c2b-51c3-b354-51cbdad9ecf9,muhammad bin salman,nayf salam muhammad ujaym al-hababi,Saudi Arabia,sa,62.96,1,0,67.78,name=63; country=['sa'],REVIEW
c7ad8cab-7fe7-57cc-b129-c8f8731256ef,673fc5af-792f-59ee-ad57-32c424d38d90,khalid bin abd al-aziz al-falih,khalid aedh g. alotaibi,Saudi Arabia,sa,62.96,1,0,67.78,name=63; country=['sa'],REVIEW
d8eb0d8e-12f4-5d54-a9ba-051bdb69ebaf,adcabc47-487b-5206-a09d-970a5311ccbb,abdallah bin hamad al-huqayl,waleed abdullah m. alsehri,Saudi Arabia,sa,62.96,1,0,67.78,name=63; country=['sa'],REVIEW
fe28a4c6-9d92-5e4e-804f-4f03a1c3d81e,a1e55e79-b40a-5593-bb5f-45028430abed,muhammad abdallah mahmoud,salah abdallah mohamed salah,Sudan,sd,62.96,1,0,67.78,name=63; country=['sd'],REVIEW
06ea8d5b-6792-571b-b5b4-2654fd81bff7,a1e55e79-b40a-5593-bb5f-45028430abed,muhammad kortikaila salih,salah abdallah mohamed salah,Sudan,sd,62.96,1,0,67.78,name=63; country=['sd'],REVIEW
1b376966-94ff-57ba-8b76-2407926a7cef,5a731886-1796-58ec-a7eb-ea99003d95bb,muhammad mukhtar jumaa,mohamed makawi ibrahim mohamed,Sudan,sd,62.96,1,0,67.78,name=63; country=['sd'],REVIEW
273f7c93-b943-54f3-b29b-c5b49914c4a7,02761702-0d80-51d2-8394-89889b9b37c3,muhammad abu al-khayr shukri,muhammad yousef al-hasouri,Syria,sy,62.96,1,0,67.78,name=63; country=['sy'],REVIEW
c6fa8dc2-0c43-5716-a8f0-5846972e48d6,3dd02204-53e3-54df-95de-5930116b7eb8,muhammad samih hamid,muhammad agha ahmed rashdi qatirji,Syria,sy,62.96,1,0,67.78,name=63; country=['sy'],REVIEW
9578ba7b-ed8c-5041-96d8-36f346c46e40,e9212872-ee4f-5429-89e2-8ffc2d02bd1f,tariq muhammad abdallah salih,muhammad fadl abd al-nabi,Yemen,ye,62.96,1,0,67.78,name=63; country=['ye'],REVIEW
8b18eb36-7f78-5f79-b85c-f876fe80b80f,dbde3523-dc1c-5ad3-bea1-817ce19cde2b,badr abdo ahmad al-ardah,'abdallah najib ahmad al-jamal,Yemen,ye,62.96,1,0,67.78,name=63; country=['ye'],REVIEW
505bfc47-dc10-5cb8-a9fb-b8b04e6cbae4,d59ff7c1-214c-5196-b523-507d04ca35d3,mohammad khalid,saleh mohammad kakar,Afghanistan,af,62.86,1,0,67.71,name=63; country=['af'],REVIEW
505bfc47-dc10-5cb8-a9fb-b8b04e6cbae4,58263607-5805-5ddd-9c4d-79243b4d28e0,mohammad khalid,mohammad naim barich,Afghanistan,af,62.86,1,0,67.71,name=63; country=['af'],REVIEW
5d35694f-5e34-5027-b62e-8899e5e4faa2,7ff7b4f5-8d76-51f0-a23e-115cee28787d,abdul kadir karding,afif abdul majid,Indonesia,id,62.86,1,0,67.71,name=63; country=['id'],REVIEW
71e240eb-741e-57da-994b-2cc7abbc865f,025cd7d8-97cf-5006-8861-620bf1650015,mohsen haji-mirzaei,mohsen barmahani,Iran,ir,62.86,1,0,67.71,name=63; country=['ir'],REVIEW
d92323a3-f42b-55fb-8054-61ed32350322,225b830f-1575-59fd-bbee-a9edc9192dae,majid ansari,majid dastjani farahani,Iran,ir,62.86,1,0,67.71,name=63; country=['ir'],REVIEW
bebef814-1929-5e5d-aa9f-2c99f49f74d0,4742e618-bc28-5f6f-ac8c-e9bbaf38a696,zahra behruz-azar,zahra pourfarzaneh,Iran,ir,62.86,1,0,67.71,name=63; country=['ir'],REVIEW
486633c7-d65d-579c-a85e-bd4fb32cc714,1671ce01-bc8d-5c82-978f-e559b3e5a67a,mohammad eslami,mohammed saeed ajily,Iran,ir,62.86,1,0,67.71,name=63; country=['ir'],REVIEW
486633c7-d65d-579c-a85e-bd4fb32cc714,105fe471-8321-5fed-9bf1-0dd1bc102d40,mohammad eslami,mohammad ghorbaniyan,Iran,ir,62.86,1,0,67.71,name=63; country=['ir'],REVIEW
486633c7-d65d-579c-a85e-bd4fb32cc714,c2727085-9b69-55cf-9ebe-130e0a127df8,mohammad eslami,mohammad khalilzadeh,Iran,ir,62.86,1,0,67.71,name=63; country=['ir'],REVIEW
9527d76f-4f43-5099-83ad-80e09d382873,72b05d3b-baf3-5c54-8ba2-9befe93c04f0,ali-reza kazemi,mohammad reza kazemi,Iran,ir,62.86,1,0,67.71,name=63; country=['ir'],REVIEW
9527d76f-4f43-5099-83ad-80e09d382873,16b2705a-2f33-506b-96f0-48cb55643a5b,ali-reza kazemi,hamid reza ghadirian,Iran,ir,62.86,1,0,67.71,name=63; country=['ir'],REVIEW
3b010830-4c7f-51c8-b05c-d12a854b19eb,105fe471-8321-5fed-9bf1-0dd1bc102d40,mohammad atabak,mohammad ghorbaniyan,Iran,ir,62.86,1,0,67.71,name=63; country=['ir'],REVIEW
3b010830-4c7f-51c8-b05c-d12a854b19eb,2aeab189-20f3-533b-9607-b855852a575e,mohammad atabak,muhammad al-ghorayfi,Iran,ir,62.86,1,0,67.71,name=63; country=['ir'],REVIEW
3b010830-4c7f-51c8-b05c-d12a854b19eb,c2727085-9b69-55cf-9ebe-130e0a127df8,mohammad atabak,mohammad khalilzadeh,Iran,ir,62.86,1,0,67.71,name=63; country=['ir'],REVIEW
3b010830-4c7f-51c8-b05c-d12a854b19eb,2de51460-70d9-563e-ba09-b47e89a73727,mohammad atabak,mohammad ali mirzaei,Iran,ir,62.86,1,0,67.71,name=63; country=['ir'],REVIEW
3b010830-4c7f-51c8-b05c-d12a854b19eb,f49b3caa-5a94-5d02-ac6a-1a0adfa03815,mohammad atabak,mohammad banihashemi,Iran,ir,62.86,1,0,67.71,name=63; country=['ir'],REVIEW
3b010830-4c7f-51c8-b05c-d12a854b19eb,fc4b0795-746d-548b-98cc-19869fe4a4f1,mohammad atabak,mohammad reza ansari,Iran,ir,62.86,1,0,67.71,name=63; country=['ir'],REVIEW
73b86e04-58c5-5d25-a2d6-c5c0ffd9d255,cf2e739e-f211-5d58-88a8-bd4a665943b9,wahab muhammad,mohammed tahir hammid,Iraq,iq,62.86,1,0,67.71,name=63; country=['iq'],REVIEW
cccb6901-adab-5930-a913-cca4b7250978,0617dbd9-b54f-53db-937e-80d38c1db01b,nizar al-khayrallah,laith al-khazali,Iraq,iq,62.86,1,0,67.71,name=63; country=['iq'],REVIEW
4e9a6cda-4d19-5efe-b589-1faae238ef43,f889411d-0cd2-564d-977a-9627f7f3ae7c,ahmad al-awidi,aiman ahmad al-duwaik,Jordan,jo,62.86,1,0,67.71,name=63; country=['jo'],REVIEW
6d580cd0-246d-59b1-92c3-1232ce7035b2,9c0a9d0d-bfb9-534f-bb0e-11f8ca4336ee,muhammad haidar,mohamed nayef maged,Lebanon,lb,62.86,1,0,67.71,name=63; country=['lb'],REVIEW
f884c1cb-2f29-59cc-80a7-20286e75c9cd,ef9e5aa7-449d-5251-99e0-e8114cf0e482,salim al-alam,'abd-al-hamid al-masli,Libya,ly,62.86,1,0,67.71,name=63; country=['ly'],REVIEW
ff2ee93f-46e3-51b1-92de-4567077fe366,7f82f1be-9b2f-5e70-91de-0dc6fe44efb7,muhammad al-zaydani,mohamed al-kani,Libya,ly,62.86,1,0,67.71,name=63; country=['ly'],REVIEW
081d2c10-5a48-5ae2-bc8a-0462300298e7,7f82f1be-9b2f-5e70-91de-0dc6fe44efb7,muhammad al-shahubi,mohamed al-kani,Libya,ly,62.86,1,0,67.71,name=63; country=['ly'],REVIEW
67709f35-8bf3-58b9-92fa-500130e74809,d88c9edb-f15d-55a7-b818-1e9026043bdf,abdulla muththalib,abdulla ali manik,Maldives,mv,62.86,1,0,67.71,name=63; country=['mv'],REVIEW
8ae67ed2-1944-586e-a3bc-a18b6ab3a36e,53468a54-f437-53b4-bc2b-0be24f195d16,khwaja muhammad asif,muhammad farooq,Pakistan,pk,62.86,1,0,67.71,name=63; country=['pk'],REVIEW
bdbf6c01-27bc-5ab7-a23f-6c45a20af934,02767790-0df9-58e3-9dd6-e6040b7f7888,muhammad hanif abbasi,faqir muhammad,Pakistan,pk,62.86,1,0,67.71,name=63; country=['pk'],REVIEW
bdbf6c01-27bc-5ab7-a23f-6c45a20af934,0f9172ac-7065-5480-92e7-b862da0a2931,muhammad hanif abbasi,muhammad maruf,Pakistan,pk,62.86,1,0,67.71,name=63; country=['pk'],REVIEW
bdbf6c01-27bc-5ab7-a23f-6c45a20af934,2847baf2-192a-516f-86fa-6510ec73abe2,muhammad hanif abbasi,muhammad iqbal,Pakistan,pk,62.86,1,0,67.71,name=63; country=['pk'],REVIEW
88fd19bf-71fe-5fcd-a542-297eb304a8ab,0f9172ac-7065-5480-92e7-b862da0a2931,muhammad mueen wattoo,muhammad maruf,Pakistan,pk,62.86,1,0,67.71,name=63; country=['pk'],REVIEW
fc726116-daf6-51fb-8807-341d8d0ce68d,c721b0df-70eb-5774-aaff-89a63f56fac1,muhammad al-jadan,mohammad al-otaibi,Saudi Arabia,sa,62.86,1,0,67.71,name=63; country=['sa'],REVIEW
0a3f10af-c114-59f6-886c-5cd7531e25b3,4cdd45ed-b641-5f2b-b913-11db59bd273e,ahmed hassan adan,hassan dahir aweys,Somalia,so,62.86,1,0,67.71,name=63; country=['so'],REVIEW
847c616c-7fac-5e18-8cd4-83659e454a1f,532689eb-4669-5f5f-b0b6-4ad5a6615678,michael makuei lueth,michael kuajien,South Sudan,ss,62.86,1,0,67.71,name=63; country=['ss'],REVIEW
0610d2c0-faef-53d1-ad15-4070dc8f7137,90d9442e-ff02-5301-9840-33ae8bfd4a97,marwan al-halabi,ali musa al-shawakh,Syria,sy,62.86,1,0,67.71,name=63; country=['sy'],REVIEW
cb7df6e3-b3fc-5965-9f15-5c5325749c94,c4e76c64-33e6-5c03-9463-e170bdc234b1,mehmet nuri ersoy,mehmet ozsuren,Turkey,tr,62.86,1,0,67.71,name=63; country=['tr'],REVIEW
0fae46ef-f7b8-5c78-800f-923f94b34cb2,d69934a9-5fe1-572e-beb8-7fbcafcdbb2b,muhammad al-zaouri,mohamed al-atifi,Yemen,ye,62.86,1,0,67.71,name=63; country=['ye'],REVIEW
a62082bb-02ac-54a1-a89f-a0e1812e97ab,4b492a42-257b-561b-b934-11bd8a89b7b9,thet khaing win,myo swe win,Burma,zm,46.15,1,1,67.69,name=46; country=['zm']; position_overlap=['minister'],REVIEW
36b7bb62-908b-5f34-937f-845bbbbd6f4c,52c41d60-797a-56a5-8cdf-de48e86413ae,aung kyaw hoe,aung naing oo,Burma,zm,46.15,1,1,67.69,"name=46; country=['zm']; position_overlap=['economic', 'foreign']",REVIEW
bf904301-840f-5835-9230-84fdd82d0c19,793434bf-9695-5b3b-87a0-b017325f19ba,myo thein kyaw,myo myint oo,Burma,zm,46.15,1,1,67.69,name=46; country=['zm']; position_overlap=['minister'],REVIEW
51957458-67ed-54a9-9a0a-2c57fc419b81,bb60a529-5a0a-51ee-bcca-583677cd18e1,mohamed salah el-din,sarah jamal muhammad al-sayyid,Egypt,eg,62.75,1,0,67.65,name=63; country=['eg'],REVIEW
304687be-72b5-5f04-8437-e74cf2ccd578,73b4e39d-1a76-5bad-adac-6f83e048102f,mohammad-reza salehi-amiri,mohammad sadegh abutalebi,Iran,ir,62.75,1,0,67.65,name=63; country=['ir'],REVIEW
304687be-72b5-5f04-8437-e74cf2ccd578,a1d91ffd-9bbf-52ca-a14f-7b07bcf23f6f,mohammad-reza salehi-amiri,mohammad shakeri ashtijeh,Iran,ir,62.75,1,0,67.65,name=63; country=['ir'],REVIEW
f09fa64f-3749-5bb9-8eae-47aa0e56fc7c,12e2e5f8-cc58-547e-9edf-dc73fa90daff,mohamad-reza farzin,mohammad reza modarres khiabani,Iran,ir,62.75,1,0,67.65,name=63; country=['ir'],REVIEW
fdf5b127-c44a-538f-8520-3b6557a30c9c,1f75dcbe-3c3f-5c27-8487-d683714185d0,abdul ghafoor mohamed,mohamed maathiu abdul razzaq,Maldives,mv,62.75,1,0,67.65,name=63; country=['mv'],REVIEW
19ff653a-9fd8-5e8e-9100-5ac9c86d729d,850f2d43-e714-5b20-b442-8d6091a308d9,denis valentinovich manturov,denis yuryevich ryauzov,Russia,ru,62.75,1,0,67.65,name=63; country=['ru'],REVIEW
e596913c-6bee-572c-9253-b056bad653ec,24bb4659-3032-5e2b-8546-c16291d57e54,yuriy petrovich trutnev,yuriy anatolyevich prokofyev,Russia,ru,62.75,1,0,67.65,name=63; country=['ru'],REVIEW
6b7a9963-22df-5882-9a1a-45169decc49e,88a64824-02cb-5a64-8464-d8847943106c,oksana nikolayevna lut,margarita nikolayevna pavlova,Russia,ru,62.75,1,0,67.65,name=63; country=['ru'],REVIEW
6b7a9963-22df-5882-9a1a-45169decc49e,0f2c3402-5f15-5bb6-ab19-ec9998be3d14,oksana nikolayevna lut,olga nikolayevna amelchenkova,Russia,ru,62.75,1,0,67.65,name=63; country=['ru'],REVIEW
dcec7de1-abdf-59fb-b307-d4eefda190be,c5050fb3-1803-5b89-a7b0-4c64700d4983,olga borisovna lyubimova,tatiana borisovna kiryanova,Russia,ru,62.75,1,0,67.65,name=63; country=['ru'],REVIEW
a1ba40bc-1093-5b3a-8915-c71338aae763,e7d50041-7f87-5d81-9412-034bb2b348e9,andrey removich belousov,andrey igorevich masalovich,Russia,ru,62.75,1,0,67.65,name=63; country=['ru'],REVIEW
a1ba40bc-1093-5b3a-8915-c71338aae763,d1192b8c-878e-5912-8250-0030e74cc25b,andrey removich belousov,andrey mikhailovich makarov,Russia,ru,62.75,1,0,67.65,name=63; country=['ru'],REVIEW
a1ba40bc-1093-5b3a-8915-c71338aae763,43a0313e-e27f-5e8b-9286-ec74845b9ce1,andrey removich belousov,andrey vladimirovich chibis,Russia,ru,62.75,1,0,67.65,name=63; country=['ru'],REVIEW
baf13575-cd11-5c0c-ae96-f537015d05c2,ef39e7fb-9b64-587e-b13f-7ab97c902d4e,aleksey olegovich chekunkov,anton olegovich kotyakov,Russia,ru,62.75,1,0,67.65,name=63; country=['ru'],REVIEW
5ae8202c-5c03-5346-971f-d088c5aae8ef,57254cc7-d680-5694-8a74-dc3981eef545,maksut igorevich shadayev,roman igorevich teryushkov,Russia,ru,62.75,1,0,67.65,name=63; country=['ru'],REVIEW
2bf83e07-5387-5987-9333-0a44ebdc0a8f,78c88842-1c77-5cf4-b370-8b6d1a04c287,sergey sergeyevich kravtsov,sergey sergeevich ivanov,Russia,ru,62.75,1,0,67.65,name=63; country=['ru'],REVIEW
9f7f1740-b4dd-5baa-9f5c-0df51713cbf6,4480b307-e3e9-59c2-b69a-ebdf6ca7b8af,sergey viktorovich lavrov,andrey viktorovich kutepov,Russia,ru,62.75,1,0,67.65,name=63; country=['ru'],REVIEW
9f7f1740-b4dd-5baa-9f5c-0df51713cbf6,8fedf3a3-acb0-5e9f-ad44-eb4af3dbdac6,sergey viktorovich lavrov,andrey viktorovich borisov,Russia,ru,62.75,1,0,67.65,name=63; country=['ru'],REVIEW
9f7f1740-b4dd-5baa-9f5c-0df51713cbf6,dc07f3a6-db8c-5f7a-a315-064268aaddc8,sergey viktorovich lavrov,andrey viktorovich vorobev,Russia,ru,62.75,1,0,67.65,name=63; country=['ru'],REVIEW
9f7f1740-b4dd-5baa-9f5c-0df51713cbf6,d86cafd1-d0aa-596e-ada6-d1cec190f0e0,sergey viktorovich lavrov,dmitry viktorovich islamov,Russia,ru,62.75,1,0,67.65,name=63; country=['ru'],REVIEW
9f7f1740-b4dd-5baa-9f5c-0df51713cbf6,a69d2554-ec7b-5319-a4e3-cdd099a75ae8,sergey viktorovich lavrov,roman viktorovich busargin,Russia,ru,62.75,1,0,67.65,name=63; country=['ru'],REVIEW
ed18924e-5c9b-5e5b-803d-27f2be535e3b,ab94fba2-cb4d-592a-b94a-f3bae7188131,anton olegovich kotyakov,aleksey olegovich chekunkov,Russia,ru,62.75,1,0,67.65,name=63; country=['ru'],REVIEW
fbee7b65-a0d0-5c1f-b1ab-b1bba5553a9b,31f86cb0-8992-5998-8b56-9716c9dbc649,valeriy nikolayevich falkov,igor nikolayevich shubin,Russia,ru,62.75,1,0,67.65,name=63; country=['ru'],REVIEW
fbee7b65-a0d0-5c1f-b1ab-b1bba5553a9b,fae66e90-89ff-5b21-83d4-33cd7769a714,valeriy nikolayevich falkov,oleg nikolayevich smolin,Russia,ru,62.75,1,0,67.65,name=63; country=['ru'],REVIEW
ae0688ac-473c-5dd1-9ef0-30bcdc52c48b,21fb7af2-5288-5c5c-9b83-06647e552cd9,sergey kuzhugetovich shoygu,sergey anatolyevich tsyb,Russia,ru,62.75,1,0,67.65,name=63; country=['ru'],REVIEW
85da5294-bb31-5f57-9cb1-bc4d767cffe5,b63764a3-b7e9-584d-a987-e5f9a7755d03,igor viktorovich krasnov,alexander viktorovich gusev,Russia,ru,62.75,1,0,67.65,name=63; country=['ru'],REVIEW
85da5294-bb31-5f57-9cb1-bc4d767cffe5,3410751d-bc70-5170-9a8c-497ab8eb06d2,igor viktorovich krasnov,grigory viktorovich anikeev,Russia,ru,62.75,1,0,67.65,name=63; country=['ru'],REVIEW
69ef53c5-e760-59db-8a23-dafa4673af75,e1f9bde2-e2a1-51a0-9811-83467cf21e11,anatoliy ivanovich antonov,anatoliy fodorovich lesun,Russia,ru,62.75,1,0,67.65,name=63; country=['ru'],REVIEW
80e85b20-3659-5497-a31c-e42e37437cc0,8a430a01-a33d-56b7-82df-58b4df93ac78,abdirahman mohamed abdullahi,siciid abdullahi aadan,Somalia,so,62.75,1,0,67.65,name=63; country=['so'],REVIEW
ebde17af-0f5f-5666-9c58-0b7aa0a193b4,33c1378f-b27a-5662-9696-ff8e4d503063,muhammad said al-hilu,tijani ibrahim moussa mohamed,Sudan,sd,62.75,1,0,67.65,name=63; country=['sd'],REVIEW
c47c862d-75e5-5f45-adca-974521f25671,6a229560-a30b-56ae-b2b1-dc832d56c8e0,muhammad nidal al-shaar,tawfiq muhammad sa'id al-law,Syria,sy,62.75,1,0,67.65,name=63; country=['sy'],REVIEW
c3886e0d-d6fb-5c3f-9823-d6830a3dd6d3,3e72ed6f-3018-51b8-b24d-edc31e4400d2,johann alvarez marquez,fanny beatriz marquez cordero,Venezuela,ve,62.75,1,0,67.65,name=63; country=['ve'],REVIEW
c309640a-c084-5456-ae1b-48034d1c7209,da581888-847b-521c-9b55-ae33ac274626,muhammad edhah mahdi shabibah,muhammad ali al-qadiri,Yemen,ye,62.75,1,0,67.65,name=63; country=['ye'],REVIEW
3fee6e99-1e49-59ce-8c2a-06e8f58d59b0,115f5e23-3991-5525-b7b4-a38a85dae4f2,khaled ahmad al-wasabi,sa'id ahmad muhammad al-jamal,Yemen,ye,62.75,1,0,67.65,name=63; country=['ye'],REVIEW
e614b1a4-c644-556d-bcf4-30f13d9b48ff,e9212872-ee4f-5429-89e2-8ffc2d02bd1f,abdallah ali fadl al-saadi,muhammad fadl abd al-nabi,Yemen,ye,62.75,1,0,67.65,name=63; country=['ye'],REVIEW
6c3c926d-60e2-53cb-bf69-5d92ce31ecb9,f49e8fe7-2efd-55cb-84eb-3c0a4c30011b,abdallah bin hassan al-nuaymi,turki mubarak abdullah ahmad al-binali,Bahrain,bh,62.69,1,0,67.61,name=63; country=['bh'],REVIEW
3fe9b76b-4573-5deb-95c3-50c284d9016b,f49e8fe7-2efd-55cb-84eb-3c0a4c30011b,abdulla bin rashid al khalifa,turki mubarak abdullah ahmad al-binali,Bahrain,bh,62.69,1,0,67.61,name=63; country=['bh'],REVIEW
f21fad05-0e28-5492-a4e5-4ca30560fe5c,fdf53e59-f56b-5eca-b5d2-5d6be22e0285,vladimir aleksandrovich kolokoltsev,vladimir kasimirovich kravchenko,Russia,ru,62.69,1,0,67.61,name=63; country=['ru'],REVIEW
f21fad05-0e28-5492-a4e5-4ca30560fe5c,9f38d4ef-970b-5c8f-b3e5-c2f9b739dfd2,vladimir aleksandrovich kolokoltsev,oleg aleksandrovich kuvshinnikov,Russia,ru,62.69,1,0,67.61,name=63; country=['ru'],REVIEW
f21fad05-0e28-5492-a4e5-4ca30560fe5c,e9786b79-3091-5dc4-a195-caf9413dd989,vladimir aleksandrovich kolokoltsev,nikolay aleksandrovich goncharov,Russia,ru,62.69,1,0,67.61,name=63; country=['ru'],REVIEW
f21fad05-0e28-5492-a4e5-4ca30560fe5c,d12609ec-718a-54e7-ab9e-4a5dd2ea0168,vladimir aleksandrovich kolokoltsev,alexander aleksandrovich maximov,Russia,ru,62.69,1,0,67.61,name=63; country=['ru'],REVIEW
f21fad05-0e28-5492-a4e5-4ca30560fe5c,330868ec-9e25-5f9a-ae14-1d968598744b,vladimir aleksandrovich kolokoltsev,alexander aleksandrovich kokorev,Russia,ru,62.69,1,0,67.61,name=63; country=['ru'],REVIEW
147ba313-ef1d-5225-bc02-d52875086c66,7c884148-fc42-58b0-aac5-ccc11fe5f304,musaid bin muhammad al-ayban,abd al hamid sulaiman muhammed al-mujil,Saudi Arabia,sa,62.69,1,0,67.61,name=63; country=['sa'],REVIEW
08888da7-5dd0-5478-8011-8c70cd3c5f9a,95e3891d-def2-524d-9e07-e10a84d4cf94,alyaksandr turchyn,alyaksandr pyatrovich barsukou,Belarus,by,62.5,1,0,67.5,name=62; country=['by'],REVIEW
1bcdc278-c457-578b-94ed-a2329699ef07,00b0c46b-c31a-5a01-8003-26f659521772,alyaksandr kulik,alyaksandr uladzimiravich yuzhyk,Belarus,by,62.5,1,0,67.5,name=62; country=['by'],REVIEW
f7b6307f-2299-53fe-880f-79bd74181680,9130bd1f-8b7d-5dfd-b715-c25f49028aac,min naung,zaw min,Burma,zm,62.5,1,0,67.5,name=62; country=['zm'],REVIEW
7761ba11-48e5-505e-9dac-b7014646adda,293d576a-8246-5fe2-98c2-0bff474068cc,tun aung,aung soe,Burma,zm,62.5,1,0,67.5,name=62; country=['zm'],REVIEW
c4b635e6-a2d9-5a9e-824d-c3d8d92a0728,49aaa9ba-92d3-5116-94f0-0f49d004ba20,mya tun oo,tin oo,Burma,zm,62.5,1,0,67.5,name=62; country=['zm'],REVIEW
2891b067-2f42-5459-8621-53511cfea482,cf0e41b5-086a-590a-bdf3-331c4622cb64,hong ni,gaobin ni,China,cn,62.5,1,0,67.5,name=62; country=['cn'],REVIEW
2665d59f-1b17-5930-8785-c02aeb2c467c,ac937284-d225-5da8-9c8d-73919e20ca0b,wei liu,lizhi liu,China,cn,62.5,1,0,67.5,name=62; country=['cn'],REVIEW
1a8f313c-00cf-566a-a5e5-16a23c87195d,5f7cbd8b-613a-5551-9c5f-ec31a3d7a9fc,mohammad-reza aref,mohammad yazdi,Iran,ir,62.5,1,0,67.5,name=62; country=['ir'],REVIEW
fad6b794-28f0-5b61-92b0-531e88e1121b,b5e95b8d-62e7-54e2-81b2-3909fad8f464,mohammad-jafar qaempanah,mohammad sadegh karimian,Iran,ir,62.5,1,0,67.5,name=62; country=['ir'],REVIEW
d92323a3-f42b-55fb-8054-61ed32350322,fc4b0795-746d-548b-98cc-19869fe4a4f1,majid ansari,mohammad reza ansari,Iran,ir,62.5,1,0,67.5,name=62; country=['ir'],REVIEW
304687be-72b5-5f04-8437-e74cf2ccd578,83a8d760-730e-5af9-8bdc-7003e96962fe,mohammad-reza salehi-amiri,mohammad mehdi sayyari,Iran,ir,62.5,1,0,67.5,name=62; country=['ir'],REVIEW
9527d76f-4f43-5099-83ad-80e09d382873,3d8338c2-45ca-5abd-b9a8-69cd7e1c9495,ali-reza kazemi,ahmad reza azadeh,Iran,ir,62.5,1,0,67.5,name=62; country=['ir'],REVIEW
9527d76f-4f43-5099-83ad-80e09d382873,c9637533-b3ce-5776-9a3a-a13653e04600,ali-reza kazemi,abbas pour kazemi,Iran,ir,62.5,1,0,67.5,name=62; country=['ir'],REVIEW
286d8443-aff7-5178-b2a1-75291c9f61ae,218f1bf5-1900-5ced-b123-7043edabd61c,mohammad-reza zafarqandi,muhammad reza naserzadeh,Iran,ir,62.5,1,0,67.5,name=62; country=['ir'],REVIEW
3b010830-4c7f-51c8-b05c-d12a854b19eb,6dfe3845-4ce2-5b81-8758-a75686bcbe28,mohammad atabak,mohammad mahmoudi,Iran,ir,62.5,1,0,67.5,name=62; country=['ir'],REVIEW
87f842cc-288e-55f0-b582-ea1f8ebbec8d,72ba188f-4cb8-595a-9c3b-26763387cf00,ahmad donyamali,haj ahmad mirzaei,Iran,ir,62.5,1,0,67.5,name=62; country=['ir'],REVIEW
57f4eb8e-d7a9-57e6-99ca-baa2ad732695,c5db0d05-a7a3-590b-8102-9596a48f2611,bilal al-hamdani,rayan al-kildani,Iraq,iq,62.5,1,0,67.5,name=62; country=['iq'],REVIEW
940e4817-dc8f-5e77-ad70-f5a848a2503c,deac2947-e61c-590b-9603-f1e6c1374687,ahmad al-hajjar,nehme ahmad jamil,Lebanon,lb,62.5,1,0,67.5,name=62; country=['lb'],REVIEW
716dd8bc-4a5b-541a-9582-e6fa17d4c6bf,9cbb8210-5bb9-5db4-b2a2-f0d2cf0cda35,muhammad al-ghuj,mohamed koshlaf,Libya,ly,62.5,1,0,67.5,name=62; country=['ly'],REVIEW
84c1dd33-be88-5663-9470-06526958fbe2,42214562-58ea-56ca-b2ae-4ac1da80b048,ali al-abid,abd al-muhsin al-libi,Libya,ly,62.5,1,0,67.5,name=62; country=['ly'],REVIEW
ff2ee93f-46e3-51b1-92de-4567077fe366,ac7db0e1-9354-5ecb-81b1-c2d4a4d8d20c,muhammad al-zaydani,khalifa mohamed ahmed ghawil,Libya,ly,45.83,1,1,67.5,name=46; country=['ly']; position_overlap=['minister'],REVIEW
081d2c10-5a48-5ae2-bc8a-0462300298e7,ac7db0e1-9354-5ecb-81b1-c2d4a4d8d20c,muhammad al-shahubi,khalifa mohamed ahmed ghawil,Libya,ly,45.83,1,1,67.5,name=46; country=['ly']; position_overlap=['minister'],REVIEW
21b126bd-9fdc-5b22-8c2e-b32905144bb9,1607cb3a-30a4-5337-9451-1e8aed958030,mohamed muizzu,mohamed thasleem,Maldives,mv,62.5,1,0,67.5,name=62; country=['mv'],REVIEW
b4fd7a0c-c5d1-50fe-a8ed-3a39360f756d,7270ebb9-0bcb-5b03-9fa4-7a467af064d9,ibrahim faisal,ibrahim aleef rauf,Maldives,mv,62.5,1,0,67.5,name=62; country=['mv'],REVIEW
0e377fe5-e9bb-57a3-b655-12b5d0766a54,a9774a98-92d8-5a9c-bcc0-930ef77b79cb,roberto velasco alvarez,wenceslao alvarez alvarez,Mexico,mx,62.5,1,0,67.5,name=62; country=['mx'],REVIEW
be361575-8aa7-5f0c-8aa1-12bf3a0b8d25,eaf5a44b-46df-5153-a784-970f420d4a2a,raquel buentrostro sanchez,antonio romero sanchez,Mexico,mx,62.5,1,0,67.5,name=62; country=['mx'],REVIEW
be361575-8aa7-5f0c-8aa1-12bf3a0b8d25,31607285-a33a-5624-b435-cbb5b2e8ec77,raquel buentrostro sanchez,jose raul vega sanchez,Mexico,mx,62.5,1,0,67.5,name=62; country=['mx'],REVIEW
ca001189-b7c5-5efb-a607-ca5646349e4e,c0a9fe8e-890c-5eba-8909-ae2ca0b3082c,sidi mohamed raliou,mohammed nur,Niger,ng,62.5,1,0,67.5,name=62; country=['ng'],REVIEW
59552685-02a2-51e3-b3c4-01587c77f47c,47d82e5a-4c84-52ee-97d9-6a72e06da980,muhammad raza hayat harraj,ali muhammad abu turab,Pakistan,pk,62.5,1,0,67.5,name=62; country=['pk'],REVIEW
5a13abd4-a847-5447-ad68-ca901dbd091a,2847baf2-192a-516f-86fa-6510ec73abe2,muhammad aurangzeb,muhammad iqbal,Pakistan,pk,62.5,1,0,67.5,name=62; country=['pk'],REVIEW
bdbf6c01-27bc-5ab7-a23f-6c45a20af934,516cc5cd-b2c6-5313-bc6d-dbc1bb91cff3,muhammad hanif abbasi,mustafa hajji muhammad khan,Pakistan,pk,62.5,1,0,67.5,name=62; country=['pk'],REVIEW
006ad23e-54a7-54a1-8822-9ce4af2635fc,e07d1fbb-5a93-5a41-936a-02f5f70fbbb5,mikhail vladimirovich mishustin,vladimir vladimirovich vladimirov,Russia,ru,62.5,1,0,67.5,name=62; country=['ru'],REVIEW
e596913c-6bee-572c-9253-b056bad653ec,1d6733e2-d5c2-540f-a13a-74b363c2dee2,yuriy petrovich trutnev,yuriy garunovich gazaryan,Russia,ru,62.5,1,0,67.5,name=62; country=['ru'],REVIEW
6b7a9963-22df-5882-9a1a-45169decc49e,3ae8b138-0922-5e57-a70a-41a95b506bf1,oksana nikolayevna lut,olga nikolayevna epifanova,Russia,ru,62.5,1,0,67.5,name=62; country=['ru'],REVIEW
df456803-12e3-51a9-be87-159ecd3813eb,5fda1b18-3a88-547f-8674-6bcdcd956cdc,anton germanovich siluanov,anton igorevich nemkin,Russia,ru,62.5,1,0,67.5,name=62; country=['ru'],REVIEW
f21fad05-0e28-5492-a4e5-4ca30560fe5c,a09b754d-0a8f-53bc-90dc-022cb062d35d,vladimir aleksandrovich kolokoltsev,igor aleksandrovich ananskikh,Russia,ru,62.5,1,0,67.5,name=62; country=['ru'],REVIEW
f21fad05-0e28-5492-a4e5-4ca30560fe5c,67b18273-4948-59a5-a91b-4484f205aede,vladimir aleksandrovich kolokoltsev,arkadiy aleksandrovich gostev,Russia,ru,62.5,1,0,67.5,name=62; country=['ru'],REVIEW
29a39d94-a45e-5891-a61a-73c87f60aa6c,be4d763e-007a-5990-8253-62b1430d8285,konstantin anatolyevich chuychekno,andrei anatolyevich shevchenko,Russia,ru,62.5,1,0,67.5,name=62; country=['ru'],REVIEW
ed18924e-5c9b-5e5b-803d-27f2be535e3b,af642bd5-ef1f-54aa-a74e-e41bb64316a6,anton olegovich kotyakov,anton olegovich tkachyov,Russia,ru,62.5,1,0,67.5,name=62; country=['ru'],REVIEW
cd6c171d-c9ca-554f-891b-755908ea691e,eef6e3b2-69d3-519a-9f51-eb683afbc30c,aleksandr aleksandrovich kozlov,aleksandr ermakov,Russia,ru,62.5,1,0,67.5,name=62; country=['ru'],REVIEW
cd6c171d-c9ca-554f-891b-755908ea691e,6db1b7ea-2dc3-52ee-9111-d20dfb6efe53,aleksandr aleksandrovich kozlov,aleksandr vladimirovich konovalov,Russia,ru,62.5,1,0,67.5,name=62; country=['ru'],REVIEW
cd6c171d-c9ca-554f-891b-755908ea691e,8d1f3967-caff-51e8-a269-7cad116c90da,aleksandr aleksandrovich kozlov,aleksandr vladimirovich brechalov,Russia,ru,62.5,1,0,67.5,name=62; country=['ru'],REVIEW
d6e33049-9c30-57e4-8fa8-e9317955ad2e,eaf0ab35-666a-5d86-9b95-00d8f91049f7,mikhail vladimirovich degtyarev,vladimir vladimirovich mikheychik,Russia,ru,62.5,1,0,67.5,name=62; country=['ru'],REVIEW
d6e33049-9c30-57e4-8fa8-e9317955ad2e,08ba672e-198f-5481-8584-9e52f38f5af5,mikhail vladimirovich degtyarev,aleksei vladimirovich pankrashkin,Russia,ru,62.5,1,0,67.5,name=62; country=['ru'],REVIEW
dbe82bd4-dc46-57b0-b0e4-d46ff1522618,ef69fab4-7a3a-52fe-b006-f8a2197a15b9,roman vladimirovich starovoyt,aleksandr vladimirovich onishchenko,Russia,ru,62.5,1,0,67.5,name=62; country=['ru'],REVIEW
8863add4-5afd-56b8-afc1-0b281f57d4c6,0364a5c3-e268-50ac-8f3b-c4a90a65b3ab,vincent biruta,vincent nyakarundi,Rwanda,rw,62.5,1,0,67.5,name=62; country=['rw'],REVIEW
9ca93479-0cea-5736-a02d-90775991ebc1,ce763156-052c-5946-b889-c71c5adaa2b2,khalid bin abd al-rahman al-isa,'abd al-rahman muhammad zafir al-dubaysi al-juhni,Saudi Arabia,sa,62.5,1,0,67.5,name=62; country=['sa'],REVIEW
d10d534e-56a9-5f9d-a0f5-ae60a596b4e1,0a53717d-5ac5-52d8-b840-9198d945f8a4,ahmed moalim fiqi,ali ahmed naaji,Somalia,so,62.5,1,0,67.5,name=62; country=['so'],REVIEW
be95870c-a530-5d64-82da-7bcc1f3e21da,d4740de9-0c0f-5d33-a6f5-ec79cb755255,mohamed hamdan dagalo,mohamed atta emoula abbas,Sudan,sd,62.5,1,0,67.5,name=62; country=['sd'],REVIEW
ea7e8ab1-0b3e-5477-9efc-81b4021f53c5,03c1ade3-1f0a-5799-a9ed-ddd7ee60e759,ahmad husayn al-shara’,mohammad hussein al-jasim,Syria,sy,62.5,1,0,67.5,name=62; country=['sy'],REVIEW
bf25ab26-bc71-5198-97f7-626c6a2c5ccf,6a229560-a30b-56ae-b2b1-dc832d56c8e0,muhammad yasin salih,tawfiq muhammad sa'id al-law,Syria,sy,62.5,1,0,67.5,name=62; country=['sy'],REVIEW
0610d2c0-faef-53d1-ad15-4070dc8f7137,71230d36-df59-5745-87ed-29dbefb3d3e6,marwan al-halabi,hasan al-shaban,Syria,sy,62.5,1,0,67.5,name=62; country=['sy'],REVIEW
43b6ef8b-4f1b-57af-8e1a-e1552fdd6344,530d6991-18a1-58b0-aedb-12fe5e1ba066,muhammad anjarani,muhammad hamsho,Syria,sy,62.5,1,0,67.5,name=62; country=['sy'],REVIEW
ee5b4806-a322-5d61-a08d-f45a8b7766b3,71230d36-df59-5745-87ed-29dbefb3d3e6,mazin al-salhani,hasan al-shaban,Syria,sy,62.5,1,0,67.5,name=62; country=['sy'],REVIEW
cb7df6e3-b3fc-5965-9f15-5c5325749c94,7bd95e84-0979-5fff-a6d2-c3cc5d9c2ea1,mehmet nuri ersoy,mehmet kaya,Turkey,tr,62.5,1,0,67.5,name=62; country=['tr'],REVIEW
e91372f7-69e1-5454-8f9e-3f1efd341cce,c8be5295-1e59-550d-acdb-983835271687,mehmet simsek,mehmet tokdemir,Turkey,tr,62.5,1,0,67.5,name=62; country=['tr'],REVIEW
eba79a90-7192-5d67-a85d-8eb28bb3e5a0,dcafa5b1-1147-51d8-aea6-aa17e9ea3984,nguyen van thang,van nguyen hoang,Vietnam,vn,62.5,1,0,67.5,name=62; country=['vn'],REVIEW
8119b618-8821-5689-bc97-e3470d3d156a,dcafa5b1-1147-51d8-aea6-aa17e9ea3984,nguyen manh hung,van nguyen hoang,Vietnam,vn,62.5,1,0,67.5,name=62; country=['vn'],REVIEW
5e9d20ff-4335-5439-9e75-b2428a5bef31,ec18033a-570b-5157-9cd3-16c528860478,luong tam quang,quang viet nguyen,Vietnam,vn,62.5,1,0,67.5,name=62; country=['vn'],REVIEW
b55c5984-06ff-50b5-9c74-5df9256ddf97,dcafa5b1-1147-51d8-aea6-aa17e9ea3984,nguyen quoc dung,van nguyen hoang,Vietnam,vn,62.5,1,0,67.5,name=62; country=['vn'],REVIEW
f1c1473e-dffb-50fd-bbb3-0f32ea88747d,06dfd183-8507-5e75-a49b-b9d26f23108a,rashad muhammad al-alimi,muhammad ahmad al-talibi,Yemen,ye,62.5,1,0,67.5,name=62; country=['ye'],REVIEW
b52b2801-6f97-5c31-bb7c-ee616e85b5b9,4be6cd1d-7989-5983-a7d2-bc54dc02b2f8,salem abdullah al-soqotri,abdullah yahya al hakim,Yemen,ye,62.5,1,0,67.5,name=62; country=['ye'],REVIEW
3fee6e99-1e49-59ce-8c2a-06e8f58d59b0,10f43ffb-5e06-50b1-a842-232e4179ed1d,khaled ahmad al-wasabi,shawki ali ahmed al-badani,Yemen,ye,62.5,1,0,67.5,name=62; country=['ye'],REVIEW
5f272a74-f9a6-53b5-a1b2-5ce576352220,e9212872-ee4f-5429-89e2-8ffc2d02bd1f,muhammad hazm al-ashwal,muhammad fadl abd al-nabi,Yemen,ye,62.5,1,0,67.5,name=62; country=['ye'],REVIEW
5f272a74-f9a6-53b5-a1b2-5ce576352220,598e35d1-d49a-5a5b-9feb-43ac26b4ba8a,muhammad hazm al-ashwal,hisham abdulwasea hael mohammed al-nahari,Yemen,ye,62.5,1,0,67.5,name=62; country=['ye'],REVIEW
3e8600ac-8070-59f6-994e-4ade5714c0e3,4321d542-7831-56b4-aaa5-96e16807495d,nayif al-bakri,ibrahim al-nashiri,Yemen,ye,62.5,1,0,67.5,name=62; country=['ye'],REVIEW
c08e00d7-619f-5c03-a74d-b5bbccf23c2c,30ac1847-dbd4-59ec-a49e-bd67972b750f,abd al-aziz bin abdallah al al-shaykh,azzam abdullah zureik al-maulid al-subhi,Saudi Arabia,sa,62.34,1,0,67.4,name=62; country=['sa'],REVIEW
304687be-72b5-5f04-8437-e74cf2ccd578,44625d04-9d5f-5833-a110-37e3c84b618f,mohammad-reza salehi-amiri,sayyed mohammad reza seddighi saber,Iran,ir,62.3,1,0,67.38,name=62; country=['ir'],REVIEW
19d89641-666f-5f5d-a65b-d189af5e95fe,42f3c6f3-8b56-57bf-9737-9619181a8087,vladimir vladimirovich putin,vladimir yakovlevich streshinskiy,Russia,ru,62.3,1,0,67.38,name=62; country=['ru'],REVIEW
006ad23e-54a7-54a1-8822-9ce4af2635fc,3f548ac6-e7f3-5cef-a62a-6c3d15f3a110,mikhail vladimirovich mishustin,andrei vladimirovich nikipelov,Russia,ru,62.3,1,0,67.38,name=62; country=['ru'],REVIEW
006ad23e-54a7-54a1-8822-9ce4af2635fc,be79f221-098c-54ef-9b32-2dd1efb26e31,mikhail vladimirovich mishustin,vladimir vladimirovich plyakin,Russia,ru,62.3,1,0,67.38,name=62; country=['ru'],REVIEW
006ad23e-54a7-54a1-8822-9ce4af2635fc,08924d48-c0e1-5cc7-a3c4-3798c6f6df2f,mikhail vladimirovich mishustin,anatoliy vladimirovich chepiga,Russia,ru,62.3,1,0,67.38,name=62; country=['ru'],REVIEW
006ad23e-54a7-54a1-8822-9ce4af2635fc,a1de9b2a-a062-5fcd-af1b-1f67c2d70420,mikhail vladimirovich mishustin,oleg vladimirovich melnichenko,Russia,ru,62.3,1,0,67.38,name=62; country=['ru'],REVIEW
006ad23e-54a7-54a1-8822-9ce4af2635fc,d206fb36-eba6-54c5-b42a-1e7da22a336c,mikhail vladimirovich mishustin,sergey vladimirovich dokuchaev,Russia,ru,62.3,1,0,67.38,name=62; country=['ru'],REVIEW
19ff653a-9fd8-5e8e-9100-5ac9c86d729d,79c20765-8887-554a-8868-16b8312a7055,denis valentinovich manturov,stanislav valentinovich makshakov,Russia,ru,62.3,1,0,67.38,name=62; country=['ru'],REVIEW
a1fcf254-dd99-5958-ace3-bcc964752c0c,31cb7354-b723-55e2-abc2-6aaee31731ef,dmitriy nikolayevich patrushev,nikolay nikolayevich vladimirov,Russia,ru,62.3,1,0,67.38,name=62; country=['ru'],REVIEW
f11ad005-002c-53ae-9cda-c70654fa1f7d,15c37453-ad10-5500-af0a-d43a7655f01f,vitaliy gennadyevich savelyev,maksim gennadyevich kavdzharadze,Russia,ru,62.3,1,0,67.38,name=62; country=['ru'],REVIEW
a7f6b2f9-1666-5d11-966d-b03d88a6038c,64d45065-97b4-5e34-bc3a-6c35351b7870,dmitriy nikolayevich chernyshenko,oleg nikolayevich kiryushkin,Russia,ru,62.3,1,0,67.38,name=62; country=['ru'],REVIEW
b45b6c16-05c3-5345-95eb-c1c6135f61b2,199ba999-f889-5bfb-801f-ac08917740b2,aleksandr valentinovich novak,aleksandr aleksandrovich avdeyev,Russia,ru,62.3,1,0,67.38,name=62; country=['ru'],REVIEW
b45b6c16-05c3-5345-95eb-c1c6135f61b2,79547300-7e32-5719-a6dd-14cc3db3624b,aleksandr valentinovich novak,viktor valentinovich seliverstov,Russia,ru,62.3,1,0,67.38,name=62; country=['ru'],REVIEW
b45b6c16-05c3-5345-95eb-c1c6135f61b2,5b97917a-f8c5-5ca0-82db-aa6334d73529,aleksandr valentinovich novak,aleksandr aleksandrovich pushkov,Russia,ru,62.3,1,0,67.38,name=62; country=['ru'],REVIEW
7577e6ac-6813-5c14-a64b-543cff310d82,0c8d1cb2-853e-52bb-9087-4939c365d6ca,aleksandr vyacheslavovich kurenkov,aleksandr nikolaevich popov,Russia,ru,62.3,1,0,67.38,name=62; country=['ru'],REVIEW
7577e6ac-6813-5c14-a64b-543cff310d82,397f5c13-e218-58bd-8e09-f29e8cd70dba,aleksandr vyacheslavovich kurenkov,aleksandr olegovich kalinin,Russia,ru,62.3,1,0,67.38,name=62; country=['ru'],REVIEW
cbc77aa2-a2ff-59f0-b3ba-597e679e7517,f0ad9d2a-cf61-5290-a4e9-18e804661644,maksim gennadyevich reshetnikov,maksim aleksandrovich zagornov,Russia,ru,62.3,1,0,67.38,name=62; country=['ru'],REVIEW
f21fad05-0e28-5492-a4e5-4ca30560fe5c,668680d5-bc0b-5e41-9cf4-e51d8b0855ac,vladimir aleksandrovich kolokoltsev,vladimir anatolevich polin,Russia,ru,62.3,1,0,67.38,name=62; country=['ru'],REVIEW
f21fad05-0e28-5492-a4e5-4ca30560fe5c,0d8118db-b3eb-5a4d-9520-1fdd407e6088,vladimir aleksandrovich kolokoltsev,yury aleksandrovich petrov,Russia,ru,62.3,1,0,67.38,name=62; country=['ru'],REVIEW
f21fad05-0e28-5492-a4e5-4ca30560fe5c,34479f87-b818-51d2-b195-4963ec1e1ac4,vladimir aleksandrovich kolokoltsev,vladimir olegovich potanin,Russia,ru,62.3,1,0,67.38,name=62; country=['ru'],REVIEW
29a39d94-a45e-5891-a61a-73c87f60aa6c,4cca9880-173c-508b-8224-982c52db780a,konstantin anatolyevich chuychekno,sergei anatolyevich kogogin,Russia,ru,62.3,1,0,67.38,name=62; country=['ru'],REVIEW
cd6c171d-c9ca-554f-891b-755908ea691e,f0ad9d2a-cf61-5290-a4e9-18e804661644,aleksandr aleksandrovich kozlov,maksim aleksandrovich zagornov,Russia,ru,62.3,1,0,67.38,name=62; country=['ru'],REVIEW
cd6c171d-c9ca-554f-891b-755908ea691e,399569e8-b7f0-5c09-9547-b6ef9103cc58,aleksandr aleksandrovich kozlov,nikita aleksandrovich zakharov,Russia,ru,62.3,1,0,67.38,name=62; country=['ru'],REVIEW
d6e33049-9c30-57e4-8fa8-e9317955ad2e,c661b36e-4129-53ec-989c-1447c159d232,mikhail vladimirovich degtyarev,aleksey vladimirovich kurinniy,Russia,ru,62.3,1,0,67.38,name=62; country=['ru'],REVIEW
d6e33049-9c30-57e4-8fa8-e9317955ad2e,76ded7ab-18b4-5cc1-aab7-6264a9fe4c90,mikhail vladimirovich degtyarev,aleksandr vladimirovich gutsan,Russia,ru,62.3,1,0,67.38,name=62; country=['ru'],REVIEW
d6e33049-9c30-57e4-8fa8-e9317955ad2e,be79f221-098c-54ef-9b32-2dd1efb26e31,mikhail vladimirovich degtyarev,vladimir vladimirovich plyakin,Russia,ru,62.3,1,0,67.38,name=62; country=['ru'],REVIEW
d6e33049-9c30-57e4-8fa8-e9317955ad2e,08924d48-c0e1-5cc7-a3c4-3798c6f6df2f,mikhail vladimirovich degtyarev,anatoliy vladimirovich chepiga,Russia,ru,62.3,1,0,67.38,name=62; country=['ru'],REVIEW
d6e33049-9c30-57e4-8fa8-e9317955ad2e,e5fc429b-99df-5b3e-91d7-990868714715,mikhail vladimirovich degtyarev,vladimir vladimirovich ezhikov,Russia,ru,62.3,1,0,67.38,name=62; country=['ru'],REVIEW
d6e33049-9c30-57e4-8fa8-e9317955ad2e,d206fb36-eba6-54c5-b42a-1e7da22a336c,mikhail vladimirovich degtyarev,sergey vladimirovich dokuchaev,Russia,ru,62.3,1,0,67.38,name=62; country=['ru'],REVIEW
dbe82bd4-dc46-57b0-b0e4-d46ff1522618,24f9d7b7-c1f9-5e0b-ba8d-0ce4ce7e7071,roman vladimirovich starovoyt,nikolay vladimirovich porkhachev,Russia,ru,62.3,1,0,67.38,name=62; country=['ru'],REVIEW
dbe82bd4-dc46-57b0-b0e4-d46ff1522618,2add14ef-ba1f-5d80-9576-91a9e4c232c6,roman vladimirovich starovoyt,vladimir vladimirovich poletayev,Russia,ru,62.3,1,0,67.38,name=62; country=['ru'],REVIEW
dbe82bd4-dc46-57b0-b0e4-d46ff1522618,bd704a5f-6ad2-53da-9e59-0b17fb7892b5,roman vladimirovich starovoyt,aleksandr vladimirovich osadchuk,Russia,ru,62.3,1,0,67.38,name=62; country=['ru'],REVIEW
0a20c63b-a3e5-5b97-9a17-2fa6525d1530,7c40d3de-c794-5b84-958a-d3d6aab318e8,aleksandr vasilyevich bortnikov,aleksandr borisovich kurdiumov,Russia,ru,62.3,1,0,67.38,name=62; country=['ru'],REVIEW
12fa029a-1730-5104-90a2-3947c3d81b63,c1c94659-1887-5e37-98e9-af27dbae9ac6,majid bin abdallah al-qasabi,adel radi saqr al-wahabi al-harbi,Saudi Arabia,sa,62.3,1,0,67.38,name=62; country=['sa'],REVIEW
431d2eec-3dbf-5937-a8fb-db84876e85e1,738ae95c-6fbb-5ebc-ac4d-153bef013ec6,mutalib bin abdallah al-nafisa,sa'd abdullah hussein al-sharif,Saudi Arabia,sa,62.3,1,0,67.38,name=62; country=['sa'],REVIEW
692d0217-0dbb-5722-b4f2-ed73c5bdc12a,1db86ec2-cdf6-568b-81fb-968d9d9ca897,abdullah al-alimi ba wazir,eshaq abdulmalek abdullah almarwani,Yemen,ye,62.3,1,0,67.38,name=62; country=['ye'],REVIEW
c309640a-c084-5456-ae1b-48034d1c7209,6d705422-f55b-5e7c-8e4a-87c7ee1e5c68,muhammad edhah mahdi shabibah,yahya mohammed mohammed al wazir,Yemen,ye,62.3,1,0,67.38,name=62; country=['ye'],REVIEW
5f272a74-f9a6-53b5-a1b2-5ce576352220,fe01f781-2ee1-50a0-aacc-63f3becc80f5,muhammad hazm al-ashwal,mohammad hamdi mohammad sadiq al-ahdal,Yemen,ye,62.3,1,0,67.38,name=62; country=['ye'],REVIEW
5f272a74-f9a6-53b5-a1b2-5ce576352220,86552079-c77b-5496-beda-310cda172282,muhammad hazm al-ashwal,ahmad muhammad muhammad hasan al-hadi,Yemen,ye,62.3,1,0,67.38,name=62; country=['ye'],REVIEW
e614b1a4-c644-556d-bcf4-30f13d9b48ff,1db86ec2-cdf6-568b-81fb-968d9d9ca897,abdallah ali fadl al-saadi,eshaq abdulmalek abdullah almarwani,Yemen,ye,62.3,1,0,67.38,name=62; country=['ye'],REVIEW
f09fa64f-3749-5bb9-8eae-47aa0e56fc7c,2b0f4b31-6b10-5a45-9354-ffb5a2cea122,mohamad-reza farzin,mohammad bagher shirinkar,Iran,ir,62.22,1,0,67.33,name=62; country=['ir'],REVIEW
973ee1f6-dc9f-54c1-bf5a-557e166023ac,2406ba11-05b7-59a5-8322-64de95fa22d1,ali falih kadhim al-zaydi,abd al-hadi al-iraqi,Iraq,iq,62.22,1,0,67.33,name=62; country=['iq'],REVIEW
b4739228-8770-5f35-9a18-0c857200eb69,65f7d292-352e-5264-b316-b362a9002788,abd al-husayn al-musawi,abu mahdi al-muhandis,Iraq,iq,62.22,1,0,67.33,name=62; country=['iq'],REVIEW
be361575-8aa7-5f0c-8aa1-12bf3a0b8d25,65283edb-cb3c-59ec-9d8e-738fbbf32373,raquel buentrostro sanchez,pedro rivas sanchez,Mexico,mx,62.22,1,0,67.33,name=62; country=['mx'],REVIEW
e596913c-6bee-572c-9253-b056bad653ec,018a193b-2c56-5452-ac18-36b0f8f96c9e,yuriy petrovich trutnev,sergei petrovich ushko,Russia,ru,62.22,1,0,67.33,name=62; country=['ru'],REVIEW
dcec7de1-abdf-59fb-b307-d4eefda190be,04b54a94-b508-5d20-972e-14939ac11ea4,olga borisovna lyubimova,olga borisovna raykes,Russia,ru,62.22,1,0,67.33,name=62; country=['ru'],REVIEW
1d3648e0-890b-5857-b494-38f5e5169785,788493c3-fdd9-517d-9d58-ef4c0e30c79f,muhammad bin salman,mohammed saad h. alzahrani,Saudi Arabia,sa,62.22,1,0,67.33,name=62; country=['sa'],REVIEW
f322b8e0-5492-53f6-9b5f-c2f86507973b,a1a5a5b2-15e5-59f1-bde3-392510f2ad39,abdulkadir muhammad nur,ahmed abdi aw-mohamed,Somalia,so,62.22,1,0,67.33,name=62; country=['so'],REVIEW
f322b8e0-5492-53f6-9b5f-c2f86507973b,03009359-616c-5506-9656-043b0db95aeb,abdulkadir muhammad nur,ahmed abdi aw-mohamed,Somalia,so,62.22,1,0,67.33,name=62; country=['so'],REVIEW
f322b8e0-5492-53f6-9b5f-c2f86507973b,6676865c-3b5a-5664-950b-7dac11640ad1,abdulkadir muhammad nur,mohamed omar mohamed,Somalia,so,62.22,1,0,67.33,name=62; country=['so'],REVIEW
c3bbe851-9ce5-554f-ada1-dce8062fef6f,de27b4ae-658e-5936-9205-e721969d9fa8,muhammad hassan dahab,ali ahmed karti mohamed,Sudan,sd,62.22,1,0,67.33,name=62; country=['sd'],REVIEW
93331f90-284e-50df-8f23-16e75e367623,de27b4ae-658e-5936-9205-e721969d9fa8,khalifa ahmed khalifa,ali ahmed karti mohamed,Sudan,sd,62.22,1,0,67.33,name=62; country=['sd'],REVIEW
c47c862d-75e5-5f45-adca-974521f25671,8ae17310-48c5-5cc2-8a98-8f1ac55069fd,muhammad nidal al-shaar,muhammad khalid rahmun,Syria,sy,62.22,1,0,67.33,name=62; country=['sy'],REVIEW
c2369b0c-9fa5-5e0b-a144-0128a0d33c6e,ecfb051c-93bc-56e6-bcc1-96dff4b9504b,muhammad al-bashir,ahmad sabir mohammed hamsho,Syria,sy,62.22,1,0,67.33,name=62; country=['sy'],REVIEW
6431c011-7e65-57eb-be58-5fd69139c64a,0a8efc38-c56b-5504-b1ca-3465823a3b64,muhammad yasir barniyah,abu mohammed al-adnani,Syria,sy,62.22,1,0,67.33,name=62; country=['sy'],REVIEW
c6fa8dc2-0c43-5716-a8f0-5846972e48d6,c1f0f927-3c2a-5ffa-b6bb-c00ea5666d28,muhammad samih hamid,mohammad ibrahim al-shaar,Syria,sy,62.22,1,0,67.33,name=62; country=['sy'],REVIEW
b52b2801-6f97-5c31-bb7c-ee616e85b5b9,cafaa4e4-5308-5e54-b1ca-0581e76ffc39,salem abdullah al-soqotri,abdul qader al-shami,Yemen,ye,62.22,1,0,67.33,name=62; country=['ye'],REVIEW
5f272a74-f9a6-53b5-a1b2-5ce576352220,da581888-847b-521c-9b55-ae33ac274626,muhammad hazm al-ashwal,muhammad ali al-qadiri,Yemen,ye,62.22,1,0,67.33,name=62; country=['ye'],REVIEW
bd9a1bc4-83c2-5723-bc79-1067a0aaaa79,b40c5ae2-6ff8-5232-84a7-4be080a8476b,muammar mutahar al-iryani,muhammad al-sunaydar,Yemen,ye,62.22,1,0,67.33,name=62; country=['ye'],REVIEW
431d2eec-3dbf-5937-a8fb-db84876e85e1,7c552135-379d-50f6-928d-e36ffe148e07,mutalib bin abdallah al-nafisa,'abdallah muhammad bin-sulayman al-muhaysini,Saudi Arabia,sa,62.16,1,0,67.3,name=62; country=['sa'],REVIEW
f7b6307f-2299-53fe-880f-79bd74181680,71e2c383-be37-5093-847b-bcdc810d2990,min naung,tun tun naung,Burma,zm,45.45,1,1,67.27,name=45; country=['zm']; position_overlap=['minister'],REVIEW
c4b635e6-a2d9-5a9e-824d-c3d8d92a0728,793434bf-9695-5b3b-87a0-b017325f19ba,mya tun oo,myo myint oo,Burma,zm,45.45,1,1,67.27,name=45; country=['zm']; position_overlap=['minister'],REVIEW
aa75125b-8fc2-59b2-afb9-8c972ba91169,3de1e07b-ab56-55c8-9b5e-e2a850b625b1,ko ko lwin,ko ko hlaing,Burma,zm,45.45,1,1,67.27,name=45; country=['zm']; position_overlap=['minister'],REVIEW
cdd8b352-c89d-507f-b19d-8850b50d0595,ad2805d2-ea35-5cb9-b77b-c679abdeddcb,soe win,thet khaing win,Burma,zm,45.45,1,1,67.27,name=45; country=['zm']; position_overlap=['minister'],REVIEW
cc616297-3e2c-5035-bb7f-1fdb127363a5,57a04792-22f6-5407-b134-7ae3891e193f,song kim,song chol jang,"Korea, North",kp,45.45,1,1,67.27,name=45; country=['kp']; position_overlap=['representative'],REVIEW
c2ad6c13-1cc1-5fd6-9d59-f848e76820d9,bbd84618-6841-5316-af05-1a1d7956f37a,qari din mohammad,baz mohammad,Afghanistan,af,62.07,1,0,67.24,name=62; country=['af'],REVIEW
23a3c546-d5b6-539c-bc5a-6937b3111c12,b6e80623-cb37-5086-8ff8-f7ea629d3513,abdul hakim sharai,abdul basir,Afghanistan,af,62.07,1,0,67.24,name=62; country=['af'],REVIEW
928d4f05-b0ba-5cf1-84d6-44838e4dc4a6,57ce63d0-674a-59b4-b953-b5fd5ef70c7f,min aung hlaing,aung moe myint,Burma,zm,62.07,1,0,67.24,name=62; country=['zm'],REVIEW
40d741c9-456a-5a8c-9a04-618bfaf79267,e65f016d-2d84-528c-8d47-a6b912910869,tin maung swe,mahn nyein maung,Burma,zm,62.07,1,0,67.24,name=62; country=['zm'],REVIEW
a62082bb-02ac-54a1-a89f-a0e1812e97ab,e7e0255a-64c0-54c7-ac84-54f2e3f45339,thet khaing win,thet thet aung,Burma,zm,62.07,1,0,67.24,name=62; country=['zm'],REVIEW
a62082bb-02ac-54a1-a89f-a0e1812e97ab,85912879-11eb-51f4-8579-5135e75f97d5,thet khaing win,win paing kyaw,Burma,zm,62.07,1,0,67.24,name=62; country=['zm'],REVIEW
36b7bb62-908b-5f34-937f-845bbbbd6f4c,0f64f3a7-3d96-53dc-8a46-1af9629a1974,aung kyaw hoe,shwe ye phu aung,Burma,zm,62.07,1,0,67.24,name=62; country=['zm'],REVIEW
e4a15ba7-8373-5eee-9122-61513ebfe98a,6320b6e8-f61e-5f0f-9c11-7a3f3b2d94c1,mohsen pak-nejad,mohsen reza'i,Iran,ir,62.07,1,0,67.24,name=62; country=['ir'],REVIEW
87f842cc-288e-55f0-b582-ea1f8ebbec8d,4651c09e-0000-5288-a20a-774be5f1cb50,ahmad donyamali,ahmad naderian,Iran,ir,62.07,1,0,67.24,name=62; country=['ir'],REVIEW
cdfd7c52-2fa6-55f8-baff-cfe317ebcbc0,0617dbd9-b54f-53db-937e-80d38c1db01b,falih al-sari,laith al-khazali,Iraq,iq,62.07,1,0,67.24,name=62; country=['iq'],REVIEW
1152e9ea-d08e-5831-a0d4-741ed4dcf550,14e2b55b-36db-52f5-9dc9-6fc509c6aa40,fuad husayn,mazen ali hussein,Iraq,iq,62.07,1,0,67.24,name=62; country=['iq'],REVIEW
a94b2e8e-85d9-507b-a1ca-4de6aa6b733e,11d8c011-5873-5083-a3f4-aaf27feb5ce6,kyong chol choe,chol min myong,"Korea, North",kp,62.07,1,0,67.24,name=62; country=['kp'],REVIEW
84c1dd33-be88-5663-9470-06526958fbe2,4e87712e-9516-5673-9683-a62fcff04ccb,ali al-abid,abd al hadi zarqun,Libya,ly,62.07,1,0,67.24,name=62; country=['ly'],REVIEW
55dd8a94-e430-5cc6-8fe4-7569591bb2c0,064d1528-680d-58c5-8686-bf99a85eecdc,uz ahmed usham,ahmed alif rauf,Maldives,mv,62.07,1,0,67.24,name=62; country=['mv'],REVIEW
2c69e7f1-ad4a-586e-bdf1-122d4aea94f6,4fbe4aae-4b66-57e0-abb9-067b28014568,ahad khan cheema,abid ali khan,Pakistan,pk,62.07,1,0,67.24,name=62; country=['pk'],REVIEW
971ea469-4699-592e-a087-9e045462bc65,49582da5-a970-58cf-8886-b2c2f96a8831,saad al-kabi,sulaiman al-banai,Qatar,qa,62.07,1,0,67.24,name=62; country=['qa'],REVIEW
19d89641-666f-5f5d-a65b-d189af5e95fe,034c5e27-760e-584e-b091-6c89bc03cfcf,vladimir vladimirovich putin,mikhail vladimirovich belousov,Russia,ru,62.07,1,0,67.24,name=62; country=['ru'],REVIEW
19d89641-666f-5f5d-a65b-d189af5e95fe,c661b36e-4129-53ec-989c-1447c159d232,vladimir vladimirovich putin,aleksey vladimirovich kurinniy,Russia,ru,62.07,1,0,67.24,name=62; country=['ru'],REVIEW
19d89641-666f-5f5d-a65b-d189af5e95fe,76ded7ab-18b4-5cc1-aab7-6264a9fe4c90,vladimir vladimirovich putin,aleksandr vladimirovich gutsan,Russia,ru,62.07,1,0,67.24,name=62; country=['ru'],REVIEW
19d89641-666f-5f5d-a65b-d189af5e95fe,3fbb9c3a-71bd-558f-809a-6b5a72e08890,vladimir vladimirovich putin,nikolay vladimirovich levichev,Russia,ru,62.07,1,0,67.24,name=62; country=['ru'],REVIEW
19d89641-666f-5f5d-a65b-d189af5e95fe,3f548ac6-e7f3-5cef-a62a-6c3d15f3a110,vladimir vladimirovich putin,andrei vladimirovich nikipelov,Russia,ru,62.07,1,0,67.24,name=62; country=['ru'],REVIEW
19d89641-666f-5f5d-a65b-d189af5e95fe,08924d48-c0e1-5cc7-a3c4-3798c6f6df2f,vladimir vladimirovich putin,anatoliy vladimirovich chepiga,Russia,ru,62.07,1,0,67.24,name=62; country=['ru'],REVIEW
19d89641-666f-5f5d-a65b-d189af5e95fe,a1de9b2a-a062-5fcd-af1b-1f67c2d70420,vladimir vladimirovich putin,oleg vladimirovich melnichenko,Russia,ru,62.07,1,0,67.24,name=62; country=['ru'],REVIEW
006ad23e-54a7-54a1-8822-9ce4af2635fc,3d8db14d-6653-57ed-939b-f51a4d6d3c1d,mikhail vladimirovich mishustin,eduard vladimirovich isakov,Russia,ru,62.07,1,0,67.24,name=62; country=['ru'],REVIEW
006ad23e-54a7-54a1-8822-9ce4af2635fc,d0383444-60d8-5f41-a703-57291c4d83f6,mikhail vladimirovich mishustin,mikhail mikhailovich tsarev,Russia,ru,62.07,1,0,67.24,name=62; country=['ru'],REVIEW
006ad23e-54a7-54a1-8822-9ce4af2635fc,43a0313e-e27f-5e8b-9286-ec74845b9ce1,mikhail vladimirovich mishustin,andrey vladimirovich chibis,Russia,ru,62.07,1,0,67.24,name=62; country=['ru'],REVIEW
006ad23e-54a7-54a1-8822-9ce4af2635fc,614a972d-6f19-5c0a-8ce6-7e358cee1be1,mikhail vladimirovich mishustin,aleksandr vladimirovich pan,Russia,ru,62.07,1,0,67.24,name=62; country=['ru'],REVIEW
f6fc2069-2869-5228-bae4-9e65d297ee4d,9d27bae8-2998-54f3-98e8-d3670c434872,dmitriy yuriyevich grigorenko,dmitriy nikolayevich makhonin,Russia,ru,62.07,1,0,67.24,name=62; country=['ru'],REVIEW
a1fcf254-dd99-5958-ace3-bcc964752c0c,662990c0-431d-5c25-b1cd-49eb78304e71,dmitriy nikolayevich patrushev,viktor nikolayevich bondarev,Russia,ru,62.07,1,0,67.24,name=62; country=['ru'],REVIEW
a1fcf254-dd99-5958-ace3-bcc964752c0c,12ed240c-3e36-5778-87f4-f070f19a5288,dmitriy nikolayevich patrushev,dmitriy fedorovich mezentsev,Russia,ru,62.07,1,0,67.24,name=62; country=['ru'],REVIEW
a1fcf254-dd99-5958-ace3-bcc964752c0c,9242dcb3-1cbc-51d6-827d-223d13244753,dmitriy nikolayevich patrushev,valery nikolayevich vasilyev,Russia,ru,62.07,1,0,67.24,name=62; country=['ru'],REVIEW
a1fcf254-dd99-5958-ace3-bcc964752c0c,64d45065-97b4-5e34-bc3a-6c35351b7870,dmitriy nikolayevich patrushev,oleg nikolayevich kiryushkin,Russia,ru,62.07,1,0,67.24,name=62; country=['ru'],REVIEW
a1fcf254-dd99-5958-ace3-bcc964752c0c,38a46511-7de4-5e13-ba47-ac22c334a78c,dmitriy nikolayevich patrushev,oleg nikolayevich ryazantsev,Russia,ru,62.07,1,0,67.24,name=62; country=['ru'],REVIEW
f11ad005-002c-53ae-9cda-c70654fa1f7d,a3b29203-087a-561e-990c-439e5afd7feb,vitaliy gennadyevich savelyev,vitaliy vasilyevich kushnarev,Russia,ru,62.07,1,0,67.24,name=62; country=['ru'],REVIEW
b45b6c16-05c3-5345-95eb-c1c6135f61b2,414dad5d-fdfe-530c-855e-7ae9b7be19f2,aleksandr valentinovich novak,oleg valentinovich belozyorov,Russia,ru,62.07,1,0,67.24,name=62; country=['ru'],REVIEW
b45b6c16-05c3-5345-95eb-c1c6135f61b2,8d1835a4-1b96-5bd2-91dc-971ad79be3be,aleksandr valentinovich novak,aleksandr yuryevich drozdenko,Russia,ru,62.07,1,0,67.24,name=62; country=['ru'],REVIEW
b45b6c16-05c3-5345-95eb-c1c6135f61b2,ae1d32c9-369d-5d28-b89d-d48ebf19a5d0,aleksandr valentinovich novak,aleksandr mikhaylovich osipov,Russia,ru,62.07,1,0,67.24,name=62; country=['ru'],REVIEW
b45b6c16-05c3-5345-95eb-c1c6135f61b2,134cc9bd-18b5-5341-a4ac-f47b967a3962,aleksandr valentinovich novak,aleksandr pavlovich sarkisyan,Russia,ru,62.07,1,0,67.24,name=62; country=['ru'],REVIEW
cbc77aa2-a2ff-59f0-b3ba-597e679e7517,670c2dde-20a5-57c1-bd8d-6e1f4e2a91af,maksim gennadyevich reshetnikov,sergei gennadyevich novikov,Russia,ru,62.07,1,0,67.24,name=62; country=['ru'],REVIEW
2bf83e07-5387-5987-9333-0a44ebdc0a8f,2ad696e3-6e60-50e2-8245-69c769c2393d,sergey sergeyevich kravtsov,alexander sergeyevich aksenenko,Russia,ru,62.07,1,0,67.24,name=62; country=['ru'],REVIEW
cd6c171d-c9ca-554f-891b-755908ea691e,55f1f914-27b7-597b-9dd6-969d33b393b3,aleksandr aleksandrovich kozlov,andrey aleksandrovich uglov,Russia,ru,62.07,1,0,67.24,name=62; country=['ru'],REVIEW
cd6c171d-c9ca-554f-891b-755908ea691e,e28ffaad-c90e-5b71-b57d-d58a1cb6600e,aleksandr aleksandrovich kozlov,artur aleksandrovich zhirov,Russia,ru,62.07,1,0,67.24,name=62; country=['ru'],REVIEW
cd6c171d-c9ca-554f-891b-755908ea691e,b781b5ac-fd19-5e39-815a-d733435fc764,aleksandr aleksandrovich kozlov,aleksandr viktorovich ionov,Russia,ru,62.07,1,0,67.24,name=62; country=['ru'],REVIEW
d6e33049-9c30-57e4-8fa8-e9317955ad2e,403c6ea0-a932-5e19-8026-9279641484b4,mikhail vladimirovich degtyarev,leonid vladimirovich gornin,Russia,ru,62.07,1,0,67.24,name=62; country=['ru'],REVIEW
d6e33049-9c30-57e4-8fa8-e9317955ad2e,78d1bfd3-41ba-5dd9-8d45-6ee767a5f851,mikhail vladimirovich degtyarev,ulan vladimirovich ilishkin,Russia,ru,62.07,1,0,67.24,name=62; country=['ru'],REVIEW
d6e33049-9c30-57e4-8fa8-e9317955ad2e,ab46d26d-dbcf-58ae-89f2-066cf6ba4b4f,mikhail vladimirovich degtyarev,yuri vladimirovich belyakov,Russia,ru,62.07,1,0,67.24,name=62; country=['ru'],REVIEW
d6e33049-9c30-57e4-8fa8-e9317955ad2e,2014156a-eb35-5e71-ab7d-084a2ecde420,mikhail vladimirovich degtyarev,eddie vladimirovich astanin,Russia,ru,62.07,1,0,67.24,name=62; country=['ru'],REVIEW
dbe82bd4-dc46-57b0-b0e4-d46ff1522618,179195ce-ec6d-5be3-b607-01707bf1158a,roman vladimirovich starovoyt,grigory vladimirovich shilkin,Russia,ru,62.07,1,0,67.24,name=62; country=['ru'],REVIEW
dbe82bd4-dc46-57b0-b0e4-d46ff1522618,90438f3b-5de3-5e92-abda-5361dff13595,roman vladimirovich starovoyt,vladimir vladimirovich gugnin,Russia,ru,62.07,1,0,67.24,name=62; country=['ru'],REVIEW
0a20c63b-a3e5-5b97-9a17-2fa6525d1530,13c5d561-bc52-5028-8ea1-bd8582d74e44,aleksandr vasilyevich bortnikov,mikhail vasilyevich klyukin,Russia,ru,62.07,1,0,67.24,name=62; country=['ru'],REVIEW
ae0688ac-473c-5dd1-9ef0-30bcdc52c48b,e07e4ab2-d436-50fe-a87e-443fc8f09d73,sergey kuzhugetovich shoygu,sergey aleksandrovich shargunov,Russia,ru,62.07,1,0,67.24,name=62; country=['ru'],REVIEW
66e0e444-e055-571d-8efc-92a87aee35f2,0344b8b2-a820-59a6-ae87-676e29cd69f3,vasiliy alekseyevich nebenzya,dmitriy alekseyevich dmitriev,Russia,ru,62.07,1,0,67.24,name=62; country=['ru'],REVIEW
cfa163d4-e987-562c-8677-4ffd0baeed8b,13594e2a-b20e-5db7-867e-55128c44a2c5,sinisa mali,sinisa nedeljkovic,Serbia,rs,62.07,1,0,67.24,name=62; country=['rs'],REVIEW
aed33a52-62ce-5240-9ca2-e86db05eb20b,101267fb-37d8-5013-bd2a-7d596e3fa179,dragan sutanovac,dragan dragas,Serbia,rs,62.07,1,0,67.24,name=62; country=['rs'],REVIEW
ab9f2529-ed9b-5956-afab-73f4e0edcd43,5c222e9c-7b46-5488-a87d-dc9f7f79c904,salah ahmed jama,ahmed kabadhe,Somalia,so,62.07,1,0,67.24,name=62; country=['so'],REVIEW
707d43e8-fd9d-552b-9d4e-c962dfa72b32,4b2febdd-c8d7-51f7-96b8-880fcee52165,muhammad abdallah idris muhammad,gedo hamdan ahmed mohamed,Sudan,sd,62.07,1,0,67.24,name=62; country=['sd'],REVIEW
41992751-4cb4-50af-9b30-6da3e4e26739,ddc29bcd-6722-5345-b2bb-45aca0b61bfd,mazhar al-wais,wassim al-assad,Syria,sy,62.07,1,0,67.24,name=62; country=['sy'],REVIEW
e3993542-ad50-5e45-8f6e-8ff3b2a90ff4,141fe1d7-62eb-52b2-bbcb-b87866e907c6,jong-tsun huang,wang ken huang,Taiwan,tw,62.07,1,0,67.24,name=62; country=['tw'],REVIEW
01ea857c-9e27-5934-b945-a034d1fdf72f,b0bb62be-befe-59f0-84b3-6de436d4117f,yaw-shyang chen,shih huan chen,Taiwan,tw,62.07,1,0,67.24,name=62; country=['tw'],REVIEW
f1c1473e-dffb-50fd-bbb3-0f32ea88747d,4bd5a4ba-9156-5420-a369-574c64d1c30b,rashad muhammad al-alimi,ramzi mohammed abdullah binalshibh,Yemen,ye,62.07,1,0,67.24,name=62; country=['ye'],REVIEW
f1c1473e-dffb-50fd-bbb3-0f32ea88747d,1b72e900-fc6c-52c7-b872-1b60bd9432e0,rashad muhammad al-alimi,mohammed abdulwasea hael al-nahari,Yemen,ye,62.07,1,0,67.24,name=62; country=['ye'],REVIEW
be30e613-4ecc-5b3a-8663-9658c8735de6,f60c95a4-afad-54d2-939d-0fb4cb6adb45,fuad hussein,ali saleh husain,Yemen,ye,62.07,1,0,67.24,name=62; country=['ye'],REVIEW
b52b2801-6f97-5c31-bb7c-ee616e85b5b9,615ea5dc-debd-5c16-a2dc-dabcf04ad4b8,salem abdullah al-soqotri,adil mutahhar abdallah al muayyad,Yemen,ye,62.07,1,0,67.24,name=62; country=['ye'],REVIEW
c309640a-c084-5456-ae1b-48034d1c7209,115f5e23-3991-5525-b7b4-a38a85dae4f2,muhammad edhah mahdi shabibah,sa'id ahmad muhammad al-jamal,Yemen,ye,62.07,1,0,67.24,name=62; country=['ye'],REVIEW
bd9a1bc4-83c2-5723-bc79-1067a0aaaa79,67781c14-b09b-5e3e-9802-11bb1d376361,muammar mutahar al-iryani,ali muhammad muhsin salih al-hadi,Yemen,ye,62.07,1,0,67.24,name=62; country=['ye'],REVIEW
bd9a1bc4-83c2-5723-bc79-1067a0aaaa79,615ea5dc-debd-5c16-a2dc-dabcf04ad4b8,muammar mutahar al-iryani,adil mutahhar abdallah al muayyad,Yemen,ye,62.07,1,0,67.24,name=62; country=['ye'],REVIEW
60703c42-976d-5078-8240-0e96bfee1620,1db86ec2-cdf6-568b-81fb-968d9d9ca897,abd al-wahab abdullah ahmed al-hajri,eshaq abdulmalek abdullah almarwani,Yemen,ye,61.97,1,0,67.18,name=62; country=['ye'],REVIEW
2ffd8bc1-fe98-554f-bfb8-3031ef9940be,e02fe571-7d8d-58ba-be4c-c3a26292d01d,mohamed maait,muhammad ahmad 'ali al-isawi,Egypt,eg,61.9,1,0,67.14,name=62; country=['eg'],REVIEW
1a8f313c-00cf-566a-a5e5-16a23c87195d,218f1bf5-1900-5ced-b123-7043edabd61c,mohammad-reza aref,muhammad reza naserzadeh,Iran,ir,61.9,1,0,67.14,name=62; country=['ir'],REVIEW
1a8f313c-00cf-566a-a5e5-16a23c87195d,b5e95b8d-62e7-54e2-81b2-3909fad8f464,mohammad-reza aref,mohammad sadegh karimian,Iran,ir,61.9,1,0,67.14,name=62; country=['ir'],REVIEW
486633c7-d65d-579c-a85e-bd4fb32cc714,9b1d1d1d-d4bd-5e32-ad38-84911341c2d1,mohammad eslami,mohammad hosein abdolrahimi,Iran,ir,61.9,1,0,67.14,name=62; country=['ir'],REVIEW
f09fa64f-3749-5bb9-8eae-47aa0e56fc7c,7ebb7392-814e-5f2d-935a-15e3ab1ef59e,mohamad-reza farzin,hosein mohammad haruni,Iran,ir,61.9,1,0,67.14,name=62; country=['ir'],REVIEW
f09fa64f-3749-5bb9-8eae-47aa0e56fc7c,53151d7d-43e9-5d7f-938b-abce15639918,mohamad-reza farzin,mohammed reza rezakhah,Iran,ir,61.9,1,0,67.14,name=62; country=['ir'],REVIEW
ede10d47-1dc0-591b-a561-e286797d055d,cf2e739e-f211-5d58-88a8-bd4a665943b9,muhammad nuri karbuli,mohammed tahir hammid,Iraq,iq,61.9,1,0,67.14,name=62; country=['iq'],REVIEW
542b4e37-6fc2-5f62-8707-4ef46feb8839,df72b18f-3793-5d16-9f21-eea5f1432cae,muthana al-tamimi,muhammad qahtan al-sa'idi,Iraq,iq,61.9,1,0,67.14,name=62; country=['iq'],REVIEW
bd693fa6-49aa-5b94-a60f-97feac51724a,ef9e5aa7-449d-5251-99e0-e8114cf0e482,khalifa abd-al-sadiq,'abd-al-hamid al-masli,Libya,ly,61.9,1,0,67.14,name=62; country=['ly'],REVIEW
a18012f9-b2f4-5776-a4ad-e700aa333b6b,4e87712e-9516-5673-9683-a62fcff04ccb,abd-al-warith al-hajjaji,abd al hadi zarqun,Libya,ly,61.9,1,0,67.14,name=62; country=['ly'],REVIEW
230edf3f-e99f-5610-b4e9-06670c775374,dabffdca-716e-575c-974c-cca52ecbc06c,ricardo trevilla trejo,ricardo ruiz velasco,Mexico,mx,61.9,1,0,67.14,name=62; country=['mx'],REVIEW
bdbf6c01-27bc-5ab7-a23f-6c45a20af934,cf9ce47c-f590-57b2-872c-018048fe3261,muhammad hanif abbasi,muhammad hussein gill,Pakistan,pk,61.9,1,0,67.14,name=62; country=['pk'],REVIEW
1dcf3990-9516-511e-8265-3dee1e6fdaf0,0d28db77-1acc-5075-b46b-c815209f84cf,ali yusuf ali hoosh,mohamed mire ali yusuf,Somalia,so,61.9,1,0,67.14,name=62; country=['so'],REVIEW
6fe76e44-142e-53d5-9576-0ff60aa7b805,2611897c-9239-5ba7-8f95-f1e9917f484a,dahir shire mohamed,mohamed hussein salad,Somalia,so,61.9,1,0,67.14,name=62; country=['so'],REVIEW
f322b8e0-5492-53f6-9b5f-c2f86507973b,ac9d6356-4e8a-5b2e-85d2-87757bfe6563,abdulkadir muhammad nur,jami' 'ali muhammad,Somalia,so,61.9,1,0,67.14,name=62; country=['so'],REVIEW
9e652d34-33f0-55be-9065-021f6d5b73a0,6ad005c0-b3d5-555b-8be0-efebe062a29b,mohamed farah nur,bashir mohamed mahamoud,Somalia,so,61.9,1,0,67.14,name=62; country=['so'],REVIEW
5a456c04-9b49-5ff9-9882-053d87f0225f,9320d0c3-6bd1-508c-9ced-c50d13389db5,adel al-hussein,taha osman ahmed al-hussein,Sudan,sd,61.9,1,0,67.14,name=62; country=['sd'],REVIEW
6431c011-7e65-57eb-be58-5fd69139c64a,5b2f2117-06a8-53ff-96b3-afa215503142,muhammad yasir barniyah,amr mohamed hamsho,Syria,sy,61.9,1,0,67.14,name=62; country=['sy'],REVIEW
6431c011-7e65-57eb-be58-5fd69139c64a,353d33bb-6dc1-5a91-bdd2-e8c889702d03,muhammad yasir barniyah,ali muhammad hamsho,Syria,sy,61.9,1,0,67.14,name=62; country=['sy'],REVIEW
148757b5-c5fd-53e3-9edf-4bcd5960a9d3,a9978a32-8602-5285-87e5-70718e645d5e,anas hasan khattab,suhayl hasan al-hasan,Syria,sy,61.9,1,0,67.14,name=62; country=['sy'],REVIEW
43b6ef8b-4f1b-57af-8e1a-e1552fdd6344,c1f0f927-3c2a-5ffa-b6bb-c00ea5666d28,muhammad anjarani,mohammad ibrahim al-shaar,Syria,sy,61.9,1,0,67.14,name=62; country=['sy'],REVIEW
01d76a7c-6d55-5e36-87f1-dfc7072f55c3,83220afe-c9f3-5ab3-a939-86b962053698,mohsen al-daeri,mansur al-sa'adi,Yemen,ye,45.16,1,1,67.1,name=45; country=['ye']; position_overlap=['defense'],REVIEW
304687be-72b5-5f04-8437-e74cf2ccd578,22ddeae2-5ac7-5105-9ed8-688994610d43,mohammad-reza salehi-amiri,mohammad sadegh heidari mousa,Iran,ir,61.82,1,0,67.09,name=62; country=['ir'],REVIEW
304687be-72b5-5f04-8437-e74cf2ccd578,c6fb769b-b8c7-518b-ab81-9c3d74a3c2e0,mohammad-reza salehi-amiri,seyyed mohammad amin aghamiri,Iran,ir,61.82,1,0,67.09,name=62; country=['ir'],REVIEW
19d89641-666f-5f5d-a65b-d189af5e95fe,45bec3a0-f2b3-508c-9d56-f7dea64c59c4,vladimir vladimirovich putin,igor vladimirovich khomenko,Russia,ru,61.82,1,0,67.09,name=62; country=['ru'],REVIEW
19d89641-666f-5f5d-a65b-d189af5e95fe,22a294af-2a3f-53eb-8b13-bdcd6481c3a6,vladimir vladimirovich putin,ilya vladimirovich voronkov,Russia,ru,61.82,1,0,67.09,name=62; country=['ru'],REVIEW
006ad23e-54a7-54a1-8822-9ce4af2635fc,1474f551-000f-5e1f-80b2-e02574cbc373,mikhail vladimirovich mishustin,oleg vladimirovich garin,Russia,ru,61.82,1,0,67.09,name=62; country=['ru'],REVIEW
f11ad005-002c-53ae-9cda-c70654fa1f7d,d75bd824-c307-536e-b872-2341d77d3765,vitaliy gennadyevich savelyev,artem gennadyevich sheikin,Russia,ru,61.82,1,0,67.09,name=62; country=['ru'],REVIEW
a1ba40bc-1093-5b3a-8915-c71338aae763,3d1ab18d-570b-54c4-8543-d69e73026b6e,andrey removich belousov,andrey vladimirovich chernyshev,Russia,ru,61.82,1,0,67.09,name=62; country=['ru'],REVIEW
2bf83e07-5387-5987-9333-0a44ebdc0a8f,05347892-f0dc-5a32-bef3-6a2f6379d2ca,sergey sergeyevich kravtsov,aleksei sergeyevich morenets,Russia,ru,61.82,1,0,67.09,name=62; country=['ru'],REVIEW
2bf83e07-5387-5987-9333-0a44ebdc0a8f,9a556698-7a84-5f65-b9ba-bdc3fc3f13a7,sergey sergeyevich kravtsov,anatoliy sergeyevich kovalev,Russia,ru,61.82,1,0,67.09,name=62; country=['ru'],REVIEW
2bf83e07-5387-5987-9333-0a44ebdc0a8f,0ad09817-10b8-59e2-a2da-c172d84490e6,sergey sergeyevich kravtsov,aleksandr sergeyevich ershov,Russia,ru,61.82,1,0,67.09,name=62; country=['ru'],REVIEW
97b179e7-8df1-5604-acd0-0ea13054997f,ad273efb-b455-570c-94b7-ba75547885f8,sergey yevgenyevich tsivilev,nikolay yevgenyevich lobaev,Russia,ru,61.82,1,0,67.09,name=62; country=['ru'],REVIEW
97b179e7-8df1-5604-acd0-0ea13054997f,50adbd31-12d9-5728-972e-360df0842e21,sergey yevgenyevich tsivilev,yaroslav yevgenyevich nilov,Russia,ru,61.82,1,0,67.09,name=62; country=['ru'],REVIEW
97b179e7-8df1-5604-acd0-0ea13054997f,b770f89f-d615-5bb8-be13-8a07bdd4b2f8,sergey yevgenyevich tsivilev,sergey sergeyevich zelenyuk,Russia,ru,61.82,1,0,67.09,name=62; country=['ru'],REVIEW
fbee7b65-a0d0-5c1f-b1ab-b1bba5553a9b,235701f5-a1ad-5fa1-8311-275a8b0a19f0,valeriy nikolayevich falkov,andrei nikolayevich yepishin,Russia,ru,61.82,1,0,67.09,name=62; country=['ru'],REVIEW
fbee7b65-a0d0-5c1f-b1ab-b1bba5553a9b,38a46511-7de4-5e13-ba47-ac22c334a78c,valeriy nikolayevich falkov,oleg nikolayevich ryazantsev,Russia,ru,61.82,1,0,67.09,name=62; country=['ru'],REVIEW
fbee7b65-a0d0-5c1f-b1ab-b1bba5553a9b,15794120-3b90-57b5-93f6-a387db69fd02,valeriy nikolayevich falkov,sergey nikolayevich perminov,Russia,ru,61.82,1,0,67.09,name=62; country=['ru'],REVIEW
fbee7b65-a0d0-5c1f-b1ab-b1bba5553a9b,64d45065-97b4-5e34-bc3a-6c35351b7870,valeriy nikolayevich falkov,oleg nikolayevich kiryushkin,Russia,ru,61.82,1,0,67.09,name=62; country=['ru'],REVIEW
dbe82bd4-dc46-57b0-b0e4-d46ff1522618,0e9f97fc-d779-543e-8697-597e67f508b6,roman vladimirovich starovoyt,oleg vladimirovich tsepkin,Russia,ru,61.82,1,0,67.09,name=62; country=['ru'],REVIEW
dbe82bd4-dc46-57b0-b0e4-d46ff1522618,19ab3328-7dac-51f7-81cd-e0f3beffde53,roman vladimirovich starovoyt,nikita vladimirovich gusev,Russia,ru,61.82,1,0,67.09,name=62; country=['ru'],REVIEW
cc74e525-c18d-5f6c-8a8b-ea66a557c6bc,c3fa5a0f-8a35-5d31-b617-0bcd2ca6fe19,sergey yevgenyevich naryshkin,maksim yevgenyevich ivanov,Russia,ru,61.82,1,0,67.09,name=62; country=['ru'],REVIEW
cc74e525-c18d-5f6c-8a8b-ea66a557c6bc,83d84a40-9dee-5412-9ae7-708fdd6162aa,sergey yevgenyevich naryshkin,sergey valeriyevich petrov,Russia,ru,61.82,1,0,67.09,name=62; country=['ru'],REVIEW
0a20c63b-a3e5-5b97-9a17-2fa6525d1530,35c4497f-1bc2-5df5-a265-b08be9422bd0,aleksandr vasilyevich bortnikov,oleg vasilyevich kryukov,Russia,ru,61.82,1,0,67.09,name=62; country=['ru'],REVIEW
66e0e444-e055-571d-8efc-92a87aee35f2,22828a37-e28d-542f-93d7-5827f06ecf3d,vasiliy alekseyevich nebenzya,vasiliy sergeevich osmakov,Russia,ru,61.82,1,0,67.09,name=62; country=['ru'],REVIEW
66e0e444-e055-571d-8efc-92a87aee35f2,0e035279-fdf8-543b-ae5e-f3637d2fb849,vasiliy alekseyevich nebenzya,boris alekseyevich antonov,Russia,ru,61.82,1,0,67.09,name=62; country=['ru'],REVIEW
273f7c93-b943-54f3-b29b-c5b49914c4a7,ecfb051c-93bc-56e6-bcc1-96dff4b9504b,muhammad abu al-khayr shukri,ahmad sabir mohammed hamsho,Syria,sy,61.82,1,0,67.09,name=62; country=['sy'],REVIEW
f1c1473e-dffb-50fd-bbb3-0f32ea88747d,8b5e0a66-837f-5226-af7a-8c2d3cadd73c,rashad muhammad al-alimi,wail muhammad said abd-al-wadud,Yemen,ye,61.82,1,0,67.09,name=62; country=['ye'],REVIEW
b52b2801-6f97-5c31-bb7c-ee616e85b5b9,bc6f1ed7-0a2f-54cd-a6d9-cb91de27162e,salem abdullah al-soqotri,sayf abdulrab salem al-hayashi,Yemen,ye,61.82,1,0,67.09,name=62; country=['ye'],REVIEW
ae54960f-d347-5091-8aed-043644222a3d,60cebfe9-13e8-5707-8913-ae1292159225,ahmad omar muhammad arman,muaadh ahmed mohammed al-haifi,Yemen,ye,61.82,1,0,67.09,name=62; country=['ye'],REVIEW
5f272a74-f9a6-53b5-a1b2-5ce576352220,199d7246-0936-5f2c-8161-a8caddfb852a,muhammad hazm al-ashwal,mahdi mohammed hussein al-mashat,Yemen,ye,61.82,1,0,67.09,name=62; country=['ye'],REVIEW
f21fad05-0e28-5492-a4e5-4ca30560fe5c,e2379aa2-2f3f-588c-861e-ef4edb4097f0,vladimir aleksandrovich kolokoltsev,mikhail aleksandrovich leshchenko,Russia,ru,61.76,1,0,67.06,name=62; country=['ru'],REVIEW
12fa029a-1730-5104-90a2-3947c3d81b63,30ac1847-dbd4-59ec-a49e-bd67972b750f,majid bin abdallah al-qasabi,azzam abdullah zureik al-maulid al-subhi,Saudi Arabia,sa,61.76,1,0,67.06,name=62; country=['sa'],REVIEW
2e830ef2-5b5e-5e3f-9001-73b85779f863,68d61420-fb10-54bc-bf0e-8e89b34a530c,abd al-rahman bin abd al-muhsin al-fadhli,abdul mohsen abdullah ibrahim al-sharikh,Saudi Arabia,sa,61.73,1,0,67.04,name=62; country=['sa'],REVIEW
9d2cf264-d4ab-5d45-98ec-1b8379096861,bbd84618-6841-5316-af05-1a1d7956f37a,mohammad yaqub,baz mohammad,Afghanistan,af,61.54,1,0,66.92,name=62; country=['af'],REVIEW
c2ad6c13-1cc1-5fd6-9d59-f848e76820d9,a41b4f92-5705-5038-886b-1dc7bc050c75,qari din mohammad,shah mohammad barakzai,Afghanistan,af,61.54,1,0,66.92,name=62; country=['af'],REVIEW
48b2c6ec-0530-5ecc-8823-4708105b688a,58263607-5805-5ddd-9c4d-79243b4d28e0,noor mohammad saqib,mohammad naim barich,Afghanistan,af,61.54,1,0,66.92,name=62; country=['af'],REVIEW
3894e1ff-c4e1-5ca0-82f8-1ffa5ae3c616,6757840d-9a20-587a-93ee-6130d27da55e,mohamed ait mesoudane,mohamed belkalem,Algeria,dz,61.54,1,0,66.92,name=62; country=['dz'],REVIEW
029378d2-26cc-506a-8c6d-10b81faf4cf1,52041e21-c939-5ebb-9861-7f023cc0e2ee,kamel bidari,kamel djermane,Algeria,dz,61.54,1,0,66.92,name=62; country=['dz'],REVIEW
02621b82-580b-53a2-956b-ec5491df0a1e,4c343abe-7b77-5ea5-8239-fcd917a2f137,ilham aliyev,yevgeni aliyev,Azerbaijan,ru,61.54,1,0,66.92,name=62; country=['az'],REVIEW
353eedcc-2ffb-5352-b6af-806348a119eb,3c11d1ba-fc73-5ecc-af85-5695d6a14a2e,muhammad imran,mohammad anwar latif khan,Bangladesh,bd,61.54,1,0,66.92,name=62; country=['bd'],REVIEW
8cb8bc43-f17b-5c0d-8fe9-2d13d31546f2,0be9e904-0612-561d-94d1-09fac6fb297b,alyaksandr lukashenka,alyaksandr henadzievich tkachou,Belarus,by,61.54,1,0,66.92,name=62; country=['by'],REVIEW
77a1b374-4f95-5011-b02c-253f96f52088,f7f8ad87-6476-5fca-8537-4987b3b10ef3,nan ni ni aye,than than aye,Burma,zm,61.54,1,0,66.92,name=62; country=['zm'],REVIEW
9e25c3df-58ca-57ed-a0dd-dba15c63ddbb,b5ffba92-a5b2-5987-9fae-fab4aee53c91,than maung,maung maung kyaw,Burma,zm,61.54,1,0,66.92,name=62; country=['zm'],REVIEW
a62082bb-02ac-54a1-a89f-a0e1812e97ab,c6fd49b1-958e-5e70-9c4e-1c580057f88b,thet khaing win,win min soe,Burma,zm,61.54,1,0,66.92,name=62; country=['zm'],REVIEW
1e68a075-f6b8-5fef-9e9c-20ba346d9a35,baba9b2b-728d-5a88-a7c4-8b80eb31ee12,maung myint,maung maung soe,Burma,zm,61.54,1,0,66.92,name=62; country=['zm'],REVIEW
1e68a075-f6b8-5fef-9e9c-20ba346d9a35,8a4cdf87-c720-5686-a794-be988a391fff,maung myint,maung maung aye,Burma,zm,61.54,1,0,66.92,name=62; country=['zm'],REVIEW
36b7bb62-908b-5f34-937f-845bbbbd6f4c,aea5015a-c55a-5bb1-ad27-98211653a252,aung kyaw hoe,aung ko ko oo,Burma,zm,61.54,1,0,66.92,name=62; country=['zm'],REVIEW
94dbc0a4-7f7e-5515-9d8a-f71a694a2256,e65f016d-2d84-528c-8d47-a6b912910869,maung thin,mahn nyein maung,Burma,zm,61.54,1,0,66.92,name=62; country=['zm'],REVIEW
b05ed206-a84b-5bef-ad39-8bfa03419c61,57ce63d0-674a-59b4-b953-b5fd5ef70c7f,tin aung san,aung moe myint,Burma,zm,61.54,1,0,66.92,name=62; country=['zm'],REVIEW
b05ed206-a84b-5bef-ad39-8bfa03419c61,81045959-dd3b-5bcc-9ad1-eefe66daed58,tin aung san,aung pyae sone,Burma,zm,61.54,1,0,66.92,name=62; country=['zm'],REVIEW
9d54415d-7bd7-5fd1-a802-831857a8bde0,dbacaa13-d70f-5bd3-bd49-afdc3dcf480b,khin maung yi,khin phyu win,Burma,zm,61.54,1,0,66.92,name=62; country=['zm'],REVIEW
d2614269-c07d-5e44-b5fa-575f5a8e1646,9e3f8a27-3fc9-5665-bcd7-0739376f6ea7,abdoulaye sabre fadoul,abdoulaye miskine,Chad,td,61.54,1,0,66.92,name=62; country=['td'],REVIEW
98cd226d-7d0f-5d43-8da5-6f8164508a48,9e3f8a27-3fc9-5665-bcd7-0739376f6ea7,abdoulaye mbodou mbami,abdoulaye miskine,Chad,td,61.54,1,0,66.92,name=62; country=['td'],REVIEW
fd8a9ab7-bb25-519d-b586-97a61c0e8c59,aaa676dd-66d4-5e64-aea8-f180342a0b44,shanjie zheng,guangfu zheng,China,cn,61.54,1,0,66.92,name=62; country=['cn'],REVIEW
3efe57c2-7ea7-50e6-a8d5-ba0fb8dbc0ce,89a63802-1cd6-5733-ae00-ade759da3898,virendra kumar,sudhir kumar,India,in,61.54,1,0,66.92,name=62; country=['in'],REVIEW
d4e51495-adc6-5f7f-b676-862e33142ae3,d807c3c2-886e-5eb0-8572-4067082b2000,giriraj singh,ranveer singh,India,in,61.54,1,0,66.92,name=62; country=['in'],REVIEW
5d35694f-5e34-5027-b62e-8899e5e4faa2,b7f4634e-12af-5f2b-88f5-0a6ec8d1cbb6,abdul kadir karding,abdul rahim ba'asyir,Indonesia,id,61.54,1,0,66.92,name=62; country=['id'],REVIEW
1a8f313c-00cf-566a-a5e5-16a23c87195d,fa00cfa2-2987-5c15-9261-3db550717c89,mohammad-reza aref,reza kazemifar rahman,Iran,ir,61.54,1,0,66.92,name=62; country=['ir'],REVIEW
1a8f313c-00cf-566a-a5e5-16a23c87195d,238dacc5-2131-5ca9-889c-c424f7a5e84c,mohammad-reza aref,seyed mohammad kalami,Iran,ir,61.54,1,0,66.92,name=62; country=['ir'],REVIEW
fad6b794-28f0-5b61-92b0-531e88e1121b,358953ac-361a-5861-ad92-568c3d08c5d6,mohammad-jafar qaempanah,mohammad reza moaref jahromi,Iran,ir,61.54,1,0,66.92,name=62; country=['ir'],REVIEW
fad6b794-28f0-5b61-92b0-531e88e1121b,a8f81007-08b3-5db4-8e8c-f6ba5d8e8a4d,mohammad-jafar qaempanah,mohammad asgari,Iran,ir,61.54,1,0,66.92,name=62; country=['ir'],REVIEW
486633c7-d65d-579c-a85e-bd4fb32cc714,b5e95b8d-62e7-54e2-81b2-3909fad8f464,mohammad eslami,mohammad sadegh karimian,Iran,ir,61.54,1,0,66.92,name=62; country=['ir'],REVIEW
486633c7-d65d-579c-a85e-bd4fb32cc714,28da0070-f5ca-554a-bf2c-0a718a871a7f,mohammad eslami,mohammad mahdi maghfoori,Iran,ir,61.54,1,0,66.92,name=62; country=['ir'],REVIEW
486633c7-d65d-579c-a85e-bd4fb32cc714,85b3b915-bb2d-5e1f-bfa5-17729233e49c,mohammad eslami,mohammad hossein mahdian,Iran,ir,61.54,1,0,66.92,name=62; country=['ir'],REVIEW
304687be-72b5-5f04-8437-e74cf2ccd578,8581da97-622b-5f33-8f81-2c399de5cc86,mohammad-reza salehi-amiri,mohammad khorasani niasari,Iran,ir,61.54,1,0,66.92,name=62; country=['ir'],REVIEW
9527d76f-4f43-5099-83ad-80e09d382873,6026dfd8-7a8c-5271-b665-7ea587d33597,ali-reza kazemi,ali rezvani,Iran,ir,61.54,1,0,66.92,name=62; country=['ir'],REVIEW
9527d76f-4f43-5099-83ad-80e09d382873,14088749-d36e-5fb9-8f87-f1067ce7bca6,ali-reza kazemi,majid reza niyazi-angili,Iran,ir,61.54,1,0,66.92,name=62; country=['ir'],REVIEW
9527d76f-4f43-5099-83ad-80e09d382873,ac8c479e-72dc-5215-a9dc-e5fa6ca46d54,ali-reza kazemi,ali moalemi,Iran,ir,61.54,1,0,66.92,name=62; country=['ir'],REVIEW
286d8443-aff7-5178-b2a1-75291c9f61ae,7511eb13-5514-52b8-8282-77d7aa47f94e,mohammad-reza zafarqandi,mohammad vahidi,Iran,ir,61.54,1,0,66.92,name=62; country=['ir'],REVIEW
3b010830-4c7f-51c8-b05c-d12a854b19eb,25927a3e-f6c7-5667-898a-cb15e1f442b9,mohammad atabak,mohammad reza falahzadeh,Iran,ir,61.54,1,0,66.92,name=62; country=['ir'],REVIEW
3b010830-4c7f-51c8-b05c-d12a854b19eb,c045c729-c8b1-57df-9bcf-b81b2fd3b49c,mohammad atabak,mohammad jafar montazeri,Iran,ir,61.54,1,0,66.92,name=62; country=['ir'],REVIEW
363283d1-bd77-5bb4-bb10-143090a3b8bb,ebbeac18-0c44-5cfd-beab-379581de9f5a,ahmad meydari,ahmad shafahi,Iran,ir,61.54,1,0,66.92,name=62; country=['ir'],REVIEW
363283d1-bd77-5bb4-bb10-143090a3b8bb,2b143b62-5bf3-5b5d-b6c3-d793570b5f0a,ahmad meydari,ahmad noroozi,Iran,ir,61.54,1,0,66.92,name=62; country=['ir'],REVIEW
363283d1-bd77-5bb4-bb10-143090a3b8bb,01d1e38a-1fa7-5783-a7bc-e23e11a93250,ahmad meydari,ahmad jannati,Iran,ir,61.54,1,0,66.92,name=62; country=['ir'],REVIEW
87f842cc-288e-55f0-b582-ea1f8ebbec8d,47f44062-8444-5c95-aff7-09bde9fe941b,ahmad donyamali,ahmad fathi,Iran,ir,61.54,1,0,66.92,name=62; country=['ir'],REVIEW
973ee1f6-dc9f-54c1-bf5a-557e166023ac,b0ba9c4e-98be-5d3a-af55-d7052b6722df,ali falih kadhim al-zaydi,walid talib zughayr al-rawi,Iraq,iq,61.54,1,0,66.92,name=62; country=['iq'],REVIEW
973ee1f6-dc9f-54c1-bf5a-557e166023ac,02d56ffe-a0e7-5a93-9fae-c1c44715ce84,ali falih kadhim al-zaydi,khalid kadhim jasim alskeni,Iraq,iq,61.54,1,0,66.92,name=62; country=['iq'],REVIEW
b4739228-8770-5f35-9a18-0c857200eb69,40c0a2cc-71a3-5fad-8730-0bb2dc39ff80,abd al-husayn al-musawi,riyadh ali hussein al-azzawi,Iraq,iq,61.54,1,0,66.92,name=62; country=['iq'],REVIEW
73b86e04-58c5-5d25-a2d6-c5c0ffd9d255,df72b18f-3793-5d16-9f21-eea5f1432cae,wahab muhammad,muhammad qahtan al-sa'idi,Iraq,iq,61.54,1,0,66.92,name=62; country=['iq'],REVIEW
215fc3a7-2dba-54d1-877b-cdbd40681523,f26aaf2e-a651-517b-aba9-903eb8ff7e80,ryong hae choe,un jong choe,"Korea, North",kp,61.54,1,0,66.92,name=62; country=['kp'],REVIEW
f244bdca-f3a8-5d54-9b1b-cc2e39bc638f,2ea72da9-edb8-54e7-9101-7fd192d24b3b,yong hwan kim,yong nam jong,"Korea, North",kp,61.54,1,0,66.92,name=62; country=['kp'],REVIEW
f244bdca-f3a8-5d54-9b1b-cc2e39bc638f,7725fd5c-cd5e-5a47-a960-87b96f9e937c,yong hwan kim,yong son jang,"Korea, North",kp,61.54,1,0,66.92,name=62; country=['kp'],REVIEW
f244bdca-f3a8-5d54-9b1b-cc2e39bc638f,e6949688-4f67-5720-8b4c-1657ed06fe5f,yong hwan kim,kyong nam kim,"Korea, North",kp,61.54,1,0,66.92,name=62; country=['kp'],REVIEW
d0495abd-8e55-518b-87c8-ff979fa8ac3f,1867f1a3-1864-5656-9b91-b3d19133316a,in chol pak,kwang chol pyon,"Korea, North",kp,61.54,1,0,66.92,name=62; country=['kp'],REVIEW
367fc8b2-4112-5e2a-895e-2c7630693b1c,953dd495-b9bf-54e0-8ea8-963ac47643f3,jong hyok han,song hwa jong,"Korea, North",kp,61.54,1,0,66.92,name=62; country=['kp'],REVIEW
367fc8b2-4112-5e2a-895e-2c7630693b1c,5247a5d4-c75c-54c8-85e6-ce6ff8d7f291,jong hyok han,yong hyok rim,"Korea, North",kp,61.54,1,0,66.92,name=62; country=['kp'],REVIEW
367fc8b2-4112-5e2a-895e-2c7630693b1c,379aa3c4-5a5a-5a6b-93ee-c71e924570ba,jong hyok han,kum hyok song,"Korea, North",kp,61.54,1,0,66.92,name=62; country=['kp'],REVIEW
1bacae61-7d31-58f3-9a3d-c8f20b1d5fcd,d50b4d18-392f-5bcf-8d88-16f8066eeaad,jong sun kim,sung hyok jong,"Korea, North",kp,61.54,1,0,66.92,name=62; country=['kp'],REVIEW
6fa2335d-266a-53e7-8246-ad15133afa37,e472907a-de0a-5171-9835-3ac562d6e529,chol min pak,tae chol ryang,"Korea, North",kp,61.54,1,0,66.92,name=62; country=['kp'],REVIEW
c7a1b474-a0ab-5df4-8d68-f47f5b403fdb,317983e5-097d-5c89-8458-35268be76109,hyon chol jon,chol hak kang,"Korea, North",kp,61.54,1,0,66.92,name=62; country=['kp'],REVIEW
c7a1b474-a0ab-5df4-8d68-f47f5b403fdb,7bb4c3ef-35ef-52a5-96a5-cca060395539,hyon chol jon,song chol kim,"Korea, North",kp,61.54,1,0,66.92,name=62; country=['kp'],REVIEW
c7a1b474-a0ab-5df4-8d68-f47f5b403fdb,1e7bc14e-c510-5c41-9b16-8d2bc69ef3da,hyon chol jon,kwang chol ro,"Korea, North",kp,61.54,1,0,66.92,name=62; country=['kp'],REVIEW
c7a1b474-a0ab-5df4-8d68-f47f5b403fdb,a8cba52b-1ae3-5e9b-b1fb-e13f1da061fe,hyon chol jon,yong chol kim,"Korea, North",kp,61.54,1,0,66.92,name=62; country=['kp'],REVIEW
c7a1b474-a0ab-5df4-8d68-f47f5b403fdb,2c7bae9f-46e8-5fc8-9af3-fc0e184a0906,hyon chol jon,chol min choe,"Korea, North",kp,61.54,1,0,66.92,name=62; country=['kp'],REVIEW
49fae442-9d38-5575-8249-874394a44a20,d50b4d18-392f-5bcf-8d88-16f8066eeaad,sung ho yang,sung hyok jong,"Korea, North",kp,61.54,1,0,66.92,name=62; country=['kp'],REVIEW
0d1d2866-386b-5a8c-8de9-b534f9364050,11d8c011-5873-5083-a3f4-aaf27feb5ce6,kum chol kim,chol min myong,"Korea, North",kp,61.54,1,0,66.92,name=62; country=['kp'],REVIEW
0d1d2866-386b-5a8c-8de9-b534f9364050,9ab2c631-2112-5c4d-9304-404f036386f4,kum chol kim,kwang hyok kim,"Korea, North",kp,61.54,1,0,66.92,name=62; country=['kp'],REVIEW
a02de48a-caf5-5505-ba51-5a38d2e02d9f,3223540a-8b91-52b2-a4bb-3d3725575aa3,sok chol jo,myong chol jang,"Korea, North",kp,61.54,1,0,66.92,name=62; country=['kp'],REVIEW
a02de48a-caf5-5505-ba51-5a38d2e02d9f,14df2660-0acf-5629-9a00-cc018ed8c391,sok chol jo,chong-chol kwak,"Korea, North",kp,61.54,1,0,66.92,name=62; country=['kp'],REVIEW
c394fac8-0504-562f-861e-71123974b95f,7bb4c3ef-35ef-52a5-96a5-cca060395539,jae ryong kim,song chol kim,"Korea, North",kp,61.54,1,0,66.92,name=62; country=['kp'],REVIEW
c394fac8-0504-562f-861e-71123974b95f,e6949688-4f67-5720-8b4c-1657ed06fe5f,jae ryong kim,kyong nam kim,"Korea, North",kp,61.54,1,0,66.92,name=62; country=['kp'],REVIEW
aed6b75b-4fc2-5fec-abf0-625322fc4f37,3223540a-8b91-52b2-a4bb-3d3725575aa3,chol ha kim,myong chol jang,"Korea, North",kp,61.54,1,0,66.92,name=62; country=['kp'],REVIEW
aed6b75b-4fc2-5fec-abf0-625322fc4f37,14df2660-0acf-5629-9a00-cc018ed8c391,chol ha kim,chong-chol kwak,"Korea, North",kp,61.54,1,0,66.92,name=62; country=['kp'],REVIEW
3aea3e76-cdbe-5543-8f1e-79e51652cf89,cf8b6a77-2e92-5cbe-b1a0-def677d911eb,hak chol jon,song chol choe,"Korea, North",kp,61.54,1,0,66.92,name=62; country=['kp'],REVIEW
3aea3e76-cdbe-5543-8f1e-79e51652cf89,11d8c011-5873-5083-a3f4-aaf27feb5ce6,hak chol jon,chol min myong,"Korea, North",kp,61.54,1,0,66.92,name=62; country=['kp'],REVIEW
00beb610-fbb2-5a55-8217-822f8032b2c7,409f605a-c08e-52a3-ab92-1b951394bad3,jong jun kwak,jong chon pak,"Korea, North",kp,61.54,1,0,66.92,name=62; country=['kp'],REVIEW
86e14e01-a80e-5017-b9fc-aaa22aefdf76,953dd495-b9bf-54e0-8ea8-963ac47643f3,chun sop song,song hwa jong,"Korea, North",kp,61.54,1,0,66.92,name=62; country=['kp'],REVIEW
3fb152be-1f78-5bf9-aa97-cbaa07844038,87261b3b-752a-55f6-bf56-a32e634d2725,sung chan kim,myong jin kim,"Korea, North",kp,61.54,1,0,66.92,name=62; country=['kp'],REVIEW
c7e8fc46-b063-59fc-9f2c-549482d15202,abe80829-a1b2-5429-a22d-6b55ffcfae3f,jong gwan kang,man bok jong,"Korea, North",kp,61.54,1,0,66.92,name=62; country=['kp'],REVIEW
c7e8fc46-b063-59fc-9f2c-549482d15202,a4f277a4-af5d-5c02-85b9-94baf950dfa5,jong gwan kang,song ho jong,"Korea, North",kp,61.54,1,0,66.92,name=62; country=['kp'],REVIEW
c7e8fc46-b063-59fc-9f2c-549482d15202,d00fc5c9-78c0-5d13-a35e-28ce581e024f,jong gwan kang,jong man kim,"Korea, North",kp,61.54,1,0,66.92,name=62; country=['kp'],REVIEW
c7e8fc46-b063-59fc-9f2c-549482d15202,0e9a260b-0ef4-5d08-bc3c-4465e23f4543,jong gwan kang,jong hun kil,"Korea, North",kp,61.54,1,0,66.92,name=62; country=['kp'],REVIEW
c4e8dab2-3721-51a6-ae63-1e0a6c2721d6,9f155f2b-eaf7-51fe-8216-80ab1dfa4deb,chang sok kim,kyong hak kim,"Korea, North",kp,61.54,1,0,66.92,name=62; country=['kp'],REVIEW
c4e8dab2-3721-51a6-ae63-1e0a6c2721d6,a8cba52b-1ae3-5e9b-b1fb-e13f1da061fe,chang sok kim,yong chol kim,"Korea, North",kp,61.54,1,0,66.92,name=62; country=['kp'],REVIEW
a6663a37-373c-55f5-9061-d45fb425f859,7bb4c3ef-35ef-52a5-96a5-cca060395539,chung gol kim,song chol kim,"Korea, North",kp,61.54,1,0,66.92,name=62; country=['kp'],REVIEW
a6663a37-373c-55f5-9061-d45fb425f859,a8cba52b-1ae3-5e9b-b1fb-e13f1da061fe,chung gol kim,yong chol kim,"Korea, North",kp,61.54,1,0,66.92,name=62; country=['kp'],REVIEW
257b7973-9bb2-564f-b8c5-1a55c239efc9,3a697517-1a1e-5bbd-8932-f90088886e14,chung song kim,chol sam kim,"Korea, North",kp,61.54,1,0,66.92,name=62; country=['kp'],REVIEW
257b7973-9bb2-564f-b8c5-1a55c239efc9,a4f277a4-af5d-5c02-85b9-94baf950dfa5,chung song kim,song ho jong,"Korea, North",kp,61.54,1,0,66.92,name=62; country=['kp'],REVIEW
257b7973-9bb2-564f-b8c5-1a55c239efc9,cb469236-b7f5-5d91-82ab-566e6d934301,chung song kim,yong bok kim,"Korea, North",kp,61.54,1,0,66.92,name=62; country=['kp'],REVIEW
257b7973-9bb2-564f-b8c5-1a55c239efc9,2afb9540-5165-5ac6-82af-d9d07cb77476,chung song kim,hwa song pak,"Korea, North",kp,61.54,1,0,66.92,name=62; country=['kp'],REVIEW
257b7973-9bb2-564f-b8c5-1a55c239efc9,4c764df4-42ba-5b64-9a59-3fe70dd4d74f,chung song kim,chol song jo,"Korea, North",kp,61.54,1,0,66.92,name=62; country=['kp'],REVIEW
257b7973-9bb2-564f-b8c5-1a55c239efc9,9fc6c03b-4ec8-5c86-837b-988c47dae158,chung song kim,min chol kim,"Korea, North",kp,61.54,1,0,66.92,name=62; country=['kp'],REVIEW
250b1f74-d92a-5b8e-81fd-91f406313e55,2afb9540-5165-5ac6-82af-d9d07cb77476,chun song jang,hwa song pak,"Korea, North",kp,61.54,1,0,66.92,name=62; country=['kp'],REVIEW
3f5caa9c-1967-511d-a235-da7d3d2c5422,e472907a-de0a-5171-9835-3ac562d6e529,chol gu kang,tae chol ryang,"Korea, North",kp,61.54,1,0,66.92,name=62; country=['kp'],REVIEW
3f5caa9c-1967-511d-a235-da7d3d2c5422,11d8c011-5873-5083-a3f4-aaf27feb5ce6,chol gu kang,chol min myong,"Korea, North",kp,61.54,1,0,66.92,name=62; country=['kp'],REVIEW
229631a1-a4f8-56d3-a528-bcc22873590c,953dd495-b9bf-54e0-8ea8-963ac47643f3,song hak chae,song hwa jong,"Korea, North",kp,61.54,1,0,66.92,name=62; country=['kp'],REVIEW
229631a1-a4f8-56d3-a528-bcc22873590c,9f155f2b-eaf7-51fe-8216-80ab1dfa4deb,song hak chae,kyong hak kim,"Korea, North",kp,61.54,1,0,66.92,name=62; country=['kp'],REVIEW
229631a1-a4f8-56d3-a528-bcc22873590c,379aa3c4-5a5a-5a6b-93ee-c71e924570ba,song hak chae,kum hyok song,"Korea, North",kp,61.54,1,0,66.92,name=62; country=['kp'],REVIEW
6d580cd0-246d-59b1-92c3-1232ce7035b2,d4cc5f6f-5275-5fbb-a425-d760fde1c361,muhammad haidar,ali mohamad abdul rahim,Lebanon,lb,61.54,1,0,66.92,name=62; country=['lb'],REVIEW
b05590e8-cd51-5873-bdbc-d7c58cc7bf1c,4e87712e-9516-5673-9683-a62fcff04ccb,abd-al-latif al-tahir,abd al hadi zarqun,Libya,ly,61.54,1,0,66.92,name=62; country=['ly'],REVIEW
55dd8a94-e430-5cc6-8fe4-7569591bb2c0,d9df370a-c777-50c4-8ccf-0f8096dcf056,uz ahmed usham,ahmed mubeen,Maldives,mv,61.54,1,0,66.92,name=62; country=['mv'],REVIEW
41cefcd6-58d0-590a-bfcf-b58be352ae10,7270ebb9-0bcb-5b03-9fa4-7a467af064d9,abdulla nazim ibrahim,ibrahim aleef rauf,Maldives,mv,61.54,1,0,66.92,name=62; country=['mv'],REVIEW
b7c878f1-ff17-5033-8e09-b96f9d59f372,48cff17a-d1bf-50dd-9ea6-52b19cc1b602,ali naseer mohamed,mohamed inthif rauf,Maldives,mv,61.54,1,0,66.92,name=62; country=['mv'],REVIEW
e4b7b6b6-5646-58c5-b575-546a5abccf5e,f39a7c31-e583-57a6-8aea-d8353f85b93c,mohammed vi,mohamed abrini,Morocco,be,61.54,1,0,66.92,name=62; country=['ma'],REVIEW
fc8e53b7-4b52-51b6-ad53-3a03c64196cd,147c792a-7c30-5556-aa74-c4f526fc5d8c,martha reyes,celia margarita reyes ochoa,Nicaragua,ni,61.54,1,0,66.92,name=62; country=['ni'],REVIEW
c74f94cd-ac70-570d-96a3-ce4efae80d2a,13fcd374-71bf-5657-bc7f-907a52b9e774,tamara vanessa martinez,johana vanessa flores jimenez,Nicaragua,ni,61.54,1,0,66.92,name=62; country=['ni'],REVIEW
cfe3df13-7e7b-546c-8e9c-52f080fa0ba8,c0a9fe8e-890c-5eba-8909-ae2ca0b3082c,mohammed idris,mohammed nur,Nigeria,ng,61.54,1,0,66.92,name=62; country=['ng'],REVIEW
5a13abd4-a847-5447-ad68-ca901dbd091a,987d65a3-20c5-5a58-9585-5d5ed279540e,muhammad aurangzeb,muhammad khizar hayat,Pakistan,pk,61.54,1,0,66.92,name=62; country=['pk'],REVIEW
006ad23e-54a7-54a1-8822-9ce4af2635fc,6b21d250-73da-5d26-864f-e947101fe96b,mikhail vladimirovich mishustin,pavel vladimirovich krasheninnikov,Russia,ru,61.54,1,0,66.92,name=62; country=['ru'],REVIEW
f6fc2069-2869-5228-bae4-9e65d297ee4d,af480fec-c9ce-58ec-935a-433fa4988fbb,dmitriy yuriyevich grigorenko,dmitriy olegovich levin,Russia,ru,61.54,1,0,66.92,name=62; country=['ru'],REVIEW
a7f6b2f9-1666-5d11-966d-b03d88a6038c,de97ea1c-0dab-572f-acba-6b05c3bc3104,dmitriy nikolayevich chernyshenko,aleksey nikolayevich kondratenko,Russia,ru,61.54,1,0,66.92,name=62; country=['ru'],REVIEW
6b7a9963-22df-5882-9a1a-45169decc49e,7078de97-71e8-522b-ac70-cd5e50eb5192,oksana nikolayevna lut,valentina nikolayevna pivnenko,Russia,ru,61.54,1,0,66.92,name=62; country=['ru'],REVIEW
7577e6ac-6813-5c14-a64b-543cff310d82,9d0e9a0a-b11c-5b48-82cd-7a56d458ea4d,aleksandr vyacheslavovich kurenkov,aleksandr sergeyevich bolshakov,Russia,ru,61.54,1,0,66.92,name=62; country=['ru'],REVIEW
7577e6ac-6813-5c14-a64b-543cff310d82,638ab717-e486-5424-bc83-f824eac79343,aleksandr vyacheslavovich kurenkov,aleksandr vitalevich tsybulskiy,Russia,ru,61.54,1,0,66.92,name=62; country=['ru'],REVIEW
baf13575-cd11-5c0c-ae96-f537015d05c2,869e78ae-4cc3-554c-8799-92ab6d475348,aleksey olegovich chekunkov,aleksey yurevich russkikh,Russia,ru,61.54,1,0,66.92,name=62; country=['ru'],REVIEW
5ae8202c-5c03-5346-971f-d088c5aae8ef,94768eb2-767b-5cf9-b131-ec66196b32f0,maksut igorevich shadayev,vladimir igorevich samokish,Russia,ru,61.54,1,0,66.92,name=62; country=['ru'],REVIEW
5ae8202c-5c03-5346-971f-d088c5aae8ef,51c506dc-577f-55e0-b917-d7092262ac80,maksut igorevich shadayev,valeriy igorevich limarenko,Russia,ru,61.54,1,0,66.92,name=62; country=['ru'],REVIEW
df456803-12e3-51a9-be87-159ecd3813eb,c48e363f-a848-58c5-a94a-bb0f45dd01c4,anton germanovich siluanov,anton sergeyevich trofimov,Russia,ru,61.54,1,0,66.92,name=62; country=['ru'],REVIEW
f21fad05-0e28-5492-a4e5-4ca30560fe5c,f0ad9d2a-cf61-5290-a4e9-18e804661644,vladimir aleksandrovich kolokoltsev,maksim aleksandrovich zagornov,Russia,ru,61.54,1,0,66.92,name=62; country=['ru'],REVIEW
f21fad05-0e28-5492-a4e5-4ca30560fe5c,c552a166-cc88-56f0-8117-8551cc9d66b8,vladimir aleksandrovich kolokoltsev,vladimir nikolaevich vinokurov,Russia,ru,61.54,1,0,66.92,name=62; country=['ru'],REVIEW
f21fad05-0e28-5492-a4e5-4ca30560fe5c,cb3d1ad0-2106-53b2-b1ae-72bd51d0debb,vladimir aleksandrovich kolokoltsev,vladimir abdualievich vasiliev,Russia,ru,61.54,1,0,66.92,name=62; country=['ru'],REVIEW
f21fad05-0e28-5492-a4e5-4ca30560fe5c,399569e8-b7f0-5c09-9547-b6ef9103cc58,vladimir aleksandrovich kolokoltsev,nikita aleksandrovich zakharov,Russia,ru,61.54,1,0,66.92,name=62; country=['ru'],REVIEW
29a39d94-a45e-5891-a61a-73c87f60aa6c,7bf3d395-20f3-5fa0-ae2d-a194151d1f31,konstantin anatolyevich chuychekno,sergei anatolyevich ovchinnikov,Russia,ru,61.54,1,0,66.92,name=62; country=['ru'],REVIEW
ed18924e-5c9b-5e5b-803d-27f2be535e3b,6b161e49-be09-588d-8ada-bfd3f6efd77a,anton olegovich kotyakov,valentin olegovich konovalov,Russia,ru,61.54,1,0,66.92,name=62; country=['ru'],REVIEW
fbee7b65-a0d0-5c1f-b1ab-b1bba5553a9b,fa090937-4a4d-5a5b-9883-ea90bc86abf2,valeriy nikolayevich falkov,ivan nikolayevich abramov,Russia,ru,61.54,1,0,66.92,name=62; country=['ru'],REVIEW
fbee7b65-a0d0-5c1f-b1ab-b1bba5553a9b,b89a2828-7fb5-5b54-8203-f59fb042edcc,valeriy nikolayevich falkov,valeriy stepanovich skrug,Russia,ru,61.54,1,0,66.92,name=62; country=['ru'],REVIEW
d6e33049-9c30-57e4-8fa8-e9317955ad2e,6b21d250-73da-5d26-864f-e947101fe96b,mikhail vladimirovich degtyarev,pavel vladimirovich krasheninnikov,Russia,ru,61.54,1,0,66.92,name=62; country=['ru'],REVIEW
85da5294-bb31-5f57-9cb1-bc4d767cffe5,e40c1bdb-1d3e-56fe-8e26-6e0b7dd3ddc0,igor viktorovich krasnov,igor vladimirovich pozhidaev,Russia,ru,61.54,1,0,66.92,name=62; country=['ru'],REVIEW
85da5294-bb31-5f57-9cb1-bc4d767cffe5,7df614da-0a73-5110-acb7-fcaf6b80e7c8,igor viktorovich krasnov,sergey viktorovich kalashnik,Russia,ru,61.54,1,0,66.92,name=62; country=['ru'],REVIEW
85da5294-bb31-5f57-9cb1-bc4d767cffe5,9d204e75-6768-5b20-ae0a-5176807d887b,igor viktorovich krasnov,vladimir viktorovich khromov,Russia,ru,61.54,1,0,66.92,name=62; country=['ru'],REVIEW
85da5294-bb31-5f57-9cb1-bc4d767cffe5,c5ba4707-dcfb-508c-8c18-daeba4e5f61d,igor viktorovich krasnov,vitaly viktorovich likhachev,Russia,ru,61.54,1,0,66.92,name=62; country=['ru'],REVIEW
85da5294-bb31-5f57-9cb1-bc4d767cffe5,f13cbf26-c4c3-59a8-a414-8cc32549d567,igor viktorovich krasnov,sergey viktorovich ryzhenkov,Russia,ru,61.54,1,0,66.92,name=62; country=['ru'],REVIEW
69ef53c5-e760-59db-8a23-dafa4673af75,3dc043c6-de97-5722-94ac-b94cc87e1df0,anatoliy ivanovich antonov,andrey ivanovich grigoryev,Russia,ru,61.54,1,0,66.92,name=62; country=['ru'],REVIEW
7cdd5a65-f3d6-51a2-881e-a2f3f8801c79,68d61420-fb10-54bc-bf0e-8e89b34a530c,faysal bin fadel bin mohsen al-ibrahim,abdul mohsen abdullah ibrahim al-sharikh,Saudi Arabia,sa,61.54,1,0,66.92,name=62; country=['sa'],REVIEW
8dff148d-4a18-5f86-adcc-4043ac3d5ff9,dcd717ae-bf38-5035-adf6-57c9f5e55c6a,muhammad bin abd al-malik al al-shaykh,mubarak mohammed a alotaibi,Saudi Arabia,sa,61.54,1,0,66.92,name=62; country=['sa'],REVIEW
8dff148d-4a18-5f86-adcc-4043ac3d5ff9,ec5d7c10-31a9-5491-997f-64f95ec99b3a,muhammad bin abd al-malik al al-shaykh,fahd muhammad 'abd al-'aziz al-khashiban,Saudi Arabia,sa,61.54,1,0,66.92,name=62; country=['sa'],REVIEW
f39960f7-9fef-5a0b-9f5b-5a7d93a65715,02224695-175e-5a14-af75-11d3bb8b9cce,salih bin abd al-aziz bin muhammad bin ibrahim al al-shaykh,muhammad 'abdallah salih sughayr,Saudi Arabia,sa,61.54,1,0,66.92,name=62; country=['sa'],REVIEW
84d671bc-176a-52fd-b511-79ea35908a11,6f98eb71-1ae9-58cb-ad0d-f8229644d2ff,hamza abdi barre,abdi samad,Somalia,so,61.54,1,0,66.92,name=62; country=['so'],REVIEW
0a3f10af-c114-59f6-886c-5cd7531e25b3,a1a5a5b2-15e5-59f1-bde3-392510f2ad39,ahmed hassan adan,ahmed abdi aw-mohamed,Somalia,so,61.54,1,0,66.92,name=62; country=['so'],REVIEW
0a3f10af-c114-59f6-886c-5cd7531e25b3,03009359-616c-5506-9656-043b0db95aeb,ahmed hassan adan,ahmed abdi aw-mohamed,Somalia,so,61.54,1,0,66.92,name=62; country=['so'],REVIEW
1f73df7f-690d-505b-a1a2-f2bc1c2228b8,c323f37c-eef6-54a5-a08e-bb7371769a13,yusuf mohamed adan,fuad mohamed khalaf,Somalia,so,61.54,1,0,66.92,name=62; country=['so'],REVIEW
9e652d34-33f0-55be-9065-021f6d5b73a0,72f8f519-fbb6-549b-b6d8-3b3a6bb1dac8,mohamed farah nur,mohamed ahmed qahiye,Somalia,so,61.54,1,0,66.92,name=62; country=['so'],REVIEW
ea7e8ab1-0b3e-5477-9efc-81b4021f53c5,71230d36-df59-5745-87ed-29dbefb3d3e6,ahmad husayn al-shara’,hasan al-shaban,Syria,sy,61.54,1,0,66.92,name=62; country=['sy'],REVIEW
c47c862d-75e5-5f45-adca-974521f25671,71230d36-df59-5745-87ed-29dbefb3d3e6,muhammad nidal al-shaar,hasan al-shaban,Syria,sy,61.54,1,0,66.92,name=62; country=['sy'],REVIEW
68657b9d-e5cc-59b2-9a65-84e447d02169,fd265180-101b-5c89-b0c1-c4bbf3b98e39,as’ad hasan al-shaybani,bashar al-assad,Syria,sy,61.54,1,0,66.92,name=62; country=['sy'],REVIEW
68657b9d-e5cc-59b2-9a65-84e447d02169,ddc29bcd-6722-5345-b2bb-45aca0b61bfd,as’ad hasan al-shaybani,wassim al-assad,Syria,sy,61.54,1,0,66.92,name=62; country=['sy'],REVIEW
68657b9d-e5cc-59b2-9a65-84e447d02169,3f2637d0-650c-53a2-a66a-fce12f2af318,as’ad hasan al-shaybani,kamal al-hassan,Syria,sy,61.54,1,0,66.92,name=62; country=['sy'],REVIEW
c6fa8dc2-0c43-5716-a8f0-5846972e48d6,3bca479f-3655-506e-ba0c-c8bff4e6a119,muhammad samih hamid,nazir ahmad mohammed jamaleddine,Syria,sy,61.54,1,0,66.92,name=62; country=['sy'],REVIEW
c6fa8dc2-0c43-5716-a8f0-5846972e48d6,5b2f2117-06a8-53ff-96b3-afa215503142,muhammad samih hamid,amr mohamed hamsho,Syria,sy,61.54,1,0,66.92,name=62; country=['sy'],REVIEW
c6fa8dc2-0c43-5716-a8f0-5846972e48d6,353d33bb-6dc1-5a91-bdd2-e8c889702d03,muhammad samih hamid,ali muhammad hamsho,Syria,sy,61.54,1,0,66.92,name=62; country=['sy'],REVIEW
b1dd2d80-3dba-5e4c-9139-62615589eb7d,b0bb62be-befe-59f0-84b3-6de436d4117f,shu-tzu chen,shih huan chen,Taiwan,tw,61.54,1,0,66.92,name=62; country=['tw'],REVIEW
8c4d6fd1-69f0-5e83-a00f-821268cd901b,b0bb62be-befe-59f0-84b3-6de436d4117f,chin-te chen,shih huan chen,Taiwan,tw,61.54,1,0,66.92,name=62; country=['tw'],REVIEW
0f225775-928e-58b2-8c2e-6bfcc4b4efc0,97e795c6-e805-5360-9bd7-6962b4bb44e8,murat kurum,murat karayilan,Turkey,tr,61.54,1,0,66.92,name=62; country=['tr'],REVIEW
90c37efe-99a8-5519-83ab-54c924a64e8c,9be13f58-e630-5055-8687-71033d4b68d2,ahmet yildiz,ahmet bayaltun,Turkey,tr,61.54,1,0,66.92,name=62; country=['tr'],REVIEW
c3c79956-487b-5ac9-bd91-a128d2f3f023,bf1f92ad-0814-5138-b0a6-f9c75fde7f1e,anabel pereira fernandez,jesus ramon fernandez alayon,Venezuela,ve,61.54,1,0,66.92,name=62; country=['ve'],REVIEW
fc0606af-feb6-5658-abae-7f36f628eaa5,ec18033a-570b-5157-9cd3-16c528860478,hung viet,quang viet nguyen,Vietnam,vn,61.54,1,0,66.92,name=62; country=['vn'],REVIEW
f1c1473e-dffb-50fd-bbb3-0f32ea88747d,598e35d1-d49a-5a5b-9feb-43ac26b4ba8a,rashad muhammad al-alimi,hisham abdulwasea hael mohammed al-nahari,Yemen,ye,61.54,1,0,66.92,name=62; country=['ye'],REVIEW
9578ba7b-ed8c-5041-96d8-36f346c46e40,4be6cd1d-7989-5983-a7d2-bc54dc02b2f8,tariq muhammad abdallah salih,abdullah yahya al hakim,Yemen,ye,61.54,1,0,66.92,name=62; country=['ye'],REVIEW
3af07ca8-cecc-5baf-8a7f-aeba0f1d105b,86131cbf-76eb-589b-b4f8-07a10b849cf0,abd al-nasser al-wali,abdulwali abdoh hasan al-jabri,Yemen,ye,61.54,1,0,66.92,name=62; country=['ye'],REVIEW
5f272a74-f9a6-53b5-a1b2-5ce576352220,115f5e23-3991-5525-b7b4-a38a85dae4f2,muhammad hazm al-ashwal,sa'id ahmad muhammad al-jamal,Yemen,ye,61.54,1,0,66.92,name=62; country=['ye'],REVIEW
e614b1a4-c644-556d-bcf4-30f13d9b48ff,10f43ffb-5e06-50b1-a842-232e4179ed1d,abdallah ali fadl al-saadi,shawki ali ahmed al-badani,Yemen,ye,61.54,1,0,66.92,name=62; country=['ye'],REVIEW
9ca93479-0cea-5736-a02d-90775991ebc1,7c552135-379d-50f6-928d-e36ffe148e07,khalid bin abd al-rahman al-isa,'abdallah muhammad bin-sulayman al-muhaysini,Saudi Arabia,sa,61.33,1,0,66.8,name=61; country=['sa'],REVIEW
b4739228-8770-5f35-9a18-0c857200eb69,b06c3307-62a6-5ddb-aef6-e95438cbf715,abd al-husayn al-musawi,ali mohammed ghulam hussein al anssari,Iraq,iq,61.29,1,0,66.77,name=61; country=['iq'],REVIEW
19d89641-666f-5f5d-a65b-d189af5e95fe,6b21d250-73da-5d26-864f-e947101fe96b,vladimir vladimirovich putin,pavel vladimirovich krasheninnikov,Russia,ru,61.29,1,0,66.77,name=61; country=['ru'],REVIEW
006ad23e-54a7-54a1-8822-9ce4af2635fc,3bc0381c-7a29-5af1-885d-27f1b1782a2f,mikhail vladimirovich mishustin,alexander vladimirovich narolin,Russia,ru,61.29,1,0,66.77,name=61; country=['ru'],REVIEW
006ad23e-54a7-54a1-8822-9ce4af2635fc,3c815a8b-c750-5a94-b00a-9c8eb7cfc9cf,mikhail vladimirovich mishustin,evgeniy vladimirovich kuyvashev,Russia,ru,61.29,1,0,66.77,name=61; country=['ru'],REVIEW
006ad23e-54a7-54a1-8822-9ce4af2635fc,4b5d92e3-323d-545b-bf29-a732803b1c65,mikhail vladimirovich mishustin,vladimir vladimirovich burmatov,Russia,ru,61.29,1,0,66.77,name=61; country=['ru'],REVIEW
006ad23e-54a7-54a1-8822-9ce4af2635fc,fab7f16a-f1da-521a-a779-a945bbff87c9,mikhail vladimirovich mishustin,vladimir vladimirovich artyakov,Russia,ru,61.29,1,0,66.77,name=61; country=['ru'],REVIEW
006ad23e-54a7-54a1-8822-9ce4af2635fc,2703282f-f26b-5358-ae50-22ef5f1c31ed,mikhail vladimirovich mishustin,sergey vladimirovich matviyenko,Russia,ru,61.29,1,0,66.77,name=61; country=['ru'],REVIEW
a1fcf254-dd99-5958-ace3-bcc964752c0c,40043aef-09c4-5627-b200-4043d9116191,dmitriy nikolayevich patrushev,dmitriy nikolaevich chernyshenko,Russia,ru,61.29,1,0,66.77,name=61; country=['ru'],REVIEW
a7f6b2f9-1666-5d11-966d-b03d88a6038c,2a54a5ad-d055-5238-9e14-5d09ed3a1f63,dmitriy nikolayevich chernyshenko,dmitriy valeryevich afanasyev,Russia,ru,61.29,1,0,66.77,name=61; country=['ru'],REVIEW
b45b6c16-05c3-5345-95eb-c1c6135f61b2,12d0ea22-02b9-5578-8767-16770cb3864b,aleksandr valentinovich novak,aleksandr aleksandrovich mukhanov,Russia,ru,61.29,1,0,66.77,name=61; country=['ru'],REVIEW
7577e6ac-6813-5c14-a64b-543cff310d82,5d83318e-1963-5406-9686-a4283649c6dd,aleksandr vyacheslavovich kurenkov,yuriy vyacheslavovich afonin,Russia,ru,61.29,1,0,66.77,name=61; country=['ru'],REVIEW
7577e6ac-6813-5c14-a64b-543cff310d82,44566639-2dbd-533e-8830-495e5370a2ef,aleksandr vyacheslavovich kurenkov,aleksandr dmitrievich beglov,Russia,ru,61.29,1,0,66.77,name=61; country=['ru'],REVIEW
7577e6ac-6813-5c14-a64b-543cff310d82,c8ca894b-da10-544d-8b11-6cd8524a0d07,aleksandr vyacheslavovich kurenkov,sergey vyacheslavovich byzov,Russia,ru,61.29,1,0,66.77,name=61; country=['ru'],REVIEW
f21fad05-0e28-5492-a4e5-4ca30560fe5c,df656f29-0cd5-5fd3-916f-d23b5827bf99,vladimir aleksandrovich kolokoltsev,artem aleksandrovich snitko,Russia,ru,61.29,1,0,66.77,name=61; country=['ru'],REVIEW
f21fad05-0e28-5492-a4e5-4ca30560fe5c,e28ffaad-c90e-5b71-b57d-d58a1cb6600e,vladimir aleksandrovich kolokoltsev,artur aleksandrovich zhirov,Russia,ru,61.29,1,0,66.77,name=61; country=['ru'],REVIEW
29a39d94-a45e-5891-a61a-73c87f60aa6c,5069585b-b42a-5a28-be6a-a4970a26875e,konstantin anatolyevich chuychekno,mikhail anatolyevich sinelin,Russia,ru,61.29,1,0,66.77,name=61; country=['ru'],REVIEW
29a39d94-a45e-5891-a61a-73c87f60aa6c,4b0c0d02-30df-5080-a9f5-9366b3c0e91c,konstantin anatolyevich chuychekno,roman anatolyevich marshavin,Russia,ru,61.29,1,0,66.77,name=61; country=['ru'],REVIEW
cd6c171d-c9ca-554f-891b-755908ea691e,218f0c30-e6c9-540a-851f-f185c909f2f8,aleksandr aleksandrovich kozlov,andrey aleksandrovich travnikov,Russia,ru,61.29,1,0,66.77,name=61; country=['ru'],REVIEW
cd6c171d-c9ca-554f-891b-755908ea691e,8dc59fe1-c9bc-5884-981f-090a59f0f708,aleksandr aleksandrovich kozlov,aleksandr valentinovich sokolov,Russia,ru,61.29,1,0,66.77,name=61; country=['ru'],REVIEW
cd6c171d-c9ca-554f-891b-755908ea691e,9bd47213-13e7-571b-a730-6799b97cbecb,aleksandr aleksandrovich kozlov,aleksandr dmitrievich kharichev,Russia,ru,61.29,1,0,66.77,name=61; country=['ru'],REVIEW
cd6c171d-c9ca-554f-891b-755908ea691e,d2f76547-d864-5d11-a9f5-315999fd1003,aleksandr aleksandrovich kozlov,aleksandr viktorovich ryzhenkov,Russia,ru,61.29,1,0,66.77,name=61; country=['ru'],REVIEW
d6e33049-9c30-57e4-8fa8-e9317955ad2e,194b6c2a-b8b3-5fb0-a107-8da37fdf9b2e,mikhail vladimirovich degtyarev,vladimir vladimirovich sipyagin,Russia,ru,61.29,1,0,66.77,name=61; country=['ru'],REVIEW
d6e33049-9c30-57e4-8fa8-e9317955ad2e,4b5d92e3-323d-545b-bf29-a732803b1c65,mikhail vladimirovich degtyarev,vladimir vladimirovich burmatov,Russia,ru,61.29,1,0,66.77,name=61; country=['ru'],REVIEW
d6e33049-9c30-57e4-8fa8-e9317955ad2e,05ce64ee-55bd-5170-b618-97910f690b26,mikhail vladimirovich degtyarev,aleksei vladimirovich bashkirov,Russia,ru,61.29,1,0,66.77,name=61; country=['ru'],REVIEW
0a20c63b-a3e5-5b97-9a17-2fa6525d1530,7b5f3fb5-5695-5bbb-8d6a-1377dc4b115f,aleksandr vasilyevich bortnikov,aleksandr mikhailovich stepanov,Russia,ru,61.29,1,0,66.77,name=61; country=['ru'],REVIEW
9578ba7b-ed8c-5041-96d8-36f346c46e40,05082fbf-b69e-537a-9dc6-3b3ffa7ead47,tariq muhammad abdallah salih,muhammad salih abd-rabbuh al-omgy,Yemen,ye,61.29,1,0,66.77,name=61; country=['ye'],REVIEW
9578ba7b-ed8c-5041-96d8-36f346c46e40,67781c14-b09b-5e3e-9802-11bb1d376361,tariq muhammad abdallah salih,ali muhammad muhsin salih al-hadi,Yemen,ye,61.29,1,0,66.77,name=61; country=['ye'],REVIEW
9578ba7b-ed8c-5041-96d8-36f346c46e40,615ea5dc-debd-5c16-a2dc-dabcf04ad4b8,tariq muhammad abdallah salih,adil mutahhar abdallah al muayyad,Yemen,ye,61.29,1,0,66.77,name=61; country=['ye'],REVIEW
5f272a74-f9a6-53b5-a1b2-5ce576352220,83ac8ea1-a393-58a2-85b7-71ef9cf2ba14,muhammad hazm al-ashwal,hasan ahmad hasan muhammad al-kuhlani,Yemen,ye,61.29,1,0,66.77,name=61; country=['ye'],REVIEW
fad6b794-28f0-5b61-92b0-531e88e1121b,73b4e39d-1a76-5bad-adac-6f83e048102f,mohammad-jafar qaempanah,mohammad sadegh abutalebi,Iran,ir,61.22,1,0,66.73,name=61; country=['ir'],REVIEW
304687be-72b5-5f04-8437-e74cf2ccd578,fcb770d4-5dc7-5552-96ab-244f779f361c,mohammad-reza salehi-amiri,mohammad ali noorinajad,Iran,ir,61.22,1,0,66.73,name=61; country=['ir'],REVIEW
f09fa64f-3749-5bb9-8eae-47aa0e56fc7c,c6fb769b-b8c7-518b-ab81-9c3d74a3c2e0,mohamad-reza farzin,seyyed mohammad amin aghamiri,Iran,ir,61.22,1,0,66.73,name=61; country=['ir'],REVIEW
9f7f1740-b4dd-5baa-9f5c-0df51713cbf6,48b92f06-9292-5f10-9c66-e4ab988c7d3a,sergey viktorovich lavrov,yury viktorovich fedorov,Russia,ru,61.22,1,0,66.73,name=61; country=['ru'],REVIEW
9f7f1740-b4dd-5baa-9f5c-0df51713cbf6,f8b825e5-b088-558e-87df-015684c9a264,sergey viktorovich lavrov,sergey pavlovich yurasov,Russia,ru,61.22,1,0,66.73,name=61; country=['ru'],REVIEW
cc74e525-c18d-5f6c-8a8b-ea66a557c6bc,cd427953-90ec-5093-82b1-bea0d149abae,sergey yevgenyevich naryshkin,sergey yuryevich ten,Russia,ru,61.22,1,0,66.73,name=61; country=['ru'],REVIEW
85da5294-bb31-5f57-9cb1-bc4d767cffe5,e2cf87c6-53f3-5425-9a53-7060cadb523b,igor viktorovich krasnov,sergei viktorovich lavrov,Russia,ru,61.22,1,0,66.73,name=61; country=['ru'],REVIEW
85da5294-bb31-5f57-9cb1-bc4d767cffe5,0c583834-2e8f-5d11-b03c-f73ac117ad34,igor viktorovich krasnov,alexander viktorovich uss,Russia,ru,61.22,1,0,66.73,name=61; country=['ru'],REVIEW
85da5294-bb31-5f57-9cb1-bc4d767cffe5,5d63b5c3-b8a4-5c7f-b9cc-ad2f3f49bf42,igor viktorovich krasnov,viktor viktorovich dzyuba,Russia,ru,61.22,1,0,66.73,name=61; country=['ru'],REVIEW
85da5294-bb31-5f57-9cb1-bc4d767cffe5,a2b058b2-63e2-545b-8cc8-31fb5b4493a4,igor viktorovich krasnov,igor nikolayevich igoshin,Russia,ru,61.22,1,0,66.73,name=61; country=['ru'],REVIEW
85da5294-bb31-5f57-9cb1-bc4d767cffe5,5f166245-d1d1-58fe-a968-727c827742de,igor viktorovich krasnov,roman viktorovich zolotov,Russia,ru,61.22,1,0,66.73,name=61; country=['ru'],REVIEW
85da5294-bb31-5f57-9cb1-bc4d767cffe5,ef55d9d5-40b5-5e99-8893-4f6420fc75f2,igor viktorovich krasnov,yuri viktorovich pichugin,Russia,ru,61.22,1,0,66.73,name=61; country=['ru'],REVIEW
861c9cab-7980-5987-ab24-9341ef0775ac,a1a5a5b2-15e5-59f1-bde3-392510f2ad39,bashir mohamed jama goobbe,ahmed abdi aw-mohamed,Somalia,so,61.22,1,0,66.73,name=61; country=['so'],REVIEW
861c9cab-7980-5987-ab24-9341ef0775ac,03009359-616c-5506-9656-043b0db95aeb,bashir mohamed jama goobbe,ahmed abdi aw-mohamed,Somalia,so,61.22,1,0,66.73,name=61; country=['so'],REVIEW
80e85b20-3659-5497-a31c-e42e37437cc0,c323f37c-eef6-54a5-a08e-bb7371769a13,abdirahman mohamed abdullahi,fuad mohamed khalaf,Somalia,so,61.22,1,0,66.73,name=61; country=['so'],REVIEW
d60fa09a-c493-5600-9c64-97339f483422,5252be32-3554-50b4-8a1d-bb0eaf1262cd,anan hamed muhammad umar,mohammed ibrahim sulaiman,Sudan,sd,61.22,1,0,66.73,name=61; country=['sd'],REVIEW
6431c011-7e65-57eb-be58-5fd69139c64a,02761702-0d80-51d2-8394-89889b9b37c3,muhammad yasir barniyah,muhammad yousef al-hasouri,Syria,sy,61.22,1,0,66.73,name=61; country=['sy'],REVIEW
273f7c93-b943-54f3-b29b-c5b49914c4a7,cf5b8493-aa4c-5f84-a5df-30ec6bcf6c93,muhammad abu al-khayr shukri,muhammad ma'ruf balwi,Syria,sy,61.22,1,0,66.73,name=61; country=['sy'],REVIEW
f1c1473e-dffb-50fd-bbb3-0f32ea88747d,6853bb36-18a0-5192-817b-5b707d7a9428,rashad muhammad al-alimi,zaid ali yahya al sharafi,Yemen,ye,61.22,1,0,66.73,name=61; country=['ye'],REVIEW
dd664d25-67a8-5268-ab40-0f566fd51348,d25accbe-2c4d-5d6b-8d4b-252fcfe9a7b8,hussein al-aghbari,hamid abdullah hussein al ahmar,Yemen,ye,61.22,1,0,66.73,name=61; country=['ye'],REVIEW
0fae46ef-f7b8-5c78-800f-923f94b34cb2,8b5e0a66-837f-5226-af7a-8c2d3cadd73c,muhammad al-zaouri,wail muhammad said abd-al-wadud,Yemen,ye,61.22,1,0,66.73,name=61; country=['ye'],REVIEW
7df66bc2-e527-56e5-9655-a4983d2fbcc1,26619c43-198a-5a44-af5d-b87328230c75,mohammed bin abdullah bin mohammed al-sulaiti,sa'd bin sa'd muhammad shariyan al-ka'bi,Qatar,qa,61.18,1,0,66.71,name=61; country=['qa'],REVIEW
a99e3e55-f3b6-5242-b8f8-6b52255c85ac,68d61420-fb10-54bc-bf0e-8e89b34a530c,fahd bin abdallah bin abd al-latif al-mubarak,abdul mohsen abdullah ibrahim al-sharikh,Saudi Arabia,sa,61.18,1,0,66.71,name=61; country=['sa'],REVIEW
aa75125b-8fc2-59b2-afb9-8c972ba91169,dbbe66d8-2c1c-58a6-823a-9f70986aafc9,ko ko lwin,maung ko,Burma,zm,44.44,1,1,66.67,name=44; country=['zm']; position_overlap=['minister'],REVIEW
71e240eb-741e-57da-994b-2cc7abbc865f,72ba188f-4cb8-595a-9c3b-26763387cf00,mohsen haji-mirzaei,haj ahmad mirzaei,Iran,ir,61.11,1,0,66.67,name=61; country=['ir'],REVIEW
1a8f313c-00cf-566a-a5e5-16a23c87195d,438deb7f-5fec-58b9-b069-3129bf6763c4,mohammad-reza aref,mohammad eskandari,Iran,ir,61.11,1,0,66.67,name=61; country=['ir'],REVIEW
dd9c3037-a953-52b4-a3e2-2e6f5fb936de,6bfeb60e-26b8-5fd5-b363-dab90b51e4c8,hamid pur-mohammadi,hamid reza khamer,Iran,ir,61.11,1,0,66.67,name=61; country=['ir'],REVIEW
486633c7-d65d-579c-a85e-bd4fb32cc714,9bc2e7a0-36c3-561e-b5b5-ff66279caff5,mohammad eslami,mohammad ali hosseini,Iran,ir,61.11,1,0,66.67,name=61; country=['ir'],REVIEW
486633c7-d65d-579c-a85e-bd4fb32cc714,15bf4062-305e-527a-a664-fe1beda46e91,mohammad eslami,mohammad abdollahpour,Iran,ir,61.11,1,0,66.67,name=61; country=['ir'],REVIEW
9527d76f-4f43-5099-83ad-80e09d382873,fa00cfa2-2987-5c15-9261-3db550717c89,ali-reza kazemi,reza kazemifar rahman,Iran,ir,61.11,1,0,66.67,name=61; country=['ir'],REVIEW
3b010830-4c7f-51c8-b05c-d12a854b19eb,d30494bd-3bba-51a9-9d7e-aabc0f1662bc,mohammad atabak,mohammad hassan mehri,Iran,ir,61.11,1,0,66.67,name=61; country=['ir'],REVIEW
3b010830-4c7f-51c8-b05c-d12a854b19eb,238dacc5-2131-5ca9-889c-c424f7a5e84c,mohammad atabak,seyed mohammad kalami,Iran,ir,61.11,1,0,66.67,name=61; country=['ir'],REVIEW
87f842cc-288e-55f0-b582-ea1f8ebbec8d,1bf26214-0cdc-5d0c-b27b-a0871a994f61,ahmad donyamali,ahmad mohammadi zadeh,Iran,ir,61.11,1,0,66.67,name=61; country=['ir'],REVIEW
f09fa64f-3749-5bb9-8eae-47aa0e56fc7c,a1683ae8-9d84-575c-8714-e13be351af86,mohamad-reza farzin,mohammad gholami,Iran,ir,61.11,1,0,66.67,name=61; country=['ir'],REVIEW
02365e20-d950-5c86-8365-cd4254a18cc4,3332ed39-fe75-50f6-ae69-20c75890e950,sarwa abd al-wahid,abu yahya al-iraqi,Iraq,iq,61.11,1,0,66.67,name=61; country=['iq'],REVIEW
57f4eb8e-d7a9-57e6-99ca-baa2ad732695,2406ba11-05b7-59a5-8322-64de95fa22d1,bilal al-hamdani,abd al-hadi al-iraqi,Iraq,iq,61.11,1,0,66.67,name=61; country=['iq'],REVIEW
57f4eb8e-d7a9-57e6-99ca-baa2ad732695,2895eb55-8e6f-5e90-a720-0495de6bbdc2,bilal al-hamdani,imad naji al-bahadli,Iraq,iq,61.11,1,0,66.67,name=61; country=['iq'],REVIEW
6d580cd0-246d-59b1-92c3-1232ce7035b2,1ab76a08-c2a8-5038-89fd-fe65d9385e70,muhammad haidar,mohamad jamil salami,Lebanon,lb,61.11,1,0,66.67,name=61; country=['lb'],REVIEW
496a7478-0a0e-5a9e-b9a8-046fa8512bd6,9cbb8210-5bb9-5db4-b2a2-f0d2cf0cda35,muhammad bin ghalbon,mohamed koshlaf,Libya,ly,61.11,1,0,66.67,name=61; country=['ly'],REVIEW
0a9c1d84-ef52-5a43-bad4-c2a7042f43d6,f39a7c31-e583-57a6-8aea-d8353f85b93c,mohamed saad berrada,mohamed abrini,Morocco,be,61.11,1,0,66.67,name=61; country=['ma'],REVIEW
88fd19bf-71fe-5fcd-a542-297eb304a8ab,25067c23-2fad-5c7a-8ab4-37729ad63a93,muhammad mueen wattoo,muhammad sarwar,Pakistan,pk,61.11,1,0,66.67,name=61; country=['pk'],REVIEW
12fa029a-1730-5104-90a2-3947c3d81b63,7c552135-379d-50f6-928d-e36ffe148e07,majid bin abdallah al-qasabi,'abdallah muhammad bin-sulayman al-muhaysini,Saudi Arabia,sa,61.11,1,0,66.67,name=61; country=['sa'],REVIEW
147ba313-ef1d-5225-bc02-d52875086c66,7c552135-379d-50f6-928d-e36ffe148e07,musaid bin muhammad al-ayban,'abdallah muhammad bin-sulayman al-muhaysini,Saudi Arabia,sa,61.11,1,0,66.67,name=61; country=['sa'],REVIEW
9ca93479-0cea-5736-a02d-90775991ebc1,32216c04-320b-5a09-9678-d6a9a61dfec2,khalid bin abd al-rahman al-isa,faisal jassim mohammed al-amri al-khalidi,Saudi Arabia,sa,61.11,1,0,66.67,name=61; country=['sa'],REVIEW
1f73df7f-690d-505b-a1a2-f2bc1c2228b8,4e0811a2-e933-5458-83ee-11a8e7b36725,yusuf mohamed adan,faysal yusuf dini,Somalia,so,61.11,1,0,66.67,name=61; country=['so'],REVIEW
1f73df7f-690d-505b-a1a2-f2bc1c2228b8,a72cd322-d017-5a0b-958a-1aceaebfe32d,yusuf mohamed adan,ali mohamed rage,Somalia,so,61.11,1,0,66.67,name=61; country=['so'],REVIEW
f322b8e0-5492-53f6-9b5f-c2f86507973b,dcf232fc-16a6-560e-b674-ed50f4d8f1af,abdulkadir muhammad nur,mohamed mire,Somalia,so,61.11,1,0,66.67,name=61; country=['so'],REVIEW
5dca6058-6977-57d5-b69f-70c7a02d3ea2,4cdd45ed-b641-5f2b-b913-11db59bd273e,abukar dahir osman,hassan dahir aweys,Somalia,so,61.11,1,0,66.67,name=61; country=['so'],REVIEW
f0b66f71-01d9-5c51-b9b6-9f9755117404,e31a4810-d3a8-5305-9259-cc1a9fbb60c3,muhammad skaf,tawfiq muhammad khadour,Syria,sy,61.11,1,0,66.67,name=61; country=['sy'],REVIEW
43b6ef8b-4f1b-57af-8e1a-e1552fdd6344,6f686ec2-e73d-5c14-8117-794bf31ee029,muhammad anjarani,mohamad majd deiry,Syria,sy,61.11,1,0,66.67,name=61; country=['sy'],REVIEW
43b6ef8b-4f1b-57af-8e1a-e1552fdd6344,353d33bb-6dc1-5a91-bdd2-e8c889702d03,muhammad anjarani,ali muhammad hamsho,Syria,sy,61.11,1,0,66.67,name=61; country=['sy'],REVIEW
c6fa8dc2-0c43-5716-a8f0-5846972e48d6,46b0bcdf-1675-5979-8a28-8da225b6efb8,muhammad samih hamid,muhammad ibrahim,Syria,sy,61.11,1,0,66.67,name=61; country=['sy'],REVIEW
6dad241d-ae83-5d82-a5f1-7d5b6ce19ca5,25a33ec4-2078-5ad4-9b31-7418c57a4691,ahmed bouhali,habib ben ahmed loubiri,Tunisia,tn,61.11,1,0,66.67,name=61; country=['tn'],REVIEW
062b6e2e-b49c-5214-b6ca-1a61397d8200,cafaa4e4-5308-5e54-b1ca-0581e76ffc39,sa'id al-shamasi,abdul qader al-shami,Yemen,ye,61.11,1,0,66.67,name=61; country=['ye'],REVIEW
286d8443-aff7-5178-b2a1-75291c9f61ae,1cacd218-aa85-5304-be6f-da9d4d0c6c47,mohammad-reza zafarqandi,mohammad reza ghadir zare zaghalchi,Iran,ir,61.02,1,0,66.61,name=61; country=['ir'],REVIEW
19d89641-666f-5f5d-a65b-d189af5e95fe,3bc0381c-7a29-5af1-885d-27f1b1782a2f,vladimir vladimirovich putin,alexander vladimirovich narolin,Russia,ru,61.02,1,0,66.61,name=61; country=['ru'],REVIEW
19d89641-666f-5f5d-a65b-d189af5e95fe,3c815a8b-c750-5a94-b00a-9c8eb7cfc9cf,vladimir vladimirovich putin,evgeniy vladimirovich kuyvashev,Russia,ru,61.02,1,0,66.61,name=61; country=['ru'],REVIEW
19d89641-666f-5f5d-a65b-d189af5e95fe,a23427cc-41c1-5a43-8468-2b599e06cdda,vladimir vladimirovich putin,daniil vladimirovich bessarabov,Russia,ru,61.02,1,0,66.61,name=61; country=['ru'],REVIEW
19d89641-666f-5f5d-a65b-d189af5e95fe,86098ed4-5113-5427-988c-b48e3ef6a049,vladimir vladimirovich putin,nikolay vladimirovich novichkov,Russia,ru,61.02,1,0,66.61,name=61; country=['ru'],REVIEW
19d89641-666f-5f5d-a65b-d189af5e95fe,3f4bdd2c-afcb-50d6-b197-721e941a178f,vladimir vladimirovich putin,sergey vladimirovich krivonosov,Russia,ru,61.02,1,0,66.61,name=61; country=['ru'],REVIEW
19d89641-666f-5f5d-a65b-d189af5e95fe,61017f97-ff10-50ab-bd07-68bb3bb78df7,vladimir vladimirovich putin,mikhail vladimirovich degtyarev,Russia,ru,61.02,1,0,66.61,name=61; country=['ru'],REVIEW
006ad23e-54a7-54a1-8822-9ce4af2635fc,e40c1bdb-1d3e-56fe-8e26-6e0b7dd3ddc0,mikhail vladimirovich mishustin,igor vladimirovich pozhidaev,Russia,ru,61.02,1,0,66.61,name=61; country=['ru'],REVIEW
006ad23e-54a7-54a1-8822-9ce4af2635fc,1ac32124-4921-5a46-9b65-c28f44718e6f,mikhail vladimirovich mishustin,vadim vladimirovich belousov,Russia,ru,61.02,1,0,66.61,name=61; country=['ru'],REVIEW
006ad23e-54a7-54a1-8822-9ce4af2635fc,b8b38677-d9bb-566d-9d91-abf7568e7bbf,mikhail vladimirovich mishustin,dmitrii vladimirovich zauers,Russia,ru,61.02,1,0,66.61,name=61; country=['ru'],REVIEW
006ad23e-54a7-54a1-8822-9ce4af2635fc,432252c5-791a-569e-9c18-1e9b7652968a,mikhail vladimirovich mishustin,nikita vladimirovich nagorny,Russia,ru,61.02,1,0,66.61,name=61; country=['ru'],REVIEW
006ad23e-54a7-54a1-8822-9ce4af2635fc,6a147acf-f36a-5ccc-adf9-590b2d069598,mikhail vladimirovich mishustin,sergey vladimirovich kolunov,Russia,ru,61.02,1,0,66.61,name=61; country=['ru'],REVIEW
006ad23e-54a7-54a1-8822-9ce4af2635fc,eae749cd-fe8a-53f5-b0ec-304a10150e3c,mikhail vladimirovich mishustin,igor vladimirovich panchenko,Russia,ru,61.02,1,0,66.61,name=61; country=['ru'],REVIEW
a1fcf254-dd99-5958-ace3-bcc964752c0c,c0ee9b8c-6180-52fd-904e-3f25a888c4f3,dmitriy nikolayevich patrushev,vasily nikolayevich ikonnikov,Russia,ru,61.02,1,0,66.61,name=61; country=['ru'],REVIEW
a1fcf254-dd99-5958-ace3-bcc964752c0c,c5b5f785-5f38-5a15-9a27-7cc797023b55,dmitriy nikolayevich patrushev,vladimir nikolayevich blotsky,Russia,ru,61.02,1,0,66.61,name=61; country=['ru'],REVIEW
a1fcf254-dd99-5958-ace3-bcc964752c0c,31c3263a-c357-5499-94b1-7a156472b00a,dmitriy nikolayevich patrushev,nikolay nikolayevich yezersky,Russia,ru,61.02,1,0,66.61,name=61; country=['ru'],REVIEW
f11ad005-002c-53ae-9cda-c70654fa1f7d,16b5609a-dca7-5bde-905a-db16dcaf2f23,vitaliy gennadyevich savelyev,maxim gennadyevich reshetnikov,Russia,ru,61.02,1,0,66.61,name=61; country=['ru'],REVIEW
a7f6b2f9-1666-5d11-966d-b03d88a6038c,213817e0-f024-5221-8aa8-be135f494ee2,dmitriy nikolayevich chernyshenko,nikolay nikolayevich kosov,Russia,ru,61.02,1,0,66.61,name=61; country=['ru'],REVIEW
b45b6c16-05c3-5345-95eb-c1c6135f61b2,23a9959a-d32b-5833-bdb1-5eda433b1918,aleksandr valentinovich novak,aleksandr nikolayevich vorobev,Russia,ru,61.02,1,0,66.61,name=61; country=['ru'],REVIEW
cbc77aa2-a2ff-59f0-b3ba-597e679e7517,1ecdf3bc-ffe6-50ff-ae4a-001db0cdb33e,maksim gennadyevich reshetnikov,andrei gennadyevich tikhonov,Russia,ru,61.02,1,0,66.61,name=61; country=['ru'],REVIEW
97b179e7-8df1-5604-acd0-0ea13054997f,b970494e-bb12-5e3e-a593-81fd54e07540,sergey yevgenyevich tsivilev,mikhail yevgenyevich starshinov,Russia,ru,61.02,1,0,66.61,name=61; country=['ru'],REVIEW
29a39d94-a45e-5891-a61a-73c87f60aa6c,07fe520f-e94c-580d-be30-6b5b69c30685,konstantin anatolyevich chuychekno,sergey anatolyevich lukin,Russia,ru,61.02,1,0,66.61,name=61; country=['ru'],REVIEW
29a39d94-a45e-5891-a61a-73c87f60aa6c,24af8fd2-03c8-5e71-bd7d-53e78673b1f0,konstantin anatolyevich chuychekno,igor anatolyevich knyazev,Russia,ru,61.02,1,0,66.61,name=61; country=['ru'],REVIEW
29a39d94-a45e-5891-a61a-73c87f60aa6c,66f15769-cc00-56f3-9d74-306b3f76550d,konstantin anatolyevich chuychekno,maxim anatolyevich ivanov,Russia,ru,61.02,1,0,66.61,name=61; country=['ru'],REVIEW
29a39d94-a45e-5891-a61a-73c87f60aa6c,bc728215-4197-57c4-8107-db105e7645b5,konstantin anatolyevich chuychekno,igor anatolyevich komarov,Russia,ru,61.02,1,0,66.61,name=61; country=['ru'],REVIEW
cd6c171d-c9ca-554f-891b-755908ea691e,b4c5f022-9972-5105-816e-c375d16380fe,aleksandr aleksandrovich kozlov,aleksandr valeryevich dyukov,Russia,ru,61.02,1,0,66.61,name=61; country=['ru'],REVIEW
cd6c171d-c9ca-554f-891b-755908ea691e,dbd11814-d126-56fa-b65b-fa3fa3b389e6,aleksandr aleksandrovich kozlov,kirill aleksandrovich tsarev,Russia,ru,61.02,1,0,66.61,name=61; country=['ru'],REVIEW
cd6c171d-c9ca-554f-891b-755908ea691e,990d193a-1d0c-5cd2-a1c9-16e27d87872f,aleksandr aleksandrovich kozlov,nikolai aleksandrovich levin,Russia,ru,61.02,1,0,66.61,name=61; country=['ru'],REVIEW
cd6c171d-c9ca-554f-891b-755908ea691e,5f33bcbc-1e02-5820-8735-b5c7f9f880b5,aleksandr aleksandrovich kozlov,roman aleksandrovich kotekin,Russia,ru,61.02,1,0,66.61,name=61; country=['ru'],REVIEW
fbee7b65-a0d0-5c1f-b1ab-b1bba5553a9b,41af9f69-5c35-54e0-ab05-481edcf20676,valeriy nikolayevich falkov,aleksandr nikolayevich borodayev,Russia,ru,61.02,1,0,66.61,name=61; country=['ru'],REVIEW
fbee7b65-a0d0-5c1f-b1ab-b1bba5553a9b,4cafd6ec-f154-5997-8f83-8802638566d5,valeriy nikolayevich falkov,alexander nikolayevich kozlovsky,Russia,ru,61.02,1,0,66.61,name=61; country=['ru'],REVIEW
d6e33049-9c30-57e4-8fa8-e9317955ad2e,7e4d9b77-819a-59f3-8199-decaff81d21a,mikhail vladimirovich degtyarev,mikhail nikolaevich berulava,Russia,ru,61.02,1,0,66.61,name=61; country=['ru'],REVIEW
d6e33049-9c30-57e4-8fa8-e9317955ad2e,ae675f69-9348-5530-a58c-9694f9000c62,mikhail vladimirovich degtyarev,arkady vladimirovich trachuk,Russia,ru,61.02,1,0,66.61,name=61; country=['ru'],REVIEW
d6e33049-9c30-57e4-8fa8-e9317955ad2e,eae749cd-fe8a-53f5-b0ec-304a10150e3c,mikhail vladimirovich degtyarev,igor vladimirovich panchenko,Russia,ru,61.02,1,0,66.61,name=61; country=['ru'],REVIEW
d6e33049-9c30-57e4-8fa8-e9317955ad2e,dd11d8a6-1c47-576a-bd7d-9e859c70bbae,mikhail vladimirovich degtyarev,vladimir vladimirovich putin,Russia,ru,61.02,1,0,66.61,name=61; country=['ru'],REVIEW
dbe82bd4-dc46-57b0-b0e4-d46ff1522618,034c5e27-760e-584e-b091-6c89bc03cfcf,roman vladimirovich starovoyt,mikhail vladimirovich belousov,Russia,ru,61.02,1,0,66.61,name=61; country=['ru'],REVIEW
dbe82bd4-dc46-57b0-b0e4-d46ff1522618,c661b36e-4129-53ec-989c-1447c159d232,roman vladimirovich starovoyt,aleksey vladimirovich kurinniy,Russia,ru,61.02,1,0,66.61,name=61; country=['ru'],REVIEW
dbe82bd4-dc46-57b0-b0e4-d46ff1522618,704dc740-0dac-5ad4-a26e-2b42cacc16f4,roman vladimirovich starovoyt,vladimir vladimirovich gutenev,Russia,ru,61.02,1,0,66.61,name=61; country=['ru'],REVIEW
dbe82bd4-dc46-57b0-b0e4-d46ff1522618,e5fc429b-99df-5b3e-91d7-990868714715,roman vladimirovich starovoyt,vladimir vladimirovich ezhikov,Russia,ru,61.02,1,0,66.61,name=61; country=['ru'],REVIEW
dbe82bd4-dc46-57b0-b0e4-d46ff1522618,a1de9b2a-a062-5fcd-af1b-1f67c2d70420,roman vladimirovich starovoyt,oleg vladimirovich melnichenko,Russia,ru,61.02,1,0,66.61,name=61; country=['ru'],REVIEW
0a20c63b-a3e5-5b97-9a17-2fa6525d1530,1a769540-4192-5fc8-83a0-6f3f640ed56d,aleksandr vasilyevich bortnikov,ivan vasilyevich vakhromeyev,Russia,ru,61.02,1,0,66.61,name=61; country=['ru'],REVIEW
66e0e444-e055-571d-8efc-92a87aee35f2,b12f1b15-0124-5e01-b3f7-fb8e6ca46a68,vasiliy alekseyevich nebenzya,sergey alekseyevich veremeenko,Russia,ru,61.02,1,0,66.61,name=61; country=['ru'],REVIEW
be95870c-a530-5d64-82da-7bcc1f3e21da,b2c1f949-7f51-5879-aed3-5b33cf2c8c2b,mohamed hamdan dagalo,abd al-ra'ouf abu zaid mohamed hamza,Sudan,sd,61.02,1,0,66.61,name=61; country=['sd'],REVIEW
9578ba7b-ed8c-5041-96d8-36f346c46e40,f7e199ca-b2cb-55ab-b61d-c6f0bf4f0596,tariq muhammad abdallah salih,saddam ahmad mohammad al faqih,Yemen,ye,61.02,1,0,66.61,name=61; country=['ye'],REVIEW
5355a52d-7521-5f57-bac9-faaf4df9dfbc,7c552135-379d-50f6-928d-e36ffe148e07,walid bin muhammad bin salid al-samani,'abdallah muhammad bin-sulayman al-muhaysini,Saudi Arabia,sa,60.98,1,0,66.59,name=61; country=['sa'],REVIEW
1bcdc278-c457-578b-94ed-a2329699ef07,95e3891d-def2-524d-9e07-e10a84d4cf94,alyaksandr kulik,alyaksandr pyatrovich barsukou,Belarus,by,60.87,1,0,66.52,name=61; country=['by'],REVIEW
9e25c3df-58ca-57ed-a0dd-dba15c63ddbb,911cba32-fe12-5600-a465-6b11450b5d20,than maung,than than nwe,Burma,zm,60.87,1,0,66.52,name=61; country=['zm'],REVIEW
9e25c3df-58ca-57ed-a0dd-dba15c63ddbb,f7f8ad87-6476-5fca-8537-4987b3b10ef3,than maung,than than aye,Burma,zm,60.87,1,0,66.52,name=61; country=['zm'],REVIEW
f6882b9b-2967-5f68-b2d1-8af318661ea7,dade11d1-8fbc-585e-81ce-6a84642c8bcd,tin oo lwin,tin myo aung,Burma,zm,60.87,1,0,66.52,name=61; country=['zm'],REVIEW
bf904301-840f-5835-9230-84fdd82d0c19,9382f386-d9b2-5c07-9eab-300d721e9b80,myo thein kyaw,thein soe,Burma,zm,60.87,1,0,66.52,name=61; country=['zm'],REVIEW
4f703139-e0ac-56e7-82d2-3af76b873177,70ff77f4-392d-5719-bd21-f67740d92473,kyaw moe tun,kyaw min oo,Burma,zm,60.87,1,0,66.52,name=61; country=['zm'],REVIEW
fd214cf7-e0fc-5ca5-849c-d431de59764c,4f0ad6b3-c500-5219-8dd3-ddcd6b418f1d,yiqin shen,xingbiao shen,China,cn,60.87,1,0,66.52,name=61; country=['cn'],REVIEW
fd214cf7-e0fc-5ca5-849c-d431de59764c,b09f0b61-8471-5c8f-b2d8-a606c8c988de,yiqin shen,weisheng shen,China,cn,60.87,1,0,66.52,name=61; country=['cn'],REVIEW
e670c487-1c22-52af-b9f3-e9b70a301be0,ee315b49-9565-5bd5-95a2-35d344545b52,wentao wang,xueqing wang,China,cn,60.87,1,0,66.52,name=61; country=['cn'],REVIEW
0d39bb01-068e-53f7-9da1-2b020ccc460d,7a3fb8be-832e-5e4c-8203-79bb5816f264,jun zhang,xiaoming zhang,China,cn,60.87,1,0,66.52,name=61; country=['cn'],REVIEW
fad6b794-28f0-5b61-92b0-531e88e1121b,53151d7d-43e9-5d7f-938b-abce15639918,mohammad-jafar qaempanah,mohammed reza rezakhah,Iran,ir,60.87,1,0,66.52,name=61; country=['ir'],REVIEW
fad6b794-28f0-5b61-92b0-531e88e1121b,175f3941-a0ee-5049-bdb1-85d59a66bb67,mohammad-jafar qaempanah,mohammad-reza ashtiani,Iran,ir,60.87,1,0,66.52,name=61; country=['ir'],REVIEW
304687be-72b5-5f04-8437-e74cf2ccd578,2de51460-70d9-563e-ba09-b47e89a73727,mohammad-reza salehi-amiri,mohammad ali mirzaei,Iran,ir,60.87,1,0,66.52,name=61; country=['ir'],REVIEW
304687be-72b5-5f04-8437-e74cf2ccd578,16b2705a-2f33-506b-96f0-48cb55643a5b,mohammad-reza salehi-amiri,hamid reza ghadirian,Iran,ir,60.87,1,0,66.52,name=61; country=['ir'],REVIEW
9527d76f-4f43-5099-83ad-80e09d382873,5605e2a0-001d-5a03-a528-7b6a0bfca50d,ali-reza kazemi,ali zare,Iran,ir,60.87,1,0,66.52,name=61; country=['ir'],REVIEW
286d8443-aff7-5178-b2a1-75291c9f61ae,3ed887cf-3eb4-5a62-a244-84f26b219a55,mohammad-reza zafarqandi,masoud mohammad rezaei,Iran,ir,60.87,1,0,66.52,name=61; country=['ir'],REVIEW
f09fa64f-3749-5bb9-8eae-47aa0e56fc7c,83b5cee8-8f6e-50b3-b605-decd22b27ce0,mohamad-reza farzin,vahid mohammad naser majid,Iran,ir,60.87,1,0,66.52,name=61; country=['ir'],REVIEW
f09fa64f-3749-5bb9-8eae-47aa0e56fc7c,35e0827c-827a-5de6-92d4-415566eef1bd,mohamad-reza farzin,ghorban mohammad valizadeh,Iran,ir,60.87,1,0,66.52,name=61; country=['ir'],REVIEW
973ee1f6-dc9f-54c1-bf5a-557e166023ac,1dd4b526-1e25-5bf0-a484-41297b4b9d9e,ali falih kadhim al-zaydi,ali maarij al-bahadly,Iraq,iq,60.87,1,0,66.52,name=61; country=['iq'],REVIEW
ede10d47-1dc0-591b-a561-e286797d055d,7d4e182e-d44b-593f-ac10-6413ac8c56e7,muhammad nuri karbuli,khamis sirhan al-muhammad,Iraq,iq,60.87,1,0,66.52,name=61; country=['iq'],REVIEW
ede10d47-1dc0-591b-a561-e286797d055d,df72b18f-3793-5d16-9f21-eea5f1432cae,muhammad nuri karbuli,muhammad qahtan al-sa'idi,Iraq,iq,60.87,1,0,66.52,name=61; country=['iq'],REVIEW
f9c11f75-2319-572a-8e2f-c836357552e5,abe80829-a1b2-5429-a22d-6b55ffcfae3f,jong un kim,man bok jong,"Korea, North",kp,60.87,1,0,66.52,name=61; country=['kp'],REVIEW
f9c11f75-2319-572a-8e2f-c836357552e5,1a737494-4a6d-55cd-b6bf-f2dbd23e696a,jong un kim,man chun kim,"Korea, North",kp,60.87,1,0,66.52,name=61; country=['kp'],REVIEW
f9c11f75-2319-572a-8e2f-c836357552e5,86f78ac3-c178-5fef-8754-9e7ec6d5010b,jong un kim,song hun kim,"Korea, North",kp,60.87,1,0,66.52,name=61; country=['kp'],REVIEW
f9c11f75-2319-572a-8e2f-c836357552e5,cb469236-b7f5-5d91-82ab-566e6d934301,jong un kim,yong bok kim,"Korea, North",kp,60.87,1,0,66.52,name=61; country=['kp'],REVIEW
f9c11f75-2319-572a-8e2f-c836357552e5,6523aede-4c18-5abb-a14c-3cb99b7d7c6a,jong un kim,kang jin kim,"Korea, North",kp,60.87,1,0,66.52,name=61; country=['kp'],REVIEW
f9c11f75-2319-572a-8e2f-c836357552e5,87285f8f-9572-5b10-abba-1e79dc0b295e,jong un kim,yong su jong,"Korea, North",kp,60.87,1,0,66.52,name=61; country=['kp'],REVIEW
f9c11f75-2319-572a-8e2f-c836357552e5,9fc6c03b-4ec8-5c86-837b-988c47dae158,jong un kim,min chol kim,"Korea, North",kp,60.87,1,0,66.52,name=61; country=['kp'],REVIEW
f9c11f75-2319-572a-8e2f-c836357552e5,0e9a260b-0ef4-5d08-bc3c-4465e23f4543,jong un kim,jong hun kil,"Korea, North",kp,60.87,1,0,66.52,name=61; country=['kp'],REVIEW
f9c11f75-2319-572a-8e2f-c836357552e5,f26aaf2e-a651-517b-aba9-903eb8ff7e80,jong un kim,un jong choe,"Korea, North",kp,60.87,1,0,66.52,name=61; country=['kp'],REVIEW
4a19256d-6939-57ce-8382-7eb6928ad8dd,4c764df4-42ba-5b64-9a59-3fe70dd4d74f,yong won jo,chol song jo,"Korea, North",kp,60.87,1,0,66.52,name=61; country=['kp'],REVIEW
4a19256d-6939-57ce-8382-7eb6928ad8dd,cb469236-b7f5-5d91-82ab-566e6d934301,yong won jo,yong bok kim,"Korea, North",kp,60.87,1,0,66.52,name=61; country=['kp'],REVIEW
4a19256d-6939-57ce-8382-7eb6928ad8dd,211b3c34-7e1c-5566-ac2e-62eac6da9c57,yong won jo,kyong hun jo,"Korea, North",kp,60.87,1,0,66.52,name=61; country=['kp'],REVIEW
b700b190-27ae-5cb1-941c-0a513750a653,f46b91e1-d7a0-59a1-b231-26c7c4c19d88,yong gil ri,yong chol ho,"Korea, North",kp,60.87,1,0,66.52,name=61; country=['kp'],REVIEW
b700b190-27ae-5cb1-941c-0a513750a653,f94cc52e-7c0e-5ab7-9116-8acb8d38b55e,yong gil ri,yong chol jo,"Korea, North",kp,60.87,1,0,66.52,name=61; country=['kp'],REVIEW
b700b190-27ae-5cb1-941c-0a513750a653,cb469236-b7f5-5d91-82ab-566e6d934301,yong gil ri,yong bok kim,"Korea, North",kp,60.87,1,0,66.52,name=61; country=['kp'],REVIEW
b700b190-27ae-5cb1-941c-0a513750a653,a4f82b64-a1c9-5934-9ae9-ea55ed5c776f,yong gil ri,tong hyok ri,"Korea, North",kp,60.87,1,0,66.52,name=61; country=['kp'],REVIEW
b700b190-27ae-5cb1-941c-0a513750a653,87285f8f-9572-5b10-abba-1e79dc0b295e,yong gil ri,yong su jong,"Korea, North",kp,60.87,1,0,66.52,name=61; country=['kp'],REVIEW
b700b190-27ae-5cb1-941c-0a513750a653,3306c0a0-f312-56f4-a2ec-2093042bbfef,yong gil ri,jin yong jon,"Korea, North",kp,60.87,1,0,66.52,name=61; country=['kp'],REVIEW
c18a864c-2479-54f5-83a8-a797da2be8f7,a4f82b64-a1c9-5934-9ae9-ea55ed5c776f,son gwon ri,tong hyok ri,"Korea, North",kp,60.87,1,0,66.52,name=61; country=['kp'],REVIEW
db80e495-6578-5cc9-8b23-b56d2587e7a3,3994612e-996b-596c-91b7-90cd5320c49c,song nam kim,tong-ho kim,"Korea, North",kp,60.87,1,0,66.52,name=61; country=['kp'],REVIEW
db80e495-6578-5cc9-8b23-b56d2587e7a3,62fa7bc2-cae8-54af-9190-4a72c055be38,song nam kim,song sun im,"Korea, North",kp,60.87,1,0,66.52,name=61; country=['kp'],REVIEW
db80e495-6578-5cc9-8b23-b56d2587e7a3,9eddb6a0-baeb-5b5c-b6f2-4b9577c189b7,song nam kim,yong ju kim,"Korea, North",kp,60.87,1,0,66.52,name=61; country=['kp'],REVIEW
24768d8a-61ab-53d1-b843-282c72f384f2,39390504-fb4c-5a44-8689-e92b4196729a,chang dae ri,chang il ju,"Korea, North",kp,60.87,1,0,66.52,name=61; country=['kp'],REVIEW
b9bdb536-435b-5fc6-af79-cf064ea64207,290a5a17-12ba-54d3-8934-69e1a8f01234,son hui choe,jong son ho,"Korea, North",kp,60.87,1,0,66.52,name=61; country=['kp'],REVIEW
7ab872ee-3743-536a-9d0c-0f6219a0888b,6ca2121f-4d93-5c24-9ed7-0036f0ac6060,thae sop ri,thae chol ri,"Korea, North",kp,60.87,1,0,66.52,name=61; country=['kp'],REVIEW
cd2e7228-83bc-53ae-9022-290f7f52a37f,86f78ac3-c178-5fef-8754-9e7ec6d5010b,yo jong kim,song hun kim,"Korea, North",kp,60.87,1,0,66.52,name=61; country=['kp'],REVIEW
cd2e7228-83bc-53ae-9022-290f7f52a37f,6523aede-4c18-5abb-a14c-3cb99b7d7c6a,yo jong kim,kang jin kim,"Korea, North",kp,60.87,1,0,66.52,name=61; country=['kp'],REVIEW
cd2e7228-83bc-53ae-9022-290f7f52a37f,0e9a260b-0ef4-5d08-bc3c-4465e23f4543,yo jong kim,jong hun kil,"Korea, North",kp,60.87,1,0,66.52,name=61; country=['kp'],REVIEW
cd2e7228-83bc-53ae-9022-290f7f52a37f,17547bf6-7d8b-554a-9a98-f93e9fed0066,yo jong kim,sok chol kim,"Korea, North",kp,60.87,1,0,66.52,name=61; country=['kp'],REVIEW
b16e8d80-7030-596c-9df3-521cbe6169a1,bf8cb1d2-5c1f-56f4-b257-24e349c74fac,yun sok kang,yun gun jon,"Korea, North",kp,60.87,1,0,66.52,name=61; country=['kp'],REVIEW
7475f95b-ed17-5780-b5b0-d2feb3a2594e,9a254302-f774-5d8c-8065-c79655c127e4,kil son ko,kyong sik son,"Korea, North",kp,60.87,1,0,66.52,name=61; country=['kp'],REVIEW
7475f95b-ed17-5780-b5b0-d2feb3a2594e,697bfa89-7abb-5e26-b7a4-1c957a52b950,kil son ko,jong hyok son,"Korea, North",kp,60.87,1,0,66.52,name=61; country=['kp'],REVIEW
f244bdca-f3a8-5d54-9b1b-cc2e39bc638f,12e28eae-3413-5c7f-8543-5361d66133d5,yong hwan kim,ho kyu kim,"Korea, North",kp,60.87,1,0,66.52,name=61; country=['kp'],REVIEW
0dfb6602-2cb9-593e-9549-4b97c0d28e5c,3223540a-8b91-52b2-a4bb-3d3725575aa3,chol mun,myong chol jang,"Korea, North",kp,60.87,1,0,66.52,name=61; country=['kp'],REVIEW
d0495abd-8e55-518b-87c8-ff979fa8ac3f,3a3dfc35-72b0-569a-82a6-51179e0d7e1e,in chol pak,mun chol kim,"Korea, North",kp,60.87,1,0,66.52,name=61; country=['kp'],REVIEW
d0495abd-8e55-518b-87c8-ff979fa8ac3f,9fc6c03b-4ec8-5c86-837b-988c47dae158,in chol pak,min chol kim,"Korea, North",kp,60.87,1,0,66.52,name=61; country=['kp'],REVIEW
d0495abd-8e55-518b-87c8-ff979fa8ac3f,68d55cae-ab6e-5083-9a53-c6ae3cc2bc4b,in chol pak,chol ung nam,"Korea, North",kp,60.87,1,0,66.52,name=61; country=['kp'],REVIEW
1bacae61-7d31-58f3-9a3d-c8f20b1d5fcd,93bbb94d-7571-5e6e-84d0-b12b0f27b292,jong sun kim,yong su kim,"Korea, North",kp,60.87,1,0,66.52,name=61; country=['kp'],REVIEW
1bacae61-7d31-58f3-9a3d-c8f20b1d5fcd,3994612e-996b-596c-91b7-90cd5320c49c,jong sun kim,tong-ho kim,"Korea, North",kp,60.87,1,0,66.52,name=61; country=['kp'],REVIEW
1bacae61-7d31-58f3-9a3d-c8f20b1d5fcd,62fa7bc2-cae8-54af-9190-4a72c055be38,jong sun kim,song sun im,"Korea, North",kp,60.87,1,0,66.52,name=61; country=['kp'],REVIEW
1bacae61-7d31-58f3-9a3d-c8f20b1d5fcd,0885644a-9a39-5222-abbc-2fbe58935244,jong sun kim,ung sun kim,"Korea, North",kp,60.87,1,0,66.52,name=61; country=['kp'],REVIEW
1bacae61-7d31-58f3-9a3d-c8f20b1d5fcd,290a5a17-12ba-54d3-8934-69e1a8f01234,jong sun kim,jong son ho,"Korea, North",kp,60.87,1,0,66.52,name=61; country=['kp'],REVIEW
1bacae61-7d31-58f3-9a3d-c8f20b1d5fcd,9eddb6a0-baeb-5b5c-b6f2-4b9577c189b7,jong sun kim,yong ju kim,"Korea, North",kp,60.87,1,0,66.52,name=61; country=['kp'],REVIEW
3c08ca0d-23b3-5574-85a7-901e21cddc9b,cbdf6cc1-c16a-5fe1-886e-2b0d74882a0b,kum hui pak,chol nam pak,"Korea, North",kp,60.87,1,0,66.52,name=61; country=['kp'],REVIEW
ee714e14-ed52-53c9-a0f3-0a0fb01c9e2c,741c6a5e-d244-5497-b88e-2e55c0447846,jong gun pak,chun il pak,"Korea, North",kp,60.87,1,0,66.52,name=61; country=['kp'],REVIEW
1ad2c0de-1de9-5af3-9e95-190396b8005f,a4f277a4-af5d-5c02-85b9-94baf950dfa5,song hak ri,song ho jong,"Korea, North",kp,60.87,1,0,66.52,name=61; country=['kp'],REVIEW
1ad2c0de-1de9-5af3-9e95-190396b8005f,4c764df4-42ba-5b64-9a59-3fe70dd4d74f,song hak ri,chol song jo,"Korea, North",kp,60.87,1,0,66.52,name=61; country=['kp'],REVIEW
77116887-2b70-5a73-8d86-b89f28be0dc9,3a3dfc35-72b0-569a-82a6-51179e0d7e1e,chol gyu ju,mun chol kim,"Korea, North",kp,60.87,1,0,66.52,name=61; country=['kp'],REVIEW
77116887-2b70-5a73-8d86-b89f28be0dc9,255af80c-23aa-5e30-812f-dde7dff45ed7,chol gyu ju,in chol jong,"Korea, North",kp,60.87,1,0,66.52,name=61; country=['kp'],REVIEW
77116887-2b70-5a73-8d86-b89f28be0dc9,68d55cae-ab6e-5083-9a53-c6ae3cc2bc4b,chol gyu ju,chol ung nam,"Korea, North",kp,60.87,1,0,66.52,name=61; country=['kp'],REVIEW
49fae442-9d38-5575-8249-874394a44a20,290a5a17-12ba-54d3-8934-69e1a8f01234,sung ho yang,jong son ho,"Korea, North",kp,60.87,1,0,66.52,name=61; country=['kp'],REVIEW
49fae442-9d38-5575-8249-874394a44a20,8f1c1152-1c0e-5b3e-a115-3f5f487a27ca,sung ho yang,kwang ho yu,"Korea, North",kp,60.87,1,0,66.52,name=61; country=['kp'],REVIEW
0d1d2866-386b-5a8c-8de9-b534f9364050,3994612e-996b-596c-91b7-90cd5320c49c,kum chol kim,tong-ho kim,"Korea, North",kp,60.87,1,0,66.52,name=61; country=['kp'],REVIEW
4f2e5ddc-e7f2-5114-91e0-b66d2b467446,1a737494-4a6d-55cd-b6bf-f2dbd23e696a,sung du kim,man chun kim,"Korea, North",kp,60.87,1,0,66.52,name=61; country=['kp'],REVIEW
4f2e5ddc-e7f2-5114-91e0-b66d2b467446,3a3dfc35-72b0-569a-82a6-51179e0d7e1e,sung du kim,mun chol kim,"Korea, North",kp,60.87,1,0,66.52,name=61; country=['kp'],REVIEW
4f2e5ddc-e7f2-5114-91e0-b66d2b467446,cb469236-b7f5-5d91-82ab-566e6d934301,sung du kim,yong bok kim,"Korea, North",kp,60.87,1,0,66.52,name=61; country=['kp'],REVIEW
4f2e5ddc-e7f2-5114-91e0-b66d2b467446,c5f12979-38eb-5171-ac3f-9f9b622d122a,sung du kim,kwang-il kim,"Korea, North",kp,60.87,1,0,66.52,name=61; country=['kp'],REVIEW
4f2e5ddc-e7f2-5114-91e0-b66d2b467446,730507a8-1028-50f1-8b74-e63ff1a5bd0e,sung du kim,sang man kim,"Korea, North",kp,60.87,1,0,66.52,name=61; country=['kp'],REVIEW
a02de48a-caf5-5505-ba51-5a38d2e02d9f,3a697517-1a1e-5bbd-8932-f90088886e14,sok chol jo,chol sam kim,"Korea, North",kp,60.87,1,0,66.52,name=61; country=['kp'],REVIEW
a02de48a-caf5-5505-ba51-5a38d2e02d9f,cbdf6cc1-c16a-5fe1-886e-2b0d74882a0b,sok chol jo,chol nam pak,"Korea, North",kp,60.87,1,0,66.52,name=61; country=['kp'],REVIEW
a02de48a-caf5-5505-ba51-5a38d2e02d9f,255af80c-23aa-5e30-812f-dde7dff45ed7,sok chol jo,in chol jong,"Korea, North",kp,60.87,1,0,66.52,name=61; country=['kp'],REVIEW
c394fac8-0504-562f-861e-71123974b95f,e0d597b0-49d9-5849-83c1-3c2b189426b0,jae ryong kim,ryong kang,"Korea, North",kp,60.87,1,0,66.52,name=61; country=['kp'],REVIEW
16e2fc62-372f-5b15-a7a0-28390672fd29,cf8b6a77-2e92-5cbe-b1a0-def677d911eb,kang choe,song chol choe,"Korea, North",kp,60.87,1,0,66.52,name=61; country=['kp'],REVIEW
16e2fc62-372f-5b15-a7a0-28390672fd29,ac20c82b-a756-5b8b-b07a-a1aecff7e9bc,kang choe,chun yong choe,"Korea, North",kp,60.87,1,0,66.52,name=61; country=['kp'],REVIEW
3dd10b94-ab62-5ae5-a73e-60104d5a70c8,f46b91e1-d7a0-59a1-b231-26c7c4c19d88,chol san ri,yong chol ho,"Korea, North",kp,60.87,1,0,66.52,name=61; country=['kp'],REVIEW
3dd10b94-ab62-5ae5-a73e-60104d5a70c8,f94cc52e-7c0e-5ab7-9116-8acb8d38b55e,chol san ri,yong chol jo,"Korea, North",kp,60.87,1,0,66.52,name=61; country=['kp'],REVIEW
3dd10b94-ab62-5ae5-a73e-60104d5a70c8,cbdf6cc1-c16a-5fe1-886e-2b0d74882a0b,chol san ri,chol nam pak,"Korea, North",kp,60.87,1,0,66.52,name=61; country=['kp'],REVIEW
3dd10b94-ab62-5ae5-a73e-60104d5a70c8,a4f82b64-a1c9-5934-9ae9-ea55ed5c776f,chol san ri,tong hyok ri,"Korea, North",kp,60.87,1,0,66.52,name=61; country=['kp'],REVIEW
3dd10b94-ab62-5ae5-a73e-60104d5a70c8,68d55cae-ab6e-5083-9a53-c6ae3cc2bc4b,chol san ri,chol ung nam,"Korea, North",kp,60.87,1,0,66.52,name=61; country=['kp'],REVIEW
5f9ee52c-a87d-58ea-896c-92f65a548854,11d8c011-5873-5083-a3f4-aaf27feb5ce6,chol u yu,chol min myong,"Korea, North",kp,60.87,1,0,66.52,name=61; country=['kp'],REVIEW
277b79f8-2ac4-5584-9f5d-955980bfc4c6,6b4f16de-3f22-51a8-bf5d-67218eb9095e,chang uk wang,won uk pae,"Korea, North",kp,60.87,1,0,66.52,name=61; country=['kp'],REVIEW
aed6b75b-4fc2-5fec-abf0-625322fc4f37,f46b91e1-d7a0-59a1-b231-26c7c4c19d88,chol ha kim,yong chol ho,"Korea, North",kp,60.87,1,0,66.52,name=61; country=['kp'],REVIEW
aed6b75b-4fc2-5fec-abf0-625322fc4f37,68d55cae-ab6e-5083-9a53-c6ae3cc2bc4b,chol ha kim,chol ung nam,"Korea, North",kp,60.87,1,0,66.52,name=61; country=['kp'],REVIEW
fba55d87-e11e-536c-80e8-00fc53ec6dce,255af80c-23aa-5e30-812f-dde7dff45ed7,jong jin so,in chol jong,"Korea, North",kp,60.87,1,0,66.52,name=61; country=['kp'],REVIEW
fba55d87-e11e-536c-80e8-00fc53ec6dce,0e9a260b-0ef4-5d08-bc3c-4465e23f4543,jong jin so,jong hun kil,"Korea, North",kp,60.87,1,0,66.52,name=61; country=['kp'],REVIEW
8cd0c6e3-caab-55c5-94be-0cc31f55b070,f46b91e1-d7a0-59a1-b231-26c7c4c19d88,jong ho yun,yong chol ho,"Korea, North",kp,60.87,1,0,66.52,name=61; country=['kp'],REVIEW
8cd0c6e3-caab-55c5-94be-0cc31f55b070,255af80c-23aa-5e30-812f-dde7dff45ed7,jong ho yun,in chol jong,"Korea, North",kp,60.87,1,0,66.52,name=61; country=['kp'],REVIEW
8cd0c6e3-caab-55c5-94be-0cc31f55b070,0e9a260b-0ef4-5d08-bc3c-4465e23f4543,jong ho yun,jong hun kil,"Korea, North",kp,60.87,1,0,66.52,name=61; country=['kp'],REVIEW
bd8abcfa-887a-5ca1-8f14-a5dd8c78110c,0e9a260b-0ef4-5d08-bc3c-4465e23f4543,jong bom ko,jong hun kil,"Korea, North",kp,60.87,1,0,66.52,name=61; country=['kp'],REVIEW
bd8abcfa-887a-5ca1-8f14-a5dd8c78110c,f26aaf2e-a651-517b-aba9-903eb8ff7e80,jong bom ko,un jong choe,"Korea, North",kp,60.87,1,0,66.52,name=61; country=['kp'],REVIEW
3fb152be-1f78-5bf9-aa97-cbaa07844038,12e28eae-3413-5c7f-8543-5361d66133d5,sung chan kim,ho kyu kim,"Korea, North",kp,60.87,1,0,66.52,name=61; country=['kp'],REVIEW
3fb152be-1f78-5bf9-aa97-cbaa07844038,0bd558aa-1421-5587-843c-f71b34c549df,sung chan kim,su gil kim,"Korea, North",kp,60.87,1,0,66.52,name=61; country=['kp'],REVIEW
3fb152be-1f78-5bf9-aa97-cbaa07844038,b08c4646-4d5e-5f6a-9e7b-60ac21294784,sung chan kim,sung il ri,"Korea, North",kp,60.87,1,0,66.52,name=61; country=['kp'],REVIEW
f3c08208-2b98-5df7-80e3-d940f854096e,a8cba52b-1ae3-5e9b-b1fb-e13f1da061fe,yong il ju,yong chol kim,"Korea, North",kp,60.87,1,0,66.52,name=61; country=['kp'],REVIEW
077959aa-ee52-5a90-a839-8c3e1ce4feca,62fa7bc2-cae8-54af-9190-4a72c055be38,kum song jin,song sun im,"Korea, North",kp,60.87,1,0,66.52,name=61; country=['kp'],REVIEW
47ad2603-a5d2-5b3c-b035-391c6c9fadf7,7e7f14fc-2f97-5696-b2ee-a43d9722648f,song jun kim,song jin im,"Korea, North",kp,60.87,1,0,66.52,name=61; country=['kp'],REVIEW
47ad2603-a5d2-5b3c-b035-391c6c9fadf7,62fa7bc2-cae8-54af-9190-4a72c055be38,song jun kim,song sun im,"Korea, North",kp,60.87,1,0,66.52,name=61; country=['kp'],REVIEW
47ad2603-a5d2-5b3c-b035-391c6c9fadf7,0885644a-9a39-5222-abbc-2fbe58935244,song jun kim,ung sun kim,"Korea, North",kp,60.87,1,0,66.52,name=61; country=['kp'],REVIEW
c4e8dab2-3721-51a6-ae63-1e0a6c2721d6,12e28eae-3413-5c7f-8543-5361d66133d5,chang sok kim,ho kyu kim,"Korea, North",kp,60.87,1,0,66.52,name=61; country=['kp'],REVIEW
c4e8dab2-3721-51a6-ae63-1e0a6c2721d6,0bd558aa-1421-5587-843c-f71b34c549df,chang sok kim,su gil kim,"Korea, North",kp,60.87,1,0,66.52,name=61; country=['kp'],REVIEW
4741c842-aa4f-5cb6-9d00-509b4d4be52a,62242724-dd04-5f07-8346-f4298bcc659d,jong nam kim,nam ung kim,"Korea, North",kp,60.87,1,0,66.52,name=61; country=['kp'],REVIEW
4741c842-aa4f-5cb6-9d00-509b4d4be52a,3994612e-996b-596c-91b7-90cd5320c49c,jong nam kim,tong-ho kim,"Korea, North",kp,60.87,1,0,66.52,name=61; country=['kp'],REVIEW
4741c842-aa4f-5cb6-9d00-509b4d4be52a,9eddb6a0-baeb-5b5c-b6f2-4b9577c189b7,jong nam kim,yong ju kim,"Korea, North",kp,60.87,1,0,66.52,name=61; country=['kp'],REVIEW
cc81e615-d493-582e-afc5-946ac6cfb9f5,1a737494-4a6d-55cd-b6bf-f2dbd23e696a,chol su kim,man chun kim,"Korea, North",kp,60.87,1,0,66.52,name=61; country=['kp'],REVIEW
cc81e615-d493-582e-afc5-946ac6cfb9f5,86f78ac3-c178-5fef-8754-9e7ec6d5010b,chol su kim,song hun kim,"Korea, North",kp,60.87,1,0,66.52,name=61; country=['kp'],REVIEW
cc81e615-d493-582e-afc5-946ac6cfb9f5,255af80c-23aa-5e30-812f-dde7dff45ed7,chol su kim,in chol jong,"Korea, North",kp,60.87,1,0,66.52,name=61; country=['kp'],REVIEW
cc81e615-d493-582e-afc5-946ac6cfb9f5,aacef892-1df2-54c7-a22f-6e79d940125a,chol su kim,kil su hwang,"Korea, North",kp,60.87,1,0,66.52,name=61; country=['kp'],REVIEW
cc81e615-d493-582e-afc5-946ac6cfb9f5,4c764df4-42ba-5b64-9a59-3fe70dd4d74f,chol su kim,chol song jo,"Korea, North",kp,60.87,1,0,66.52,name=61; country=['kp'],REVIEW
cc81e615-d493-582e-afc5-946ac6cfb9f5,cbdf6cc1-c16a-5fe1-886e-2b0d74882a0b,chol su kim,chol nam pak,"Korea, North",kp,60.87,1,0,66.52,name=61; country=['kp'],REVIEW
8a1de872-f702-55f1-ac47-c13b3708fe76,01a6371b-7885-5ff4-ad82-9a6597c21e36,hyok gwon ri,jin hyok ri,"Korea, North",kp,60.87,1,0,66.52,name=61; country=['kp'],REVIEW
8a1de872-f702-55f1-ac47-c13b3708fe76,b0bc9fa7-943e-56c4-ac4a-5c25ef99dd51,hyok gwon ri,chang ho ri,"Korea, North",kp,60.87,1,0,66.52,name=61; country=['kp'],REVIEW
8a4561d5-6e38-5ae7-894b-48966e7707a5,62242724-dd04-5f07-8346-f4298bcc659d,sung jin kim,nam ung kim,"Korea, North",kp,60.87,1,0,66.52,name=61; country=['kp'],REVIEW
8a4561d5-6e38-5ae7-894b-48966e7707a5,3994612e-996b-596c-91b7-90cd5320c49c,sung jin kim,tong-ho kim,"Korea, North",kp,60.87,1,0,66.52,name=61; country=['kp'],REVIEW
8a4561d5-6e38-5ae7-894b-48966e7707a5,7e7f14fc-2f97-5696-b2ee-a43d9722648f,sung jin kim,song jin im,"Korea, North",kp,60.87,1,0,66.52,name=61; country=['kp'],REVIEW
8a4561d5-6e38-5ae7-894b-48966e7707a5,05295a1f-3193-5ce8-bb09-449b7fd68ddc,sung jin kim,yon hui kim,"Korea, North",kp,60.87,1,0,66.52,name=61; country=['kp'],REVIEW
cc616297-3e2c-5035-bb7f-1fdb127363a5,c38931e4-4ea5-5377-bd31-227146de11df,song kim,tong-myo'ng kim,"Korea, North",kp,60.87,1,0,66.52,name=61; country=['kp'],REVIEW
72004bb0-b77a-50ae-bfde-809521de7dbb,ac7db0e1-9354-5ecb-81b1-c2d4a4d8d20c,muhammad al-manfi,khalifa mohamed ahmed ghawil,Libya,ly,60.87,1,0,66.52,name=61; country=['ly'],REVIEW
e74dcac3-8629-5c1e-ae65-a122e848330b,f2987563-7438-5736-8aa7-5d17cf384cce,victoria rodriguez ceja,lucio rodriguez serrano,Mexico,mx,60.87,1,0,66.52,name=61; country=['mx'],REVIEW
deffef92-5e4e-5bef-be86-70cff77a0947,f9ba9454-ef1c-5f0b-9cbe-a8c154fcf94a,oscar gonzalez canete,liz paola doldan gonzalez,Paraguay,py,60.87,1,0,66.52,name=61; country=['py'],REVIEW
b45b6c16-05c3-5345-95eb-c1c6135f61b2,eef6e3b2-69d3-519a-9f51-eb683afbc30c,aleksandr valentinovich novak,aleksandr ermakov,Russia,ru,60.87,1,0,66.52,name=61; country=['ru'],REVIEW
5ae8202c-5c03-5346-971f-d088c5aae8ef,86bacf06-abfc-582c-a687-adb84251e974,maksut igorevich shadayev,ivan igorevich sechin,Russia,ru,60.87,1,0,66.52,name=61; country=['ru'],REVIEW
f21fad05-0e28-5492-a4e5-4ca30560fe5c,db8e2b6e-c6dc-5502-ba2a-10e7e5d92c59,vladimir aleksandrovich kolokoltsev,aleksandr aleksandrovich volosovik,Russia,ru,60.87,1,0,66.52,name=61; country=['ru'],REVIEW
f21fad05-0e28-5492-a4e5-4ca30560fe5c,896ae7fc-3049-5302-847e-6f9c3e6103ea,vladimir aleksandrovich kolokoltsev,alexander aleksandrovich malkevich,Russia,ru,60.87,1,0,66.52,name=61; country=['ru'],REVIEW
f21fad05-0e28-5492-a4e5-4ca30560fe5c,6f559afb-280c-5902-a152-55b4847425e4,vladimir aleksandrovich kolokoltsev,alexander aleksandrovich vedyakhin,Russia,ru,60.87,1,0,66.52,name=61; country=['ru'],REVIEW
147ba313-ef1d-5225-bc02-d52875086c66,c721b0df-70eb-5774-aaff-89a63f56fac1,musaid bin muhammad al-ayban,mohammad al-otaibi,Saudi Arabia,sa,60.87,1,0,66.52,name=61; country=['sa'],REVIEW
973e7719-49fd-5dcd-ae5b-2e64999d78b7,f3808244-9e06-5651-a5e6-f9ce19956617,mohamud abdirahman sheikh “beene-beene”,abdirahman fahiye isse mohamud,Somalia,so,60.87,1,0,66.52,name=61; country=['so'],REVIEW
ac9c6dc5-aee9-5725-a52b-091d465c61b4,5b1f9cfe-6333-5a34-bf72-4601e91daba9,khadija mohamed dirie,abdirahman mohamed omar,Somalia,so,60.87,1,0,66.52,name=61; country=['so'],REVIEW
be95870c-a530-5d64-82da-7bcc1f3e21da,de27b4ae-658e-5936-9205-e721969d9fa8,mohamed hamdan dagalo,ali ahmed karti mohamed,Sudan,sd,60.87,1,0,66.52,name=61; country=['sd'],REVIEW
6431c011-7e65-57eb-be58-5fd69139c64a,e31a4810-d3a8-5305-9259-cc1a9fbb60c3,muhammad yasir barniyah,tawfiq muhammad khadour,Syria,sy,60.87,1,0,66.52,name=61; country=['sy'],REVIEW
c6fa8dc2-0c43-5716-a8f0-5846972e48d6,02761702-0d80-51d2-8394-89889b9b37c3,muhammad samih hamid,muhammad yousef al-hasouri,Syria,sy,60.87,1,0,66.52,name=61; country=['sy'],REVIEW
3af07ca8-cecc-5baf-8a7f-aeba0f1d105b,e9212872-ee4f-5429-89e2-8ffc2d02bd1f,abd al-nasser al-wali,muhammad fadl abd al-nabi,Yemen,ye,60.87,1,0,66.52,name=61; country=['ye'],REVIEW
1b652019-36c0-552b-9031-55ce6822d027,136d114f-52d5-5b15-8d83-03bd139b482d,abd al-salam hadi,said salih abd-rabbuh al-omgy,Yemen,ye,60.87,1,0,66.52,name=61; country=['ye'],REVIEW
60703c42-976d-5078-8240-0e96bfee1620,615ea5dc-debd-5c16-a2dc-dabcf04ad4b8,abd al-wahab abdullah ahmed al-hajri,adil mutahhar abdallah al muayyad,Yemen,ye,60.87,1,0,66.52,name=61; country=['ye'],REVIEW
8dff148d-4a18-5f86-adcc-4043ac3d5ff9,32216c04-320b-5a09-9678-d6a9a61dfec2,muhammad bin abd al-malik al al-shaykh,faisal jassim mohammed al-amri al-khalidi,Saudi Arabia,sa,60.76,1,0,66.46,name=61; country=['sa'],REVIEW
08745631-92c4-5a00-956c-b4fd5aca134b,e465ae3d-dc69-59e7-88e8-a087d1688dab,jesus antonio esteva medina,armando de jesus ojeda aviles,Mexico,mx,60.71,1,0,66.43,name=61; country=['mx'],REVIEW
f27757ff-9827-52a6-9f26-bb33523f2e5d,f3f6a050-e2ce-50ae-a2ea-d375973b197d,muhammad junaid anwar chaudhry,mohammad masood azhar alvi,Pakistan,pk,60.71,1,0,66.43,name=61; country=['pk'],REVIEW
19d89641-666f-5f5d-a65b-d189af5e95fe,e40c1bdb-1d3e-56fe-8e26-6e0b7dd3ddc0,vladimir vladimirovich putin,igor vladimirovich pozhidaev,Russia,ru,60.71,1,0,66.43,name=61; country=['ru'],REVIEW
19d89641-666f-5f5d-a65b-d189af5e95fe,75034a86-74b0-560f-9d28-02887036c184,vladimir vladimirovich putin,andrey vladimirovich yatskin,Russia,ru,60.71,1,0,66.43,name=61; country=['ru'],REVIEW
19d89641-666f-5f5d-a65b-d189af5e95fe,ae781a18-0e3d-50c0-9c82-6d74dba02010,vladimir vladimirovich putin,ilya vladimirovich yeliseyev,Russia,ru,60.71,1,0,66.43,name=61; country=['ru'],REVIEW
19d89641-666f-5f5d-a65b-d189af5e95fe,ae675f69-9348-5530-a58c-9694f9000c62,vladimir vladimirovich putin,arkady vladimirovich trachuk,Russia,ru,60.71,1,0,66.43,name=61; country=['ru'],REVIEW
19d89641-666f-5f5d-a65b-d189af5e95fe,eae749cd-fe8a-53f5-b0ec-304a10150e3c,vladimir vladimirovich putin,igor vladimirovich panchenko,Russia,ru,60.71,1,0,66.43,name=61; country=['ru'],REVIEW
006ad23e-54a7-54a1-8822-9ce4af2635fc,3d451922-e373-51ac-a947-51068fdaf883,mikhail vladimirovich mishustin,oleg vladimirovich petrov,Russia,ru,60.71,1,0,66.43,name=61; country=['ru'],REVIEW
a1fcf254-dd99-5958-ace3-bcc964752c0c,a4321bc2-890a-5458-9c22-36eb203db17e,dmitriy nikolayevich patrushev,sergey nikolayevich kolbin,Russia,ru,60.71,1,0,66.43,name=61; country=['ru'],REVIEW
f11ad005-002c-53ae-9cda-c70654fa1f7d,670c2dde-20a5-57c1-bd8d-6e1f4e2a91af,vitaliy gennadyevich savelyev,sergei gennadyevich novikov,Russia,ru,60.71,1,0,66.43,name=61; country=['ru'],REVIEW
baf13575-cd11-5c0c-ae96-f537015d05c2,a2d6b236-47a4-501e-afdc-ed465b1a638f,aleksey olegovich chekunkov,aleksey vyacheslavovich losev,Russia,ru,60.71,1,0,66.43,name=61; country=['ru'],REVIEW
2bf83e07-5387-5987-9333-0a44ebdc0a8f,7866d833-0e16-505d-aaee-bc99d53bf116,sergey sergeyevich kravtsov,sergey vladimirovich kabyshev,Russia,ru,60.71,1,0,66.43,name=61; country=['ru'],REVIEW
2bf83e07-5387-5987-9333-0a44ebdc0a8f,436f7273-f94b-54d9-8c6b-2f34f4190fa3,sergey sergeyevich kravtsov,sergey vladimirovich burlakov,Russia,ru,60.71,1,0,66.43,name=61; country=['ru'],REVIEW
97b179e7-8df1-5604-acd0-0ea13054997f,eab05bde-586f-53e1-8854-b8316d56f33a,sergey yevgenyevich tsivilev,sergey sergeyevich alekseyev,Russia,ru,60.71,1,0,66.43,name=61; country=['ru'],REVIEW
9f7f1740-b4dd-5baa-9f5c-0df51713cbf6,00a7212f-5498-5374-ba58-9f78bbb8516e,sergey viktorovich lavrov,sergey vladimirovich khotimskiy,Russia,ru,60.71,1,0,66.43,name=61; country=['ru'],REVIEW
9f1314cf-6c54-5b3f-b942-9bf298c2e407,5069585b-b42a-5a28-be6a-a4970a26875e,mikhail albertovich murashko,mikhail anatolyevich sinelin,Russia,ru,60.71,1,0,66.43,name=61; country=['ru'],REVIEW
9f1314cf-6c54-5b3f-b942-9bf298c2e407,4ed8debd-ccf5-5a76-9bce-628ef10368a1,mikhail albertovich murashko,mikhail borisovich terentyev,Russia,ru,60.71,1,0,66.43,name=61; country=['ru'],REVIEW
5e7ae156-a13d-5428-a59e-f95c95f775d2,43913702-e940-5be2-9f79-1dfbf9b504fa,anton andreyevich alikhanov,anton aleksandrovich basansky,Russia,ru,60.71,1,0,66.43,name=61; country=['ru'],REVIEW
fbee7b65-a0d0-5c1f-b1ab-b1bba5553a9b,86675259-452f-56fa-9a57-0af9ed902f77,valeriy nikolayevich falkov,sergey nikolayevich ryabukhin,Russia,ru,60.71,1,0,66.43,name=61; country=['ru'],REVIEW
d6e33049-9c30-57e4-8fa8-e9317955ad2e,7807a153-dd72-5dfd-9e03-77886e456dc9,mikhail vladimirovich degtyarev,mikhail yurevich alekseev,Russia,ru,60.71,1,0,66.43,name=61; country=['ru'],REVIEW
dbe82bd4-dc46-57b0-b0e4-d46ff1522618,540a94a7-135e-570b-a13d-b60c6506bbf0,roman vladimirovich starovoyt,pavel vladimirovich simigin,Russia,ru,60.71,1,0,66.43,name=61; country=['ru'],REVIEW
dbe82bd4-dc46-57b0-b0e4-d46ff1522618,78d1bfd3-41ba-5dd9-8d45-6ee767a5f851,roman vladimirovich starovoyt,ulan vladimirovich ilishkin,Russia,ru,60.71,1,0,66.43,name=61; country=['ru'],REVIEW
dbe82bd4-dc46-57b0-b0e4-d46ff1522618,ab46d26d-dbcf-58ae-89f2-066cf6ba4b4f,roman vladimirovich starovoyt,yuri vladimirovich belyakov,Russia,ru,60.71,1,0,66.43,name=61; country=['ru'],REVIEW
dbe82bd4-dc46-57b0-b0e4-d46ff1522618,ff04df48-239c-5315-a714-eeda31689912,roman vladimirovich starovoyt,dmitrii vladimirovich galin,Russia,ru,60.71,1,0,66.43,name=61; country=['ru'],REVIEW
cc74e525-c18d-5f6c-8a8b-ea66a557c6bc,50adbd31-12d9-5728-972e-360df0842e21,sergey yevgenyevich naryshkin,yaroslav yevgenyevich nilov,Russia,ru,60.71,1,0,66.43,name=61; country=['ru'],REVIEW
0a20c63b-a3e5-5b97-9a17-2fa6525d1530,0fb52279-35db-5f55-b2e8-a9a7f5ea339d,aleksandr vasilyevich bortnikov,oleg vasilyevich matytsin,Russia,ru,60.71,1,0,66.43,name=61; country=['ru'],REVIEW
ae0688ac-473c-5dd1-9ef0-30bcdc52c48b,ac650d90-8e04-58db-ac12-424aa36cafba,sergey kuzhugetovich shoygu,sergey aleksandrovich yershov,Russia,ru,60.71,1,0,66.43,name=61; country=['ru'],REVIEW
66e0e444-e055-571d-8efc-92a87aee35f2,55159602-14e1-5de3-876a-c293c2be41ce,vasiliy alekseyevich nebenzya,yuriy alekseyevich soloviev,Russia,ru,60.71,1,0,66.43,name=61; country=['ru'],REVIEW
66e0e444-e055-571d-8efc-92a87aee35f2,94a33a55-d55d-5998-87de-22565fb79748,vasiliy alekseyevich nebenzya,oleg alekseyevich nikolayev,Russia,ru,60.71,1,0,66.43,name=61; country=['ru'],REVIEW
f0528325-e090-53f7-8748-df53b28db9ac,2c7b5b61-7328-5e11-bfe2-5f1e2ce982ef,ahmadbin sulaiman al-rajhi,ahmad hassan mohammed al asiri,Saudi Arabia,sa,60.71,1,0,66.43,name=61; country=['sa'],REVIEW
692d0217-0dbb-5722-b4f2-ed73c5bdc12a,dbde3523-dc1c-5ad3-bea1-817ce19cde2b,abdullah al-alimi ba wazir,'abdallah najib ahmad al-jamal,Yemen,ye,60.71,1,0,66.43,name=61; country=['ye'],REVIEW
cb6fedfb-8e3d-5bc6-ad4e-af56f4de6cb8,86131cbf-76eb-589b-b4f8-07a10b849cf0,'abd-al-rahman abu zara'a,abdulwali abdoh hasan al-jabri,Yemen,ye,60.71,1,0,66.43,name=61; country=['ye'],REVIEW
b52b2801-6f97-5c31-bb7c-ee616e85b5b9,d25accbe-2c4d-5d6b-8d4b-252fcfe9a7b8,salem abdullah al-soqotri,hamid abdullah hussein al ahmar,Yemen,ye,60.71,1,0,66.43,name=61; country=['ye'],REVIEW
5f272a74-f9a6-53b5-a1b2-5ce576352220,67781c14-b09b-5e3e-9802-11bb1d376361,muhammad hazm al-ashwal,ali muhammad muhsin salih al-hadi,Yemen,ye,60.71,1,0,66.43,name=61; country=['ye'],REVIEW
d673bd64-7515-5966-9e29-0990efbfcb22,f5e18afe-18ce-5f6f-99ed-607d9433d0f3,ibrahim ali ahmad haydan,ahmed hasan ali sulaiman mataan,Yemen,ye,60.71,1,0,66.43,name=61; country=['ye'],REVIEW
e614b1a4-c644-556d-bcf4-30f13d9b48ff,865148e7-2e38-56ce-bd93-29736be0ceee,abdallah ali fadl al-saadi,shaykh abd-al-majid al-zindani,Yemen,ye,60.71,1,0,66.43,name=61; country=['ye'],REVIEW
3f158ecf-c0a5-5fcf-86c2-d50d1293e973,abf93ff2-3dc6-5c54-8f23-9fbd7980d3e7,moumin hassan barreh,mariam barreh,Djibouti,dj,60.61,1,0,66.36,name=61; country=['dj'],REVIEW
2d20fac7-eeb4-539a-8e93-9b3d2849f11e,58d716d9-1810-58c9-a7c6-43ce7d327347,rajnath singh,jugwinder singh brar,India,in,60.61,1,0,66.36,name=61; country=['in'],REVIEW
4fd54716-bb30-50c6-9919-8026487ccdcf,e29c4585-8c03-52d9-8d94-c175139fb3ff,ali hoseini-khamenei,ali shamkhani,Iran,ir,60.61,1,0,66.36,name=61; country=['ir'],REVIEW
1a8f313c-00cf-566a-a5e5-16a23c87195d,bc245e07-5a67-57e4-917f-70ff84fa950d,mohammad-reza aref,mohammad magham,Iran,ir,60.61,1,0,66.36,name=61; country=['ir'],REVIEW
1a8f313c-00cf-566a-a5e5-16a23c87195d,53db54cd-4f72-57ec-978d-378520d1417f,mohammad-reza aref,mohammad hejazi,Iran,ir,60.61,1,0,66.36,name=61; country=['ir'],REVIEW
1a8f313c-00cf-566a-a5e5-16a23c87195d,7511eb13-5514-52b8-8282-77d7aa47f94e,mohammad-reza aref,mohammad vahidi,Iran,ir,60.61,1,0,66.36,name=61; country=['ir'],REVIEW
9527d76f-4f43-5099-83ad-80e09d382873,6b50d534-a48b-540e-972f-57fb8c8a4f0a,ali-reza kazemi,hamid reza ramazan,Iran,ir,60.61,1,0,66.36,name=61; country=['ir'],REVIEW
9527d76f-4f43-5099-83ad-80e09d382873,35306c92-ec01-5c8f-aeeb-032be5984c37,ali-reza kazemi,ali morteza birang,Iran,ir,60.61,1,0,66.36,name=61; country=['ir'],REVIEW
727db6a8-7d5f-5398-8847-00584f79a101,a4f4bccb-3f16-5b56-b2ed-6faceb9585bb,abbas araqchi,abbas ali kadkhodaei,Iran,ir,60.61,1,0,66.36,name=61; country=['ir'],REVIEW
cdfd7c52-2fa6-55f8-baff-cfe317ebcbc0,c69a2303-7882-5481-9348-701c4024d607,falih al-sari,fawzi mutlaq al-rawi,Iraq,iq,60.61,1,0,66.36,name=61; country=['iq'],REVIEW
1152e9ea-d08e-5831-a0d4-741ed4dcf550,1b1782c4-a0c2-5b72-9c43-076434d1b40c,fuad husayn,hussein falah al-lami,Iraq,iq,60.61,1,0,66.36,name=61; country=['iq'],REVIEW
1152e9ea-d08e-5831-a0d4-741ed4dcf550,67eb305b-dc93-54c5-b468-f332f353a091,fuad husayn,hussein qaid al-awadi,Iraq,iq,60.61,1,0,66.36,name=61; country=['iq'],REVIEW
ba55e52b-b04b-55d0-acd3-c02ee7077388,9cbb8210-5bb9-5db4-b2a2-f0d2cf0cda35,muhammad al-qaryu,mohamed koshlaf,Libya,ly,60.61,1,0,66.36,name=61; country=['ly'],REVIEW
84c1dd33-be88-5663-9470-06526958fbe2,ef9e5aa7-449d-5251-99e0-e8114cf0e482,ali al-abid,'abd-al-hamid al-masli,Libya,ly,60.61,1,0,66.36,name=61; country=['ly'],REVIEW
67709f35-8bf3-58b9-92fa-500130e74809,f7214ed3-631d-5968-9c16-47403084fa81,abdulla muththalib,abdulla shareef,Maldives,mv,60.61,1,0,66.36,name=61; country=['mv'],REVIEW
aa56f7cd-8124-55bc-8dcd-de6ced13604a,be588661-1fbe-5994-9526-d9d9e5cfa006,mohamed ameen,faris mohamed didi,Maldives,mv,60.61,1,0,66.36,name=61; country=['mv'],REVIEW
b7c878f1-ff17-5033-8e09-b96f9d59f372,48e724dd-d5ab-585b-b85d-1076ac67409c,ali naseer mohamed,mohamad ameen,Maldives,mv,60.61,1,0,66.36,name=61; country=['mv'],REVIEW
94236c17-114a-5982-a3c0-f41abced05da,2c6929f1-8271-519e-b108-c25c43bb85fc,abdul aleem khan,abdul qadeer khan,Pakistan,pk,60.61,1,0,66.36,name=61; country=['pk'],REVIEW
94236c17-114a-5982-a3c0-f41abced05da,76db7944-70db-5799-9097-19558243b068,abdul aleem khan,abdul hakim murad,Pakistan,pk,60.61,1,0,66.36,name=61; country=['pk'],REVIEW
315a6854-1972-5b66-8df9-009802c479d3,71f89555-dd01-5e0d-9726-32296839feea,ali pervaiz malik,mujtaba ali raza,Pakistan,pk,60.61,1,0,66.36,name=61; country=['pk'],REVIEW
006ad23e-54a7-54a1-8822-9ce4af2635fc,c4045cd5-bb97-5e7e-9add-cdebe6c50f4f,mikhail vladimirovich mishustin,aleksandr vladimirovich cherkovskiy,Russia,ru,60.61,1,0,66.36,name=61; country=['ru'],REVIEW
f21fad05-0e28-5492-a4e5-4ca30560fe5c,c7b131b4-ffdb-5cdf-b250-f43bc61bbbea,vladimir aleksandrovich kolokoltsev,vladimir stefanovich litvinenko,Russia,ru,60.61,1,0,66.36,name=61; country=['ru'],REVIEW
f21fad05-0e28-5492-a4e5-4ca30560fe5c,e07e4ab2-d436-50fe-a87e-443fc8f09d73,vladimir aleksandrovich kolokoltsev,sergey aleksandrovich shargunov,Russia,ru,60.61,1,0,66.36,name=61; country=['ru'],REVIEW
f21fad05-0e28-5492-a4e5-4ca30560fe5c,7d94734d-fcfe-5ddd-a38d-c33e21557b40,vladimir aleksandrovich kolokoltsev,stanislav aleksandrovich naumov,Russia,ru,60.61,1,0,66.36,name=61; country=['ru'],REVIEW
f21fad05-0e28-5492-a4e5-4ca30560fe5c,de54c4f8-a1c8-5364-8006-7effae6ed4ee,vladimir aleksandrovich kolokoltsev,alexey aleksandrovich mordashov,Russia,ru,60.61,1,0,66.36,name=61; country=['ru'],REVIEW
f21fad05-0e28-5492-a4e5-4ca30560fe5c,12993ca2-31ca-5a99-b0ed-d4af2bdddcc7,vladimir aleksandrovich kolokoltsev,aleksandr aleksandrovich kozlov,Russia,ru,60.61,1,0,66.36,name=61; country=['ru'],REVIEW
cd6c171d-c9ca-554f-891b-755908ea691e,ef69fab4-7a3a-52fe-b006-f8a2197a15b9,aleksandr aleksandrovich kozlov,aleksandr vladimirovich onishchenko,Russia,ru,60.61,1,0,66.36,name=61; country=['ru'],REVIEW
d6e33049-9c30-57e4-8fa8-e9317955ad2e,0f007da9-25a1-50e0-bb50-da42b53f6f4d,mikhail vladimirovich degtyarev,alexander vladimirovich shcherbakov,Russia,ru,60.61,1,0,66.36,name=61; country=['ru'],REVIEW
d6e33049-9c30-57e4-8fa8-e9317955ad2e,ef69fab4-7a3a-52fe-b006-f8a2197a15b9,mikhail vladimirovich degtyarev,aleksandr vladimirovich onishchenko,Russia,ru,60.61,1,0,66.36,name=61; country=['ru'],REVIEW
6f8d3b0a-45bb-5b76-a210-ac13674d0b7b,d75f5f12-f984-585d-a360-c073a0196b2b,haitham muhammad ibrahim,khalil ibrahim mohamed achar foudail taha,Sudan,sd,60.61,1,0,66.36,name=61; country=['sd'],REVIEW
f0b66f71-01d9-5c51-b9b6-9f9755117404,5197bf7d-4bce-53f1-be16-82be8fb3e890,muhammad skaf,mohammed dib zaitoun,Syria,sy,60.61,1,0,66.36,name=61; country=['sy'],REVIEW
062b6e2e-b49c-5214-b6ca-1a61397d8200,d69934a9-5fe1-572e-beb8-7fbcafcdbb2b,sa'id al-shamasi,mohamed al-atifi,Yemen,ye,60.61,1,0,66.36,name=61; country=['ye'],REVIEW
0d83099d-2625-53b3-b6bd-dc2349cc889a,9e3f8a27-3fc9-5665-bcd7-0739376f6ea7,khadidja hassana abdoulaye,abdoulaye miskine,Chad,td,60.47,1,0,66.28,name=60; country=['td'],REVIEW
1a8f313c-00cf-566a-a5e5-16a23c87195d,73b4e39d-1a76-5bad-adac-6f83e048102f,mohammad-reza aref,mohammad sadegh abutalebi,Iran,ir,60.47,1,0,66.28,name=60; country=['ir'],REVIEW
1a8f313c-00cf-566a-a5e5-16a23c87195d,a1d91ffd-9bbf-52ca-a14f-7b07bcf23f6f,mohammad-reza aref,mohammad shakeri ashtijeh,Iran,ir,60.47,1,0,66.28,name=60; country=['ir'],REVIEW
286d8443-aff7-5178-b2a1-75291c9f61ae,45fc9a87-c84e-5d7b-919f-5c53ef64b9cb,mohammad-reza zafarqandi,mohammad reza naqdi,Iran,ir,60.47,1,0,66.28,name=60; country=['ir'],REVIEW
286d8443-aff7-5178-b2a1-75291c9f61ae,12b779a6-568b-5113-ad9f-3d30b562fb11,mohammad-reza zafarqandi,mohammad reza ostad,Iran,ir,60.47,1,0,66.28,name=60; country=['ir'],REVIEW
30e84c08-0100-5fb9-adba-9b44b6b03513,33ee3d10-75fe-57f6-958e-78afb079df3f,abd al-rahim jassim,yahia abdallah al-ubaidi,Iraq,iq,60.47,1,0,66.28,name=60; country=['iq'],REVIEW
ede10d47-1dc0-591b-a561-e286797d055d,df910b27-582d-52d9-9d98-887728077534,muhammad nuri karbuli,muhammad hamza zubaidi,Iraq,iq,60.47,1,0,66.28,name=60; country=['iq'],REVIEW
f5bba0b2-1672-538d-a57d-6a7713adea30,02daf54e-02ba-57c5-8e10-dfa255d0cbea,basim muhammad khudayr,mohamed amin mostafa,Iraq,iq,60.47,1,0,66.28,name=60; country=['iq'],REVIEW
cccb6901-adab-5930-a913-cca4b7250978,c46afffa-3ea5-51b1-82eb-ff455b5e88bc,nizar al-khayrallah,sajida khayrallah tilfah,Iraq,iq,60.47,1,0,66.28,name=60; country=['iq'],REVIEW
6d580cd0-246d-59b1-92c3-1232ce7035b2,8b4ea004-21b5-5a1e-b3e9-8ebee15b42e5,muhammad haidar,muhammad 'abd-al-hadi farhat,Lebanon,lb,60.47,1,0,66.28,name=60; country=['lb'],REVIEW
1f73df7f-690d-505b-a1a2-f2bc1c2228b8,bd92fac4-4696-5760-8ae5-3b41af811a1a,yusuf mohamed adan,abdikarin farah mohamed,Somalia,so,60.47,1,0,66.28,name=60; country=['so'],REVIEW
6fe76e44-142e-53d5-9576-0ff60aa7b805,1b7a29a5-f38c-5428-b90b-751fc80c300f,dahir shire mohamed,abdiweli mohamed yusuf,Somalia,so,60.47,1,0,66.28,name=60; country=['so'],REVIEW
f322b8e0-5492-53f6-9b5f-c2f86507973b,c323f37c-eef6-54a5-a08e-bb7371769a13,abdulkadir muhammad nur,fuad mohamed khalaf,Somalia,so,60.47,1,0,66.28,name=60; country=['so'],REVIEW
9813a436-bcaf-50ee-a39a-8e63b50c7a09,0d28db77-1acc-5075-b46b-c815209f84cf,mohamed adan moalim,mohamed mire ali yusuf,Somalia,so,60.47,1,0,66.28,name=60; country=['so'],REVIEW
9813a436-bcaf-50ee-a39a-8e63b50c7a09,1b7a29a5-f38c-5428-b90b-751fc80c300f,mohamed adan moalim,abdiweli mohamed yusuf,Somalia,so,60.47,1,0,66.28,name=60; country=['so'],REVIEW
ea7e8ab1-0b3e-5477-9efc-81b4021f53c5,c9b975ef-f5fe-5ce6-b960-a5c8715ec5ca,ahmad husayn al-shara’,sahar otri al-akhras,Syria,gb,60.47,1,0,66.28,name=60; country=['sy'],REVIEW
c47c862d-75e5-5f45-adca-974521f25671,542d6172-b116-57c6-96a3-14ab9ba10992,muhammad nidal al-shaar,samer kamal al-assad,Syria,sy,60.47,1,0,66.28,name=60; country=['sy'],REVIEW
c2369b0c-9fa5-5e0b-a144-0128a0d33c6e,44ac64bb-5dab-573b-b453-850fd4dee8b1,muhammad al-bashir,imad mohammad deeb khamis,Syria,sy,60.47,1,0,66.28,name=60; country=['sy'],REVIEW
6431c011-7e65-57eb-be58-5fd69139c64a,5197bf7d-4bce-53f1-be16-82be8fb3e890,muhammad yasir barniyah,mohammed dib zaitoun,Syria,sy,60.47,1,0,66.28,name=60; country=['sy'],REVIEW
43b6ef8b-4f1b-57af-8e1a-e1552fdd6344,02761702-0d80-51d2-8394-89889b9b37c3,muhammad anjarani,muhammad yousef al-hasouri,Syria,sy,60.47,1,0,66.28,name=60; country=['sy'],REVIEW
c6fa8dc2-0c43-5716-a8f0-5846972e48d6,63f715bb-d83b-5a0a-875a-735db749253e,muhammad samih hamid,muhammad mahmud mahalla,Syria,sy,60.47,1,0,66.28,name=60; country=['sy'],REVIEW
f1c1473e-dffb-50fd-bbb3-0f32ea88747d,1342ceb6-62c8-5580-9a9b-1cb2f8fb9352,rashad muhammad al-alimi,mohamed ali badaas,Yemen,ye,60.47,1,0,66.28,name=60; country=['ye'],REVIEW
4beb9cd1-f540-5c90-b9d0-aec5dc047742,c8fb7c10-c762-55d4-b1c8-b6983bcdae8d,sidi ould baham ould mohamed laghdaf,'abd al-rahman ould muhammad al-husayn ould muhammad salim,Mauritania,mr,60.42,1,0,66.25,name=60; country=['mr'],REVIEW
864e8a54-af6f-5a84-b771-c5ee02ed365a,4eb30dd0-e9c8-51bf-bc62-fc4d7bf7f843,alyaksandr khadzhayew,alyaksandr ryhorovich lukashenka,Belarus,by,60.38,1,0,66.23,name=60; country=['by'],REVIEW
864e8a54-af6f-5a84-b771-c5ee02ed365a,00b0c46b-c31a-5a01-8003-26f659521772,alyaksandr khadzhayew,alyaksandr uladzimiravich yuzhyk,Belarus,by,60.38,1,0,66.23,name=60; country=['by'],REVIEW
51957458-67ed-54a9-9a0a-2c57fc419b81,f1fb3df9-c9e5-5652-a353-3b6e5028017e,mohamed salah el-din,muhammad nasr al-din al-ghazlani,Egypt,eg,60.38,1,0,66.23,name=60; country=['eg'],REVIEW
96afe964-6b9a-5b95-bed0-0c7b4726eb8d,8129dd78-3e06-5967-8fb3-4348773ce4a3,victor hugo ventura ruiz,manuel victor martinez olivet,Guatemala,gt,60.38,1,0,66.23,name=60; country=['gt'],REVIEW
1a8f313c-00cf-566a-a5e5-16a23c87195d,1cacd218-aa85-5304-be6f-da9d4d0c6c47,mohammad-reza aref,mohammad reza ghadir zare zaghalchi,Iran,ir,60.38,1,0,66.23,name=60; country=['ir'],REVIEW
a1fcf254-dd99-5958-ace3-bcc964752c0c,af480fec-c9ce-58ec-935a-433fa4988fbb,dmitriy nikolayevich patrushev,dmitriy olegovich levin,Russia,ru,60.38,1,0,66.23,name=60; country=['ru'],REVIEW
a1ba40bc-1093-5b3a-8915-c71338aae763,0ef73834-f687-5931-b422-6ceaaa1f7813,andrey removich belousov,andrey vitalyevich ilyashenko,Russia,ru,60.38,1,0,66.23,name=60; country=['ru'],REVIEW
a1ba40bc-1093-5b3a-8915-c71338aae763,2601fbed-9c4a-5ae9-bd25-f8c7f2e18d54,andrey removich belousov,andrey vladimirovich timoshin,Russia,ru,60.38,1,0,66.23,name=60; country=['ru'],REVIEW
a1ba40bc-1093-5b3a-8915-c71338aae763,30cd7445-4892-5044-9a8f-db3de5818c99,andrey removich belousov,andrey vladimirovich kiyashko,Russia,ru,60.38,1,0,66.23,name=60; country=['ru'],REVIEW
2bf83e07-5387-5987-9333-0a44ebdc0a8f,3268ab77-b0f7-53c6-9153-e5a507fc4006,sergey sergeyevich kravtsov,andrey sergeyevich nikitin,Russia,ru,60.38,1,0,66.23,name=60; country=['ru'],REVIEW
2bf83e07-5387-5987-9333-0a44ebdc0a8f,2f4eebeb-0786-51b1-8fe8-0d5f299d4d5c,sergey sergeyevich kravtsov,sergey viktorovich pitikov,Russia,ru,60.38,1,0,66.23,name=60; country=['ru'],REVIEW
2bf83e07-5387-5987-9333-0a44ebdc0a8f,84d4dc77-57d3-5c52-b565-0548843daed5,sergey sergeyevich kravtsov,andrey sergeyevich puchkov,Russia,ru,60.38,1,0,66.23,name=60; country=['ru'],REVIEW
9f7f1740-b4dd-5baa-9f5c-0df51713cbf6,79b603ac-5ba8-5bed-b16e-5df171078f73,sergey viktorovich lavrov,mikhail viktorovich turkanov,Russia,ru,60.38,1,0,66.23,name=60; country=['ru'],REVIEW
9f7f1740-b4dd-5baa-9f5c-0df51713cbf6,5e2efdce-5e5e-5821-9c69-17f41e9a937f,sergey viktorovich lavrov,mikhail viktorovich shchapov,Russia,ru,60.38,1,0,66.23,name=60; country=['ru'],REVIEW
9f7f1740-b4dd-5baa-9f5c-0df51713cbf6,89fc863a-42e3-5ccf-aede-2481c8ba47e9,sergey viktorovich lavrov,alexey viktorovich kuzmichev,Russia,ru,60.38,1,0,66.23,name=60; country=['ru'],REVIEW
9f7f1740-b4dd-5baa-9f5c-0df51713cbf6,b4242136-1b0e-5a49-ada9-c243ca900179,sergey viktorovich lavrov,dmitriy viktorovich lameykin,Russia,ru,60.38,1,0,66.23,name=60; country=['ru'],REVIEW
9f7f1740-b4dd-5baa-9f5c-0df51713cbf6,f89f5f02-510f-54b8-be76-e656303dd205,sergey viktorovich lavrov,aleksey viktorovich lukashev,Russia,ru,60.38,1,0,66.23,name=60; country=['ru'],REVIEW
9f7f1740-b4dd-5baa-9f5c-0df51713cbf6,c8ca894b-da10-544d-8b11-6cd8524a0d07,sergey viktorovich lavrov,sergey vyacheslavovich byzov,Russia,ru,60.38,1,0,66.23,name=60; country=['ru'],REVIEW
9f1314cf-6c54-5b3f-b942-9bf298c2e407,7807a153-dd72-5dfd-9e03-77886e456dc9,mikhail albertovich murashko,mikhail yurevich alekseev,Russia,ru,60.38,1,0,66.23,name=60; country=['ru'],REVIEW
fbee7b65-a0d0-5c1f-b1ab-b1bba5553a9b,b23a6baf-4bfc-55f0-9dd1-c0ac041c8206,valeriy nikolayevich falkov,yuri nikolayevich shvytkin,Russia,ru,60.38,1,0,66.23,name=60; country=['ru'],REVIEW
fbee7b65-a0d0-5c1f-b1ab-b1bba5553a9b,213817e0-f024-5221-8aa8-be135f494ee2,valeriy nikolayevich falkov,nikolay nikolayevich kosov,Russia,ru,60.38,1,0,66.23,name=60; country=['ru'],REVIEW
fbee7b65-a0d0-5c1f-b1ab-b1bba5553a9b,37226644-5ae5-543d-82e9-d23697745d15,valeriy nikolayevich falkov,andrey nikolayevich ivanov,Russia,ru,60.38,1,0,66.23,name=60; country=['ru'],REVIEW
ae0688ac-473c-5dd1-9ef0-30bcdc52c48b,024a6122-9681-5cac-acac-dc3e43166c0d,sergey kuzhugetovich shoygu,sergey anatolevich solovev,Russia,ru,60.38,1,0,66.23,name=60; country=['ru'],REVIEW
85da5294-bb31-5f57-9cb1-bc4d767cffe5,a9c0105d-78eb-5365-ae9f-25721220c41e,igor viktorovich krasnov,aleksei viktorovich bredikhin,Russia,ru,60.38,1,0,66.23,name=60; country=['ru'],REVIEW
85da5294-bb31-5f57-9cb1-bc4d767cffe5,2cbaeea6-e8de-513c-8407-a45a8181c680,igor viktorovich krasnov,dmitriy viktorovich pogorelyy,Russia,ru,60.38,1,0,66.23,name=60; country=['ru'],REVIEW
19d64331-4a98-5a1a-8b23-f2b5fc66029a,b324a375-fc6e-575e-b9fb-a32ce537b6ab,abd al-aziz al-wasil,wa'el hamza abd al-fatah julaidan,Saudi Arabia,sa,60.38,1,0,66.23,name=60; country=['sa'],REVIEW
80e85b20-3659-5497-a31c-e42e37437cc0,6ad005c0-b3d5-555b-8be0-efebe062a29b,abdirahman mohamed abdullahi,bashir mohamed mahamoud,Somalia,so,60.38,1,0,66.23,name=60; country=['so'],REVIEW
6f8d3b0a-45bb-5b76-a210-ac13674d0b7b,a0d8c339-daa4-5a0e-88ab-9ba3b9a151e9,haitham muhammad ibrahim,osman mohamed hamid mohamed,Sudan,sd,60.38,1,0,66.23,name=60; country=['sd'],REVIEW
c3bbe851-9ce5-554f-ada1-dce8062fef6f,5a731886-1796-58ec-a7eb-ea99003d95bb,muhammad hassan dahab,mohamed makawi ibrahim mohamed,Sudan,sd,60.38,1,0,66.23,name=60; country=['sd'],REVIEW
273f7c93-b943-54f3-b29b-c5b49914c4a7,44ac64bb-5dab-573b-b453-850fd4dee8b1,muhammad abu al-khayr shukri,imad mohammad deeb khamis,Syria,sy,60.38,1,0,66.23,name=60; country=['sy'],REVIEW
1df86c02-309b-5af9-a42c-c435d62a9ae5,8a545a98-5c12-5081-8b40-645eadd07d99,nawaf bin muhammad al-maawda,'abd al-rahman muhammad jaffar 'ali,Bahrain,bh,60.32,1,0,66.19,name=60; country=['bh'],REVIEW
f8dd3b2b-feb3-546e-9f6e-b5d934c80dd5,8a545a98-5c12-5081-8b40-645eadd07d99,rashid bin muhammad al-maraj,'abd al-rahman muhammad jaffar 'ali,Bahrain,bh,60.32,1,0,66.19,name=60; country=['bh'],REVIEW
d7486ff5-aff5-5197-8283-fa3dfc38bd9b,1e6f2ef0-f864-5c31-800d-8b7f3898637d,rosario murillo zambrana de ortega,rafael antonio ortega murillo,Nicaragua,ni,60.32,1,0,66.19,name=60; country=['ni'],REVIEW
006ad23e-54a7-54a1-8822-9ce4af2635fc,24f9d7b7-c1f9-5e0b-ba8d-0ce4ce7e7071,mikhail vladimirovich mishustin,nikolay vladimirovich porkhachev,Russia,ru,60.32,1,0,66.19,name=60; country=['ru'],REVIEW
006ad23e-54a7-54a1-8822-9ce4af2635fc,13e38a7e-7b05-5189-8d38-415cb230063a,mikhail vladimirovich mishustin,alexander vladimirovich iltyakov,Russia,ru,60.32,1,0,66.19,name=60; country=['ru'],REVIEW
a7f6b2f9-1666-5d11-966d-b03d88a6038c,8d91b6e2-089d-5c65-a122-e31f6fe8ee05,dmitriy nikolayevich chernyshenko,dmitriy vladimirovich artyakov,Russia,ru,60.32,1,0,66.19,name=60; country=['ru'],REVIEW
b45b6c16-05c3-5345-95eb-c1c6135f61b2,db8e2b6e-c6dc-5502-ba2a-10e7e5d92c59,aleksandr valentinovich novak,aleksandr aleksandrovich volosovik,Russia,ru,60.32,1,0,66.19,name=60; country=['ru'],REVIEW
cbc77aa2-a2ff-59f0-b3ba-597e679e7517,15c37453-ad10-5500-af0a-d43a7655f01f,maksim gennadyevich reshetnikov,maksim gennadyevich kavdzharadze,Russia,ru,60.32,1,0,66.19,name=60; country=['ru'],REVIEW
f21fad05-0e28-5492-a4e5-4ca30560fe5c,81c1fccd-f167-5031-a9cd-73ffb370e9be,vladimir aleksandrovich kolokoltsev,vladimir nikolaevich chernov,Russia,ru,60.32,1,0,66.19,name=60; country=['ru'],REVIEW
f21fad05-0e28-5492-a4e5-4ca30560fe5c,ee278cc5-9b35-58c9-9a20-c93693e38fa6,vladimir aleksandrovich kolokoltsev,georgy aleksandrovich karlov,Russia,ru,60.32,1,0,66.19,name=60; country=['ru'],REVIEW
f21fad05-0e28-5492-a4e5-4ca30560fe5c,8e590055-e5f8-53e7-97f8-435657adc609,vladimir aleksandrovich kolokoltsev,vladimir nikolaevich antonov,Russia,ua,60.32,1,0,66.19,name=60; country=['ru'],REVIEW
29a39d94-a45e-5891-a61a-73c87f60aa6c,58d2a774-87aa-5e6d-ab99-7d01212bb5bb,konstantin anatolyevich chuychekno,vitaliy anatolyevich markelov,Russia,ru,60.32,1,0,66.19,name=60; country=['ru'],REVIEW
29a39d94-a45e-5891-a61a-73c87f60aa6c,0c7e5821-340b-51aa-bfec-d260a026b8a2,konstantin anatolyevich chuychekno,mikhail anatolyevich kovrigin,Russia,ru,60.32,1,0,66.19,name=60; country=['ru'],REVIEW
d6e33049-9c30-57e4-8fa8-e9317955ad2e,24f9d7b7-c1f9-5e0b-ba8d-0ce4ce7e7071,mikhail vladimirovich degtyarev,nikolay vladimirovich porkhachev,Russia,ru,60.32,1,0,66.19,name=60; country=['ru'],REVIEW
d6e33049-9c30-57e4-8fa8-e9317955ad2e,bd704a5f-6ad2-53da-9e59-0b17fb7892b5,mikhail vladimirovich degtyarev,aleksandr vladimirovich osadchuk,Russia,ru,60.32,1,0,66.19,name=60; country=['ru'],REVIEW
0a20c63b-a3e5-5b97-9a17-2fa6525d1530,19f3154e-a981-5007-a0a0-446757dc3330,aleksandr vasilyevich bortnikov,konstantin vasilyevich malevanyy,Russia,ru,60.32,1,0,66.19,name=60; country=['ru'],REVIEW
f578d4c0-6018-5e1f-bbb6-f0e5e8ea47b2,7825175f-2e77-51f3-9c37-7ae476699891,uthman hussain faid al-mujali,adil abduh fari uthman al-dhubhani,Yemen,ye,60.32,1,0,66.19,name=60; country=['ye'],REVIEW
c309640a-c084-5456-ae1b-48034d1c7209,4bd5a4ba-9156-5420-a369-574c64d1c30b,muhammad edhah mahdi shabibah,ramzi mohammed abdullah binalshibh,Yemen,ye,60.32,1,0,66.19,name=60; country=['ye'],REVIEW
ae54960f-d347-5091-8aed-043644222a3d,fe01f781-2ee1-50a0-aacc-63f3becc80f5,ahmad omar muhammad arman,mohammad hamdi mohammad sadiq al-ahdal,Yemen,ye,60.32,1,0,66.19,name=60; country=['ye'],REVIEW
ae0688ac-473c-5dd1-9ef0-30bcdc52c48b,7df614da-0a73-5110-acb7-fcaf6b80e7c8,sergey kuzhugetovich shoygu,sergey viktorovich kalashnik,Russia,ru,43.64,1,1,66.18,name=44; country=['ru']; position_overlap=['council'],REVIEW
60703c42-976d-5078-8240-0e96bfee1620,ca93af8a-fc4a-5589-b860-d01d2b396b07,abd al-wahab abdullah ahmed al-hajri,abdulmalek abdullah mohammed e alagri,Yemen,ye,60.27,1,0,66.16,name=60; country=['ye'],REVIEW
1e68a075-f6b8-5fef-9e9c-20ba346d9a35,793434bf-9695-5b3b-87a0-b017325f19ba,maung myint,myo myint oo,Burma,zm,43.48,1,1,66.09,name=43; country=['zm']; position_overlap=['minister'],REVIEW
1e68a075-f6b8-5fef-9e9c-20ba346d9a35,67375b35-2704-5d67-881a-c0a7ba87ac6d,maung myint,saw myint oo,Burma,zm,43.48,1,1,66.09,name=43; country=['zm']; position_overlap=['minister'],REVIEW
f6882b9b-2967-5f68-b2d1-8af318661ea7,793434bf-9695-5b3b-87a0-b017325f19ba,tin oo lwin,myo myint oo,Burma,zm,43.48,1,1,66.09,name=43; country=['zm']; position_overlap=['minister'],REVIEW
1ad2c0de-1de9-5af3-9e95-190396b8005f,6ca2121f-4d93-5c24-9ed7-0036f0ac6060,song hak ri,thae chol ri,"Korea, North",kp,43.48,1,1,66.09,name=43; country=['kp']; position_overlap=['vice'],REVIEW
ee70743d-344a-500f-9106-2e05a74d69ee,b6e80623-cb37-5086-8ff8-f7ea629d3513,abdul ghani berader,abdul basir,Afghanistan,af,60.0,1,0,66.0,name=60; country=['af'],REVIEW
0ca54729-2dbb-5169-b391-05997d2b0bd8,93dde747-7bcc-53e6-9914-e2c19a78e36f,said sayoud,said arif,Algeria,dz,60.0,1,0,66.0,name=60; country=['dz'],REVIEW
53993237-ba81-5cb4-8a2e-b868dcdc50ac,a1838368-82bb-5462-bc3e-9fb3716d4b24,alexander van der bellen,alexander franz josef lins,Austria,at,60.0,1,0,66.0,name=60; country=['at'],REVIEW
08888da7-5dd0-5478-8011-8c70cd3c5f9a,4eb30dd0-e9c8-51bf-bc62-fc4d7bf7f843,alyaksandr turchyn,alyaksandr ryhorovich lukashenka,Belarus,by,60.0,1,0,66.0,name=60; country=['by'],REVIEW
928d4f05-b0ba-5cf1-84d6-44838e4dc4a6,0efe8fdf-9618-5b92-9c7a-941ec0baa2fd,min aung hlaing,banyar aung moe,Burma,zm,60.0,1,0,66.0,name=60; country=['zm'],REVIEW
f7b6307f-2299-53fe-880f-79bd74181680,18f5e82b-8fd5-5f19-b1bf-88356cc0695d,min naung,yin min thu,Burma,zm,60.0,1,0,66.0,name=60; country=['zm'],REVIEW
f7b6307f-2299-53fe-880f-79bd74181680,90e7fe27-046a-533f-8fe2-eb02b6ed6685,min naung,zaw min tun,Burma,zm,60.0,1,0,66.0,name=60; country=['zm'],REVIEW
1e97b66b-d923-50fc-bd71-ae9942b749e8,37b6ce18-fc8b-5d86-b851-65e27975b16c,tun ohn,moe myint tun,Burma,zm,60.0,1,0,66.0,name=60; country=['zm'],REVIEW
7761ba11-48e5-505e-9dac-b7014646adda,6d22f3b9-8fda-58d1-80d8-99a58bf5df03,tun aung,tun min latt,Burma,zm,60.0,1,0,66.0,name=60; country=['zm'],REVIEW
7761ba11-48e5-505e-9dac-b7014646adda,ae441ad0-97a9-5e25-9ba3-ee31c43e09a7,tun aung,saw san aung,Burma,zm,60.0,1,0,66.0,name=60; country=['zm'],REVIEW
c4b635e6-a2d9-5a9e-824d-c3d8d92a0728,0c06c08c-fdb0-5d6b-b9ea-66babdd892bb,mya tun oo,tun tun oo,Burma,zm,60.0,1,0,66.0,name=60; country=['zm'],REVIEW
9e25c3df-58ca-57ed-a0dd-dba15c63ddbb,9674e8e4-033e-5b72-a936-d316f8718083,than maung,than nyein,Burma,zm,60.0,1,0,66.0,name=60; country=['zm'],REVIEW
e34a8c44-98dd-5ac0-bc86-3b7b3542af48,e756b4be-0e85-5af1-8a40-e2a22962665e,myint kyaing,kyaw thu myo myint,Burma,zm,60.0,1,0,66.0,name=60; country=['zm'],REVIEW
b05ed206-a84b-5bef-ad39-8bfa03419c61,293d576a-8246-5fe2-98c2-0bff474068cc,tin aung san,aung soe,Burma,zm,60.0,1,0,66.0,name=60; country=['zm'],REVIEW
e4140821-f527-5442-8ef4-3162d56dd806,6da97aed-212c-5b25-8533-77dbcae0f7ef,lecheng li,hong ri li,China,cn,60.0,1,0,66.0,name=60; country=['cn'],REVIEW
e4140821-f527-5442-8ef4-3162d56dd806,1ce50608-2e84-522e-bd49-ae266035c08a,lecheng li,genping li,China,cn,60.0,1,0,66.0,name=60; country=['cn'],REVIEW
6a22787f-016c-5c95-bb89-6685cf3f51e3,6da97aed-212c-5b25-8533-77dbcae0f7ef,guoying li,hong ri li,China,cn,60.0,1,0,66.0,name=60; country=['cn'],REVIEW
6a22787f-016c-5c95-bb89-6685cf3f51e3,d141f8f0-9017-5dc4-bd05-64a7430e5be2,guoying li,jiadong li,China,cn,60.0,1,0,66.0,name=60; country=['cn'],REVIEW
fbdd9e88-ef75-59db-8f38-7a1743746263,7601afdb-d123-51d7-bba7-989aa3e4121d,bruno rodriguez parrilla,luis alberto rodriguez lopez-calleja,Cuba,cu,60.0,1,0,66.0,name=60; country=['cu'],REVIEW
0829d588-45d9-5606-9c5b-e34fefd5a475,ab3b530d-4b54-5588-8939-4edf0f6034a2,jose mauricio pineda rodriguez,jose misael cisneros rodriguez,El Salvador,sv,60.0,1,0,66.0,name=60; country=['sv'],REVIEW
58edf5a2-c663-590c-9d99-ba3b38c852be,18db1607-4452-554a-a035-1d514e236c6c,ajit kumar doval,akhilesh kumar,India,in,60.0,1,0,66.0,name=60; country=['in'],REVIEW
1a606687-66cd-5479-baf3-9aa468de5911,c3e8284a-acb3-55e0-8195-9d059ef681a6,muhammad herindra,muhammad sholeh ibrahim,Indonesia,id,60.0,1,0,66.0,name=60; country=['id'],REVIEW
1a8f313c-00cf-566a-a5e5-16a23c87195d,7ebb7392-814e-5f2d-935a-15e3ab1ef59e,mohammad-reza aref,hosein mohammad haruni,Iran,ir,60.0,1,0,66.0,name=60; country=['ir'],REVIEW
1a8f313c-00cf-566a-a5e5-16a23c87195d,5f08e0e6-0830-5fa4-87d1-60568c67040d,mohammad-reza aref,seyyed mohammad atabak,Iran,ir,60.0,1,0,66.0,name=60; country=['ir'],REVIEW
1a8f313c-00cf-566a-a5e5-16a23c87195d,83a8d760-730e-5af9-8bdc-7003e96962fe,mohammad-reza aref,mohammad mehdi sayyari,Iran,ir,60.0,1,0,66.0,name=60; country=['ir'],REVIEW
fad6b794-28f0-5b61-92b0-531e88e1121b,83b5cee8-8f6e-50b3-b605-decd22b27ce0,mohammad-jafar qaempanah,vahid mohammad naser majid,Iran,ir,60.0,1,0,66.0,name=60; country=['ir'],REVIEW
304687be-72b5-5f04-8437-e74cf2ccd578,25927a3e-f6c7-5667-898a-cb15e1f442b9,mohammad-reza salehi-amiri,mohammad reza falahzadeh,Iran,ir,60.0,1,0,66.0,name=60; country=['ir'],REVIEW
304687be-72b5-5f04-8437-e74cf2ccd578,12170088-cd55-5f4b-a8a0-745dc41b308f,mohammad-reza salehi-amiri,seyed reza mousavi azami,Iran,ir,60.0,1,0,66.0,name=60; country=['ir'],REVIEW
9527d76f-4f43-5099-83ad-80e09d382873,73e839c2-44d6-574a-9016-4d1deae114de,ali-reza kazemi,reza nahar dani,Iran,ir,60.0,1,0,66.0,name=60; country=['ir'],REVIEW
6e2c26a1-61fd-5266-a3d7-f39cf4b2321a,02367d84-74fd-54ed-85d0-b0db740aaa3b,abbas ali-abadi,ali agha-ahmadi,Iran,ir,60.0,1,0,66.0,name=60; country=['ir'],REVIEW
286d8443-aff7-5178-b2a1-75291c9f61ae,75879083-c8a9-5fdd-84fd-ff08f2f924dd,mohammad-reza zafarqandi,mohammad soltani,Iran,ir,60.0,1,0,66.0,name=60; country=['ir'],REVIEW
f57ff2a3-e8df-593b-9e2b-a887dc3b6f48,7ebb7392-814e-5f2d-935a-15e3ab1ef59e,amin-hosein rahimi,hosein mohammad haruni,Iran,ir,60.0,1,0,66.0,name=60; country=['ir'],REVIEW
f57ff2a3-e8df-593b-9e2b-a887dc3b6f48,a1b636c8-166f-5f14-abb2-4709ebdf7874,amin-hosein rahimi,hosein hemsi,Iran,ir,60.0,1,0,66.0,name=60; country=['ir'],REVIEW
363283d1-bd77-5bb4-bb10-143090a3b8bb,72ba188f-4cb8-595a-9c3b-26763387cf00,ahmad meydari,haj ahmad mirzaei,Iran,ir,60.0,1,0,66.0,name=60; country=['ir'],REVIEW
e4a15ba7-8373-5eee-9122-61513ebfe98a,ed9610b2-1524-591a-a6c1-d7c0aff6529a,mohsen pak-nejad,mohsen shafa'i,Iran,ir,60.0,1,0,66.0,name=60; country=['ir'],REVIEW
f09fa64f-3749-5bb9-8eae-47aa0e56fc7c,105fe471-8321-5fed-9bf1-0dd1bc102d40,mohamad-reza farzin,mohammad ghorbaniyan,Iran,ir,60.0,1,0,66.0,name=60; country=['ir'],REVIEW
f09fa64f-3749-5bb9-8eae-47aa0e56fc7c,2aeab189-20f3-533b-9607-b855852a575e,mohamad-reza farzin,muhammad al-ghorayfi,Iran,ir,60.0,1,0,66.0,name=60; country=['ir'],REVIEW
973ee1f6-dc9f-54c1-bf5a-557e166023ac,51ba8463-a632-5ab4-b180-40f1be69568c,ali falih kadhim al-zaydi,saif-al-din al-mashhadani,Iraq,iq,60.0,1,0,66.0,name=60; country=['iq'],REVIEW
ede10d47-1dc0-591b-a561-e286797d055d,cfa48c6f-0123-5aaf-851a-731c334d9606,muhammad nuri karbuli,sami jasim muhammad al-jaburi,Iraq,iq,60.0,1,0,66.0,name=60; country=['iq'],REVIEW
23ba379d-8492-5e9e-997d-eb6a1e08510d,1dd4b526-1e25-5bf0-a484-41297b4b9d9e,ali muhsin al-allaq,ali maarij al-bahadly,Iraq,iq,60.0,1,0,66.0,name=60; country=['iq'],REVIEW
f9c11f75-2319-572a-8e2f-c836357552e5,135c4262-e6f9-5393-bc25-00c89328faca,jong un kim,se un kim,"Korea, North",kp,60.0,1,0,66.0,name=60; country=['kp'],REVIEW
4a19256d-6939-57ce-8382-7eb6928ad8dd,0de4fe4b-c74d-5ed3-a9d1-577c975183af,yong won jo,yong su u,"Korea, North",kp,60.0,1,0,66.0,name=60; country=['kp'],REVIEW
b700b190-27ae-5cb1-941c-0a513750a653,a54486f9-bca7-5cd3-967d-82418e88d91e,yong gil ri,yong ho o,"Korea, North",kp,60.0,1,0,66.0,name=60; country=['kp'],REVIEW
b700b190-27ae-5cb1-941c-0a513750a653,0de4fe4b-c74d-5ed3-a9d1-577c975183af,yong gil ri,yong su u,"Korea, North",kp,60.0,1,0,66.0,name=60; country=['kp'],REVIEW
b700b190-27ae-5cb1-941c-0a513750a653,620835a7-a319-5d7d-9a53-5019683c0569,yong gil ri,je-son ri,"Korea, North",kp,60.0,1,0,66.0,name=60; country=['kp'],REVIEW
016b063f-7385-5c67-abd3-c36f628d8705,40c9e172-e82a-525e-9db4-ff12994ba0f5,o su yong,yong gil ri,"Korea, North",kp,60.0,1,0,66.0,name=60; country=['kp'],REVIEW
016b063f-7385-5c67-abd3-c36f628d8705,9eddb6a0-baeb-5b5c-b6f2-4b9577c189b7,o su yong,yong ju kim,"Korea, North",kp,60.0,1,0,66.0,name=60; country=['kp'],REVIEW
b16e8d80-7030-596c-9df3-521cbe6169a1,c72ee24e-87bb-5810-aa51-b86320d469f5,yun sok kang,min kang,"Korea, North",kp,60.0,1,0,66.0,name=60; country=['kp'],REVIEW
0dfb6602-2cb9-593e-9549-4b97c0d28e5c,3a697517-1a1e-5bbd-8932-f90088886e14,chol mun,chol sam kim,"Korea, North",kp,60.0,1,0,66.0,name=60; country=['kp'],REVIEW
0dfb6602-2cb9-593e-9549-4b97c0d28e5c,f46b91e1-d7a0-59a1-b231-26c7c4c19d88,chol mun,yong chol ho,"Korea, North",kp,60.0,1,0,66.0,name=60; country=['kp'],REVIEW
0dfb6602-2cb9-593e-9549-4b97c0d28e5c,4c764df4-42ba-5b64-9a59-3fe70dd4d74f,chol mun,chol song jo,"Korea, North",kp,60.0,1,0,66.0,name=60; country=['kp'],REVIEW
0dfb6602-2cb9-593e-9549-4b97c0d28e5c,f94cc52e-7c0e-5ab7-9116-8acb8d38b55e,chol mun,yong chol jo,"Korea, North",kp,60.0,1,0,66.0,name=60; country=['kp'],REVIEW
0dfb6602-2cb9-593e-9549-4b97c0d28e5c,cbdf6cc1-c16a-5fe1-886e-2b0d74882a0b,chol mun,chol nam pak,"Korea, North",kp,60.0,1,0,66.0,name=60; country=['kp'],REVIEW
0dfb6602-2cb9-593e-9549-4b97c0d28e5c,255af80c-23aa-5e30-812f-dde7dff45ed7,chol mun,in chol jong,"Korea, North",kp,60.0,1,0,66.0,name=60; country=['kp'],REVIEW
0dfb6602-2cb9-593e-9549-4b97c0d28e5c,17547bf6-7d8b-554a-9a98-f93e9fed0066,chol mun,sok chol kim,"Korea, North",kp,60.0,1,0,66.0,name=60; country=['kp'],REVIEW
d0495abd-8e55-518b-87c8-ff979fa8ac3f,0729191e-da85-5385-b070-2f5a858c01e3,in chol pak,in chun o,"Korea, North",kp,60.0,1,0,66.0,name=60; country=['kp'],REVIEW
1bacae61-7d31-58f3-9a3d-c8f20b1d5fcd,118a1ba5-17c3-5ef9-b6da-2b5c86ddb3a2,jong sun kim,song kim,"Korea, North",kp,60.0,1,0,66.0,name=60; country=['kp'],REVIEW
90b1bfe1-3891-5856-9781-3d8fbca3cbbf,409f605a-c08e-52a3-ab92-1b951394bad3,hun pak,jong chon pak,"Korea, North",kp,60.0,1,0,66.0,name=60; country=['kp'],REVIEW
b2e208de-6621-55ac-be25-017b499969b3,6ca2121f-4d93-5c24-9ed7-0036f0ac6060,tu il ri,thae chol ri,"Korea, North",kp,60.0,1,0,66.0,name=60; country=['kp'],REVIEW
3dd10b94-ab62-5ae5-a73e-60104d5a70c8,620835a7-a319-5d7d-9a53-5019683c0569,chol san ri,je-son ri,"Korea, North",kp,60.0,1,0,66.0,name=60; country=['kp'],REVIEW
5f9ee52c-a87d-58ea-896c-92f65a548854,8f1c1152-1c0e-5b3e-a115-3f5f487a27ca,chol u yu,kwang ho yu,"Korea, North",kp,60.0,1,0,66.0,name=60; country=['kp'],REVIEW
98d46526-22bc-5092-acc7-39b7ef15df5f,bd3ebc5c-8fa5-5d48-ab43-c0798bd7fb90,yu il kim,yong il sin,"Korea, North",kp,60.0,1,0,66.0,name=60; country=['kp'],REVIEW
98d46526-22bc-5092-acc7-39b7ef15df5f,9eddb6a0-baeb-5b5c-b6f2-4b9577c189b7,yu il kim,yong ju kim,"Korea, North",kp,60.0,1,0,66.0,name=60; country=['kp'],REVIEW
8cd0c6e3-caab-55c5-94be-0cc31f55b070,1ef4b64d-9b45-56b6-9e73-5da55a083fad,jong ho yun,il ho jon,"Korea, North",kp,60.0,1,0,66.0,name=60; country=['kp'],REVIEW
f3c08208-2b98-5df7-80e3-d940f854096e,b08c4646-4d5e-5f6a-9e7b-60ac21294784,yong il ju,sung il ri,"Korea, North",kp,60.0,1,0,66.0,name=60; country=['kp'],REVIEW
cc81e615-d493-582e-afc5-946ac6cfb9f5,135c4262-e6f9-5393-bc25-00c89328faca,chol su kim,se un kim,"Korea, North",kp,60.0,1,0,66.0,name=60; country=['kp'],REVIEW
a94b2e8e-85d9-507b-a1ca-4de6aa6b733e,3223540a-8b91-52b2-a4bb-3d3725575aa3,kyong chol choe,myong chol jang,"Korea, North",kp,60.0,1,0,66.0,name=60; country=['kp'],REVIEW
a94b2e8e-85d9-507b-a1ca-4de6aa6b733e,1867f1a3-1864-5656-9b91-b3d19133316a,kyong chol choe,kwang chol pyon,"Korea, North",kp,60.0,1,0,66.0,name=60; country=['kp'],REVIEW
a94b2e8e-85d9-507b-a1ca-4de6aa6b733e,14df2660-0acf-5629-9a00-cc018ed8c391,kyong chol choe,chong-chol kwak,"Korea, North",kp,60.0,1,0,66.0,name=60; country=['kp'],REVIEW
cc616297-3e2c-5035-bb7f-1fdb127363a5,abbc7385-4a6d-56c0-8034-d61f10609891,song kim,song guk yun,"Korea, North",kp,60.0,1,0,66.0,name=60; country=['kp'],REVIEW
cc616297-3e2c-5035-bb7f-1fdb127363a5,2afb9540-5165-5ac6-82af-d9d07cb77476,song kim,hwa song pak,"Korea, North",kp,60.0,1,0,66.0,name=60; country=['kp'],REVIEW
cc616297-3e2c-5035-bb7f-1fdb127363a5,17547bf6-7d8b-554a-9a98-f93e9fed0066,song kim,sok chol kim,"Korea, North",kp,60.0,1,0,66.0,name=60; country=['kp'],REVIEW
558b30dc-8ebc-5e27-8f9c-2f755c4a9428,96f0829a-1c80-5caa-9976-2b9122e852ec,fadi makki,fadi nehme,Lebanon,lb,60.0,1,0,66.0,name=60; country=['lb'],REVIEW
558b30dc-8ebc-5e27-8f9c-2f755c4a9428,953c3750-d5ac-502e-964c-f68c150d4957,fadi makki,fadi sader,Lebanon,lb,60.0,1,0,66.0,name=60; country=['lb'],REVIEW
6d580cd0-246d-59b1-92c3-1232ce7035b2,29340d46-1473-5414-b5a5-f73ae6efb3e2,muhammad haidar,kassem mohamad ali bazzi,Lebanon,lb,60.0,1,0,66.0,name=60; country=['lb'],REVIEW
600e5627-b033-5897-849f-6f5e37b5a653,7f82f1be-9b2f-5e70-91de-0dc6fe44efb7,salim al-zadma,mohamed al-kani,Libya,ly,60.0,1,0,66.0,name=60; country=['ly'],REVIEW
b05590e8-cd51-5873-bdbc-d7c58cc7bf1c,8a0cacd9-622a-5bb8-9852-c71228ba22e4,abd-al-latif al-tahir,abd al-rahman milad,Libya,ly,60.0,1,0,66.0,name=60; country=['ly'],REVIEW
716dd8bc-4a5b-541a-9582-e6fa17d4c6bf,cf4f1377-9278-5026-b0f2-53055950d411,muhammad al-ghuj,maftah mohamed elmabruk,Libya,ly,60.0,1,0,66.0,name=60; country=['ly'],REVIEW
888d9ff4-da50-55ca-94bf-f2d711ebe9b6,80fe5cc5-bc33-5796-916a-113c30d68ca3,abd-al-shafi al-juwaifi,abu yahya al-libi,Libya,ly,60.0,1,0,66.0,name=60; country=['ly'],REVIEW
bd693fa6-49aa-5b94-a60f-97feac51724a,d42310bb-b308-51c4-bbed-738c7196d3b3,khalifa abd-al-sadiq,atiyah abd al-rahman,Libya,ly,60.0,1,0,66.0,name=60; country=['ly'],REVIEW
9e665345-3f65-52bd-b9b0-873ca6e8655b,7a32de25-7496-5cd3-9227-89088c96609d,yakhlaf al-sifaw,faysal al-wadi,Libya,ly,60.0,1,0,66.0,name=60; country=['ly'],REVIEW
cc4c7321-26c2-556e-bee2-00d9f01e0dd9,c0aa9e81-093e-5897-a72b-4c13700f1d10,mossa ag attaher,sidan ag hitta,Mali,ml,60.0,1,0,66.0,name=60; country=['ml'],REVIEW
8b175c46-b9ce-5455-a0b8-4109ea13fea6,64830b95-bc83-56c2-bb28-a91678380b39,luz elena gonzalez escobar,eduardo estrada gonzalez,Mexico,mx,60.0,1,0,66.0,name=60; country=['mx'],REVIEW
5a13abd4-a847-5447-ad68-ca901dbd091a,47d82e5a-4c84-52ee-97d9-6a72e06da980,muhammad aurangzeb,ali muhammad abu turab,Pakistan,pk,60.0,1,0,66.0,name=60; country=['pk'],REVIEW
7578ccc2-ed0a-533d-a9e2-3dca8892a23b,47d82e5a-4c84-52ee-97d9-6a72e06da980,muhammad ishaq dar,ali muhammad abu turab,Pakistan,pk,60.0,1,0,66.0,name=60; country=['pk'],REVIEW
9fd30122-a5ee-51a8-9382-368dcbce111f,646aae06-99c5-531c-9dd0-352ea7d33a80,syed mohsin raza naqvi,syed johar hasnain,Pakistan,pk,60.0,1,0,66.0,name=60; country=['pk'],REVIEW
5fbf22df-d3fc-5767-a465-4253047fd43e,c8b4f3c6-65ef-5b98-b7b5-09d3f5357942,rana mubashar iqbal,zafar iqbal,Pakistan,pk,60.0,1,0,66.0,name=60; country=['pk'],REVIEW
16bf04eb-6621-5df2-88e7-c5113cdadd71,e89ae9fb-04e2-5b11-8e4d-929444a380c6,rizwan saeed sheikh,muhammad naeem sheikh,Pakistan,pk,60.0,1,0,66.0,name=60; country=['pk'],REVIEW
19d89641-666f-5f5d-a65b-d189af5e95fe,24f9d7b7-c1f9-5e0b-ba8d-0ce4ce7e7071,vladimir vladimirovich putin,nikolay vladimirovich porkhachev,Russia,ru,60.0,1,0,66.0,name=60; country=['ru'],REVIEW
19d89641-666f-5f5d-a65b-d189af5e95fe,13e38a7e-7b05-5189-8d38-415cb230063a,vladimir vladimirovich putin,alexander vladimirovich iltyakov,Russia,ru,60.0,1,0,66.0,name=60; country=['ru'],REVIEW
19d89641-666f-5f5d-a65b-d189af5e95fe,bd704a5f-6ad2-53da-9e59-0b17fb7892b5,vladimir vladimirovich putin,aleksandr vladimirovich osadchuk,Russia,ru,60.0,1,0,66.0,name=60; country=['ru'],REVIEW
19d89641-666f-5f5d-a65b-d189af5e95fe,004bbf86-7b5e-52cd-9674-37885196d46d,vladimir vladimirovich putin,mikhail vladimirovich kolesnikov,Russia,ru,60.0,1,0,66.0,name=60; country=['ru'],REVIEW
006ad23e-54a7-54a1-8822-9ce4af2635fc,4817aec1-92c4-5daa-b1bd-f4dcf2c09860,mikhail vladimirovich mishustin,dmitry vladimirovich savelyev,Russia,ru,60.0,1,0,66.0,name=60; country=['ru'],REVIEW
006ad23e-54a7-54a1-8822-9ce4af2635fc,f249ce3d-a160-54df-a44e-cbc5ee8e071f,mikhail vladimirovich mishustin,sergey vladimirovich chepikov,Russia,ru,60.0,1,0,66.0,name=60; country=['ru'],REVIEW
006ad23e-54a7-54a1-8822-9ce4af2635fc,67278d57-1dea-5771-a69c-c556825d9f27,mikhail vladimirovich mishustin,andrei vladimirovich khokhlov,Russia,ru,60.0,1,0,66.0,name=60; country=['ru'],REVIEW
a7f6b2f9-1666-5d11-966d-b03d88a6038c,47c26d5f-4627-5f97-9b37-49d04accec31,dmitriy nikolayevich chernyshenko,nikolay nikolayevich ivanov,Russia,ru,60.0,1,0,66.0,name=60; country=['ru'],REVIEW
b45b6c16-05c3-5345-95eb-c1c6135f61b2,7b5f3fb5-5695-5bbb-8d6a-1377dc4b115f,aleksandr valentinovich novak,aleksandr mikhailovich stepanov,Russia,ru,60.0,1,0,66.0,name=60; country=['ru'],REVIEW
7577e6ac-6813-5c14-a64b-543cff310d82,6fafdbf6-a377-5e4f-9901-3b1ca8741991,aleksandr vyacheslavovich kurenkov,sergei vyacheslavovich bezdenezhnykh,Russia,ru,60.0,1,0,66.0,name=60; country=['ru'],REVIEW
7577e6ac-6813-5c14-a64b-543cff310d82,ead987c7-79c9-5cf9-b295-600208ed974c,aleksandr vyacheslavovich kurenkov,aleksandr viktorovich moor,Russia,ru,60.0,1,0,66.0,name=60; country=['ru'],REVIEW
7577e6ac-6813-5c14-a64b-543cff310d82,6ade5a86-2a1e-50db-9860-79bf90b7a625,aleksandr vyacheslavovich kurenkov,aleksandr aleksandrovich chasovnikov,Russia,ru,60.0,1,0,66.0,name=60; country=['ru'],REVIEW
7577e6ac-6813-5c14-a64b-543cff310d82,820f4142-3520-5a83-a7e6-22e22d825819,aleksandr vyacheslavovich kurenkov,aleksandr okulov,Russia,ru,60.0,1,0,66.0,name=60; country=['ru'],REVIEW
dcec7de1-abdf-59fb-b307-d4eefda190be,493c1123-4210-598d-aa15-1225c14eda8a,olga borisovna lyubimova,olga aleksandrovna beglova,Russia,ru,60.0,1,0,66.0,name=60; country=['ru'],REVIEW
a1ba40bc-1093-5b3a-8915-c71338aae763,37226644-5ae5-543d-82e9-d23697745d15,andrey removich belousov,andrey nikolayevich ivanov,Russia,ru,60.0,1,0,66.0,name=60; country=['ru'],REVIEW
a1ba40bc-1093-5b3a-8915-c71338aae763,968f2c41-eb6f-5abb-ad84-9089e93326b0,andrey removich belousov,andrey fedorovich trifonov,Russia,ru,60.0,1,0,66.0,name=60; country=['ru'],REVIEW
a1ba40bc-1093-5b3a-8915-c71338aae763,3dc043c6-de97-5722-94ac-b94cc87e1df0,andrey removich belousov,andrey ivanovich grigoryev,Russia,ru,60.0,1,0,66.0,name=60; country=['ru'],REVIEW
baf13575-cd11-5c0c-ae96-f537015d05c2,0afe95d4-f31f-5b32-b87b-22db1dd2ba89,aleksey olegovich chekunkov,aleksey sergeevich besprozvannykh,Russia,ru,60.0,1,0,66.0,name=60; country=['ru'],REVIEW
5ae8202c-5c03-5346-971f-d088c5aae8ef,906287ab-40ad-5a7c-9a44-8253cc855509,maksut igorevich shadayev,vladimir igorevich krugly,Russia,ru,60.0,1,0,66.0,name=60; country=['ru'],REVIEW
9f7f1740-b4dd-5baa-9f5c-0df51713cbf6,ed675647-df5f-5424-a044-6a122e2e7684,sergey viktorovich lavrov,boris viktorovich obnosov,Russia,ru,60.0,1,0,66.0,name=60; country=['ru'],REVIEW
9f7f1740-b4dd-5baa-9f5c-0df51713cbf6,7a572ebf-2e62-5d85-a7f0-4ec561776677,sergey viktorovich lavrov,kirill viktorovich markin,Russia,ru,60.0,1,0,66.0,name=60; country=['ru'],REVIEW
9f1314cf-6c54-5b3f-b942-9bf298c2e407,b3573e72-c97b-5f6d-9bc0-77f5f1b61064,mikhail albertovich murashko,mikhail ilyich pavlyuk,Russia,ru,60.0,1,0,66.0,name=60; country=['ru'],REVIEW
f21fad05-0e28-5492-a4e5-4ca30560fe5c,81e3fc9a-72f1-5a94-97df-ba5e1968f02e,vladimir aleksandrovich kolokoltsev,vladimir markovich ryskin,Russia,ru,60.0,1,0,66.0,name=60; country=['ru'],REVIEW
f21fad05-0e28-5492-a4e5-4ca30560fe5c,60910e02-1f21-52b9-9166-0bd0c05db98b,vladimir aleksandrovich kolokoltsev,vladimir borisovich senin,Russia,ru,60.0,1,0,66.0,name=60; country=['ru'],REVIEW
cd6c171d-c9ca-554f-891b-755908ea691e,8758d7fd-5b26-5c6e-9f7d-4e098407e572,aleksandr aleksandrovich kozlov,andrey aleksandrovich zhidkov,Russia,ru,60.0,1,0,66.0,name=60; country=['ru'],REVIEW
cd6c171d-c9ca-554f-891b-755908ea691e,67b18273-4948-59a5-a91b-4484f205aede,aleksandr aleksandrovich kozlov,arkadiy aleksandrovich gostev,Russia,ru,60.0,1,0,66.0,name=60; country=['ru'],REVIEW
cd6c171d-c9ca-554f-891b-755908ea691e,ad19185c-6126-526f-ba06-5e90a99d1d0d,aleksandr aleksandrovich kozlov,nikolay aleksandrovich doluda,Russia,ru,60.0,1,0,66.0,name=60; country=['ru'],REVIEW
cd6c171d-c9ca-554f-891b-755908ea691e,7e1d6fef-4a27-56be-9ba6-5e5c13773d02,aleksandr aleksandrovich kozlov,grigoriy aleksandrovich gurov,Russia,ru,60.0,1,0,66.0,name=60; country=['ru'],REVIEW
cd6c171d-c9ca-554f-891b-755908ea691e,bdd848bf-8c88-5bef-a3d7-a2bec6fc9b13,aleksandr aleksandrovich kozlov,aleksandr valeryevich potapov,Russia,ru,60.0,1,0,66.0,name=60; country=['ru'],REVIEW
d6e33049-9c30-57e4-8fa8-e9317955ad2e,7866d833-0e16-505d-aaee-bc99d53bf116,mikhail vladimirovich degtyarev,sergey vladimirovich kabyshev,Russia,ru,60.0,1,0,66.0,name=60; country=['ru'],REVIEW
d6e33049-9c30-57e4-8fa8-e9317955ad2e,642ef1b3-60d2-50a2-8857-4bfb5551847a,mikhail vladimirovich degtyarev,roman vladimirovich starovoyt,Russia,ru,60.0,1,0,66.0,name=60; country=['ru'],REVIEW
d6e33049-9c30-57e4-8fa8-e9317955ad2e,90438f3b-5de3-5e92-abda-5361dff13595,mikhail vladimirovich degtyarev,vladimir vladimirovich gugnin,Russia,ru,60.0,1,0,66.0,name=60; country=['ru'],REVIEW
dbe82bd4-dc46-57b0-b0e4-d46ff1522618,66a46681-4a33-5460-8fc5-8c4600f8878e,roman vladimirovich starovoyt,alexander vladimirovich kalinin,Russia,ru,60.0,1,0,66.0,name=60; country=['ru'],REVIEW
dbe82bd4-dc46-57b0-b0e4-d46ff1522618,3c815a8b-c750-5a94-b00a-9c8eb7cfc9cf,roman vladimirovich starovoyt,evgeniy vladimirovich kuyvashev,Russia,ru,60.0,1,0,66.0,name=60; country=['ru'],REVIEW
dbe82bd4-dc46-57b0-b0e4-d46ff1522618,61017f97-ff10-50ab-bd07-68bb3bb78df7,roman vladimirovich starovoyt,mikhail vladimirovich degtyarev,Russia,ru,60.0,1,0,66.0,name=60; country=['ru'],REVIEW
dbe82bd4-dc46-57b0-b0e4-d46ff1522618,1972aeda-a1de-57e2-b2f8-08cb510db8f9,roman vladimirovich starovoyt,vladimir vladimirovich kolychev,Russia,ru,60.0,1,0,66.0,name=60; country=['ru'],REVIEW
0a20c63b-a3e5-5b97-9a17-2fa6525d1530,ae1d32c9-369d-5d28-b89d-d48ebf19a5d0,aleksandr vasilyevich bortnikov,aleksandr mikhaylovich osipov,Russia,ru,60.0,1,0,66.0,name=60; country=['ru'],REVIEW
69ef53c5-e760-59db-8a23-dafa4673af75,23a399af-489c-5b1a-a327-da465b5da8a4,anatoliy ivanovich antonov,ivan ivanovich demchenko,Russia,ru,60.0,1,0,66.0,name=60; country=['ru'],REVIEW
2e830ef2-5b5e-5e3f-9001-73b85779f863,7c884148-fc42-58b0-aac5-ccc11fe5f304,abd al-rahman bin abd al-muhsin al-fadhli,abd al hamid sulaiman muhammed al-mujil,Saudi Arabia,sa,60.0,1,0,66.0,name=60; country=['sa'],REVIEW
8592acdc-cf3f-522a-a249-31e31749f215,738ae95c-6fbb-5ebc-ac4d-153bef013ec6,abdallah bin bandar,sa'd abdullah hussein al-sharif,Saudi Arabia,sa,60.0,1,0,66.0,name=60; country=['sa'],REVIEW
8dff148d-4a18-5f86-adcc-4043ac3d5ff9,02224695-175e-5a14-af75-11d3bb8b9cce,muhammad bin abd al-malik al al-shaykh,muhammad 'abdallah salih sughayr,Saudi Arabia,sa,60.0,1,0,66.0,name=60; country=['sa'],REVIEW
431d2eec-3dbf-5937-a8fb-db84876e85e1,ad7df207-f6cd-5f10-9347-2818aaa731ed,mutalib bin abdallah al-nafisa,abdul rahim al-talhi,Saudi Arabia,sa,60.0,1,0,66.0,name=60; country=['sa'],REVIEW
19d64331-4a98-5a1a-8b23-f2b5fc66029a,c441f561-2f99-5480-84b4-89cbed365a1d,abd al-aziz al-wasil,aqeel abdulaziz aqeeil al-aqil,Saudi Arabia,sa,60.0,1,0,66.0,name=60; country=['sa'],REVIEW
94a2a4f0-8bdb-549c-8c91-761919cf9224,9896d2ce-62c4-57da-96ea-399236814cbc,jibril abdirashid haji abdi,abdifatah abubakar abdi,Somalia,so,60.0,1,0,66.0,name=60; country=['so'],REVIEW
861c9cab-7980-5987-ab24-9341ef0775ac,dcf232fc-16a6-560e-b674-ed50f4d8f1af,bashir mohamed jama goobbe,mohamed mire,Somalia,so,60.0,1,0,66.0,name=60; country=['so'],REVIEW
861c9cab-7980-5987-ab24-9341ef0775ac,93bb4600-d2fb-5e03-9e63-be7fcb794178,bashir mohamed jama goobbe,mohamed abdullah hirey,Somalia,so,60.0,1,0,66.0,name=60; country=['so'],REVIEW
d39cb8e2-c5f0-530e-9a21-add7718153a5,06fde29f-f1e0-5dfa-80bd-de6d2310ea48,ali haji adan,ali ahmed hussein,Somalia,so,60.0,1,0,66.0,name=60; country=['so'],REVIEW
9e652d34-33f0-55be-9065-021f6d5b73a0,a1a5a5b2-15e5-59f1-bde3-392510f2ad39,mohamed farah nur,ahmed abdi aw-mohamed,Somalia,so,60.0,1,0,66.0,name=60; country=['so'],REVIEW
9e652d34-33f0-55be-9065-021f6d5b73a0,03009359-616c-5506-9656-043b0db95aeb,mohamed farah nur,ahmed abdi aw-mohamed,Somalia,so,60.0,1,0,66.0,name=60; country=['so'],REVIEW
6f8d3b0a-45bb-5b76-a210-ac13674d0b7b,4b2febdd-c8d7-51f7-96b8-880fcee52165,haitham muhammad ibrahim,gedo hamdan ahmed mohamed,Sudan,sd,60.0,1,0,66.0,name=60; country=['sd'],REVIEW
c3bbe851-9ce5-554f-ada1-dce8062fef6f,a0d8c339-daa4-5a0e-88ab-9ba3b9a151e9,muhammad hassan dahab,osman mohamed hamid mohamed,Sudan,sd,60.0,1,0,66.0,name=60; country=['sd'],REVIEW
d60fa09a-c493-5600-9c64-97339f483422,4b2febdd-c8d7-51f7-96b8-880fcee52165,anan hamed muhammad umar,gedo hamdan ahmed mohamed,Sudan,sd,60.0,1,0,66.0,name=60; country=['sd'],REVIEW
ebde17af-0f5f-5666-9c58-0b7aa0a193b4,a0d8c339-daa4-5a0e-88ab-9ba3b9a151e9,muhammad said al-hilu,osman mohamed hamid mohamed,Sudan,sd,60.0,1,0,66.0,name=60; country=['sd'],REVIEW
ebde17af-0f5f-5666-9c58-0b7aa0a193b4,a1e55e79-b40a-5593-bb5f-45028430abed,muhammad said al-hilu,salah abdallah mohamed salah,Sudan,sd,60.0,1,0,66.0,name=60; country=['sd'],REVIEW
bf25ab26-bc71-5198-97f7-626c6a2c5ccf,5197bf7d-4bce-53f1-be16-82be8fb3e890,muhammad yasin salih,mohammed dib zaitoun,Syria,sy,60.0,1,0,66.0,name=60; country=['sy'],REVIEW
c2369b0c-9fa5-5e0b-a144-0128a0d33c6e,8ae17310-48c5-5cc2-8a98-8f1ac55069fd,muhammad al-bashir,muhammad khalid rahmun,Syria,sy,60.0,1,0,66.0,name=60; country=['sy'],REVIEW
f8068481-1599-5d0c-85d8-eb88cabf5a54,67818d2f-6149-5141-999c-5390d86109cc,musab al-ali,ali abdullah ayoub,Syria,sy,60.0,1,0,66.0,name=60; country=['sy'],REVIEW
0610d2c0-faef-53d1-ad15-4070dc8f7137,dc79c0cf-686a-5a44-9d44-c24cb38c71a0,marwan al-halabi,luay al-mallah,Syria,tr,60.0,1,0,66.0,name=60; country=['sy'],REVIEW
0610d2c0-faef-53d1-ad15-4070dc8f7137,dc21f101-5597-5945-8e16-7ffcde8cddb0,marwan al-halabi,maher al-assad,Syria,sy,60.0,1,0,66.0,name=60; country=['sy'],REVIEW
0610d2c0-faef-53d1-ad15-4070dc8f7137,48e83e25-eb89-5080-89d1-5ecc73efb5ac,marwan al-halabi,manal al-assad,Syria,sy,60.0,1,0,66.0,name=60; country=['sy'],REVIEW
0610d2c0-faef-53d1-ad15-4070dc8f7137,0a069157-219a-55fd-b922-25ad51d12f8e,marwan al-halabi,karam al-assad,Syria,sy,60.0,1,0,66.0,name=60; country=['sy'],REVIEW
43b6ef8b-4f1b-57af-8e1a-e1552fdd6344,63f715bb-d83b-5a0a-875a-735db749253e,muhammad anjarani,muhammad mahmud mahalla,Syria,sy,60.0,1,0,66.0,name=60; country=['sy'],REVIEW
43b6ef8b-4f1b-57af-8e1a-e1552fdd6344,d0b2d3e3-6cb0-5397-9d0a-4d18d3d5e6ac,muhammad anjarani,ibrahim mohamed khalil,Syria,sy,60.0,1,0,66.0,name=60; country=['sy'],REVIEW
c642e938-cd89-5e91-9622-aed80cd03086,90d9442e-ff02-5301-9840-33ae8bfd4a97,mustafa abd al-razzaq,ali musa al-shawakh,Syria,sy,60.0,1,0,66.0,name=60; country=['sy'],REVIEW
273f7c93-b943-54f3-b29b-c5b49914c4a7,8ae17310-48c5-5cc2-8a98-8f1ac55069fd,muhammad abu al-khayr shukri,muhammad khalid rahmun,Syria,sy,60.0,1,0,66.0,name=60; country=['sy'],REVIEW
c6fa8dc2-0c43-5716-a8f0-5846972e48d6,98e37b14-de82-58d1-8ca7-e6b6446423ed,muhammad samih hamid,husam muhammad louka,Syria,sy,60.0,1,0,66.0,name=60; country=['sy'],REVIEW
e4d149dc-bdf3-5f34-b9ff-6b37778c5d3f,d3f55c6b-fca3-532f-b1b8-ad1e46db09b1,che shih,shih mei sun,Taiwan,tw,60.0,1,0,66.0,name=60; country=['tw'],REVIEW
b08c4ad0-598a-5d60-b8c9-36066c523c10,37418011-98a5-56f9-b679-f79b0e1217a8,heidi alexander,james alexander mclintock,United Kingdom,gb,60.0,1,0,66.0,name=60; country=['gb'],REVIEW
3a68d536-9df2-5088-800b-54957b8b1d94,2a20a6ef-17aa-57f5-8198-0b8ecde23813,delcy rodriguez gomez,alexis jose rodriguez cabello,Venezuela,ve,60.0,1,0,66.0,name=60; country=['ve'],REVIEW
4a46c5c7-75df-580f-8003-3dc1819a2058,dcafa5b1-1147-51d8-aea6-aa17e9ea3984,nguyen kim son,van nguyen hoang,Vietnam,vn,60.0,1,0,66.0,name=60; country=['vn'],REVIEW
9c31d57f-b49b-5f82-8205-59db11313f35,dcafa5b1-1147-51d8-aea6-aa17e9ea3984,phan van giang,van nguyen hoang,Vietnam,vn,60.0,1,0,66.0,name=60; country=['vn'],REVIEW
9578ba7b-ed8c-5041-96d8-36f346c46e40,d25accbe-2c4d-5d6b-8d4b-252fcfe9a7b8,tariq muhammad abdallah salih,hamid abdullah hussein al ahmar,Yemen,ye,60.0,1,0,66.0,name=60; country=['ye'],REVIEW
b52b2801-6f97-5c31-bb7c-ee616e85b5b9,1db86ec2-cdf6-568b-81fb-968d9d9ca897,salem abdullah al-soqotri,eshaq abdulmalek abdullah almarwani,Yemen,ye,60.0,1,0,66.0,name=60; country=['ye'],REVIEW
01d76a7c-6d55-5e36-87f1-dfc7072f55c3,57c822b0-eb8d-5955-8854-26c5a0d67da5,mohsen al-daeri,ibrahim mohsen al-suwaidi,Yemen,ye,60.0,1,0,66.0,name=60; country=['ye'],REVIEW
b0654420-c034-5096-9710-656720166c3b,59569427-7dcb-5c86-b621-ddfcb76bfab1,shaya al-zindani,zaid al-washli,Yemen,ye,60.0,1,0,66.0,name=60; country=['ye'],REVIEW
e614b1a4-c644-556d-bcf4-30f13d9b48ff,efbe65e6-1ba9-5346-99d1-653aa3c41c07,abdallah ali fadl al-saadi,nabil ali ahmed al-hadha,Yemen,ye,60.0,1,0,66.0,name=60; country=['ye'],REVIEW
e614b1a4-c644-556d-bcf4-30f13d9b48ff,4bd5a4ba-9156-5420-a369-574c64d1c30b,abdallah ali fadl al-saadi,ramzi mohammed abdullah binalshibh,Yemen,ye,60.0,1,0,66.0,name=60; country=['ye'],REVIEW
860a938e-042b-57c9-9434-00a9e257d797,22308161-827c-5c1a-be93-5080efa03b61,ahmad adam bakhit,ahmad muhammed harun,Sudan,sd,43.24,1,1,65.95,name=43; country=['sd']; position_overlap=['minister'],REVIEW
6bf3a239-8579-5d35-96ca-46944f033656,ac7db0e1-9354-5ecb-81b1-c2d4a4d8d20c,husni muhammad uwaydan,khalifa mohamed ahmed ghawil,Libya,ly,43.14,1,1,65.88,name=43; country=['ly']; position_overlap=['minister'],REVIEW
f21fad05-0e28-5492-a4e5-4ca30560fe5c,573eb133-f2b2-5b9c-afee-33a221436b2e,vladimir aleksandrovich kolokoltsev,vladimir filippovich gorodetskiy,Russia,ru,59.7,1,0,65.82,name=60; country=['ru'],REVIEW
f21fad05-0e28-5492-a4e5-4ca30560fe5c,836d9a7d-a7fa-53d6-ab4a-89e758b6a473,vladimir aleksandrovich kolokoltsev,alexey aleksandrovich zhuravlyev,Russia,ru,59.7,1,0,65.82,name=60; country=['ru'],REVIEW
f21fad05-0e28-5492-a4e5-4ca30560fe5c,e067bca2-24c1-5e28-9534-f9e82a54b3d5,vladimir aleksandrovich kolokoltsev,anatoly aleksandrovich wasserman,Russia,ru,59.7,1,0,65.82,name=60; country=['ru'],REVIEW
f21fad05-0e28-5492-a4e5-4ca30560fe5c,52682c78-0df2-52e8-8df9-1120e6bbb10c,vladimir aleksandrovich kolokoltsev,vyacheslav aleksandrovich tyurin,Russia,ru,59.7,1,0,65.82,name=60; country=['ru'],REVIEW
f21fad05-0e28-5492-a4e5-4ca30560fe5c,0e2081f4-9d06-5320-9ae2-d21497815c79,vladimir aleksandrovich kolokoltsev,ruslan aleksandrovich peretyatko,Russia,ru,59.7,1,0,65.82,name=60; country=['ru'],REVIEW
273f7c93-b943-54f3-b29b-c5b49914c4a7,5602905b-6684-5f9c-b5fb-8788d771dfe0,muhammad abu al-khayr shukri,mohamed sherif mohamed mohamed awadd,Syria,eg,59.7,1,0,65.82,name=60; country=['sy'],REVIEW
f578d4c0-6018-5e1f-bbb6-f0e5e8ea47b2,86552079-c77b-5496-beda-310cda172282,uthman hussain faid al-mujali,ahmad muhammad muhammad hasan al-hadi,Yemen,ye,59.7,1,0,65.82,name=60; country=['ye'],REVIEW
9578ba7b-ed8c-5041-96d8-36f346c46e40,fe01f781-2ee1-50a0-aacc-63f3becc80f5,tariq muhammad abdallah salih,mohammad hamdi mohammad sadiq al-ahdal,Yemen,ye,59.7,1,0,65.82,name=60; country=['ye'],REVIEW
c309640a-c084-5456-ae1b-48034d1c7209,fe01f781-2ee1-50a0-aacc-63f3becc80f5,muhammad edhah mahdi shabibah,mohammad hamdi mohammad sadiq al-ahdal,Yemen,ye,59.7,1,0,65.82,name=60; country=['ye'],REVIEW
c309640a-c084-5456-ae1b-48034d1c7209,86552079-c77b-5496-beda-310cda172282,muhammad edhah mahdi shabibah,ahmad muhammad muhammad hasan al-hadi,Yemen,ye,59.7,1,0,65.82,name=60; country=['ye'],REVIEW
60703c42-976d-5078-8240-0e96bfee1620,86131cbf-76eb-589b-b4f8-07a10b849cf0,abd al-wahab abdullah ahmed al-hajri,abdulwali abdoh hasan al-jabri,Yemen,ye,59.7,1,0,65.82,name=60; country=['ye'],REVIEW
60703c42-976d-5078-8240-0e96bfee1620,0dde30be-fbde-5d51-964f-1bda1abcdf53,abd al-wahab abdullah ahmed al-hajri,abdullah ahsan abdullah dabbash,Yemen,ye,59.7,1,0,65.82,name=60; country=['ye'],REVIEW
e614b1a4-c644-556d-bcf4-30f13d9b48ff,598e35d1-d49a-5a5b-9feb-43ac26b4ba8a,abdallah ali fadl al-saadi,hisham abdulwasea hael mohammed al-nahari,Yemen,ye,59.7,1,0,65.82,name=60; country=['ye'],REVIEW
411a3390-2431-5ab5-aec7-c878a793cd76,5053fa1e-8f2a-569f-ad31-382cd952ee28,muhammad bin thamer al-kaabi,isa saleh isa mohamed salman,Bahrain,bh,59.65,1,0,65.79,name=60; country=['bh'],REVIEW
304687be-72b5-5f04-8437-e74cf2ccd578,12e2e5f8-cc58-547e-9edf-dc73fa90daff,mohammad-reza salehi-amiri,mohammad reza modarres khiabani,Iran,ir,59.65,1,0,65.79,name=60; country=['ir'],REVIEW
6bf403eb-cd49-5885-a951-153e5cde5d09,d49cf8f3-9361-5aa7-9c44-47226d831855,nizar muhammad said amedi,salim mustafa muhammad al-mansur,Iraq,iq,59.65,1,0,65.79,name=60; country=['iq'],REVIEW
08745631-92c4-5a00-956c-b4fd5aca134b,398640c5-6857-5b94-9c7a-620b59dec542,jesus antonio esteva medina,brandon ernesto herrera medina,Mexico,mx,59.65,1,0,65.79,name=60; country=['mx'],REVIEW
a8a5bf2a-4ca7-523a-b1e6-bf992646d9a0,2c219e77-bfc5-5602-9aa9-464b5ab063c7,ali bin saeed bin smaikh al-marri,ali reda hassan al banai,Qatar,qa,59.65,1,0,65.79,name=60; country=['qa'],REVIEW
e78c0093-98b6-506f-9e4a-709d6f0ba470,2c219e77-bfc5-5602-9aa9-464b5ab063c7,salih bin ghanim bin nasir al-ali,ali reda hassan al banai,Qatar,qa,59.65,1,0,65.79,name=60; country=['qa'],REVIEW
19d89641-666f-5f5d-a65b-d189af5e95fe,d24e028e-1238-55f9-b23b-df4100378e2d,vladimir vladimirovich putin,andrey vladimirovich cherezov,Russia,ru,59.65,1,0,65.79,name=60; country=['ru'],REVIEW
19d89641-666f-5f5d-a65b-d189af5e95fe,f2a983b7-4669-5807-a83b-7f808d1252b7,vladimir vladimirovich putin,gennady vladimirovich yagubov,Russia,ru,59.65,1,0,65.79,name=60; country=['ru'],REVIEW
19d89641-666f-5f5d-a65b-d189af5e95fe,3257e9e3-953d-553c-acc0-4e7086947546,vladimir vladimirovich putin,alexey vladimirovich sitnikov,Russia,ru,59.65,1,0,65.79,name=60; country=['ru'],REVIEW
19d89641-666f-5f5d-a65b-d189af5e95fe,4033834f-9ae2-5509-a6eb-3c84ce8e47b6,vladimir vladimirovich putin,vladimir yakovlevich pospelov,Russia,ru,59.65,1,0,65.79,name=60; country=['ru'],REVIEW
19d89641-666f-5f5d-a65b-d189af5e95fe,30cd7445-4892-5044-9a8f-db3de5818c99,vladimir vladimirovich putin,andrey vladimirovich kiyashko,Russia,ru,59.65,1,0,65.79,name=60; country=['ru'],REVIEW
19d89641-666f-5f5d-a65b-d189af5e95fe,67278d57-1dea-5771-a69c-c556825d9f27,vladimir vladimirovich putin,andrei vladimirovich khokhlov,Russia,ru,59.65,1,0,65.79,name=60; country=['ru'],REVIEW
006ad23e-54a7-54a1-8822-9ce4af2635fc,fa9c6bb6-ba7e-5f82-8330-52d622f6c7fb,mikhail vladimirovich mishustin,denis vladimirovich pasler,Russia,ru,59.65,1,0,65.79,name=60; country=['ru'],REVIEW
006ad23e-54a7-54a1-8822-9ce4af2635fc,bfc752f7-4b48-5b25-874d-98884ce5c3bc,mikhail vladimirovich mishustin,andrey vladimirovich burov,Russia,ru,59.65,1,0,65.79,name=60; country=['ru'],REVIEW
006ad23e-54a7-54a1-8822-9ce4af2635fc,d90e44da-667f-57d1-b4c6-b4a30acbbb73,mikhail vladimirovich mishustin,igor vladimirovich borisov,Russia,ru,59.65,1,0,65.79,name=60; country=['ru'],REVIEW
f6fc2069-2869-5228-bae4-9e65d297ee4d,b4242136-1b0e-5a49-ada9-c243ca900179,dmitriy yuriyevich grigorenko,dmitriy viktorovich lameykin,Russia,ru,59.65,1,0,65.79,name=60; country=['ru'],REVIEW
a1fcf254-dd99-5958-ace3-bcc964752c0c,ef6a3c7b-99a7-551f-98e1-c3eb6fe4e08b,dmitriy nikolayevich patrushev,dmitriy yuryevich vasilenko,Russia,ru,59.65,1,0,65.79,name=60; country=['ru'],REVIEW
11a8f3d4-bd63-5112-b032-b2f36644728e,b54e8f04-5d5b-521d-baf5-0bdf1b5c6a8e,aleksey logvinovich overchuk,aleksey igorevich khersontsev,Russia,ru,59.65,1,0,65.79,name=60; country=['ru'],REVIEW
a7f6b2f9-1666-5d11-966d-b03d88a6038c,fb5c1eda-44cc-5f25-ac0e-3ececb2a4dee,dmitriy nikolayevich chernyshenko,ivan nikolayevich babich,Russia,ru,59.65,1,0,65.79,name=60; country=['ru'],REVIEW
97b179e7-8df1-5604-acd0-0ea13054997f,ebd116ad-a228-54b0-bfa7-2f74007fb3e0,sergey yevgenyevich tsivilev,aleksandr yevgenyevich udodov,Russia,ru,59.65,1,0,65.79,name=60; country=['ru'],REVIEW
9f7f1740-b4dd-5baa-9f5c-0df51713cbf6,50c9069a-8468-511d-9d5b-f211b569fc3e,sergey viktorovich lavrov,andrei viktorovich gavryuchenkov,Russia,ru,59.65,1,0,65.79,name=60; country=['ru'],REVIEW
29a39d94-a45e-5891-a61a-73c87f60aa6c,600ab2db-f40d-5d38-9ed5-9d2331763a14,konstantin anatolyevich chuychekno,oleg anatolyevich nilov,Russia,ru,59.65,1,0,65.79,name=60; country=['ru'],REVIEW
cd6c171d-c9ca-554f-891b-755908ea691e,ead987c7-79c9-5cf9-b295-600208ed974c,aleksandr aleksandrovich kozlov,aleksandr viktorovich moor,Russia,ru,59.65,1,0,65.79,name=60; country=['ru'],REVIEW
cd6c171d-c9ca-554f-891b-755908ea691e,0d8118db-b3eb-5a4d-9520-1fdd407e6088,aleksandr aleksandrovich kozlov,yury aleksandrovich petrov,Russia,ru,59.65,1,0,65.79,name=60; country=['ru'],REVIEW
fbee7b65-a0d0-5c1f-b1ab-b1bba5553a9b,117285bc-9743-520a-925d-a6ba8b3569a0,valeriy nikolayevich falkov,andrey nikolayevich dolgopolov,Russia,ru,59.65,1,0,65.79,name=60; country=['ru'],REVIEW
d6e33049-9c30-57e4-8fa8-e9317955ad2e,5d88d0fb-8d21-5bd8-9e75-8b7c231d9041,mikhail vladimirovich degtyarev,denis vladimirovich zenkin,Russia,ru,59.65,1,0,65.79,name=60; country=['ru'],REVIEW
d6e33049-9c30-57e4-8fa8-e9317955ad2e,36ebf81b-3135-524d-8151-59048ea2a353,mikhail vladimirovich degtyarev,mikhail olegovich avtukhov,Russia,ru,59.65,1,0,65.79,name=60; country=['ru'],REVIEW
dbe82bd4-dc46-57b0-b0e4-d46ff1522618,b8b38677-d9bb-566d-9d91-abf7568e7bbf,roman vladimirovich starovoyt,dmitrii vladimirovich zauers,Russia,ru,59.65,1,0,65.79,name=60; country=['ru'],REVIEW
cc74e525-c18d-5f6c-8a8b-ea66a557c6bc,7df614da-0a73-5110-acb7-fcaf6b80e7c8,sergey yevgenyevich naryshkin,sergey viktorovich kalashnik,Russia,ru,59.65,1,0,65.79,name=60; country=['ru'],REVIEW
cc74e525-c18d-5f6c-8a8b-ea66a557c6bc,80cf6e60-2fb5-5ab0-a5ef-150646fca559,sergey yevgenyevich naryshkin,vadim yevgenyevich bulavinov,Russia,ru,59.65,1,0,65.79,name=60; country=['ru'],REVIEW
cc74e525-c18d-5f6c-8a8b-ea66a557c6bc,f13cbf26-c4c3-59a8-a414-8cc32549d567,sergey yevgenyevich naryshkin,sergey viktorovich ryzhenkov,Russia,ru,59.65,1,0,65.79,name=60; country=['ru'],REVIEW
66e0e444-e055-571d-8efc-92a87aee35f2,e1306146-eac7-5d02-b751-00a83fee926a,vasiliy alekseyevich nebenzya,oleg alekseyevich kolesnikov,Russia,ru,59.65,1,0,65.79,name=60; country=['ru'],REVIEW
3a68d536-9df2-5088-800b-54957b8b1d94,cfe3ecfe-d22f-5509-89dd-5c04f2cab556,delcy rodriguez gomez,caryslia beatriz rodriguez rodriguez,Venezuela,ve,59.65,1,0,65.79,name=60; country=['ve'],REVIEW
692d0217-0dbb-5722-b4f2-ed73c5bdc12a,d25accbe-2c4d-5d6b-8d4b-252fcfe9a7b8,abdullah al-alimi ba wazir,hamid abdullah hussein al ahmar,Yemen,ye,59.65,1,0,65.79,name=60; country=['ye'],REVIEW
cb6fedfb-8e3d-5bc6-ad4e-af56f4de6cb8,e69ac5cf-6e65-55a7-976c-38ba5f1bff5d,'abd-al-rahman abu zara'a,muhammad abd al-karim al-ghamari,Yemen,ye,59.65,1,0,65.79,name=60; country=['ye'],REVIEW
36be9989-76f2-529f-b1b6-6f110323e4c6,bc6f1ed7-0a2f-54cd-a6d9-cb91de27162e,tareq salem saleh al-akbari,sayf abdulrab salem al-hayashi,Yemen,ye,59.65,1,0,65.79,name=60; country=['ye'],REVIEW
36be9989-76f2-529f-b1b6-6f110323e4c6,39baadb8-ecd8-5203-be16-82b6f0dae7f5,tareq salem saleh al-akbari,abdullah mesfer saleh al-shaer,Yemen,ye,59.65,1,0,65.79,name=60; country=['ye'],REVIEW
ae54960f-d347-5091-8aed-043644222a3d,199d7246-0936-5f2c-8161-a8caddfb852a,ahmad omar muhammad arman,mahdi mohammed hussein al-mashat,Yemen,ye,59.65,1,0,65.79,name=60; country=['ye'],REVIEW
ae54960f-d347-5091-8aed-043644222a3d,6d705422-f55b-5e7c-8e4a-87c7ee1e5c68,ahmad omar muhammad arman,yahya mohammed mohammed al wazir,Yemen,ye,59.65,1,0,65.79,name=60; country=['ye'],REVIEW
ae54960f-d347-5091-8aed-043644222a3d,e69ac5cf-6e65-55a7-976c-38ba5f1bff5d,ahmad omar muhammad arman,muhammad abd al-karim al-ghamari,Yemen,ye,59.65,1,0,65.79,name=60; country=['ye'],REVIEW
8b18eb36-7f78-5f79-b85c-f876fe80b80f,615ea5dc-debd-5c16-a2dc-dabcf04ad4b8,badr abdo ahmad al-ardah,adil mutahhar abdallah al muayyad,Yemen,ye,59.65,1,0,65.79,name=60; country=['ye'],REVIEW
e614b1a4-c644-556d-bcf4-30f13d9b48ff,0dde30be-fbde-5d51-964f-1bda1abcdf53,abdallah ali fadl al-saadi,abdullah ahsan abdullah dabbash,Yemen,ye,59.65,1,0,65.79,name=60; country=['ye'],REVIEW
053197b2-c2cf-5616-8cd1-fa82f161f429,3c11d1ba-fc73-5ecc-af85-5695d6a14a2e,mohammed hasan mahmud,mohammad anwar latif khan,Bangladesh,bd,59.57,1,0,65.74,name=60; country=['bd'],REVIEW
468d0d37-b79b-5fa7-95cd-993178cf24a3,4a0d9ea8-fb45-59f7-baaf-d2545a2507be,maría fernanda rojas mantilla,jaime rojas franco,Colombia,co,59.57,1,0,65.74,name=60; country=['co'],REVIEW
ce485fbb-25bb-5175-a998-8724fbc3f3db,7b827345-36ef-5d76-b0a0-2dc0edce1398,osama abdelkhalek,osama abdelmongy abdalla bakr,Egypt,eg,59.57,1,0,65.74,name=60; country=['eg'],REVIEW
fad6b794-28f0-5b61-92b0-531e88e1121b,93ea4f71-cc32-53ba-9f88-ea051fbc39aa,mohammad-jafar qaempanah,mohammad ali yazdan joo,Iran,ir,59.57,1,0,65.74,name=60; country=['ir'],REVIEW
fad6b794-28f0-5b61-92b0-531e88e1121b,d4425fd5-c1c4-5302-8aa3-09b71eb88bdd,mohammad-jafar qaempanah,mohammad reza mohammadi,Iran,ir,59.57,1,0,65.74,name=60; country=['ir'],REVIEW
286d8443-aff7-5178-b2a1-75291c9f61ae,96173075-818f-5978-abd5-a5dbad2a390e,mohammad-reza zafarqandi,hossein mohammad rezaei,Iran,ir,59.57,1,0,65.74,name=60; country=['ir'],REVIEW
f5bba0b2-1672-538d-a57d-6a7713adea30,7d4e182e-d44b-593f-ac10-6413ac8c56e7,basim muhammad khudayr,khamis sirhan al-muhammad,Iraq,iq,59.57,1,0,65.74,name=60; country=['iq'],REVIEW
23ba379d-8492-5e9e-997d-eb6a1e08510d,40c0a2cc-71a3-5fad-8730-0bb2dc39ff80,ali muhsin al-allaq,riyadh ali hussein al-azzawi,Iraq,iq,59.57,1,0,65.74,name=60; country=['iq'],REVIEW
8083fa5f-bec7-528d-a510-bd8488bbf4f9,ae86024b-6834-5827-b92a-1b27e5ee1507,josefina rodriguez zamora,juvenal leon rodriguez,Mexico,mx,59.57,1,0,65.74,name=60; country=['mx'],REVIEW
bdbf6c01-27bc-5ab7-a23f-6c45a20af934,f3f6a050-e2ce-50ae-a2ea-d375973b197d,muhammad hanif abbasi,mohammad masood azhar alvi,Pakistan,pk,59.57,1,0,65.74,name=60; country=['pk'],REVIEW
e596913c-6bee-572c-9253-b056bad653ec,f06edce8-517e-5907-af7f-e2ddf976a60c,yuriy petrovich trutnev,viktor petrovich tomenko,Russia,ru,59.57,1,0,65.74,name=60; country=['ru'],REVIEW
dcec7de1-abdf-59fb-b307-d4eefda190be,eff083a1-0193-5d38-bb84-2dde1f74c0e2,olga borisovna lyubimova,olga nikolaevna alimova,Russia,ru,59.57,1,0,65.74,name=60; country=['ru'],REVIEW
dcec7de1-abdf-59fb-b307-d4eefda190be,7f13d08e-cca1-55ce-b8af-3bd151ae39e0,olga borisovna lyubimova,olga fedorovna kovitidi,Russia,ru,59.57,1,0,65.74,name=60; country=['ru'],REVIEW
0a20c63b-a3e5-5b97-9a17-2fa6525d1530,820f4142-3520-5a83-a7e6-22e22d825819,aleksandr vasilyevich bortnikov,aleksandr okulov,Russia,ru,59.57,1,0,65.74,name=60; country=['ru'],REVIEW
1d3648e0-890b-5857-b494-38f5e5169785,a1efe343-58c4-55e9-85b2-f61a184d2b44,muhammad bin salman,mustafa mohammed m. almadani,Saudi Arabia,sa,59.57,1,0,65.74,name=60; country=['sa'],REVIEW
ac9c6dc5-aee9-5725-a52b-091d465c61b4,d01bc837-6503-523f-bf79-c7bee18a290c,khadija mohamed dirie,mohamed jumale ali awale,Somalia,so,59.57,1,0,65.74,name=60; country=['so'],REVIEW
c3bbe851-9ce5-554f-ada1-dce8062fef6f,d4740de9-0c0f-5d33-a6f5-ec79cb755255,muhammad hassan dahab,mohamed atta emoula abbas,Sudan,sd,59.57,1,0,65.74,name=60; country=['sd'],REVIEW
e1a4fd72-18c9-53c0-a671-e5459f12362c,467218c6-82ce-5327-85be-929955b88210,dhu al-bayt abd al-rahman,abdel fattah al-burhan,Sudan,sd,59.57,1,0,65.74,name=60; country=['sd'],REVIEW
4d4f318b-4f78-52c3-9f1c-4420cd2abce4,9320d0c3-6bd1-508c-9ced-c50d13389db5,husayn yahia jangul,taha osman ahmed al-hussein,Sudan,sd,59.57,1,0,65.74,name=60; country=['sd'],REVIEW
273f7c93-b943-54f3-b29b-c5b49914c4a7,3d03156c-1c9d-5ef4-845a-d9d2acee9e60,muhammad abu al-khayr shukri,muhammad nafi bilal,Syria,sy,59.57,1,0,65.74,name=60; country=['sy'],REVIEW
273f7c93-b943-54f3-b29b-c5b49914c4a7,82dfadfc-06b9-5b21-a6ef-8328713c447c,muhammad abu al-khayr shukri,muhamad ali al-hebo,Syria,sy,59.57,1,0,65.74,name=60; country=['sy'],REVIEW
273f7c93-b943-54f3-b29b-c5b49914c4a7,353d33bb-6dc1-5a91-bdd2-e8c889702d03,muhammad abu al-khayr shukri,ali muhammad hamsho,Syria,sy,59.57,1,0,65.74,name=60; country=['sy'],REVIEW
f1c1473e-dffb-50fd-bbb3-0f32ea88747d,45a535c9-96af-54ac-b22b-6ec2fc67b6e9,rashad muhammad al-alimi,mohammed ahmed al-dawla,Yemen,ye,59.57,1,0,65.74,name=60; country=['ye'],REVIEW
ae54960f-d347-5091-8aed-043644222a3d,6b3f3f6b-6582-58f0-a17f-a19605923a01,ahmad omar muhammad arman,khaled muhammad khalil,Yemen,ye,59.57,1,0,65.74,name=60; country=['ye'],REVIEW
5f272a74-f9a6-53b5-a1b2-5ce576352220,06dfd183-8507-5e75-a49b-b9d26f23108a,muhammad hazm al-ashwal,muhammad ahmad al-talibi,Yemen,ye,59.57,1,0,65.74,name=60; country=['ye'],REVIEW
d673bd64-7515-5966-9e29-0990efbfcb22,66cc878e-4ecb-51cc-ac06-9ec1c4794f49,ibrahim ali ahmad haydan,ali ahmed daghsan talea,Yemen,ye,59.57,1,0,65.74,name=60; country=['ye'],REVIEW
0fae46ef-f7b8-5c78-800f-923f94b34cb2,115f5e23-3991-5525-b7b4-a38a85dae4f2,muhammad al-zaouri,sa'id ahmad muhammad al-jamal,Yemen,ye,59.57,1,0,65.74,name=60; country=['ye'],REVIEW
1b652019-36c0-552b-9031-55ce6822d027,dbde3523-dc1c-5ad3-bea1-817ce19cde2b,abd al-salam hadi,'abdallah najib ahmad al-jamal,Yemen,ye,59.57,1,0,65.74,name=60; country=['ye'],REVIEW
1b652019-36c0-552b-9031-55ce6822d027,f7e199ca-b2cb-55ab-b61d-c6f0bf4f0596,abd al-salam hadi,saddam ahmad mohammad al faqih,Yemen,ye,59.57,1,0,65.74,name=60; country=['ye'],REVIEW
e614b1a4-c644-556d-bcf4-30f13d9b48ff,a4d9ee2e-5a61-5559-8bf8-30cc385991e7,abdallah ali fadl al-saadi,abdulkader ali bazara,Yemen,ye,59.57,1,0,65.74,name=60; country=['ye'],REVIEW
e614b1a4-c644-556d-bcf4-30f13d9b48ff,068063be-a343-574a-95c5-272c216ebb6c,abdallah ali fadl al-saadi,abdul malik al houthi,Yemen,ye,59.57,1,0,65.74,name=60; country=['ye'],REVIEW
c2ad6c13-1cc1-5fd6-9d59-f848e76820d9,d59ff7c1-214c-5196-b523-507d04ca35d3,qari din mohammad,saleh mohammad kakar,Afghanistan,af,59.46,1,0,65.68,name=59; country=['af'],REVIEW
245dc288-6a76-58c5-815e-7d9aa596d9bd,6757840d-9a20-587a-93ee-6130d27da55e,mohamed el-saadaoui,mohamed belkalem,Algeria,dz,59.46,1,0,65.68,name=59; country=['dz'],REVIEW
dd9c3037-a953-52b4-a3e2-2e6f5fb936de,6b50d534-a48b-540e-972f-57fb8c8a4f0a,hamid pur-mohammadi,hamid reza ramazan,Iran,ir,59.46,1,0,65.68,name=59; country=['ir'],REVIEW
486633c7-d65d-579c-a85e-bd4fb32cc714,7ebb7392-814e-5f2d-935a-15e3ab1ef59e,mohammad eslami,hosein mohammad haruni,Iran,ir,59.46,1,0,65.68,name=59; country=['ir'],REVIEW
486633c7-d65d-579c-a85e-bd4fb32cc714,4f5dc1ce-87ae-5719-8c68-4edc9cf1e13c,mohammad eslami,mohammad sadegh fatehi,Iran,ir,59.46,1,0,65.68,name=59; country=['ir'],REVIEW
486633c7-d65d-579c-a85e-bd4fb32cc714,043ebf6a-6636-542e-9d26-0f5fe568ca9d,mohammad eslami,mohammad reza mehdipur,Iran,ir,59.46,1,0,65.68,name=59; country=['ir'],REVIEW
486633c7-d65d-579c-a85e-bd4fb32cc714,fc1903d8-6b87-52bf-8b6d-1513575e5161,mohammad eslami,mostafa mohammad khani,Iran,ir,59.46,1,0,65.68,name=59; country=['ir'],REVIEW
f4ea4886-8be2-5d37-a640-c17e42563a62,08c44fbf-8e55-5f17-bd7d-f00786741709,abbas salehi-shariati,ali akbar salehi,Iran,ir,59.46,1,0,65.68,name=59; country=['ir'],REVIEW
3b010830-4c7f-51c8-b05c-d12a854b19eb,4f5dc1ce-87ae-5719-8c68-4edc9cf1e13c,mohammad atabak,mohammad sadegh fatehi,Iran,ir,59.46,1,0,65.68,name=59; country=['ir'],REVIEW
f57ff2a3-e8df-593b-9e2b-a887dc3b6f48,3f78b232-f53e-5da4-ae8c-12f62709d271,amin-hosein rahimi,hosein akbari nodeh,Iran,ir,59.46,1,0,65.68,name=59; country=['ir'],REVIEW
e4a15ba7-8373-5eee-9122-61513ebfe98a,9ff3e4f0-1d6f-5a92-b311-2ba3f8922dd9,mohsen pak-nejad,mohsen raeesi naftchi,Iran,ir,59.46,1,0,65.68,name=59; country=['ir'],REVIEW
f09fa64f-3749-5bb9-8eae-47aa0e56fc7c,6bfeb60e-26b8-5fd5-b363-dab90b51e4c8,mohamad-reza farzin,hamid reza khamer,Iran,ir,59.46,1,0,65.68,name=59; country=['ir'],REVIEW
f09fa64f-3749-5bb9-8eae-47aa0e56fc7c,6dfe3845-4ce2-5b81-8758-a75686bcbe28,mohamad-reza farzin,mohammad mahmoudi,Iran,ir,59.46,1,0,65.68,name=59; country=['ir'],REVIEW
f09fa64f-3749-5bb9-8eae-47aa0e56fc7c,92267cb1-255c-59a0-95b6-9a4b540c3dba,mohamad-reza farzin,reza mozaffarinia,Iran,ir,59.46,1,0,65.68,name=59; country=['ir'],REVIEW
30e84c08-0100-5fb9-adba-9b44b6b03513,3332ed39-fe75-50f6-ae69-20c75890e950,abd al-rahim jassim,abu yahya al-iraqi,Iraq,iq,59.46,1,0,65.68,name=59; country=['iq'],REVIEW
02365e20-d950-5c86-8365-cd4254a18cc4,7cae659a-be30-5253-8781-5c7d359aafbe,sarwa abd al-wahid,hajji 'abd al-nasir,Iraq,iq,59.46,1,0,65.68,name=59; country=['iq'],REVIEW
57f4eb8e-d7a9-57e6-99ca-baa2ad732695,1dd4b526-1e25-5bf0-a484-41297b4b9d9e,bilal al-hamdani,ali maarij al-bahadly,Iraq,iq,59.46,1,0,65.68,name=59; country=['iq'],REVIEW
6d580cd0-246d-59b1-92c3-1232ce7035b2,cfbeb09a-94c1-5174-b8c7-38efeed0fcb6,muhammad haidar,muhammad fawzi taqqosh,Lebanon,lb,59.46,1,0,65.68,name=59; country=['lb'],REVIEW
bd693fa6-49aa-5b94-a60f-97feac51724a,1caf8d5a-48ea-5695-b013-717a23f71cd6,khalifa abd-al-sadiq,fahmi ben khalifa,Libya,ly,59.46,1,0,65.68,name=59; country=['ly'],REVIEW
ff2ee93f-46e3-51b1-92de-4567077fe366,2e16a084-f9f8-5d70-8298-47826cbc6c1d,muhammad al-zaydani,mahmud al-warfalli,Libya,ly,59.46,1,0,65.68,name=59; country=['ly'],REVIEW
0063ad29-51a3-55d1-9940-102c5365e4bf,c534f6bb-a2e4-56bd-bb37-de4357aa8ad1,zambry abdul kadir,abdul manaf kasmuri,Malaysia,my,59.46,1,0,65.68,name=59; country=['my'],REVIEW
fa3b6e6c-9daf-5bca-a36c-0dd8aed756b5,7270ebb9-0bcb-5b03-9fa4-7a467af064d9,adam naseer ibrahim,ibrahim aleef rauf,Maldives,mv,59.46,1,0,65.68,name=59; country=['mv'],REVIEW
0330a30e-3969-5f54-bfa1-8ef9ce0f00aa,ec179e6c-33a2-59bd-b3a6-768f53fc668c,ahmed salem ebode,salem ould breihmatt,Mauritania,mr,59.46,1,0,65.68,name=59; country=['mr'],REVIEW
28dfcbe3-854d-5b4d-973a-0f66e327165b,0842fafe-3242-53aa-92e0-349a50000011,sardar muhammad yousaf,mohammed tufail,Pakistan,pk,59.46,1,0,65.68,name=59; country=['pk'],REVIEW
1d3648e0-890b-5857-b494-38f5e5169785,c721b0df-70eb-5774-aaff-89a63f56fac1,muhammad bin salman,mohammad al-otaibi,Saudi Arabia,sa,59.46,1,0,65.68,name=59; country=['sa'],REVIEW
2e830ef2-5b5e-5e3f-9001-73b85779f863,c1c94659-1887-5e37-98e9-af27dbae9ac6,abd al-rahman bin abd al-muhsin al-fadhli,adel radi saqr al-wahabi al-harbi,Saudi Arabia,sa,59.46,1,0,65.68,name=59; country=['sa'],REVIEW
d39cb8e2-c5f0-530e-9a21-add7718153a5,cc612d8a-68be-5479-b5a7-e9c56e9226cf,ali haji adan,ahmed haji ali haji omar,Somalia,so,59.46,1,0,65.68,name=59; country=['so'],REVIEW
9e652d34-33f0-55be-9065-021f6d5b73a0,ac9d6356-4e8a-5b2e-85d2-87757bfe6563,mohamed farah nur,jami' 'ali muhammad,Somalia,so,59.46,1,0,65.68,name=59; country=['so'],REVIEW
678a7682-2d43-5752-b7b5-ee30425bc9ae,965a6cd1-096d-5eb6-a3da-47c2d8d0fcde,ayaa benjamin warille,benjamin bol mel,South Sudan,ss,59.46,1,0,65.68,name=59; country=['ss'],REVIEW
c2369b0c-9fa5-5e0b-a144-0128a0d33c6e,6f686ec2-e73d-5c14-8117-794bf31ee029,muhammad al-bashir,mohamad majd deiry,Syria,sy,59.46,1,0,65.68,name=59; country=['sy'],REVIEW
c2369b0c-9fa5-5e0b-a144-0128a0d33c6e,3d03156c-1c9d-5ef4-845a-d9d2acee9e60,muhammad al-bashir,muhammad nafi bilal,Syria,sy,59.46,1,0,65.68,name=59; country=['sy'],REVIEW
c2369b0c-9fa5-5e0b-a144-0128a0d33c6e,90d9442e-ff02-5301-9840-33ae8bfd4a97,muhammad al-bashir,ali musa al-shawakh,Syria,sy,59.46,1,0,65.68,name=59; country=['sy'],REVIEW
6431c011-7e65-57eb-be58-5fd69139c64a,f253e1c8-eb6e-52e5-90ae-7e8f33e16c47,muhammad yasir barniyah,muhammad abbas,Syria,sy,59.46,1,0,65.68,name=59; country=['sy'],REVIEW
68657b9d-e5cc-59b2-9a65-84e447d02169,785e9b68-719b-5d18-98b4-ff03694af775,as’ad hasan al-shaybani,asma al-assad,Syria,sy,59.46,1,0,65.68,name=59; country=['sy'],REVIEW
43b6ef8b-4f1b-57af-8e1a-e1552fdd6344,98e37b14-de82-58d1-8ca7-e6b6446423ed,muhammad anjarani,husam muhammad louka,Syria,sy,59.46,1,0,65.68,name=59; country=['sy'],REVIEW
5f272a74-f9a6-53b5-a1b2-5ce576352220,59569427-7dcb-5c86-b621-ddfcb76bfab1,muhammad hazm al-ashwal,zaid al-washli,Yemen,ye,59.46,1,0,65.68,name=59; country=['ye'],REVIEW
0fae46ef-f7b8-5c78-800f-923f94b34cb2,cf9bcb9f-16d9-54fc-864e-95a75b6df554,muhammad al-zaouri,muhammad al-ghazali,Yemen,ye,59.46,1,0,65.68,name=59; country=['ye'],REVIEW
0fae46ef-f7b8-5c78-800f-923f94b34cb2,8e698ee8-8c98-5c99-8e87-f159e0344b24,muhammad al-zaouri,mohammad abdulsalam,Yemen,ye,59.46,1,0,65.68,name=59; country=['ye'],REVIEW
0fae46ef-f7b8-5c78-800f-923f94b34cb2,1342ceb6-62c8-5580-9a9b-1cb2f8fb9352,muhammad al-zaouri,mohamed ali badaas,Yemen,ye,59.46,1,0,65.68,name=59; country=['ye'],REVIEW
48b602d3-fcec-5c71-9c34-4a08f48f2bdb,5c5d22ff-6841-52fd-a38a-dff2c3a9bdd4,carlos antonio fernandez onofre,carlos ariel fernandez concepcion,Dominican Republic,do,59.38,1,0,65.62,name=59; country=['do'],REVIEW
7577e6ac-6813-5c14-a64b-543cff310d82,23a9959a-d32b-5833-bdb1-5eda433b1918,aleksandr vyacheslavovich kurenkov,aleksandr nikolayevich vorobev,Russia,ru,59.38,1,0,65.62,name=59; country=['ru'],REVIEW
f21fad05-0e28-5492-a4e5-4ca30560fe5c,ae57c74c-924b-570c-b306-39e29d5e0e76,vladimir aleksandrovich kolokoltsev,andrey aleksandrovich klishas,Russia,ru,59.38,1,0,65.62,name=59; country=['ru'],REVIEW
f21fad05-0e28-5492-a4e5-4ca30560fe5c,9cd877eb-907c-54ed-ac2e-2d93c9ce9639,vladimir aleksandrovich kolokoltsev,vladimir leonidovich bogdanov,Russia,ru,59.38,1,0,65.62,name=59; country=['ru'],REVIEW
f21fad05-0e28-5492-a4e5-4ca30560fe5c,64e87c3c-7a9e-59fa-ab49-e14101385175,vladimir aleksandrovich kolokoltsev,arsenii aleksandrovich penzev,Russia,ru,59.38,1,0,65.62,name=59; country=['ru'],REVIEW
f21fad05-0e28-5492-a4e5-4ca30560fe5c,ac650d90-8e04-58db-ac12-424aa36cafba,vladimir aleksandrovich kolokoltsev,sergey aleksandrovich yershov,Russia,ru,59.38,1,0,65.62,name=59; country=['ru'],REVIEW
29a39d94-a45e-5891-a61a-73c87f60aa6c,a6072fe1-a5ec-53c2-983a-98c25711f2b6,konstantin anatolyevich chuychekno,vyacheslav anatolyevich petrov,Russia,ru,59.38,1,0,65.62,name=59; country=['ru'],REVIEW
cd6c171d-c9ca-554f-891b-755908ea691e,02a80351-7e4a-537b-9933-336ad4cf5978,aleksandr aleksandrovich kozlov,dmitrii aleksandrovich beloglazov,Russia,ru,59.38,1,0,65.62,name=59; country=['ru'],REVIEW
d6e33049-9c30-57e4-8fa8-e9317955ad2e,e07d1fbb-5a93-5a41-936a-02f5f70fbbb5,mikhail vladimirovich degtyarev,vladimir vladimirovich vladimirov,Russia,ru,59.38,1,0,65.62,name=59; country=['ru'],REVIEW
dbe82bd4-dc46-57b0-b0e4-d46ff1522618,c3d58408-cf78-581b-a483-5f4ec7e10911,roman vladimirovich starovoyt,vyacheslav vladimirovich nagovitsyn,Russia,ru,59.38,1,0,65.62,name=59; country=['ru'],REVIEW
c7ad8cab-7fe7-57cc-b129-c8f8731256ef,c1c94659-1887-5e37-98e9-af27dbae9ac6,khalid bin abd al-aziz al-falih,adel radi saqr al-wahabi al-harbi,Saudi Arabia,sa,59.38,1,0,65.62,name=59; country=['sa'],REVIEW
9ca93479-0cea-5736-a02d-90775991ebc1,c1c94659-1887-5e37-98e9-af27dbae9ac6,khalid bin abd al-rahman al-isa,adel radi saqr al-wahabi al-harbi,Saudi Arabia,sa,59.38,1,0,65.62,name=59; country=['sa'],REVIEW
9578ba7b-ed8c-5041-96d8-36f346c46e40,1db86ec2-cdf6-568b-81fb-968d9d9ca897,tariq muhammad abdallah salih,eshaq abdulmalek abdullah almarwani,Yemen,ye,59.38,1,0,65.62,name=59; country=['ye'],REVIEW
c309640a-c084-5456-ae1b-48034d1c7209,c5a971fe-e502-5a6d-90ed-2ac271e91a5b,muhammad edhah mahdi shabibah,ali abd-al-wahhab muhammad al-wazir,Yemen,ye,59.38,1,0,65.62,name=59; country=['ye'],REVIEW
4fd54716-bb30-50c6-9919-8026487ccdcf,9b11daa9-4be9-59ce-87c0-834fdf2e0c4b,ali hoseini-khamenei,ali husseini khamenei,Iran,,92.68,0,1,65.61,"name=93; position_overlap=['leader', 'supreme']",REVIEW
ef22287a-c508-5f0b-8ed5-bbbb196f9194,caee9fd6-b43c-5de4-89ca-40a3a05b4de3,abdul kabir,abdul samad sani,Afghanistan,af,59.26,1,0,65.56,name=59; country=['af'],REVIEW
eaed8485-961b-504c-b1b4-1dc3fa9d17c1,71bfa5eb-e160-5857-8b2e-d31b2d32a7b1,ivan ivanov,ivan kirov genov,Bulgaria,bg,59.26,1,0,65.56,name=59; country=['bg'],REVIEW
928d4f05-b0ba-5cf1-84d6-44838e4dc4a6,dade11d1-8fbc-585e-81ce-6a84642c8bcd,min aung hlaing,tin myo aung,Burma,zm,59.26,1,0,65.56,name=59; country=['zm'],REVIEW
928d4f05-b0ba-5cf1-84d6-44838e4dc4a6,ae441ad0-97a9-5e25-9ba3-ee31c43e09a7,min aung hlaing,saw san aung,Burma,zm,59.26,1,0,65.56,name=59; country=['zm'],REVIEW
1e68a075-f6b8-5fef-9e9c-20ba346d9a35,b5ffba92-a5b2-5987-9fae-fab4aee53c91,maung myint,maung maung kyaw,Burma,zm,59.26,1,0,65.56,name=59; country=['zm'],REVIEW
36b7bb62-908b-5f34-937f-845bbbbd6f4c,e7e0255a-64c0-54c7-ac84-54f2e3f45339,aung kyaw hoe,thet thet aung,Burma,zm,59.26,1,0,65.56,name=59; country=['zm'],REVIEW
b05ed206-a84b-5bef-ad39-8bfa03419c61,b0bd6edd-7aba-5129-b2a8-42491d1c89c3,tin aung san,naing htut aung,Burma,zm,59.26,1,0,65.56,name=59; country=['zm'],REVIEW
b05ed206-a84b-5bef-ad39-8bfa03419c61,0efe8fdf-9618-5b92-9c7a-941ec0baa2fd,tin aung san,banyar aung moe,Burma,zm,59.26,1,0,65.56,name=59; country=['zm'],REVIEW
e04d1361-6c5f-5682-9654-45f6127037f1,3823f6f1-6a46-5464-832f-efb820d42797,khin naing oo,saw min min oo,Burma,zm,59.26,1,0,65.56,name=59; country=['zm'],REVIEW
fd8a9ab7-bb25-519d-b586-97a61c0e8c59,ef391d20-2e30-5e28-b6d3-8eb5ee59c51e,shanjie zheng,guanghua zheng,China,cn,59.26,1,0,65.56,name=59; country=['cn'],REVIEW
f3ed4b66-3926-5ebf-9146-1715c8f78d8d,cd1700c4-209e-52c8-856d-64f874ec2d7a,ahmed issa,ahmed sadu jahleb,Egypt,eg,59.26,1,0,65.56,name=59; country=['eg'],REVIEW
12ff8334-76bd-532f-87d6-d455cb77a891,17621829-f5e3-5edb-b7c1-4037b6fa11af,mohamed abbas helmy,mohammed abdel-halim hemaida saleh,Egypt,eg,59.26,1,0,65.56,name=59; country=['eg'],REVIEW
6fc4b716-246b-5695-9850-74755cb934d9,d807c3c2-886e-5eb0-8572-4067082b2000,jitendra singh,ranveer singh,India,in,59.26,1,0,65.56,name=59; country=['in'],REVIEW
d7cd3441-bcb0-5c6e-b594-08be03d52615,7ff7b4f5-8d76-51f0-a23e-115cee28787d,abdul mu'ti,afif abdul majid,Indonesia,id,59.26,1,0,65.56,name=59; country=['id'],REVIEW
d92323a3-f42b-55fb-8054-61ed32350322,76a428d1-1c42-5158-96df-1583fd1529e8,majid ansari,majid dolatkhah,Iran,ir,59.26,1,0,65.56,name=59; country=['ir'],REVIEW
9527d76f-4f43-5099-83ad-80e09d382873,a9ce8704-570a-5b8e-b4a8-da17308f041a,ali-reza kazemi,reza heidari,Iran,ir,59.26,1,0,65.56,name=59; country=['ir'],REVIEW
87f842cc-288e-55f0-b582-ea1f8ebbec8d,34e39cb3-9c4b-5775-9034-7b4013c29fad,ahmad donyamali,ahmad vahidi,Iran,ir,59.26,1,0,65.56,name=59; country=['ir'],REVIEW
87f842cc-288e-55f0-b582-ea1f8ebbec8d,6079eedd-7023-5fdf-b98d-b8eaf3d62552,ahmad donyamali,ahmad ghaedi,Iran,ir,59.26,1,0,65.56,name=59; country=['ir'],REVIEW
87f842cc-288e-55f0-b582-ea1f8ebbec8d,41dc7795-ddd4-56bb-9951-7959a2d6c182,ahmad donyamali,ahmad taheri,Iran,ir,59.26,1,0,65.56,name=59; country=['ir'],REVIEW
6bf403eb-cd49-5885-a951-153e5cde5d09,07518b15-fe62-5e07-a541-f642141b45d8,nizar muhammad said amedi,husam muhammad amin al-yassin,Iraq,iq,59.26,1,0,65.56,name=59; country=['iq'],REVIEW
6bf403eb-cd49-5885-a951-153e5cde5d09,be9ec487-493e-5a2d-84f9-7432ad69de6d,nizar muhammad said amedi,ahmad muhammad yunis al-ahmad,Iraq,iq,59.26,1,0,65.56,name=59; country=['iq'],REVIEW
6bf403eb-cd49-5885-a951-153e5cde5d09,3a4dace9-2147-5c3d-af65-6bb6a572b633,nizar muhammad said amedi,sa'ad muhammad yunis al-ahmad,Iraq,iq,59.26,1,0,65.56,name=59; country=['iq'],REVIEW
973ee1f6-dc9f-54c1-bf5a-557e166023ac,517ad8a7-83b9-5065-8679-e01791a25b8d,ali falih kadhim al-zaydi,ayad futayyih khalifa al-rawi,Iraq,iq,59.26,1,0,65.56,name=59; country=['iq'],REVIEW
b4739228-8770-5f35-9a18-0c857200eb69,dd666044-1ef7-576d-9601-2d8dfad1401e,abd al-husayn al-musawi,ali hassan al-majid al-tikriti,Iraq,iq,59.26,1,0,65.56,name=59; country=['iq'],REVIEW
215fc3a7-2dba-54d1-877b-cdbd40681523,2c7bae9f-46e8-5fc8-9af3-fc0e184a0906,ryong hae choe,chol min choe,"Korea, North",kp,59.26,1,0,65.56,name=59; country=['kp'],REVIEW
215fc3a7-2dba-54d1-877b-cdbd40681523,9b4c97e1-e3b6-5ec4-8963-58ebb6aa0441,ryong hae choe,chun pom choe,"Korea, North",kp,59.26,1,0,65.56,name=59; country=['kp'],REVIEW
c97a4c11-6d14-5bc3-824a-8a5f027534ab,31c9a2a8-d08a-5c56-9e09-1bb7c60d0d82,sun nam kang,cho'ng-nam yo'n,"Korea, North",kp,59.26,1,0,65.56,name=59; country=['kp'],REVIEW
f244bdca-f3a8-5d54-9b1b-cc2e39bc638f,9ab2c631-2112-5c4d-9304-404f036386f4,yong hwan kim,kwang hyok kim,"Korea, North",kp,59.26,1,0,65.56,name=59; country=['kp'],REVIEW
6fa2335d-266a-53e7-8246-ad15133afa37,1867f1a3-1864-5656-9b91-b3d19133316a,chol min pak,kwang chol pyon,"Korea, North",kp,59.26,1,0,65.56,name=59; country=['kp'],REVIEW
c7a1b474-a0ab-5df4-8d68-f47f5b403fdb,e472907a-de0a-5171-9835-3ac562d6e529,hyon chol jon,tae chol ryang,"Korea, North",kp,59.26,1,0,65.56,name=59; country=['kp'],REVIEW
c85a2ab4-d135-57bf-bdbc-dae1667811ef,b43ba4cb-d64c-5d14-98e1-bbbae32d319d,sung guk jon,phyong guk kang,"Korea, North",kp,59.26,1,0,65.56,name=59; country=['kp'],REVIEW
3aea3e76-cdbe-5543-8f1e-79e51652cf89,7d5925c3-36b7-555b-ab91-d969cc28db32,hak chol jon,chol ryong choe,"Korea, North",kp,59.26,1,0,65.56,name=59; country=['kp'],REVIEW
3aea3e76-cdbe-5543-8f1e-79e51652cf89,14df2660-0acf-5629-9a00-cc018ed8c391,hak chol jon,chong-chol kwak,"Korea, North",kp,59.26,1,0,65.56,name=59; country=['kp'],REVIEW
86e14e01-a80e-5017-b9fc-aaa22aefdf76,ac20c82b-a756-5b8b-b07a-a1aecff7e9bc,chun sop song,chun yong choe,"Korea, North",kp,59.26,1,0,65.56,name=59; country=['kp'],REVIEW
86e14e01-a80e-5017-b9fc-aaa22aefdf76,57a04792-22f6-5407-b134-7ae3891e193f,chun sop song,song chol jang,"Korea, North",kp,59.26,1,0,65.56,name=59; country=['kp'],REVIEW
f2bcceb4-a9c5-5af1-9de9-0a29cf52df53,409f605a-c08e-52a3-ab92-1b951394bad3,hyong ryol pak,jong chon pak,"Korea, North",kp,59.26,1,0,65.56,name=59; country=['kp'],REVIEW
3fb152be-1f78-5bf9-aa97-cbaa07844038,9ab2c631-2112-5c4d-9304-404f036386f4,sung chan kim,kwang hyok kim,"Korea, North",kp,59.26,1,0,65.56,name=59; country=['kp'],REVIEW
c7e8fc46-b063-59fc-9f2c-549482d15202,409f605a-c08e-52a3-ab92-1b951394bad3,jong gwan kang,jong chon pak,"Korea, North",kp,59.26,1,0,65.56,name=59; country=['kp'],REVIEW
c7e8fc46-b063-59fc-9f2c-549482d15202,2ea72da9-edb8-54e7-9101-7fd192d24b3b,jong gwan kang,yong nam jong,"Korea, North",kp,59.26,1,0,65.56,name=59; country=['kp'],REVIEW
a6663a37-373c-55f5-9061-d45fb425f859,bdf7db8d-caa4-59b3-a63f-3baaecc9bba3,chung gol kim,geum cheol kim,"Korea, North",kp,59.26,1,0,65.56,name=59; country=['kp'],REVIEW
257b7973-9bb2-564f-b8c5-1a55c239efc9,953dd495-b9bf-54e0-8ea8-963ac47643f3,chung song kim,song hwa jong,"Korea, North",kp,59.26,1,0,65.56,name=59; country=['kp'],REVIEW
a94b2e8e-85d9-507b-a1ca-4de6aa6b733e,255af80c-23aa-5e30-812f-dde7dff45ed7,kyong chol choe,in chol jong,"Korea, North",kp,59.26,1,0,65.56,name=59; country=['kp'],REVIEW
a94b2e8e-85d9-507b-a1ca-4de6aa6b733e,f26aaf2e-a651-517b-aba9-903eb8ff7e80,kyong chol choe,un jong choe,"Korea, North",kp,59.26,1,0,65.56,name=59; country=['kp'],REVIEW
250b1f74-d92a-5b8e-81fd-91f406313e55,7bb4c3ef-35ef-52a5-96a5-cca060395539,chun song jang,song chol kim,"Korea, North",kp,59.26,1,0,65.56,name=59; country=['kp'],REVIEW
250b1f74-d92a-5b8e-81fd-91f406313e55,502197bb-083e-500b-ab49-3e3a29fd9e6f,chun song jang,kuk chol jang,"Korea, North",kp,59.26,1,0,65.56,name=59; country=['kp'],REVIEW
679abb71-81b5-534a-89fe-cbc9b08faea3,8bd9ad6a-d495-583f-8db5-922ab6eebd69,tamara al-zain,jihad al-arab,Lebanon,lb,59.26,1,0,65.56,name=59; country=['lb'],REVIEW
f884c1cb-2f29-59cc-80a7-20286e75c9cd,7a32de25-7496-5cd3-9227-89088c96609d,salim al-alam,faysal al-wadi,Libya,ly,59.26,1,0,65.56,name=59; country=['ly'],REVIEW
cb7cef2d-ebaa-5adf-9d01-f80315e9c345,7a32de25-7496-5cd3-9227-89088c96609d,walid al-lafi,faysal al-wadi,Libya,ly,59.26,1,0,65.56,name=59; country=['ly'],REVIEW
abb1efd2-926b-5b2b-8549-3335c0ba382e,064d1528-680d-58c5-8686-bf99a85eecdc,ahmed shiyam,ahmed alif rauf,Maldives,mv,59.26,1,0,65.56,name=59; country=['mv'],REVIEW
b1a96304-a3c2-5848-afdb-24e31a8730e0,bf1c2690-c142-5ac8-85c3-bcc8a6f65ce6,marath baruch bolanos lopez,maria gabriela favela lopez,Mexico,mx,59.26,1,0,65.56,name=59; country=['mx'],REVIEW
8083fa5f-bec7-528d-a510-bd8488bbf4f9,caab306b-3037-59b1-97d8-1813beee64be,josefina rodriguez zamora,jose saul rodriguez hernandez,Mexico,mx,59.26,1,0,65.56,name=59; country=['mx'],REVIEW
e4b7b6b6-5646-58c5-b575-546a5abccf5e,24b50789-f8d0-53db-b7d2-2f4ec2eeccdf,mohammed vi,muhammad abbatay,Morocco,ma,59.26,1,0,65.56,name=59; country=['ma'],REVIEW
83debae2-d75f-542f-8d30-bd55ed5203de,77fec648-904e-5ad6-a473-36e6b454d536,sardar awais ahmad khan leghari,dilawar khan nadir khan,Pakistan,pk,59.26,1,0,65.56,name=59; country=['pk'],REVIEW
19d89641-666f-5f5d-a65b-d189af5e95fe,5dfb80e9-a4ba-5db0-8d17-446375867e8c,vladimir vladimirovich putin,vladimir ivanovich bulavin,Russia,ru,59.26,1,0,65.56,name=59; country=['ru'],REVIEW
19d89641-666f-5f5d-a65b-d189af5e95fe,47595fd8-b9b7-5846-9358-ee99fb6a9a41,vladimir vladimirovich putin,vladimir nikolaevich lepin,Russia,ru,59.26,1,0,65.56,name=59; country=['ru'],REVIEW
19d89641-666f-5f5d-a65b-d189af5e95fe,5d88d0fb-8d21-5bd8-9e75-8b7c231d9041,vladimir vladimirovich putin,denis vladimirovich zenkin,Russia,ru,59.26,1,0,65.56,name=59; country=['ru'],REVIEW
a1fcf254-dd99-5958-ace3-bcc964752c0c,1ae6738e-a3ad-5fe4-b4d5-0d70d6866c25,dmitriy nikolayevich patrushev,yury nikolayevich koptev,Russia,ru,59.26,1,0,65.56,name=59; country=['ru'],REVIEW
f11ad005-002c-53ae-9cda-c70654fa1f7d,d13fbb21-0658-5903-9cf5-63daea33b8ba,vitaliy gennadyevich savelyev,dmitry gennadyevich gusev,Russia,ru,59.26,1,0,65.56,name=59; country=['ru'],REVIEW
11a8f3d4-bd63-5112-b032-b2f36644728e,e11ce34b-3974-5664-9632-501df7fb7467,aleksey logvinovich overchuk,aleksey leonidovich kudrin,Russia,ru,59.26,1,0,65.56,name=59; country=['ru'],REVIEW
a1ba40bc-1093-5b3a-8915-c71338aae763,b7091fcf-9f9a-518c-b1e8-1e101722383d,andrey removich belousov,andrey nikolayevich doroshenko,Russia,ru,59.26,1,0,65.56,name=59; country=['ru'],REVIEW
a1ba40bc-1093-5b3a-8915-c71338aae763,102266c3-ab5c-57a2-a1a9-df4b64f7554c,andrey removich belousov,andrey vasilyevich lavrishchev,Russia,ru,59.26,1,0,65.56,name=59; country=['ru'],REVIEW
baf13575-cd11-5c0c-ae96-f537015d05c2,b975f4bd-aaec-50ce-81c1-1beecce9ebec,aleksey olegovich chekunkov,denis olegovich degtyarenko,Russia,ru,59.26,1,0,65.56,name=59; country=['ru'],REVIEW
baf13575-cd11-5c0c-ae96-f537015d05c2,3cc688ae-59a0-5a3c-8120-da426df2c8af,aleksey olegovich chekunkov,evgeniy olegovich nifantiev,Russia,ru,59.26,1,0,65.56,name=59; country=['ru'],REVIEW
5ae8202c-5c03-5346-971f-d088c5aae8ef,b54e8f04-5d5b-521d-baf5-0bdf1b5c6a8e,maksut igorevich shadayev,aleksey igorevich khersontsev,Russia,ru,59.26,1,0,65.56,name=59; country=['ru'],REVIEW
2bf83e07-5387-5987-9333-0a44ebdc0a8f,bbba2bcb-3201-54a6-a824-8929a68dfb1a,sergey sergeyevich kravtsov,dmitry sergeyevich perminov,Russia,ru,59.26,1,0,65.56,name=59; country=['ru'],REVIEW
2bf83e07-5387-5987-9333-0a44ebdc0a8f,5a31d6a5-7158-5913-8365-df7459a4565c,sergey sergeyevich kravtsov,aysen sergeyevich nikolayev,Russia,ru,59.26,1,0,65.56,name=59; country=['ru'],REVIEW
2bf83e07-5387-5987-9333-0a44ebdc0a8f,7db4cc80-7aa5-596e-b314-0c799aa0580a,sergey sergeyevich kravtsov,mikhail sergeyevich kiselev,Russia,ru,59.26,1,0,65.56,name=59; country=['ru'],REVIEW
97b179e7-8df1-5604-acd0-0ea13054997f,c3fa5a0f-8a35-5d31-b617-0bcd2ca6fe19,sergey yevgenyevich tsivilev,maksim yevgenyevich ivanov,Russia,ru,59.26,1,0,65.56,name=59; country=['ru'],REVIEW
97b179e7-8df1-5604-acd0-0ea13054997f,83d84a40-9dee-5412-9ae7-708fdd6162aa,sergey yevgenyevich tsivilev,sergey valeriyevich petrov,Russia,ru,59.26,1,0,65.56,name=59; country=['ru'],REVIEW
9f7f1740-b4dd-5baa-9f5c-0df51713cbf6,183d0156-c6ec-52ac-9fad-9d72f507c4a9,sergey viktorovich lavrov,alexey viktorovich korniyenko,Russia,ru,59.26,1,0,65.56,name=59; country=['ru'],REVIEW
9f7f1740-b4dd-5baa-9f5c-0df51713cbf6,ac650d90-8e04-58db-ac12-424aa36cafba,sergey viktorovich lavrov,sergey aleksandrovich yershov,Russia,ru,59.26,1,0,65.56,name=59; country=['ru'],REVIEW
9f1314cf-6c54-5b3f-b942-9bf298c2e407,d0a9ec66-ed06-5b21-94bd-133eac7c5049,mikhail albertovich murashko,mikhail maratovich fridman,Russia,ru,59.26,1,0,65.56,name=59; country=['ru'],REVIEW
fbee7b65-a0d0-5c1f-b1ab-b1bba5553a9b,47c26d5f-4627-5f97-9b37-49d04accec31,valeriy nikolayevich falkov,nikolay nikolayevich ivanov,Russia,ru,59.26,1,0,65.56,name=59; country=['ru'],REVIEW
d6e33049-9c30-57e4-8fa8-e9317955ad2e,b31bf184-25f1-521e-a97e-22526cd5e5db,mikhail vladimirovich degtyarev,mikhail yuyevich gerber,Russia,ru,59.26,1,0,65.56,name=59; country=['ru'],REVIEW
cc74e525-c18d-5f6c-8a8b-ea66a557c6bc,a3ea260c-e924-5905-9e09-d76b66c3417d,sergey yevgenyevich naryshkin,igor yevgenyevich levitin,Russia,ru,59.26,1,0,65.56,name=59; country=['ru'],REVIEW
85da5294-bb31-5f57-9cb1-bc4d767cffe5,597e5849-aba8-52da-8026-6719a9756aab,igor viktorovich krasnov,yevgeniy viktorovich prigozhin,Russia,ru,59.26,1,0,65.56,name=59; country=['ru'],REVIEW
85da5294-bb31-5f57-9cb1-bc4d767cffe5,2acc4dde-f8a1-51f2-8f9a-52caa7322339,igor viktorovich krasnov,aleksander viktorovich kochkin,Russia,ru,59.26,1,0,65.56,name=59; country=['ru'],REVIEW
69ef53c5-e760-59db-8a23-dafa4673af75,eb46888e-8ff6-5340-a2aa-cb153049afe1,anatoliy ivanovich antonov,anatoliy nikolaevich tkachuk,Russia,ru,59.26,1,0,65.56,name=59; country=['ru'],REVIEW
69ef53c5-e760-59db-8a23-dafa4673af75,9a556698-7a84-5f65-b9ba-bdc3fc3f13a7,anatoliy ivanovich antonov,anatoliy sergeyevich kovalev,Russia,ru,59.26,1,0,65.56,name=59; country=['ru'],REVIEW
66e0e444-e055-571d-8efc-92a87aee35f2,f3ee96e3-65a1-54d6-83d2-73f14017c212,vasiliy alekseyevich nebenzya,artem alekseyevich zdunov,Russia,ru,59.26,1,0,65.56,name=59; country=['ru'],REVIEW
12fa029a-1730-5104-90a2-3947c3d81b63,adcabc47-487b-5206-a09d-970a5311ccbb,majid bin abdallah al-qasabi,waleed abdullah m. alsehri,Saudi Arabia,sa,59.26,1,0,65.56,name=59; country=['sa'],REVIEW
2e830ef2-5b5e-5e3f-9001-73b85779f863,ec5d7c10-31a9-5491-997f-64f95ec99b3a,abd al-rahman bin abd al-muhsin al-fadhli,fahd muhammad 'abd al-'aziz al-khashiban,Saudi Arabia,sa,59.26,1,0,65.56,name=59; country=['sa'],REVIEW
ce6f71a4-4a72-5034-b7fd-b13c2117beeb,2c7b5b61-7328-5e11-bfe2-5f1e2ce982ef,ahmad bin aqil al-khatib,ahmad hassan mohammed al asiri,Saudi Arabia,sa,59.26,1,0,65.56,name=59; country=['sa'],REVIEW
f39960f7-9fef-5a0b-9f5b-5a7d93a65715,ce763156-052c-5946-b889-c71c5adaa2b2,salih bin abd al-aziz bin muhammad bin ibrahim al al-shaykh,'abd al-rahman muhammad zafir al-dubaysi al-juhni,Saudi Arabia,sa,59.26,1,0,65.56,name=59; country=['sa'],REVIEW
9ca93479-0cea-5736-a02d-90775991ebc1,673fc5af-792f-59ee-ad57-32c424d38d90,khalid bin abd al-rahman al-isa,khalid aedh g. alotaibi,Saudi Arabia,sa,59.26,1,0,65.56,name=59; country=['sa'],REVIEW
80e85b20-3659-5497-a31c-e42e37437cc0,d01bc837-6503-523f-bf79-c7bee18a290c,abdirahman mohamed abdullahi,mohamed jumale ali awale,Somalia,so,59.26,1,0,65.56,name=59; country=['so'],REVIEW
be95870c-a530-5d64-82da-7bcc1f3e21da,5a731886-1796-58ec-a7eb-ea99003d95bb,mohamed hamdan dagalo,mohamed makawi ibrahim mohamed,Sudan,sd,59.26,1,0,65.56,name=59; country=['sd'],REVIEW
fe28a4c6-9d92-5e4e-804f-4f03a1c3d81e,a0d8c339-daa4-5a0e-88ab-9ba3b9a151e9,muhammad abdallah mahmoud,osman mohamed hamid mohamed,Sudan,sd,59.26,1,0,65.56,name=59; country=['sd'],REVIEW
6f8d3b0a-45bb-5b76-a210-ac13674d0b7b,33c1378f-b27a-5662-9696-ff8e4d503063,haitham muhammad ibrahim,tijani ibrahim moussa mohamed,Sudan,sd,59.26,1,0,65.56,name=59; country=['sd'],REVIEW
9de6e65f-8f57-5068-b9fd-0a982f9d7506,cde82cb0-979f-5c3e-8e8b-37d6e543529a,hisham ahmed ali abu zaid,ashraf seed ahmed al-cardinal,Sudan,sd,59.26,1,0,65.56,name=59; country=['sd'],REVIEW
f0b66f71-01d9-5c51-b9b6-9f9755117404,f253e1c8-eb6e-52e5-90ae-7e8f33e16c47,muhammad skaf,muhammad abbas,Syria,sy,59.26,1,0,65.56,name=59; country=['sy'],REVIEW
f8068481-1599-5d0c-85d8-eb88cabf5a54,099d180e-e201-5b3e-9aee-2fa64a56d365,musab al-ali,taher al-kayali,Syria,sy,59.26,1,0,65.56,name=59; country=['sy'],REVIEW
f8068481-1599-5d0c-85d8-eb88cabf5a54,3ad84f00-9f5a-57ea-82e1-427abd082087,musab al-ali,bushra al-assad,Syria,sy,59.26,1,0,65.56,name=59; country=['sy'],REVIEW
f8068481-1599-5d0c-85d8-eb88cabf5a54,38bf6142-7e54-58e2-a413-483dc781985b,musab al-ali,malik ali habib,Syria,sy,59.26,1,0,65.56,name=59; country=['sy'],REVIEW
41992751-4cb4-50af-9b30-6da3e4e26739,785e9b68-719b-5d18-98b4-ff03694af775,mazhar al-wais,asma al-assad,Syria,sy,59.26,1,0,65.56,name=59; country=['sy'],REVIEW
f1893e35-9928-5ce0-af44-00b62eb1ba2e,4997d16f-6e46-5dc0-a0cd-5a525d122283,shi-kai chen,mei hsiang chen,Taiwan,tw,59.26,1,0,65.56,name=59; country=['tw'],REVIEW
63c158b8-9e66-50e2-8965-42cf519fec9b,1e06173f-9e49-5030-bd42-b847d401a551,mohamed ali nafti,nabil ben mohamed ben ali ben attia,Tunisia,tn,59.26,1,0,65.56,name=59; country=['tn'],REVIEW
f1c1473e-dffb-50fd-bbb3-0f32ea88747d,60cebfe9-13e8-5707-8913-ae1292159225,rashad muhammad al-alimi,muaadh ahmed mohammed al-haifi,Yemen,ye,59.26,1,0,65.56,name=59; country=['ye'],REVIEW
3af07ca8-cecc-5baf-8a7f-aeba0f1d105b,21ff7c83-3e71-525b-ac7b-ef14fffd1648,abd al-nasser al-wali,hashem ismail ali ahmed al-madani,Yemen,ye,59.26,1,0,65.56,name=59; country=['ye'],REVIEW
d673bd64-7515-5966-9e29-0990efbfcb22,f7e199ca-b2cb-55ab-b61d-c6f0bf4f0596,ibrahim ali ahmad haydan,saddam ahmad mohammad al faqih,Yemen,ye,59.26,1,0,65.56,name=59; country=['ye'],REVIEW
7cdd5a65-f3d6-51a2-881e-a2f3f8801c79,01f2b9d4-aae2-5d7e-9cf8-97cb0a9ac5d5,faysal bin fadel bin mohsen al-ibrahim,ibrahim suleiman hamad al-hablain,Saudi Arabia,sa,59.15,1,0,65.49,name=59; country=['sa'],REVIEW
38c8f948-c467-5866-a293-99e974e8102e,b2c1f949-7f51-5879-aed3-5b33cf2c8c2b,yasir abd al-rahman hassan al-atta,abd al-ra'ouf abu zaid mohamed hamza,Sudan,sd,59.15,1,0,65.49,name=59; country=['sd'],REVIEW
60703c42-976d-5078-8240-0e96bfee1620,c5a971fe-e502-5a6d-90ed-2ac271e91a5b,abd al-wahab abdullah ahmed al-hajri,ali abd-al-wahhab muhammad al-wazir,Yemen,ye,59.15,1,0,65.49,name=59; country=['ye'],REVIEW
1a8f313c-00cf-566a-a5e5-16a23c87195d,83b5cee8-8f6e-50b3-b605-decd22b27ce0,mohammad-reza aref,vahid mohammad naser majid,Iran,ir,59.09,1,0,65.45,name=59; country=['ir'],REVIEW
1a8f313c-00cf-566a-a5e5-16a23c87195d,35e0827c-827a-5de6-92d4-415566eef1bd,mohammad-reza aref,ghorban mohammad valizadeh,Iran,ir,59.09,1,0,65.45,name=59; country=['ir'],REVIEW
fad6b794-28f0-5b61-92b0-531e88e1121b,1671ce01-bc8d-5c82-978f-e559b3e5a67a,mohammad-jafar qaempanah,mohammed saeed ajily,Iran,ir,59.09,1,0,65.45,name=59; country=['ir'],REVIEW
fad6b794-28f0-5b61-92b0-531e88e1121b,2446035d-492b-5f26-8822-efb9805f7f6b,mohammad-jafar qaempanah,mohammed reza sabahi,Iran,ir,59.09,1,0,65.45,name=59; country=['ir'],REVIEW
fad6b794-28f0-5b61-92b0-531e88e1121b,40caeb44-4367-5c87-98b0-88ee4bfe2d57,mohammad-jafar qaempanah,mohammed reza zahedi,Iran,ir,59.09,1,0,65.45,name=59; country=['ir'],REVIEW
fad6b794-28f0-5b61-92b0-531e88e1121b,7936afc8-797b-5e41-b9ce-471b68954a82,mohammad-jafar qaempanah,mohammad nazar azimi,Iran,ir,59.09,1,0,65.45,name=59; country=['ir'],REVIEW
fad6b794-28f0-5b61-92b0-531e88e1121b,72b05d3b-baf3-5c54-8ba2-9befe93c04f0,mohammad-jafar qaempanah,mohammad reza kazemi,Iran,ir,59.09,1,0,65.45,name=59; country=['ir'],REVIEW
286d8443-aff7-5178-b2a1-75291c9f61ae,7936afc8-797b-5e41-b9ce-471b68954a82,mohammad-reza zafarqandi,mohammad nazar azimi,Iran,ir,59.09,1,0,65.45,name=59; country=['ir'],REVIEW
286d8443-aff7-5178-b2a1-75291c9f61ae,fc4b0795-746d-548b-98cc-19869fe4a4f1,mohammad-reza zafarqandi,mohammad reza ansari,Iran,ir,59.09,1,0,65.45,name=59; country=['ir'],REVIEW
286d8443-aff7-5178-b2a1-75291c9f61ae,72b05d3b-baf3-5c54-8ba2-9befe93c04f0,mohammad-reza zafarqandi,mohammad reza kazemi,Iran,ir,59.09,1,0,65.45,name=59; country=['ir'],REVIEW
3b010830-4c7f-51c8-b05c-d12a854b19eb,784c1877-2b09-5fde-ab56-13e1ae0c1b7a,mohammad atabak,mohammad mahdi da'emi attaran,Iran,ir,59.09,1,0,65.45,name=59; country=['ir'],REVIEW
f09fa64f-3749-5bb9-8eae-47aa0e56fc7c,218f1bf5-1900-5ced-b123-7043edabd61c,mohamad-reza farzin,muhammad reza naserzadeh,Iran,ir,59.09,1,0,65.45,name=59; country=['ir'],REVIEW
b4739228-8770-5f35-9a18-0c857200eb69,382bbd7f-321c-5d0d-8e23-e7aab1f3cc40,abd al-husayn al-musawi,sundus abd al-ghafar,Iraq,iq,59.09,1,0,65.45,name=59; country=['iq'],REVIEW
7662bda8-1581-5252-a638-f831c37cf977,5c73f4af-4adb-5bc3-b108-5230a728c1ce,luqman abd al-rahim fayli,aziz salih al-numan,Iraq,iq,59.09,1,0,65.45,name=59; country=['iq'],REVIEW
7662bda8-1581-5252-a638-f831c37cf977,7cae659a-be30-5253-8781-5c7d359aafbe,luqman abd al-rahim fayli,hajji 'abd al-nasir,Iraq,iq,59.09,1,0,65.45,name=59; country=['iq'],REVIEW
d6c75bd8-9959-58f3-91b3-008956b631b0,f44a2923-e14f-571b-8a8d-fb3596583a60,edna elena vega rangel,alfredo rangel buendia,Mexico,mx,59.09,1,0,65.45,name=59; country=['mx'],REVIEW
c3c00c54-eeee-5a2b-81d9-289765a74eab,d3bf5c70-6a32-5761-9280-e26ed70517b2,rosura ruiz gutierrez,ignacio mejia gutierrez,Mexico,mx,59.09,1,0,65.45,name=59; country=['mx'],REVIEW
7578ccc2-ed0a-533d-a9e2-3dca8892a23b,f3f6a050-e2ce-50ae-a2ea-d375973b197d,muhammad ishaq dar,mohammad masood azhar alvi,Pakistan,pk,59.09,1,0,65.45,name=59; country=['pk'],REVIEW
fc726116-daf6-51fb-8807-341d8d0ce68d,516cc5cd-b2c6-5313-bc6d-dbc1bb91cff3,muhammad al-jadan,mustafa hajji muhammad khan,Saudi Arabia,pk,59.09,1,0,65.45,name=59; country=['sa'],REVIEW
6fe76e44-142e-53d5-9576-0ff60aa7b805,bd92fac4-4696-5760-8ae5-3b41af811a1a,dahir shire mohamed,abdikarin farah mohamed,Somalia,so,59.09,1,0,65.45,name=59; country=['so'],REVIEW
6fe76e44-142e-53d5-9576-0ff60aa7b805,6ad005c0-b3d5-555b-8be0-efebe062a29b,dahir shire mohamed,bashir mohamed mahamoud,Somalia,so,59.09,1,0,65.45,name=59; country=['so'],REVIEW
c47c862d-75e5-5f45-adca-974521f25671,7d76796b-f981-5649-ba27-5623925e89d8,muhammad nidal al-shaar,bassam ahmad al-hasri,Syria,sy,59.09,1,0,65.45,name=59; country=['sy'],REVIEW
6431c011-7e65-57eb-be58-5fd69139c64a,cf5b8493-aa4c-5f84-a5df-30ec6bcf6c93,muhammad yasir barniyah,muhammad ma'ruf balwi,Syria,sy,59.09,1,0,65.45,name=59; country=['sy'],REVIEW
68657b9d-e5cc-59b2-9a65-84e447d02169,542d6172-b116-57c6-96a3-14ab9ba10992,as’ad hasan al-shaybani,samer kamal al-assad,Syria,sy,59.09,1,0,65.45,name=59; country=['sy'],REVIEW
3a68d536-9df2-5088-800b-54957b8b1d94,3a6b7a02-5f28-54c2-9b74-3fcd05d13320,delcy rodriguez gomez,malaquias gil rodriguez,Venezuela,ve,59.09,1,0,65.45,name=59; country=['ve'],REVIEW
ae54960f-d347-5091-8aed-043644222a3d,cf9bcb9f-16d9-54fc-864e-95a75b6df554,ahmad omar muhammad arman,muhammad al-ghazali,Yemen,ye,59.09,1,0,65.45,name=59; country=['ye'],REVIEW
ae54960f-d347-5091-8aed-043644222a3d,8e698ee8-8c98-5c99-8e87-f159e0344b24,ahmad omar muhammad arman,mohammad abdulsalam,Yemen,ye,59.09,1,0,65.45,name=59; country=['ye'],REVIEW
21059102-2062-53ab-a0f2-acfb86a428a7,9e41e15f-277c-5f63-bd9c-20eb5dc17b92,oscar manuel silvera martinez,pedro orlando martinez fernandez,Cuba,cu,59.02,1,0,65.41,name=59; country=['cu'],REVIEW
19d89641-666f-5f5d-a65b-d189af5e95fe,6db1b7ea-2dc3-52ee-9111-d20dfb6efe53,vladimir vladimirovich putin,aleksandr vladimirovich konovalov,Russia,ru,59.02,1,0,65.41,name=59; country=['ru'],REVIEW
19d89641-666f-5f5d-a65b-d189af5e95fe,08ba672e-198f-5481-8584-9e52f38f5af5,vladimir vladimirovich putin,aleksei vladimirovich pankrashkin,Russia,ru,59.02,1,0,65.41,name=59; country=['ru'],REVIEW
19d89641-666f-5f5d-a65b-d189af5e95fe,8d1f3967-caff-51e8-a269-7cad116c90da,vladimir vladimirovich putin,aleksandr vladimirovich brechalov,Russia,ru,59.02,1,0,65.41,name=59; country=['ru'],REVIEW
006ad23e-54a7-54a1-8822-9ce4af2635fc,3fbb9c3a-71bd-558f-809a-6b5a72e08890,mikhail vladimirovich mishustin,nikolay vladimirovich levichev,Russia,ru,59.02,1,0,65.41,name=59; country=['ru'],REVIEW
006ad23e-54a7-54a1-8822-9ce4af2635fc,704dc740-0dac-5ad4-a26e-2b42cacc16f4,mikhail vladimirovich mishustin,vladimir vladimirovich gutenev,Russia,ru,59.02,1,0,65.41,name=59; country=['ru'],REVIEW
006ad23e-54a7-54a1-8822-9ce4af2635fc,a138016e-ed45-57c6-a3eb-cc0c23d2f946,mikhail vladimirovich mishustin,maksim vladimirovich vybornykh,Russia,ru,59.02,1,0,65.41,name=59; country=['ru'],REVIEW
11a8f3d4-bd63-5112-b032-b2f36644728e,41773c6c-8fdb-5bba-a42c-c1653d3c1d5c,aleksey logvinovich overchuk,aleksey alekseyevich garashchenko,Russia,ru,59.02,1,0,65.41,name=59; country=['ru'],REVIEW
a7f6b2f9-1666-5d11-966d-b03d88a6038c,4ea9d1ff-69cc-52ca-9f5d-232db4440225,dmitriy nikolayevich chernyshenko,oleg nikolayevich kozhemyako,Russia,ru,59.02,1,0,65.41,name=59; country=['ru'],REVIEW
b45b6c16-05c3-5345-95eb-c1c6135f61b2,e1190e11-3ffb-55bd-9e09-e5d1181142bb,aleksandr valentinovich novak,aleksandr gennadievich razorenov,Russia,ru,59.02,1,0,65.41,name=59; country=['ru'],REVIEW
b45b6c16-05c3-5345-95eb-c1c6135f61b2,0ee92d4a-267e-5f1f-ad45-7beb38b11722,aleksandr valentinovich novak,aleksandr mikhaylovich mishustin,Russia,ru,59.02,1,0,65.41,name=59; country=['ru'],REVIEW
7577e6ac-6813-5c14-a64b-543cff310d82,b77eea75-0974-52cb-a278-8370715a797b,aleksandr vyacheslavovich kurenkov,aleksandr sergeyevich ushko,Russia,ru,59.02,1,0,65.41,name=59; country=['ru'],REVIEW
f21fad05-0e28-5492-a4e5-4ca30560fe5c,47595fd8-b9b7-5846-9358-ee99fb6a9a41,vladimir aleksandrovich kolokoltsev,vladimir nikolaevich lepin,Russia,ru,59.02,1,0,65.41,name=59; country=['ru'],REVIEW
f21fad05-0e28-5492-a4e5-4ca30560fe5c,012b4f30-3b29-5701-bf93-d74e618259ec,vladimir aleksandrovich kolokoltsev,anton aleksandrovich getta,Russia,ru,59.02,1,0,65.41,name=59; country=['ru'],REVIEW
f21fad05-0e28-5492-a4e5-4ca30560fe5c,7e22b6cd-2380-5e09-b964-e27ee98d4dd1,vladimir aleksandrovich kolokoltsev,ivan aleksandrovich maslov,Russia,ru,59.02,1,0,65.41,name=59; country=['ru'],REVIEW
f21fad05-0e28-5492-a4e5-4ca30560fe5c,d50be9c2-8d91-5c70-9510-281424d9b3e1,vladimir aleksandrovich kolokoltsev,igor aleksandrovich reutov,Russia,ru,59.02,1,0,65.41,name=59; country=['ru'],REVIEW
cd6c171d-c9ca-554f-891b-755908ea691e,7f712351-9b06-5838-95d2-4f40993aeb28,aleksandr aleksandrovich kozlov,igor aleksandrovich antropenko,Russia,ru,59.02,1,0,65.41,name=59; country=['ru'],REVIEW
cd6c171d-c9ca-554f-891b-755908ea691e,a3e8681e-dc90-596f-9126-607e5da8f1ac,aleksandr aleksandrovich kozlov,nikolai aleksandrovich tupikin,Russia,ru,59.02,1,0,65.41,name=59; country=['ru'],REVIEW
cd6c171d-c9ca-554f-891b-755908ea691e,af0aa35e-ffa9-5fe4-bf1a-2212cd8d8137,aleksandr aleksandrovich kozlov,denis aleksandrovich bortnikov,Russia,ru,59.02,1,0,65.41,name=59; country=['ru'],REVIEW
d6e33049-9c30-57e4-8fa8-e9317955ad2e,a1de9b2a-a062-5fcd-af1b-1f67c2d70420,mikhail vladimirovich degtyarev,oleg vladimirovich melnichenko,Russia,ru,59.02,1,0,65.41,name=59; country=['ru'],REVIEW
dbe82bd4-dc46-57b0-b0e4-d46ff1522618,d87a3888-04f9-514b-b0a6-b930da599fdd,roman vladimirovich starovoyt,vyacheslav vladimirovich vidanov,Russia,ru,59.02,1,0,65.41,name=59; country=['ru'],REVIEW
dbe82bd4-dc46-57b0-b0e4-d46ff1522618,004bbf86-7b5e-52cd-9674-37885196d46d,roman vladimirovich starovoyt,mikhail vladimirovich kolesnikov,Russia,ru,59.02,1,0,65.41,name=59; country=['ru'],REVIEW
dbe82bd4-dc46-57b0-b0e4-d46ff1522618,fd655147-2389-5f51-a52d-a2a59c237e12,roman vladimirovich starovoyt,vladislav vladimirovich belobrov,Russia,ru,59.02,1,0,65.41,name=59; country=['ru'],REVIEW
66e0e444-e055-571d-8efc-92a87aee35f2,da47334d-839e-527b-8fe1-616abd17f06b,vasiliy alekseyevich nebenzya,anton alekseyevich krasnoshtanov,Russia,ru,59.02,1,0,65.41,name=59; country=['ru'],REVIEW
147ba313-ef1d-5225-bc02-d52875086c66,01f2b9d4-aae2-5d7e-9cf8-97cb0a9ac5d5,musaid bin muhammad al-ayban,ibrahim suleiman hamad al-hablain,Saudi Arabia,sa,59.02,1,0,65.41,name=59; country=['sa'],REVIEW
c3bbe851-9ce5-554f-ada1-dce8062fef6f,d549641d-7d8f-5234-b73e-4fd00a60148f,muhammad hassan dahab,abdelbasit hamza elhassan mohamed khair,Sudan,sd,59.02,1,0,65.41,name=59; country=['sd'],REVIEW
d60fa09a-c493-5600-9c64-97339f483422,b2c1f949-7f51-5879-aed3-5b33cf2c8c2b,anan hamed muhammad umar,abd al-ra'ouf abu zaid mohamed hamza,Sudan,sd,59.02,1,0,65.41,name=59; country=['sd'],REVIEW
f578d4c0-6018-5e1f-bbb6-f0e5e8ea47b2,199d7246-0936-5f2c-8161-a8caddfb852a,uthman hussain faid al-mujali,mahdi mohammed hussein al-mashat,Yemen,ye,59.02,1,0,65.41,name=59; country=['ye'],REVIEW
e614b1a4-c644-556d-bcf4-30f13d9b48ff,c5a971fe-e502-5a6d-90ed-2ac271e91a5b,abdallah ali fadl al-saadi,ali abd-al-wahhab muhammad al-wazir,Yemen,ye,59.02,1,0,65.41,name=59; country=['ye'],REVIEW
8dff148d-4a18-5f86-adcc-4043ac3d5ff9,68d61420-fb10-54bc-bf0e-8e89b34a530c,muhammad bin abd al-malik al al-shaykh,abdul mohsen abdullah ibrahim al-sharikh,Saudi Arabia,sa,58.97,1,0,65.38,name=59; country=['sa'],REVIEW
cec684dc-2ef7-50fc-9921-bcab453a3700,bbd84618-6841-5316-af05-1a1d7956f37a,mohammad hassan akhund,baz mohammad,Afghanistan,af,58.82,1,0,65.29,name=59; country=['af'],REVIEW
9d2cf264-d4ab-5d45-98ec-1b8379096861,d59ff7c1-214c-5196-b523-507d04ca35d3,mohammad yaqub,saleh mohammad kakar,Afghanistan,af,58.82,1,0,65.29,name=59; country=['af'],REVIEW
9d2cf264-d4ab-5d45-98ec-1b8379096861,58263607-5805-5ddd-9c4d-79243b4d28e0,mohammad yaqub,mohammad naim barich,Afghanistan,af,58.82,1,0,65.29,name=59; country=['af'],REVIEW
8cb8bc43-f17b-5c0d-8fe9-2d13d31546f2,95e3891d-def2-524d-9e07-e10a84d4cf94,alyaksandr lukashenka,alyaksandr pyatrovich barsukou,Belarus,by,58.82,1,0,65.29,name=59; country=['by'],REVIEW
19614ce9-2c27-58df-aa74-1a9bc3308e0f,38576d53-b295-59e7-90c2-1cbcff16547d,nyo saw,saw daniel,Burma,zm,58.82,1,0,65.29,name=59; country=['zm'],REVIEW
e8c85c3d-0899-5937-9bd9-7e70e0e88f6b,00d61557-b5f4-5c68-b860-5b22e3da9dc0,qiang li,youmin li,China,cn,58.82,1,0,65.29,name=59; country=['cn'],REVIEW
755ab3bc-1597-53e3-a105-42e732719daf,25d591c7-49cb-5db9-8fb4-4b95b00584d9,haichao lei,bo lei,China,cn,58.82,1,0,65.29,name=59; country=['cn'],REVIEW
5b5f0797-9ad2-5ce6-a38e-03afde88abe5,4dd0f520-50f4-5a61-980d-784d7b0eb547,ahmed samir,sherif ahmed ewis ahmed,Egypt,eg,58.82,1,0,65.29,name=59; country=['eg'],REVIEW
351a7e36-ebd0-5c93-811c-39823d9764fa,c511027d-edd2-5783-88d7-e70e3234a908,carmen milena mayorga de monterrosa,marvin geovanny monterrosa-larios,El Salvador,sv,58.82,1,0,65.29,name=59; country=['sv'],REVIEW
7a358573-7c60-57e5-a5ac-956ef2b33e3a,d807c3c2-886e-5eb0-8572-4067082b2000,shivraj singh chouhan,ranveer singh,India,in,58.82,1,0,65.29,name=59; country=['in'],REVIEW
810eb6d9-6faa-5393-bff6-73f13b59ec1f,224996d2-aca7-5340-866a-090373465a05,piyush goyal,piyush maganlal javiya,India,in,58.82,1,0,65.29,name=59; country=['in'],REVIEW
1a8f313c-00cf-566a-a5e5-16a23c87195d,a1683ae8-9d84-575c-8714-e13be351af86,mohammad-reza aref,mohammad gholami,Iran,ir,58.82,1,0,65.29,name=59; country=['ir'],REVIEW
1a8f313c-00cf-566a-a5e5-16a23c87195d,75879083-c8a9-5fdd-84fd-ff08f2f924dd,mohammad-reza aref,mohammad soltani,Iran,ir,58.82,1,0,65.29,name=59; country=['ir'],REVIEW
1a8f313c-00cf-566a-a5e5-16a23c87195d,36a38799-8c88-553f-a7b7-66630900cccf,mohammad-reza aref,mohammad mokhber,Iran,ir,58.82,1,0,65.29,name=59; country=['ir'],REVIEW
fad6b794-28f0-5b61-92b0-531e88e1121b,a92b62fc-9bfc-5023-b567-45c7f69f11c3,mohammad-jafar qaempanah,reza mohammad amin saberian,Iran,ir,58.82,1,0,65.29,name=59; country=['ir'],REVIEW
bebef814-1929-5e5d-aa9f-2c99f49f74d0,b223e6c4-33e1-58fb-8625-c430436a7b7a,zahra behruz-azar,zahra abdi asjerd,Iran,ir,58.82,1,0,65.29,name=59; country=['ir'],REVIEW
304687be-72b5-5f04-8437-e74cf2ccd578,2b0f4b31-6b10-5a45-9354-ffb5a2cea122,mohammad-reza salehi-amiri,mohammad bagher shirinkar,Iran,ir,58.82,1,0,65.29,name=59; country=['ir'],REVIEW
9527d76f-4f43-5099-83ad-80e09d382873,1f14653b-260b-5d0a-a3be-fcd1c63fdfc4,ali-reza kazemi,seyed ali mirkarimi,Iran,ir,58.82,1,0,65.29,name=59; country=['ir'],REVIEW
9527d76f-4f43-5099-83ad-80e09d382873,493f8d6f-afeb-52d3-8b68-1ee5416e2afb,ali-reza kazemi,reza amiri moghadam,Iran,ir,58.82,1,0,65.29,name=59; country=['ir'],REVIEW
9527d76f-4f43-5099-83ad-80e09d382873,9a59d14c-7ead-573e-8053-3a2672cbcdd9,ali-reza kazemi,gholam reza eta'ati,Iran,ir,58.82,1,0,65.29,name=59; country=['ir'],REVIEW
f09fa64f-3749-5bb9-8eae-47aa0e56fc7c,5f7cbd8b-613a-5551-9c5f-ec31a3d7a9fc,mohamad-reza farzin,mohammad yazdi,Iran,ir,58.82,1,0,65.29,name=59; country=['ir'],REVIEW
f09fa64f-3749-5bb9-8eae-47aa0e56fc7c,46c1ff32-5ce4-5ec3-bf9d-1a2c685e0a17,mohamad-reza farzin,mohammad ebrahim zargar tehrani,Iran,ir,58.82,1,0,65.29,name=59; country=['ir'],REVIEW
973ee1f6-dc9f-54c1-bf5a-557e166023ac,6c3ef32a-14ed-5588-8d89-6379d7e1b9a1,ali falih kadhim al-zaydi,samir abd al-aziz al-najim,Iraq,iq,58.82,1,0,65.29,name=59; country=['iq'],REVIEW
b4739228-8770-5f35-9a18-0c857200eb69,15980e6c-a374-54f9-a133-84faf9e0118c,abd al-husayn al-musawi,abd-al-tawab mullah huwaysh,Iraq,iq,58.82,1,0,65.29,name=59; country=['iq'],REVIEW
ede10d47-1dc0-591b-a561-e286797d055d,3b376dfb-779b-5692-a674-60c7fc008917,muhammad nuri karbuli,amir rashid muhammad al-ubaidi,Iraq,iq,58.82,1,0,65.29,name=59; country=['iq'],REVIEW
f5bba0b2-1672-538d-a57d-6a7713adea30,07518b15-fe62-5e07-a541-f642141b45d8,basim muhammad khudayr,husam muhammad amin al-yassin,Iraq,iq,58.82,1,0,65.29,name=59; country=['iq'],REVIEW
f5bba0b2-1672-538d-a57d-6a7713adea30,be9ec487-493e-5a2d-84f9-7432ad69de6d,basim muhammad khudayr,ahmad muhammad yunis al-ahmad,Iraq,iq,58.82,1,0,65.29,name=59; country=['iq'],REVIEW
cccb6901-adab-5930-a913-cca4b7250978,39507e1b-59dd-5676-8e33-b7aaa916fe87,nizar al-khayrallah,qais al-khazali,Iraq,iq,58.82,1,0,65.29,name=59; country=['iq'],REVIEW
7662bda8-1581-5252-a638-f831c37cf977,c4f751d1-ddf2-5283-af70-94acdf1db4f4,luqman abd al-rahim fayli,sultan hashim ahmad al-tai,Iraq,iq,58.82,1,0,65.29,name=59; country=['iq'],REVIEW
7662bda8-1581-5252-a638-f831c37cf977,6c3ef32a-14ed-5588-8d89-6379d7e1b9a1,luqman abd al-rahim fayli,samir abd al-aziz al-najim,Iraq,iq,58.82,1,0,65.29,name=59; country=['iq'],REVIEW
7662bda8-1581-5252-a638-f831c37cf977,4a2e02a4-9826-5a51-a23d-427e86c1a31b,luqman abd al-rahim fayli,ugla abid saqar al-kubaysi,Iraq,iq,58.82,1,0,65.29,name=59; country=['iq'],REVIEW
c18a864c-2479-54f5-83a8-a797da2be8f7,c73fc19e-f586-576d-a063-ed1594139e71,son gwon ri,sok ri,"Korea, North",kp,58.82,1,0,65.29,name=59; country=['kp'],REVIEW
7ab872ee-3743-536a-9d0c-0f6219a0888b,c73fc19e-f586-576d-a063-ed1594139e71,thae sop ri,sok ri,"Korea, North",kp,58.82,1,0,65.29,name=59; country=['kp'],REVIEW
1ad2c0de-1de9-5af3-9e95-190396b8005f,c73fc19e-f586-576d-a063-ed1594139e71,song hak ri,sok ri,"Korea, North",kp,58.82,1,0,65.29,name=59; country=['kp'],REVIEW
dcf96fd6-92c1-591b-b501-2c5dce49ba27,779793d0-3a75-51da-80e1-be27967f939d,muhammad ibrahim muhammad al-wasmi al-wasmi,hamid hamad hamid al-'ali,Kuwait,kw,58.82,1,0,65.29,name=59; country=['kw'],REVIEW
679abb71-81b5-534a-89fe-cbc9b08faea3,7d2c480c-4c0a-5c83-9131-c554d9b72e44,tamara al-zain,mazen hassan al-zein,Lebanon,lb,58.82,1,0,65.29,name=59; country=['lb'],REVIEW
151f7c69-018e-5415-a4f3-dec4847a0cbb,48cff17a-d1bf-50dd-9ea6-52b19cc1b602,mohamed saeed,mohamed inthif rauf,Maldives,mv,58.82,1,0,65.29,name=59; country=['mv'],REVIEW
aa56f7cd-8124-55bc-8dcd-de6ced13604a,48cff17a-d1bf-50dd-9ea6-52b19cc1b602,mohamed ameen,mohamed inthif rauf,Maldives,mv,58.82,1,0,65.29,name=59; country=['mv'],REVIEW
548ab5e5-1cd3-5dac-8c55-f874978afed1,1e6f2ef0-f864-5c31-800d-8b7f3898637d,daniel ortega saavedra,rafael antonio ortega murillo,Nicaragua,ni,58.82,1,0,65.29,name=59; country=['ni'],REVIEW
422cf890-0ee4-5e6d-9ad3-0d1d2ec19e72,f50bb868-295a-5dc2-bd03-6c2a4b14ec3c,fulvia castro,sonia castro gonzalez,Nicaragua,ni,58.82,1,0,65.29,name=59; country=['ni'],REVIEW
f3ad120d-947c-5192-8bc7-b02fe72158f7,0cb65015-7bab-5b0f-a9ba-9295cfc49e0c,ibrahim gaidam,ibrahim ali alhassan,Nigeria,ng,58.82,1,0,65.29,name=59; country=['ng'],REVIEW
59552685-02a2-51e3-b3c4-01587c77f47c,f53a7223-d858-5ee6-a52a-99f63f5f6bfb,muhammad raza hayat harraj,rahman zeb faqir muhammad,Pakistan,pk,58.82,1,0,65.29,name=59; country=['pk'],REVIEW
f27757ff-9827-52a6-9f26-bb33523f2e5d,987d65a3-20c5-5a58-9585-5d5ed279540e,muhammad junaid anwar chaudhry,muhammad khizar hayat,Pakistan,pk,58.82,1,0,65.29,name=59; country=['pk'],REVIEW
50fc3491-9c61-5fd4-a1a9-9ef9a5554e8a,40b50621-72a2-55a6-8ad6-c859c5db9d5c,syed imran ahmed shah,syed ali raza,Pakistan,pk,58.82,1,0,65.29,name=59; country=['pk'],REVIEW
188862a2-3cab-5136-af70-4e0b2cfd93d5,2c219e77-bfc5-5602-9aa9-464b5ab063c7,buthaina bint ali al-nuaimi,ali reda hassan al banai,Qatar,qa,58.82,1,0,65.29,name=59; country=['qa'],REVIEW
a1fcf254-dd99-5958-ace3-bcc964752c0c,deb4aa3a-ef21-5593-a92f-9725fe9ee589,dmitriy nikolayevich patrushev,dmitriy yurevich soin,Russia,ru,58.82,1,0,65.29,name=59; country=['ru'],REVIEW
7577e6ac-6813-5c14-a64b-543cff310d82,db8e2b6e-c6dc-5502-ba2a-10e7e5d92c59,aleksandr vyacheslavovich kurenkov,aleksandr aleksandrovich volosovik,Russia,ru,58.82,1,0,65.29,name=59; country=['ru'],REVIEW
a1ba40bc-1093-5b3a-8915-c71338aae763,6c68d20a-4c10-5791-ad5e-43e6c643de4d,andrey removich belousov,andrey leonidovich terlikov,Russia,ru,58.82,1,0,65.29,name=59; country=['ru'],REVIEW
baf13575-cd11-5c0c-ae96-f537015d05c2,56e9538c-8009-5614-8144-5e972c41c7c3,aleksey olegovich chekunkov,boris olegovich bernikov,Russia,ru,58.82,1,0,65.29,name=59; country=['ru'],REVIEW
df456803-12e3-51a9-be87-159ecd3813eb,51033061-7fe3-5a3b-b32f-bb52c6c755da,anton germanovich siluanov,anton mikhaylovich ivanov,Russia,ru,58.82,1,0,65.29,name=59; country=['ru'],REVIEW
9f1314cf-6c54-5b3f-b942-9bf298c2e407,454d3eec-6d93-5d88-8ba0-97c78004c680,mikhail albertovich murashko,igor albertovich kesaev,Russia,ru,58.82,1,0,65.29,name=59; country=['ru'],REVIEW
f21fad05-0e28-5492-a4e5-4ca30560fe5c,14d5a87b-c760-5a40-9a5c-f08f9618d108,vladimir aleksandrovich kolokoltsev,alexander aleksandrovich remezkov,Russia,ru,58.82,1,0,65.29,name=59; country=['ru'],REVIEW
f21fad05-0e28-5492-a4e5-4ca30560fe5c,4399a1a2-38d3-57bc-9489-0e3cc80c69ba,vladimir aleksandrovich kolokoltsev,yevgeny aleksandrovich shevchenko,Russia,ru,58.82,1,0,65.29,name=59; country=['ru'],REVIEW
f21fad05-0e28-5492-a4e5-4ca30560fe5c,5f27f896-f755-54fb-93f9-f31e7ad8031e,vladimir aleksandrovich kolokoltsev,alexander aleksandrovich borissov,Russia,ru,58.82,1,0,65.29,name=59; country=['ru'],REVIEW
f21fad05-0e28-5492-a4e5-4ca30560fe5c,d74991e4-fea6-5388-a92a-e98a2d801c20,vladimir aleksandrovich kolokoltsev,lavrentii aleksandrovich zakharov,Russia,ru,58.82,1,0,65.29,name=59; country=['ru'],REVIEW
f21fad05-0e28-5492-a4e5-4ca30560fe5c,288cc7db-bc1c-576c-bc24-8b4a81a7a8ed,vladimir aleksandrovich kolokoltsev,dmitrii aleksandrovich veleslavov,Russia,ru,58.82,1,0,65.29,name=59; country=['ru'],REVIEW
ed18924e-5c9b-5e5b-803d-27f2be535e3b,397f5c13-e218-58bd-8e09-f29e8cd70dba,anton olegovich kotyakov,aleksandr olegovich kalinin,Russia,ru,58.82,1,0,65.29,name=59; country=['ru'],REVIEW
ed18924e-5c9b-5e5b-803d-27f2be535e3b,b975f4bd-aaec-50ce-81c1-1beecce9ebec,anton olegovich kotyakov,denis olegovich degtyarenko,Russia,ru,58.82,1,0,65.29,name=59; country=['ru'],REVIEW
fbee7b65-a0d0-5c1f-b1ab-b1bba5553a9b,fb5c1eda-44cc-5f25-ac0e-3ececb2a4dee,valeriy nikolayevich falkov,ivan nikolayevich babich,Russia,ru,58.82,1,0,65.29,name=59; country=['ru'],REVIEW
ae0688ac-473c-5dd1-9ef0-30bcdc52c48b,f8b825e5-b088-558e-87df-015684c9a264,sergey kuzhugetovich shoygu,sergey pavlovich yurasov,Russia,ru,58.82,1,0,65.29,name=59; country=['ru'],REVIEW
85da5294-bb31-5f57-9cb1-bc4d767cffe5,dd1e9b1a-be11-5044-8661-3ad96dd04d7a,igor viktorovich krasnov,aleksey viktorovich gureyev,Russia,ru,58.82,1,0,65.29,name=59; country=['ru'],REVIEW
85da5294-bb31-5f57-9cb1-bc4d767cffe5,4439d5d0-1348-5060-b2d8-f7314f1a6624,igor viktorovich krasnov,sergey viktorovich altukhov,Russia,ru,58.82,1,0,65.29,name=59; country=['ru'],REVIEW
85da5294-bb31-5f57-9cb1-bc4d767cffe5,8893cd5e-6040-5cd0-91d7-6577ac2f1936,igor viktorovich krasnov,igor yuryevich kastyukevich,Russia,ru,58.82,1,0,65.29,name=59; country=['ru'],REVIEW
1d3648e0-890b-5857-b494-38f5e5169785,02224695-175e-5a14-af75-11d3bb8b9cce,muhammad bin salman,muhammad 'abdallah salih sughayr,Saudi Arabia,sa,58.82,1,0,65.29,name=59; country=['sa'],REVIEW
1d3648e0-890b-5857-b494-38f5e5169785,3fdb1767-182c-5837-abc4-21c9b1d51780,muhammad bin salman,sa'ad bin laden,Saudi Arabia,sa,58.82,1,0,65.29,name=59; country=['sa'],REVIEW
12fa029a-1730-5104-90a2-3947c3d81b63,68d61420-fb10-54bc-bf0e-8e89b34a530c,majid bin abdallah al-qasabi,abdul mohsen abdullah ibrahim al-sharikh,Saudi Arabia,sa,58.82,1,0,65.29,name=59; country=['sa'],REVIEW
c7ad8cab-7fe7-57cc-b129-c8f8731256ef,ad7df207-f6cd-5f10-9347-2818aaa731ed,khalid bin abd al-aziz al-falih,abdul rahim al-talhi,Saudi Arabia,sa,58.82,1,0,65.29,name=59; country=['sa'],REVIEW
d8eb0d8e-12f4-5d54-a9ba-051bdb69ebaf,30ac1847-dbd4-59ec-a49e-bd67972b750f,abdallah bin hamad al-huqayl,azzam abdullah zureik al-maulid al-subhi,Saudi Arabia,sa,58.82,1,0,65.29,name=59; country=['sa'],REVIEW
861c9cab-7980-5987-ab24-9341ef0775ac,bd92fac4-4696-5760-8ae5-3b41af811a1a,bashir mohamed jama goobbe,abdikarin farah mohamed,Somalia,so,58.82,1,0,65.29,name=59; country=['so'],REVIEW
861c9cab-7980-5987-ab24-9341ef0775ac,5b1f9cfe-6333-5a34-bf72-4601e91daba9,bashir mohamed jama goobbe,abdirahman mohamed omar,Somalia,so,58.82,1,0,65.29,name=59; country=['so'],REVIEW
0a3f10af-c114-59f6-886c-5cd7531e25b3,06fde29f-f1e0-5dfa-80bd-de6d2310ea48,ahmed hassan adan,ali ahmed hussein,Somalia,so,58.82,1,0,65.29,name=59; country=['so'],REVIEW
be95870c-a530-5d64-82da-7bcc1f3e21da,a0d8c339-daa4-5a0e-88ab-9ba3b9a151e9,mohamed hamdan dagalo,osman mohamed hamid mohamed,Sudan,sd,58.82,1,0,65.29,name=59; country=['sd'],REVIEW
fe28a4c6-9d92-5e4e-804f-4f03a1c3d81e,4b2febdd-c8d7-51f7-96b8-880fcee52165,muhammad abdallah mahmoud,gedo hamdan ahmed mohamed,Sudan,sd,58.82,1,0,65.29,name=59; country=['sd'],REVIEW
6f8d3b0a-45bb-5b76-a210-ac13674d0b7b,d54ea9cf-dbec-57b4-b052-99b2aa16dcc0,haitham muhammad ibrahim,mohammed hamdan daglo mousa,Sudan,sd,58.82,1,0,65.29,name=59; country=['sd'],REVIEW
c3bbe851-9ce5-554f-ada1-dce8062fef6f,33c1378f-b27a-5662-9696-ff8e4d503063,muhammad hassan dahab,tijani ibrahim moussa mohamed,Sudan,sd,58.82,1,0,65.29,name=59; country=['sd'],REVIEW
d60fa09a-c493-5600-9c64-97339f483422,d54ea9cf-dbec-57b4-b052-99b2aa16dcc0,anan hamed muhammad umar,mohammed hamdan daglo mousa,Sudan,sd,58.82,1,0,65.29,name=59; country=['sd'],REVIEW
1b376966-94ff-57ba-8b76-2407926a7cef,a0d8c339-daa4-5a0e-88ab-9ba3b9a151e9,muhammad mukhtar jumaa,osman mohamed hamid mohamed,Sudan,sd,58.82,1,0,65.29,name=59; country=['sd'],REVIEW
ea7e8ab1-0b3e-5477-9efc-81b4021f53c5,fd08f0a6-832f-544c-b040-9b48b12e658d,ahmad husayn al-shara’,ahmad bseis,Syria,sy,58.82,1,0,65.29,name=59; country=['sy'],REVIEW
c2369b0c-9fa5-5e0b-a144-0128a0d33c6e,811a0034-7dbe-511e-acb9-eeecb6ed4144,muhammad al-bashir,bassam al-hassan,Syria,sy,58.82,1,0,65.29,name=59; country=['sy'],REVIEW
273f7c93-b943-54f3-b29b-c5b49914c4a7,d0b2d3e3-6cb0-5397-9d0a-4d18d3d5e6ac,muhammad abu al-khayr shukri,ibrahim mohamed khalil,Syria,sy,58.82,1,0,65.29,name=59; country=['sy'],REVIEW
273f7c93-b943-54f3-b29b-c5b49914c4a7,e31a4810-d3a8-5305-9259-cc1a9fbb60c3,muhammad abu al-khayr shukri,tawfiq muhammad khadour,Syria,sy,58.82,1,0,65.29,name=59; country=['sy'],REVIEW
c6fa8dc2-0c43-5716-a8f0-5846972e48d6,f253e1c8-eb6e-52e5-90ae-7e8f33e16c47,muhammad samih hamid,muhammad abbas,Syria,sy,58.82,1,0,65.29,name=59; country=['sy'],REVIEW
7a160f5e-b19d-5f6c-9212-42fbf012a2d0,581fdd98-9dba-5f22-a943-d680a43b7b53,mustafa ciftci,mustafa cankat aytek,Turkey,tr,58.82,1,0,65.29,name=59; country=['tr'],REVIEW
471cc144-daaa-5c6c-b51a-3a14e6540bec,9de02e0a-3e55-5b6e-a814-67e61d2ed274,taras kachka,taras romanovych kozak,Ukraine,ua,58.82,1,0,65.29,name=59; country=['ua'],REVIEW
3a68d536-9df2-5088-800b-54957b8b1d94,dc933b0d-d521-5168-8249-6de6d5f9d72a,delcy rodriguez gomez,dilio guillermo rodriguez diaz,Venezuela,ve,58.82,1,0,65.29,name=59; country=['ve'],REVIEW
c6b7f669-3e57-59a6-82b7-e4e638d356cc,14b263d9-6d2c-5dd3-b507-c5039db8c45b,carlos leal telleria,carlos evelio malpica torrealba,Venezuela,ve,58.82,1,0,65.29,name=59; country=['ve'],REVIEW
b1fe7d0f-c4fb-57b7-b951-febcebfd0786,e96918f9-c00c-5625-9f87-386d6ddff3f1,juan jose ramirez,jose omar paredes,Venezuela,ve,58.82,1,0,65.29,name=59; country=['ve'],REVIEW
f578d4c0-6018-5e1f-bbb6-f0e5e8ea47b2,4c52ccc9-a07f-5c73-9416-d4ed78fa3d05,uthman hussain faid al-mujali,mohamed ali al-houthi,Yemen,ye,58.82,1,0,65.29,name=59; country=['ye'],REVIEW
f578d4c0-6018-5e1f-bbb6-f0e5e8ea47b2,b8a3f5a5-e6ef-5ac7-9963-92a17597b40d,uthman hussain faid al-mujali,kamal hussain al jebry,Yemen,ye,58.82,1,0,65.29,name=59; country=['ye'],REVIEW
3af07ca8-cecc-5baf-8a7f-aeba0f1d105b,865148e7-2e38-56ce-bd93-29736be0ceee,abd al-nasser al-wali,shaykh abd-al-majid al-zindani,Yemen,ye,58.82,1,0,65.29,name=59; country=['ye'],REVIEW
ae54960f-d347-5091-8aed-043644222a3d,52036d23-aca4-5f2a-babe-899ffae55864,ahmad omar muhammad arman,ameen hamid mohammed dahan,Yemen,ye,58.82,1,0,65.29,name=59; country=['ye'],REVIEW
0fae46ef-f7b8-5c78-800f-923f94b34cb2,05082fbf-b69e-537a-9dc6-3b3ffa7ead47,muhammad al-zaouri,muhammad salih abd-rabbuh al-omgy,Yemen,ye,58.82,1,0,65.29,name=59; country=['ye'],REVIEW
702b0148-0c9f-5d01-a9c7-f9237ad19685,793434bf-9695-5b3b-87a0-b017325f19ba,hsan oo,myo myint oo,Burma,zm,42.11,1,1,65.26,name=42; country=['zm']; position_overlap=['minister'],REVIEW
702b0148-0c9f-5d01-a9c7-f9237ad19685,67375b35-2704-5d67-881a-c0a7ba87ac6d,hsan oo,saw myint oo,Burma,zm,42.11,1,1,65.26,name=42; country=['zm']; position_overlap=['minister'],REVIEW
760e0ba4-7aa7-5ea2-b565-665ad6d216ec,1d19abb8-c0ce-5200-9d7a-6ead2282d591,su il pak,su yong ri,"Korea, North",kp,42.11,1,1,65.26,name=42; country=['kp']; position_overlap=['general'],REVIEW
304687be-72b5-5f04-8437-e74cf2ccd578,5fef6970-0b2c-5220-b55a-794bf3cb0bce,mohammad-reza salehi-amiri,mohammad hasan sadeghi moghadam,Iran,ir,58.62,1,0,65.17,name=59; country=['ir'],REVIEW
833a1992-ee6f-5f4d-8b93-7ff3d9d0affd,779793d0-3a75-51da-80e1-be27967f939d,imad muhammad abdulaziz al-ateeqi,hamid hamad hamid al-'ali,Kuwait,kw,58.62,1,0,65.17,name=59; country=['kw'],REVIEW
19d89641-666f-5f5d-a65b-d189af5e95fe,a138016e-ed45-57c6-a3eb-cc0c23d2f946,vladimir vladimirovich putin,maksim vladimirovich vybornykh,Russia,ru,58.62,1,0,65.17,name=59; country=['ru'],REVIEW
19d89641-666f-5f5d-a65b-d189af5e95fe,d206fb36-eba6-54c5-b42a-1e7da22a336c,vladimir vladimirovich putin,sergey vladimirovich dokuchaev,Russia,ru,58.62,1,0,65.17,name=59; country=['ru'],REVIEW
006ad23e-54a7-54a1-8822-9ce4af2635fc,add8cbb7-beea-5cad-8363-985df4e963ef,mikhail vladimirovich mishustin,pavel vladimirovich lapshov,Russia,ru,58.62,1,0,65.17,name=59; country=['ru'],REVIEW
006ad23e-54a7-54a1-8822-9ce4af2635fc,403c6ea0-a932-5e19-8026-9279641484b4,mikhail vladimirovich mishustin,leonid vladimirovich gornin,Russia,ru,58.62,1,0,65.17,name=59; country=['ru'],REVIEW
a1fcf254-dd99-5958-ace3-bcc964752c0c,15794120-3b90-57b5-93f6-a387db69fd02,dmitriy nikolayevich patrushev,sergey nikolayevich perminov,Russia,ru,58.62,1,0,65.17,name=59; country=['ru'],REVIEW
a1fcf254-dd99-5958-ace3-bcc964752c0c,088fb401-9bfb-5939-bb4b-e3f1f3fcf906,dmitriy nikolayevich patrushev,valery nikolayevich zakharov,Russia,ru,58.62,1,0,65.17,name=59; country=['ru'],REVIEW
a1fcf254-dd99-5958-ace3-bcc964752c0c,4ea9d1ff-69cc-52ca-9f5d-232db4440225,dmitriy nikolayevich patrushev,oleg nikolayevich kozhemyako,Russia,ru,58.62,1,0,65.17,name=59; country=['ru'],REVIEW
a1fcf254-dd99-5958-ace3-bcc964752c0c,58824435-8c8e-5c08-bf22-343a10e865a8,dmitriy nikolayevich patrushev,dmitriy yuryevich grigorenko,Russia,ru,58.62,1,0,65.17,name=59; country=['ru'],REVIEW
11a8f3d4-bd63-5112-b032-b2f36644728e,97441596-cb22-5f1d-b2f9-9c4e71cb0dd5,aleksey logvinovich overchuk,aleksey mikhaylovich mishustin,Russia,ru,58.62,1,0,65.17,name=59; country=['ru'],REVIEW
a7f6b2f9-1666-5d11-966d-b03d88a6038c,fa090937-4a4d-5a5b-9883-ea90bc86abf2,dmitriy nikolayevich chernyshenko,ivan nikolayevich abramov,Russia,ru,58.62,1,0,65.17,name=59; country=['ru'],REVIEW
a7f6b2f9-1666-5d11-966d-b03d88a6038c,499d0bdf-c7b5-5c81-9466-7e4d28fe1e7f,dmitriy nikolayevich chernyshenko,igor nikolayevich morozov,Russia,ru,58.62,1,0,65.17,name=59; country=['ru'],REVIEW
a7f6b2f9-1666-5d11-966d-b03d88a6038c,a2b058b2-63e2-545b-8cc8-31fb5b4493a4,dmitriy nikolayevich chernyshenko,igor nikolayevich igoshin,Russia,ru,58.62,1,0,65.17,name=59; country=['ru'],REVIEW
2bf83e07-5387-5987-9333-0a44ebdc0a8f,9d0e9a0a-b11c-5b48-82cd-7a56d458ea4d,sergey sergeyevich kravtsov,aleksandr sergeyevich bolshakov,Russia,ru,58.62,1,0,65.17,name=59; country=['ru'],REVIEW
97b179e7-8df1-5604-acd0-0ea13054997f,5da8850f-de48-5aba-afe2-327b0f990d39,sergey yevgenyevich tsivilev,sergey vladimirovich yeliseyev,Russia,ru,58.62,1,0,65.17,name=59; country=['ru'],REVIEW
9f1314cf-6c54-5b3f-b942-9bf298c2e407,2992abd3-ecb2-5734-8094-a59b384c90c6,mikhail albertovich murashko,mikhail alexandrovich afanasov,Russia,ru,58.62,1,0,65.17,name=59; country=['ru'],REVIEW
5e7ae156-a13d-5428-a59e-f95c95f775d2,4458634b-25f1-5bce-aff1-7fef419be322,anton andreyevich alikhanov,anton andreyevich cherepennikov,Russia,ru,58.62,1,0,65.17,name=59; country=['ru'],REVIEW
5e7ae156-a13d-5428-a59e-f95c95f775d2,1631be43-a92c-5ee2-a591-7ed362f0d73d,anton andreyevich alikhanov,dmitrii vladimirovich alikhanov,Russia,ru,58.62,1,0,65.17,name=59; country=['ru'],REVIEW
29a39d94-a45e-5891-a61a-73c87f60aa6c,e4abd2f1-56d2-5f59-ba19-2c7e64e8c576,konstantin anatolyevich chuychekno,ilya anatolyevich markov,Russia,ru,58.62,1,0,65.17,name=59; country=['ru'],REVIEW
29a39d94-a45e-5891-a61a-73c87f60aa6c,d23d4340-759f-55f0-86f1-3e776fa36135,konstantin anatolyevich chuychekno,leonid anatolyevich ogul,Russia,ru,58.62,1,0,65.17,name=59; country=['ru'],REVIEW
cd6c171d-c9ca-554f-891b-755908ea691e,df656f29-0cd5-5fd3-916f-d23b5827bf99,aleksandr aleksandrovich kozlov,artem aleksandrovich snitko,Russia,ru,58.62,1,0,65.17,name=59; country=['ru'],REVIEW
cd6c171d-c9ca-554f-891b-755908ea691e,2df7eccf-8c59-5708-8a80-c82eed1af18a,aleksandr aleksandrovich kozlov,oleg aleksandrovich lebedev,Russia,ru,58.62,1,0,65.17,name=59; country=['ru'],REVIEW
cd6c171d-c9ca-554f-891b-755908ea691e,a49084ae-f886-514c-8990-00b6744ce4f9,aleksandr aleksandrovich kozlov,artem aleksandrovich verhov,Russia,ru,58.62,1,0,65.17,name=59; country=['ru'],REVIEW
cd6c171d-c9ca-554f-891b-755908ea691e,ffcb6d54-ecad-53ef-b9b1-ed1a8796e9c5,aleksandr aleksandrovich kozlov,yurii aleksandrovich olenin,Russia,ru,58.62,1,0,65.17,name=59; country=['ru'],REVIEW
cd6c171d-c9ca-554f-891b-755908ea691e,cc1e0969-539f-58dc-a1ad-e9470513a1f0,aleksandr aleksandrovich kozlov,artur aleksandrovich petrov,Russia,ru,58.62,1,0,65.17,name=59; country=['ru'],REVIEW
fbee7b65-a0d0-5c1f-b1ab-b1bba5553a9b,e02872e9-e2d1-5923-9147-6c10e44fa8e4,valeriy nikolayevich falkov,nikolay nikolayevich alexeyenko,Russia,ru,58.62,1,0,65.17,name=59; country=['ru'],REVIEW
d6e33049-9c30-57e4-8fa8-e9317955ad2e,7db4cc80-7aa5-596e-b314-0c799aa0580a,mikhail vladimirovich degtyarev,mikhail sergeyevich kiselev,Russia,ru,58.62,1,0,65.17,name=59; country=['ru'],REVIEW
d6e33049-9c30-57e4-8fa8-e9317955ad2e,13c5d561-bc52-5028-8ea1-bd8582d74e44,mikhail vladimirovich degtyarev,mikhail vasilyevich klyukin,Russia,ru,58.62,1,0,65.17,name=59; country=['ru'],REVIEW
dbe82bd4-dc46-57b0-b0e4-d46ff1522618,f2a983b7-4669-5807-a83b-7f808d1252b7,roman vladimirovich starovoyt,gennady vladimirovich yagubov,Russia,ru,58.62,1,0,65.17,name=59; country=['ru'],REVIEW
cc74e525-c18d-5f6c-8a8b-ea66a557c6bc,7866d833-0e16-505d-aaee-bc99d53bf116,sergey yevgenyevich naryshkin,sergey vladimirovich kabyshev,Russia,ru,58.62,1,0,65.17,name=59; country=['ru'],REVIEW
cc74e525-c18d-5f6c-8a8b-ea66a557c6bc,ebd116ad-a228-54b0-bfa7-2f74007fb3e0,sergey yevgenyevich naryshkin,aleksandr yevgenyevich udodov,Russia,ru,58.62,1,0,65.17,name=59; country=['ru'],REVIEW
0a20c63b-a3e5-5b97-9a17-2fa6525d1530,b77eea75-0974-52cb-a278-8370715a797b,aleksandr vasilyevich bortnikov,aleksandr sergeyevich ushko,Russia,ru,58.62,1,0,65.17,name=59; country=['ru'],REVIEW
ae0688ac-473c-5dd1-9ef0-30bcdc52c48b,ab758047-e565-5910-9afb-afd15c7e3a16,sergey kuzhugetovich shoygu,sergey konstantinovich sitnikov,Russia,ru,58.62,1,0,65.17,name=59; country=['ru'],REVIEW
66e0e444-e055-571d-8efc-92a87aee35f2,3d533c03-e350-5fd7-b2f5-de2bd061f7ca,vasiliy alekseyevich nebenzya,nikita alekseyevich mordashov,Russia,ru,58.62,1,0,65.17,name=59; country=['ru'],REVIEW
1d3648e0-890b-5857-b494-38f5e5169785,7c884148-fc42-58b0-aac5-ccc11fe5f304,muhammad bin salman,abd al hamid sulaiman muhammed al-mujil,Saudi Arabia,sa,58.62,1,0,65.17,name=59; country=['sa'],REVIEW
d25ddcc5-ca06-5aa2-b237-5ab988ff44d7,5ada1700-1c2b-51c3-b354-51cbdad9ecf9,adil al-ahmad al-jubayr,nayf salam muhammad ujaym al-hababi,Saudi Arabia,sa,58.62,1,0,65.17,name=59; country=['sa'],REVIEW
ebde17af-0f5f-5666-9c58-0b7aa0a193b4,b2c1f949-7f51-5879-aed3-5b33cf2c8c2b,muhammad said al-hilu,abd al-ra'ouf abu zaid mohamed hamza,Sudan,sd,58.62,1,0,65.17,name=59; country=['sd'],REVIEW
707d43e8-fd9d-552b-9d4e-c962dfa72b32,d4740de9-0c0f-5d33-a6f5-ec79cb755255,muhammad abdallah idris muhammad,mohamed atta emoula abbas,Sudan,sd,58.62,1,0,65.17,name=59; country=['sd'],REVIEW
63da9e2d-5b60-5586-8a00-775d056c2e26,f1d5850c-b8d3-5a78-8d46-372641b0061b,carlos guillermo mast yustiz,guillermo antonio luces osorio,Venezuela,ve,58.62,1,0,65.17,name=59; country=['ve'],REVIEW
9578ba7b-ed8c-5041-96d8-36f346c46e40,115f5e23-3991-5525-b7b4-a38a85dae4f2,tariq muhammad abdallah salih,sa'id ahmad muhammad al-jamal,Yemen,ye,58.62,1,0,65.17,name=59; country=['ye'],REVIEW
ae54960f-d347-5091-8aed-043644222a3d,05082fbf-b69e-537a-9dc6-3b3ffa7ead47,ahmad omar muhammad arman,muhammad salih abd-rabbuh al-omgy,Yemen,ye,58.62,1,0,65.17,name=59; country=['ye'],REVIEW
78730f06-8057-59aa-b463-2c2f1d0ed6b5,bdca9096-9c06-5ef9-ae36-6518cfb022e7,ivan kubrakow,ivan uladzimiravich kubrakou,Belarus,by,58.54,1,0,65.12,name=59; country=['by'],REVIEW
486633c7-d65d-579c-a85e-bd4fb32cc714,d177a485-86c1-5901-9770-32ea0ca724fb,mohammad eslami,mohammad abedininajafabadi,Iran,ir,58.54,1,0,65.12,name=59; country=['ir'],REVIEW
486633c7-d65d-579c-a85e-bd4fb32cc714,8581da97-622b-5f33-8f81-2c399de5cc86,mohammad eslami,mohammad khorasani niasari,Iran,ir,58.54,1,0,65.12,name=59; country=['ir'],REVIEW
486633c7-d65d-579c-a85e-bd4fb32cc714,f4089ec2-2514-57ac-b4aa-f85493169f0c,mohammad eslami,mohammad moazzami goudarzi,Iran,ir,58.54,1,0,65.12,name=59; country=['ir'],REVIEW
304687be-72b5-5f04-8437-e74cf2ccd578,a8f81007-08b3-5db4-8e8c-f6ba5d8e8a4d,mohammad-reza salehi-amiri,mohammad asgari,Iran,ir,58.54,1,0,65.12,name=59; country=['ir'],REVIEW
304687be-72b5-5f04-8437-e74cf2ccd578,2a70a36f-004c-57cf-a2a7-bd5ae56f7a87,mohammad-reza salehi-amiri,mohammad kazemi,Iran,ir,58.54,1,0,65.12,name=59; country=['ir'],REVIEW
304687be-72b5-5f04-8437-e74cf2ccd578,7511eb13-5514-52b8-8282-77d7aa47f94e,mohammad-reza salehi-amiri,mohammad vahidi,Iran,ir,58.54,1,0,65.12,name=59; country=['ir'],REVIEW
304687be-72b5-5f04-8437-e74cf2ccd578,09a37407-4fad-5e58-8a91-a367926774c7,mohammad-reza salehi-amiri,mohammad baseri,Iran,ir,58.54,1,0,65.12,name=59; country=['ir'],REVIEW
304687be-72b5-5f04-8437-e74cf2ccd578,7216e8e2-b480-55a7-8d14-40f8d0e2c42e,mohammad-reza salehi-amiri,mohammad karami,Iran,ir,58.54,1,0,65.12,name=59; country=['ir'],REVIEW
3b010830-4c7f-51c8-b05c-d12a854b19eb,8095d760-52b5-5e6e-bdb8-8909c7f7c604,mohammad atabak,mohammad ghannadi maragheh,Iran,ir,58.54,1,0,65.12,name=59; country=['ir'],REVIEW
3b010830-4c7f-51c8-b05c-d12a854b19eb,0a8b848e-06a4-5070-b923-7b684118dc26,mohammad atabak,mohammad hassan mohagheghi,Iran,ir,58.54,1,0,65.12,name=59; country=['ir'],REVIEW
3b010830-4c7f-51c8-b05c-d12a854b19eb,f4089ec2-2514-57ac-b4aa-f85493169f0c,mohammad atabak,mohammad moazzami goudarzi,Iran,ir,58.54,1,0,65.12,name=59; country=['ir'],REVIEW
7460b67f-6849-5686-be95-6f8137f91b02,7bbee415-f400-59cc-82d3-72f4bb89b6e2,hosein simaei-saraf,hosein sayyadi turanlu,Iran,ir,58.54,1,0,65.12,name=59; country=['ir'],REVIEW
f09fa64f-3749-5bb9-8eae-47aa0e56fc7c,fa00cfa2-2987-5c15-9261-3db550717c89,mohamad-reza farzin,reza kazemifar rahman,Iran,ir,58.54,1,0,65.12,name=59; country=['ir'],REVIEW
f09fa64f-3749-5bb9-8eae-47aa0e56fc7c,9bc2e7a0-36c3-561e-b5b5-ff66279caff5,mohamad-reza farzin,mohammad ali hosseini,Iran,ir,58.54,1,0,65.12,name=59; country=['ir'],REVIEW
f09fa64f-3749-5bb9-8eae-47aa0e56fc7c,d30494bd-3bba-51a9-9d7e-aabc0f1662bc,mohamad-reza farzin,mohammad hassan mehri,Iran,ir,58.54,1,0,65.12,name=59; country=['ir'],REVIEW
973ee1f6-dc9f-54c1-bf5a-557e166023ac,45dd729a-6d8c-5cec-877e-5ee195fe84b4,ali falih kadhim al-zaydi,falih al-fayyadh,Iraq,iq,58.54,1,0,65.12,name=59; country=['iq'],REVIEW
ede10d47-1dc0-591b-a561-e286797d055d,2aeab189-20f3-533b-9607-b855852a575e,muhammad nuri karbuli,muhammad al-ghorayfi,Iraq,ir,58.54,1,0,65.12,name=59; country=['iq'],REVIEW
57f4eb8e-d7a9-57e6-99ca-baa2ad732695,51ba8463-a632-5ab4-b180-40f1be69568c,bilal al-hamdani,saif-al-din al-mashhadani,Iraq,iq,58.54,1,0,65.12,name=59; country=['iq'],REVIEW
6d580cd0-246d-59b1-92c3-1232ce7035b2,b13dea38-305a-5902-968d-6674a2bb5354,muhammad haidar,muhammad 'abdallah al-amin,Lebanon,lb,58.54,1,0,65.12,name=59; country=['lb'],REVIEW
297286df-6b6c-54b4-9946-4b32fef1fe91,cf4f1377-9278-5026-b0f2-53055950d411,muhammad al-dabib,maftah mohamed elmabruk,Libya,ly,58.54,1,0,65.12,name=59; country=['ly'],REVIEW
80c986f3-eb49-5d96-805a-f785e0a012c8,646cef4e-2651-5692-ade8-15b415e0209f,adam shareef umar,mohamed naushad shareef,Maldives,mv,58.54,1,0,65.12,name=59; country=['mv'],REVIEW
f81da043-bcdd-54d0-b39b-a6bd118ff328,5671e4e4-59d3-574a-9833-3d72d46624fa,omar garcia harfuch,patricia rivera garcia,Mexico,mx,58.54,1,0,65.12,name=59; country=['mx'],REVIEW
8ae67ed2-1944-586e-a3bc-a18b6ab3a36e,cf9ce47c-f590-57b2-872c-018048fe3261,khwaja muhammad asif,muhammad hussein gill,Pakistan,pk,58.54,1,0,65.12,name=59; country=['pk'],REVIEW
59552685-02a2-51e3-b3c4-01587c77f47c,c9abbd81-607c-5b65-a0af-88f74a8e4cd9,muhammad raza hayat harraj,mohammed mazhar,Pakistan,pk,58.54,1,0,65.12,name=59; country=['pk'],REVIEW
baf13575-cd11-5c0c-ae96-f537015d05c2,f3ea8b36-c10a-5a80-9e53-a39ba42a5891,aleksey olegovich chekunkov,aleksey budnev,Russia,ru,58.54,1,0,65.12,name=59; country=['ru'],REVIEW
9f7f1740-b4dd-5baa-9f5c-0df51713cbf6,e0022583-cb67-5b5e-8b79-344571760a46,sergey viktorovich lavrov,sergey skvortsov,Russia,se,58.54,1,0,65.12,name=59; country=['ru'],REVIEW
4287452a-e2a6-5c7f-81c1-fb0492131d46,7c884148-fc42-58b0-aac5-ccc11fe5f304,ahmad bin sulayman bin abd al-aziz al-rajhi,abd al hamid sulaiman muhammed al-mujil,Saudi Arabia,sa,58.54,1,0,65.12,name=59; country=['sa'],REVIEW
44dab252-296d-58bd-ac52-369da6b574c2,ad7df207-f6cd-5f10-9347-2818aaa731ed,abd al-aziz bin turki,abdul rahim al-talhi,Saudi Arabia,sa,58.54,1,0,65.12,name=59; country=['sa'],REVIEW
d10d534e-56a9-5f9d-a0f5-ae60a596b4e1,cc612d8a-68be-5479-b5a7-e9c56e9226cf,ahmed moalim fiqi,ahmed haji ali haji omar,Somalia,so,58.54,1,0,65.12,name=59; country=['so'],REVIEW
1f73df7f-690d-505b-a1a2-f2bc1c2228b8,a1a5a5b2-15e5-59f1-bde3-392510f2ad39,yusuf mohamed adan,ahmed abdi aw-mohamed,Somalia,so,58.54,1,0,65.12,name=59; country=['so'],REVIEW
1f73df7f-690d-505b-a1a2-f2bc1c2228b8,03009359-616c-5506-9656-043b0db95aeb,yusuf mohamed adan,ahmed abdi aw-mohamed,Somalia,so,58.54,1,0,65.12,name=59; country=['so'],REVIEW
1f73df7f-690d-505b-a1a2-f2bc1c2228b8,2611897c-9239-5ba7-8f95-f1e9917f484a,yusuf mohamed adan,mohamed hussein salad,Somalia,so,58.54,1,0,65.12,name=59; country=['so'],REVIEW
1f73df7f-690d-505b-a1a2-f2bc1c2228b8,6676865c-3b5a-5664-950b-7dac11640ad1,yusuf mohamed adan,mohamed omar mohamed,Somalia,so,58.54,1,0,65.12,name=59; country=['so'],REVIEW
9e652d34-33f0-55be-9065-021f6d5b73a0,93bb4600-d2fb-5e03-9e63-be7fcb794178,mohamed farah nur,mohamed abdullah hirey,Somalia,so,58.54,1,0,65.12,name=59; country=['so'],REVIEW
9e652d34-33f0-55be-9065-021f6d5b73a0,1b7a29a5-f38c-5428-b90b-751fc80c300f,mohamed farah nur,abdiweli mohamed yusuf,Somalia,so,58.54,1,0,65.12,name=59; country=['so'],REVIEW
25e8d9f6-574b-5931-9978-dde9395c9711,467218c6-82ce-5327-85be-929955b88210,graham abd al-qadir,abdel fattah al-burhan,Sudan,sd,58.54,1,0,65.12,name=59; country=['sd'],REVIEW
93f38396-d1ec-5818-a7cd-bd96fce10d48,d4740de9-0c0f-5d33-a6f5-ec79cb755255,muhammad bashir,mohamed atta emoula abbas,Sudan,sd,58.54,1,0,65.12,name=59; country=['sd'],REVIEW
f0b66f71-01d9-5c51-b9b6-9f9755117404,6a229560-a30b-56ae-b2b1-dc832d56c8e0,muhammad skaf,tawfiq muhammad sa'id al-law,Syria,sy,58.54,1,0,65.12,name=59; country=['sy'],REVIEW
148757b5-c5fd-53e3-9edf-4bcd5960a9d3,4174892c-2ec8-5609-951f-4b1ded52c468,anas hasan khattab,hassan muhammad daqqou,Syria,sy,58.54,1,0,65.12,name=59; country=['sy'],REVIEW
b0654420-c034-5096-9710-656720166c3b,6853bb36-18a0-5192-817b-5b707d7a9428,shaya al-zindani,zaid ali yahya al sharafi,Yemen,ye,58.54,1,0,65.12,name=59; country=['ye'],REVIEW
dd664d25-67a8-5268-ab40-0f566fd51348,a493108f-2a00-5a32-8538-4d2a2a9e6f35,hussein al-aghbari,nasr hussein al-hammadi,Yemen,ye,58.54,1,0,65.12,name=59; country=['ye'],REVIEW
0fae46ef-f7b8-5c78-800f-923f94b34cb2,a493108f-2a00-5a32-8538-4d2a2a9e6f35,muhammad al-zaouri,nasr hussein al-hammadi,Yemen,ye,58.54,1,0,65.12,name=59; country=['ye'],REVIEW
1b652019-36c0-552b-9031-55ce6822d027,efbe65e6-1ba9-5346-99d1-653aa3c41c07,abd al-salam hadi,nabil ali ahmed al-hadha,Yemen,ye,58.54,1,0,65.12,name=59; country=['ye'],REVIEW
1b652019-36c0-552b-9031-55ce6822d027,06dfd183-8507-5e75-a49b-b9d26f23108a,abd al-salam hadi,muhammad ahmad al-talibi,Yemen,ye,58.54,1,0,65.12,name=59; country=['ye'],REVIEW
a7f6b2f9-1666-5d11-966d-b03d88a6038c,41af9f69-5c35-54e0-ab05-481edcf20676,dmitriy nikolayevich chernyshenko,aleksandr nikolayevich borodayev,Russia,ru,58.46,1,0,65.08,name=58; country=['ru'],REVIEW
a7f6b2f9-1666-5d11-966d-b03d88a6038c,4cafd6ec-f154-5997-8f83-8802638566d5,dmitriy nikolayevich chernyshenko,alexander nikolayevich kozlovsky,Russia,ru,58.46,1,0,65.08,name=58; country=['ru'],REVIEW
b45b6c16-05c3-5345-95eb-c1c6135f61b2,6ade5a86-2a1e-50db-9860-79bf90b7a625,aleksandr valentinovich novak,aleksandr aleksandrovich chasovnikov,Russia,ru,58.46,1,0,65.08,name=58; country=['ru'],REVIEW
7577e6ac-6813-5c14-a64b-543cff310d82,e3c4c70b-0f96-50e3-adf7-72f69fe98492,aleksandr vyacheslavovich kurenkov,aleksandr aleksandrovich ivanov,Russia,ru,58.46,1,0,65.08,name=58; country=['ru'],REVIEW
7577e6ac-6813-5c14-a64b-543cff310d82,7b5f3fb5-5695-5bbb-8d6a-1377dc4b115f,aleksandr vyacheslavovich kurenkov,aleksandr mikhailovich stepanov,Russia,ru,58.46,1,0,65.08,name=58; country=['ru'],REVIEW
7577e6ac-6813-5c14-a64b-543cff310d82,12993ca2-31ca-5a99-b0ed-d4af2bdddcc7,aleksandr vyacheslavovich kurenkov,aleksandr aleksandrovich kozlov,Russia,ru,58.46,1,0,65.08,name=58; country=['ru'],REVIEW
7577e6ac-6813-5c14-a64b-543cff310d82,9bd47213-13e7-571b-a730-6799b97cbecb,aleksandr vyacheslavovich kurenkov,aleksandr dmitrievich kharichev,Russia,ru,58.46,1,0,65.08,name=58; country=['ru'],REVIEW
f21fad05-0e28-5492-a4e5-4ca30560fe5c,d20ce581-c9a2-5922-8f07-5225aabcb577,vladimir aleksandrovich kolokoltsev,ivan aleksandrovich zavorotnyi,Russia,ru,58.46,1,0,65.08,name=58; country=['ru'],REVIEW
f21fad05-0e28-5492-a4e5-4ca30560fe5c,2ac73f5b-ba21-5dfb-9bd7-60886f77e28a,vladimir aleksandrovich kolokoltsev,vladimir nikolaevich terentiev,Russia,ru,58.46,1,0,65.08,name=58; country=['ru'],REVIEW
f21fad05-0e28-5492-a4e5-4ca30560fe5c,a5e55f25-0e2b-5272-a0cc-cd1ab0786760,vladimir aleksandrovich kolokoltsev,vladimir anatolievich shamanov,Russia,ru,58.46,1,0,65.08,name=58; country=['ru'],REVIEW
f21fad05-0e28-5492-a4e5-4ca30560fe5c,1fd40ffa-ac58-589b-8d2a-b4af61a15583,vladimir aleksandrovich kolokoltsev,vladimir mikhailovich arkadiev,Russia,ru,58.46,1,0,65.08,name=58; country=['ru'],REVIEW
f21fad05-0e28-5492-a4e5-4ca30560fe5c,ca3914ba-879c-5b98-a940-6ea8c87902f8,vladimir aleksandrovich kolokoltsev,vladimir nikolaevich knyaginin,Russia,ru,58.46,1,0,65.08,name=58; country=['ru'],REVIEW
cd6c171d-c9ca-554f-891b-755908ea691e,6a71f55c-2d8f-5956-8392-5eaf7e58f70c,aleksandr aleksandrovich kozlov,aleksandr viacheslavovich sychugov,Russia,ru,58.46,1,0,65.08,name=58; country=['ru'],REVIEW
cd6c171d-c9ca-554f-891b-755908ea691e,9e4709db-f150-56f6-809e-1bce23cf8674,aleksandr aleksandrovich kozlov,aleksandr vyacheslavovich kurenkov,Russia,ru,58.46,1,0,65.08,name=58; country=['ru'],REVIEW
cd6c171d-c9ca-554f-891b-755908ea691e,6f559afb-280c-5902-a152-55b4847425e4,aleksandr aleksandrovich kozlov,alexander aleksandrovich vedyakhin,Russia,ru,58.46,1,0,65.08,name=58; country=['ru'],REVIEW
fe28a4c6-9d92-5e4e-804f-4f03a1c3d81e,d549641d-7d8f-5234-b73e-4fd00a60148f,muhammad abdallah mahmoud,abdelbasit hamza elhassan mohamed khair,Sudan,sd,58.46,1,0,65.08,name=58; country=['sd'],REVIEW
60703c42-976d-5078-8240-0e96bfee1620,4229028f-cb9f-52e8-820b-22fbb05edc2d,abd al-wahab abdullah ahmed al-hajri,ahmed khaled yahya al-shahare,Yemen,ye,58.46,1,0,65.08,name=58; country=['ye'],REVIEW
e36319ae-4d97-5228-ad32-7bc9466d0252,eef70c62-3e7f-5c71-b928-5a56f76e3e63,ahmed attaf,ahmed brahimi,Algeria,dz,58.33,1,0,65.0,name=58; country=['dz'],REVIEW
928d4f05-b0ba-5cf1-84d6-44838e4dc4a6,66d6b25f-29af-5b8e-ac7d-142ad6d3f6f0,min aung hlaing,htun aung,Burma,zm,58.33,1,0,65.0,name=58; country=['zm'],REVIEW
0e3e892e-645b-5404-b7ef-564db69c1653,e46340e4-d5a9-5904-ac31-248a33a42ca5,myo zaw thein,thein nyunt,Burma,zm,58.33,1,0,65.0,name=58; country=['zm'],REVIEW
1e68a075-f6b8-5fef-9e9c-20ba346d9a35,37b6ce18-fc8b-5d86-b851-65e27975b16c,maung myint,moe myint tun,Burma,zm,58.33,1,0,65.0,name=58; country=['zm'],REVIEW
e34a8c44-98dd-5ac0-bc86-3b7b3542af48,67375b35-2704-5d67-881a-c0a7ba87ac6d,myint kyaing,saw myint oo,Burma,zm,41.67,1,1,65.0,name=42; country=['zm']; position_overlap=['minister'],REVIEW
f6882b9b-2967-5f68-b2d1-8af318661ea7,52c41d60-797a-56a5-8cdf-de48e86413ae,tin oo lwin,aung naing oo,Burma,zm,41.67,1,1,65.0,name=42; country=['zm']; position_overlap=['minister'],REVIEW
86f62f16-2175-5afa-b820-a898c02c9063,6d22f3b9-8fda-58d1-80d8-99a58bf5df03,ye myint tun,tun min latt,Burma,zm,58.33,1,0,65.0,name=58; country=['zm'],REVIEW
86f62f16-2175-5afa-b820-a898c02c9063,54c8d4bc-15b5-51d0-9721-332344f95224,ye myint tun,myint kyaing,Burma,zm,41.67,1,1,65.0,name=42; country=['zm']; position_overlap=['minister'],REVIEW
b05ed206-a84b-5bef-ad39-8bfa03419c61,a0b26f6f-a9b7-5ded-ae93-9788771f63bf,tin aung san,swe swe aung,Burma,zm,58.33,1,0,65.0,name=58; country=['zm'],REVIEW
e04d1361-6c5f-5682-9654-45f6127037f1,70ff77f4-392d-5719-bd21-f67740d92473,khin naing oo,kyaw min oo,Burma,zm,58.33,1,0,65.0,name=58; country=['zm'],REVIEW
4f703139-e0ac-56e7-82d2-3af76b873177,6d22f3b9-8fda-58d1-80d8-99a58bf5df03,kyaw moe tun,tun min latt,Burma,zm,58.33,1,0,65.0,name=58; country=['zm'],REVIEW
6b310fbe-fbe4-5c60-96f9-7ea640289405,416b2498-e024-5130-80e3-583d96970b28,guozhong liu,jingping liu,China,cn,58.33,1,0,65.0,name=58; country=['cn'],REVIEW
130ff18c-d312-545f-a54d-fb8474b63e02,f2185f04-ebe8-553a-b58e-79bf9ce902e3,guangha wang,hongfei wang,China,cn,58.33,1,0,65.0,name=58; country=['cn'],REVIEW
130ff18c-d312-545f-a54d-fb8474b63e02,ed174f23-e77d-56c7-b36e-d437a7f76d7f,guangha wang,tianmin wang,China,cn,58.33,1,0,65.0,name=58; country=['cn'],REVIEW
fad6b794-28f0-5b61-92b0-531e88e1121b,25927a3e-f6c7-5667-898a-cb15e1f442b9,mohammad-jafar qaempanah,mohammad reza falahzadeh,Iran,ir,58.33,1,0,65.0,name=58; country=['ir'],REVIEW
fad6b794-28f0-5b61-92b0-531e88e1121b,bc34ad9d-6181-5bc7-ac40-063030a4df6f,mohammad-jafar qaempanah,mohammad reza mirheydary,Iran,ir,58.33,1,0,65.0,name=58; country=['ir'],REVIEW
fad6b794-28f0-5b61-92b0-531e88e1121b,c045c729-c8b1-57df-9bcf-b81b2fd3b49c,mohammad-jafar qaempanah,mohammad jafar montazeri,Iran,ir,58.33,1,0,65.0,name=58; country=['ir'],REVIEW
486633c7-d65d-579c-a85e-bd4fb32cc714,f1a79162-afa3-569e-97be-3748c2f7244d,mohammad eslami,mohammad mahdi khanpour ardestani,Iran,ir,58.33,1,0,65.0,name=58; country=['ir'],REVIEW
304687be-72b5-5f04-8437-e74cf2ccd578,c814cf32-d808-5b32-93a9-ef3d0f5e51aa,mohammad-reza salehi-amiri,seyyed mohammad ruhani,Iran,ir,58.33,1,0,65.0,name=58; country=['ir'],REVIEW
304687be-72b5-5f04-8437-e74cf2ccd578,424d2451-8de6-51f3-a468-d92f9a614d9b,mohammad-reza salehi-amiri,mohammad taghi osanloo,Iran,ir,58.33,1,0,65.0,name=58; country=['ir'],REVIEW
286d8443-aff7-5178-b2a1-75291c9f61ae,38bb06aa-ec2d-5da2-bea3-cb9290df975c,mohammad-reza zafarqandi,mohammad soltanmohammadi,Iran,ir,58.33,1,0,65.0,name=58; country=['ir'],REVIEW
30e84c08-0100-5fb9-adba-9b44b6b03513,8fddb48b-a90e-5f94-aefb-5a1d0f3ed26b,abd al-rahim jassim,ammar jasim kadhim al rammahi,Iraq,iq,58.33,1,0,65.0,name=58; country=['iq'],REVIEW
30e84c08-0100-5fb9-adba-9b44b6b03513,117f2fba-6127-585e-91d1-dc97cf7fba0f,abd al-rahim jassim,hashim finyan rahim al-saraji,Iraq,iq,58.33,1,0,65.0,name=58; country=['iq'],REVIEW
23ba379d-8492-5e9e-997d-eb6a1e08510d,07518b15-fe62-5e07-a541-f642141b45d8,ali muhsin al-allaq,husam muhammad amin al-yassin,Iraq,iq,58.33,1,0,65.0,name=58; country=['iq'],REVIEW
89abf349-1f32-532b-91d9-d10d0ef65511,bdfef916-2a42-53c2-bb22-a177579551c4,muhammad al-momani,sami mahmud mohammed al-uraydi,Jordan,jo,58.33,1,0,65.0,name=58; country=['jo'],REVIEW
f9c11f75-2319-572a-8e2f-c836357552e5,284aff52-29dd-50ed-98fa-3ca5a9d16c0a,jong un kim,jong sam paek,"Korea, North",kp,58.33,1,0,65.0,name=58; country=['kp'],REVIEW
f9c11f75-2319-572a-8e2f-c836357552e5,7bb4c3ef-35ef-52a5-96a5-cca060395539,jong un kim,song chol kim,"Korea, North",kp,58.33,1,0,65.0,name=58; country=['kp'],REVIEW
f9c11f75-2319-572a-8e2f-c836357552e5,a8cba52b-1ae3-5e9b-b1fb-e13f1da061fe,jong un kim,yong chol kim,"Korea, North",kp,58.33,1,0,65.0,name=58; country=['kp'],REVIEW
215fc3a7-2dba-54d1-877b-cdbd40681523,e0d597b0-49d9-5849-83c1-3c2b189426b0,ryong hae choe,ryong kang,"Korea, North",kp,58.33,1,0,65.0,name=58; country=['kp'],REVIEW
2db666ac-26f4-500d-8e57-d0d421626000,9f155f2b-eaf7-51fe-8216-80ab1dfa4deb,tok hun kim,kyong hak kim,"Korea, North",kp,58.33,1,0,65.0,name=58; country=['kp'],REVIEW
2db666ac-26f4-500d-8e57-d0d421626000,d6f7853b-e6f6-5a32-8df3-92938e5c158b,tok hun kim,kwang hun pak,"Korea, North",kp,58.33,1,0,65.0,name=58; country=['kp'],REVIEW
2db666ac-26f4-500d-8e57-d0d421626000,7bb4c3ef-35ef-52a5-96a5-cca060395539,tok hun kim,song chol kim,"Korea, North",kp,58.33,1,0,65.0,name=58; country=['kp'],REVIEW
2db666ac-26f4-500d-8e57-d0d421626000,a8cba52b-1ae3-5e9b-b1fb-e13f1da061fe,tok hun kim,yong chol kim,"Korea, North",kp,58.33,1,0,65.0,name=58; country=['kp'],REVIEW
2db666ac-26f4-500d-8e57-d0d421626000,87261b3b-752a-55f6-bf56-a32e634d2725,tok hun kim,myong jin kim,"Korea, North",kp,58.33,1,0,65.0,name=58; country=['kp'],REVIEW
4a19256d-6939-57ce-8382-7eb6928ad8dd,5247a5d4-c75c-54c8-85e6-ce6ff8d7f291,yong won jo,yong hyok rim,"Korea, North",kp,58.33,1,0,65.0,name=58; country=['kp'],REVIEW
4a19256d-6939-57ce-8382-7eb6928ad8dd,a8cba52b-1ae3-5e9b-b1fb-e13f1da061fe,yong won jo,yong chol kim,"Korea, North",kp,58.33,1,0,65.0,name=58; country=['kp'],REVIEW
b700b190-27ae-5cb1-941c-0a513750a653,2ea72da9-edb8-54e7-9101-7fd192d24b3b,yong gil ri,yong nam jong,"Korea, North",kp,58.33,1,0,65.0,name=58; country=['kp'],REVIEW
b700b190-27ae-5cb1-941c-0a513750a653,7725fd5c-cd5e-5a47-a960-87b96f9e937c,yong gil ri,yong son jang,"Korea, North",kp,58.33,1,0,65.0,name=58; country=['kp'],REVIEW
db80e495-6578-5cc9-8b23-b56d2587e7a3,a4f277a4-af5d-5c02-85b9-94baf950dfa5,song nam kim,song ho jong,"Korea, North",kp,58.33,1,0,65.0,name=58; country=['kp'],REVIEW
db80e495-6578-5cc9-8b23-b56d2587e7a3,cb469236-b7f5-5d91-82ab-566e6d934301,song nam kim,yong bok kim,"Korea, North",kp,58.33,1,0,65.0,name=58; country=['kp'],REVIEW
db80e495-6578-5cc9-8b23-b56d2587e7a3,2afb9540-5165-5ac6-82af-d9d07cb77476,song nam kim,hwa song pak,"Korea, North",kp,58.33,1,0,65.0,name=58; country=['kp'],REVIEW
db80e495-6578-5cc9-8b23-b56d2587e7a3,c5f12979-38eb-5171-ac3f-9f9b622d122a,song nam kim,kwang-il kim,"Korea, North",kp,58.33,1,0,65.0,name=58; country=['kp'],REVIEW
db80e495-6578-5cc9-8b23-b56d2587e7a3,68d55cae-ab6e-5083-9a53-c6ae3cc2bc4b,song nam kim,chol ung nam,"Korea, North",kp,58.33,1,0,65.0,name=58; country=['kp'],REVIEW
c97a4c11-6d14-5bc3-824a-8a5f027534ab,68d55cae-ab6e-5083-9a53-c6ae3cc2bc4b,sun nam kang,chol ung nam,"Korea, North",kp,58.33,1,0,65.0,name=58; country=['kp'],REVIEW
b9bdb536-435b-5fc6-af79-cf064ea64207,f26aaf2e-a651-517b-aba9-903eb8ff7e80,son hui choe,un jong choe,"Korea, North",kp,58.33,1,0,65.0,name=58; country=['kp'],REVIEW
cd2e7228-83bc-53ae-9022-290f7f52a37f,284aff52-29dd-50ed-98fa-3ca5a9d16c0a,yo jong kim,jong sam paek,"Korea, North",kp,58.33,1,0,65.0,name=58; country=['kp'],REVIEW
cd2e7228-83bc-53ae-9022-290f7f52a37f,9f155f2b-eaf7-51fe-8216-80ab1dfa4deb,yo jong kim,kyong hak kim,"Korea, North",kp,58.33,1,0,65.0,name=58; country=['kp'],REVIEW
cd2e7228-83bc-53ae-9022-290f7f52a37f,7bb4c3ef-35ef-52a5-96a5-cca060395539,yo jong kim,song chol kim,"Korea, North",kp,58.33,1,0,65.0,name=58; country=['kp'],REVIEW
b16e8d80-7030-596c-9df3-521cbe6169a1,6e8485f8-3df3-5521-a7cf-b0bc2f6a7274,yun sok kang,tong sok pak,"Korea, North",kp,58.33,1,0,65.0,name=58; country=['kp'],REVIEW
f244bdca-f3a8-5d54-9b1b-cc2e39bc638f,40c9e172-e82a-525e-9db4-ff12994ba0f5,yong hwan kim,yong gil ri,"Korea, North",kp,58.33,1,0,65.0,name=58; country=['kp'],REVIEW
f244bdca-f3a8-5d54-9b1b-cc2e39bc638f,bd3ebc5c-8fa5-5d48-ab43-c0798bd7fb90,yong hwan kim,yong il sin,"Korea, North",kp,58.33,1,0,65.0,name=58; country=['kp'],REVIEW
d0495abd-8e55-518b-87c8-ff979fa8ac3f,d6f7853b-e6f6-5a32-8df3-92938e5c158b,in chol pak,kwang hun pak,"Korea, North",kp,58.33,1,0,65.0,name=58; country=['kp'],REVIEW
d0495abd-8e55-518b-87c8-ff979fa8ac3f,317983e5-097d-5c89-8458-35268be76109,in chol pak,chol hak kang,"Korea, North",kp,58.33,1,0,65.0,name=58; country=['kp'],REVIEW
d0495abd-8e55-518b-87c8-ff979fa8ac3f,7bb4c3ef-35ef-52a5-96a5-cca060395539,in chol pak,song chol kim,"Korea, North",kp,58.33,1,0,65.0,name=58; country=['kp'],REVIEW
d0495abd-8e55-518b-87c8-ff979fa8ac3f,1e7bc14e-c510-5c41-9b16-8d2bc69ef3da,in chol pak,kwang chol ro,"Korea, North",kp,58.33,1,0,65.0,name=58; country=['kp'],REVIEW
d0495abd-8e55-518b-87c8-ff979fa8ac3f,80ac3a19-9ac6-56be-bafd-09a41c6b10f9,in chol pak,kyong-chol jo,"Korea, North",kp,58.33,1,0,65.0,name=58; country=['kp'],REVIEW
d0495abd-8e55-518b-87c8-ff979fa8ac3f,a8cba52b-1ae3-5e9b-b1fb-e13f1da061fe,in chol pak,yong chol kim,"Korea, North",kp,58.33,1,0,65.0,name=58; country=['kp'],REVIEW
d0495abd-8e55-518b-87c8-ff979fa8ac3f,2c7bae9f-46e8-5fc8-9af3-fc0e184a0906,in chol pak,chol min choe,"Korea, North",kp,58.33,1,0,65.0,name=58; country=['kp'],REVIEW
367fc8b2-4112-5e2a-895e-2c7630693b1c,01a6371b-7885-5ff4-ad82-9a6597c21e36,jong hyok han,jin hyok ri,"Korea, North",kp,58.33,1,0,65.0,name=58; country=['kp'],REVIEW
367fc8b2-4112-5e2a-895e-2c7630693b1c,106f292b-3a11-5e43-9a43-2e57bfcf1bf9,jong hyok han,jang su han,"Korea, North",kp,58.33,1,0,65.0,name=58; country=['kp'],REVIEW
367fc8b2-4112-5e2a-895e-2c7630693b1c,290a5a17-12ba-54d3-8934-69e1a8f01234,jong hyok han,jong son ho,"Korea, North",kp,58.33,1,0,65.0,name=58; country=['kp'],REVIEW
1bacae61-7d31-58f3-9a3d-c8f20b1d5fcd,3a697517-1a1e-5bbd-8932-f90088886e14,jong sun kim,chol sam kim,"Korea, North",kp,58.33,1,0,65.0,name=58; country=['kp'],REVIEW
1bacae61-7d31-58f3-9a3d-c8f20b1d5fcd,abe80829-a1b2-5429-a22d-6b55ffcfae3f,jong sun kim,man bok jong,"Korea, North",kp,58.33,1,0,65.0,name=58; country=['kp'],REVIEW
1bacae61-7d31-58f3-9a3d-c8f20b1d5fcd,1a737494-4a6d-55cd-b6bf-f2dbd23e696a,jong sun kim,man chun kim,"Korea, North",kp,58.33,1,0,65.0,name=58; country=['kp'],REVIEW
1bacae61-7d31-58f3-9a3d-c8f20b1d5fcd,f26aaf2e-a651-517b-aba9-903eb8ff7e80,jong sun kim,un jong choe,"Korea, North",kp,58.33,1,0,65.0,name=58; country=['kp'],REVIEW
1bacae61-7d31-58f3-9a3d-c8f20b1d5fcd,a4f277a4-af5d-5c02-85b9-94baf950dfa5,jong sun kim,song ho jong,"Korea, North",kp,58.33,1,0,65.0,name=58; country=['kp'],REVIEW
1bacae61-7d31-58f3-9a3d-c8f20b1d5fcd,cb469236-b7f5-5d91-82ab-566e6d934301,jong sun kim,yong bok kim,"Korea, North",kp,58.33,1,0,65.0,name=58; country=['kp'],REVIEW
1bacae61-7d31-58f3-9a3d-c8f20b1d5fcd,0e9a260b-0ef4-5d08-bc3c-4465e23f4543,jong sun kim,jong hun kil,"Korea, North",kp,58.33,1,0,65.0,name=58; country=['kp'],REVIEW
1bacae61-7d31-58f3-9a3d-c8f20b1d5fcd,17547bf6-7d8b-554a-9a98-f93e9fed0066,jong sun kim,sok chol kim,"Korea, North",kp,58.33,1,0,65.0,name=58; country=['kp'],REVIEW
1bacae61-7d31-58f3-9a3d-c8f20b1d5fcd,6523aede-4c18-5abb-a14c-3cb99b7d7c6a,jong sun kim,kang jin kim,"Korea, North",kp,58.33,1,0,65.0,name=58; country=['kp'],REVIEW
1bacae61-7d31-58f3-9a3d-c8f20b1d5fcd,9fc6c03b-4ec8-5c86-837b-988c47dae158,jong sun kim,min chol kim,"Korea, North",kp,58.33,1,0,65.0,name=58; country=['kp'],REVIEW
6fa2335d-266a-53e7-8246-ad15133afa37,3a3dfc35-72b0-569a-82a6-51179e0d7e1e,chol min pak,mun chol kim,"Korea, North",kp,58.33,1,0,65.0,name=58; country=['kp'],REVIEW
6fa2335d-266a-53e7-8246-ad15133afa37,68d55cae-ab6e-5083-9a53-c6ae3cc2bc4b,chol min pak,chol ung nam,"Korea, North",kp,58.33,1,0,65.0,name=58; country=['kp'],REVIEW
ee714e14-ed52-53c9-a0f3-0a0fb01c9e2c,abe80829-a1b2-5429-a22d-6b55ffcfae3f,jong gun pak,man bok jong,"Korea, North",kp,58.33,1,0,65.0,name=58; country=['kp'],REVIEW
c85a2ab4-d135-57bf-bdbc-dae1667811ef,3306c0a0-f312-56f4-a2ec-2093042bbfef,sung guk jon,jin yong jon,"Korea, North",kp,58.33,1,0,65.0,name=58; country=['kp'],REVIEW
77116887-2b70-5a73-8d86-b89f28be0dc9,1e7bc14e-c510-5c41-9b16-8d2bc69ef3da,chol gyu ju,kwang chol ro,"Korea, North",kp,58.33,1,0,65.0,name=58; country=['kp'],REVIEW
49fae442-9d38-5575-8249-874394a44a20,f46b91e1-d7a0-59a1-b231-26c7c4c19d88,sung ho yang,yong chol ho,"Korea, North",kp,58.33,1,0,65.0,name=58; country=['kp'],REVIEW
49fae442-9d38-5575-8249-874394a44a20,a8fb7799-fa76-59f8-8c9c-12eb35795a66,sung ho yang,sung jun cha,"Korea, North",kp,58.33,1,0,65.0,name=58; country=['kp'],REVIEW
0d1d2866-386b-5a8c-8de9-b534f9364050,072c2404-41d4-5fb9-ba58-340a2e1052fe,kum chol kim,chol man han,"Korea, North",kp,58.33,1,0,65.0,name=58; country=['kp'],REVIEW
0d1d2866-386b-5a8c-8de9-b534f9364050,255af80c-23aa-5e30-812f-dde7dff45ed7,kum chol kim,in chol jong,"Korea, North",kp,58.33,1,0,65.0,name=58; country=['kp'],REVIEW
0d1d2866-386b-5a8c-8de9-b534f9364050,d00fc5c9-78c0-5d13-a35e-28ce581e024f,kum chol kim,jong man kim,"Korea, North",kp,58.33,1,0,65.0,name=58; country=['kp'],REVIEW
0d1d2866-386b-5a8c-8de9-b534f9364050,c5f12979-38eb-5171-ac3f-9f9b622d122a,kum chol kim,kwang-il kim,"Korea, North",kp,58.33,1,0,65.0,name=58; country=['kp'],REVIEW
0d1d2866-386b-5a8c-8de9-b534f9364050,6ca2121f-4d93-5c24-9ed7-0036f0ac6060,kum chol kim,thae chol ri,"Korea, North",kp,58.33,1,0,65.0,name=58; country=['kp'],REVIEW
4f2e5ddc-e7f2-5114-91e0-b66d2b467446,9f155f2b-eaf7-51fe-8216-80ab1dfa4deb,sung du kim,kyong hak kim,"Korea, North",kp,58.33,1,0,65.0,name=58; country=['kp'],REVIEW
4f2e5ddc-e7f2-5114-91e0-b66d2b467446,a8cba52b-1ae3-5e9b-b1fb-e13f1da061fe,sung du kim,yong chol kim,"Korea, North",kp,58.33,1,0,65.0,name=58; country=['kp'],REVIEW
4f2e5ddc-e7f2-5114-91e0-b66d2b467446,87261b3b-752a-55f6-bf56-a32e634d2725,sung du kim,myong jin kim,"Korea, North",kp,58.33,1,0,65.0,name=58; country=['kp'],REVIEW
a02de48a-caf5-5505-ba51-5a38d2e02d9f,317983e5-097d-5c89-8458-35268be76109,sok chol jo,chol hak kang,"Korea, North",kp,58.33,1,0,65.0,name=58; country=['kp'],REVIEW
a02de48a-caf5-5505-ba51-5a38d2e02d9f,1e7bc14e-c510-5c41-9b16-8d2bc69ef3da,sok chol jo,kwang chol ro,"Korea, North",kp,58.33,1,0,65.0,name=58; country=['kp'],REVIEW
a02de48a-caf5-5505-ba51-5a38d2e02d9f,a8cba52b-1ae3-5e9b-b1fb-e13f1da061fe,sok chol jo,yong chol kim,"Korea, North",kp,58.33,1,0,65.0,name=58; country=['kp'],REVIEW
16e2fc62-372f-5b15-a7a0-28390672fd29,7d5925c3-36b7-555b-ab91-d969cc28db32,kang choe,chol ryong choe,"Korea, North",kp,58.33,1,0,65.0,name=58; country=['kp'],REVIEW
16e2fc62-372f-5b15-a7a0-28390672fd29,b7d75d20-00cf-59de-81a7-62845dea0474,kang choe,myong hyon choe,"Korea, North",kp,58.33,1,0,65.0,name=58; country=['kp'],REVIEW
3dd10b94-ab62-5ae5-a73e-60104d5a70c8,1e7bc14e-c510-5c41-9b16-8d2bc69ef3da,chol san ri,kwang chol ro,"Korea, North",kp,58.33,1,0,65.0,name=58; country=['kp'],REVIEW
3dd10b94-ab62-5ae5-a73e-60104d5a70c8,80ac3a19-9ac6-56be-bafd-09a41c6b10f9,chol san ri,kyong-chol jo,"Korea, North",kp,58.33,1,0,65.0,name=58; country=['kp'],REVIEW
3dd10b94-ab62-5ae5-a73e-60104d5a70c8,502197bb-083e-500b-ab49-3e3a29fd9e6f,chol san ri,kuk chol jang,"Korea, North",kp,58.33,1,0,65.0,name=58; country=['kp'],REVIEW
3dd10b94-ab62-5ae5-a73e-60104d5a70c8,2c7bae9f-46e8-5fc8-9af3-fc0e184a0906,chol san ri,chol min choe,"Korea, North",kp,58.33,1,0,65.0,name=58; country=['kp'],REVIEW
5f9ee52c-a87d-58ea-896c-92f65a548854,3223540a-8b91-52b2-a4bb-3d3725575aa3,chol u yu,myong chol jang,"Korea, North",kp,58.33,1,0,65.0,name=58; country=['kp'],REVIEW
5f9ee52c-a87d-58ea-896c-92f65a548854,1867f1a3-1864-5656-9b91-b3d19133316a,chol u yu,kwang chol pyon,"Korea, North",kp,58.33,1,0,65.0,name=58; country=['kp'],REVIEW
277b79f8-2ac4-5584-9f5d-955980bfc4c6,b0bc9fa7-943e-56c4-ac4a-5c25ef99dd51,chang uk wang,chang ho ri,"Korea, North",kp,58.33,1,0,65.0,name=58; country=['kp'],REVIEW
277b79f8-2ac4-5584-9f5d-955980bfc4c6,39390504-fb4c-5a44-8689-e92b4196729a,chang uk wang,chang il ju,"Korea, North",kp,58.33,1,0,65.0,name=58; country=['kp'],REVIEW
aed6b75b-4fc2-5fec-abf0-625322fc4f37,2c7bae9f-46e8-5fc8-9af3-fc0e184a0906,chol ha kim,chol min choe,"Korea, North",kp,58.33,1,0,65.0,name=58; country=['kp'],REVIEW
aed6b75b-4fc2-5fec-abf0-625322fc4f37,80ac3a19-9ac6-56be-bafd-09a41c6b10f9,chol ha kim,kyong-chol jo,"Korea, North",kp,58.33,1,0,65.0,name=58; country=['kp'],REVIEW
3aea3e76-cdbe-5543-8f1e-79e51652cf89,3a697517-1a1e-5bbd-8932-f90088886e14,hak chol jon,chol sam kim,"Korea, North",kp,58.33,1,0,65.0,name=58; country=['kp'],REVIEW
3aea3e76-cdbe-5543-8f1e-79e51652cf89,cbdf6cc1-c16a-5fe1-886e-2b0d74882a0b,hak chol jon,chol nam pak,"Korea, North",kp,58.33,1,0,65.0,name=58; country=['kp'],REVIEW
fba55d87-e11e-536c-80e8-00fc53ec6dce,409f605a-c08e-52a3-ab92-1b951394bad3,jong jin so,jong chon pak,"Korea, North",kp,58.33,1,0,65.0,name=58; country=['kp'],REVIEW
fba55d87-e11e-536c-80e8-00fc53ec6dce,87261b3b-752a-55f6-bf56-a32e634d2725,jong jin so,myong jin kim,"Korea, North",kp,58.33,1,0,65.0,name=58; country=['kp'],REVIEW
8cd0c6e3-caab-55c5-94be-0cc31f55b070,2ea72da9-edb8-54e7-9101-7fd192d24b3b,jong ho yun,yong nam jong,"Korea, North",kp,58.33,1,0,65.0,name=58; country=['kp'],REVIEW
bd8abcfa-887a-5ca1-8f14-a5dd8c78110c,953dd495-b9bf-54e0-8ea8-963ac47643f3,jong bom ko,song hwa jong,"Korea, North",kp,58.33,1,0,65.0,name=58; country=['kp'],REVIEW
86e14e01-a80e-5017-b9fc-aaa22aefdf76,62fa7bc2-cae8-54af-9190-4a72c055be38,chun sop song,song sun im,"Korea, North",kp,58.33,1,0,65.0,name=58; country=['kp'],REVIEW
86e14e01-a80e-5017-b9fc-aaa22aefdf76,741c6a5e-d244-5497-b88e-2e55c0447846,chun sop song,chun il pak,"Korea, North",kp,58.33,1,0,65.0,name=58; country=['kp'],REVIEW
3fb152be-1f78-5bf9-aa97-cbaa07844038,62242724-dd04-5f07-8346-f4298bcc659d,sung chan kim,nam ung kim,"Korea, North",kp,58.33,1,0,65.0,name=58; country=['kp'],REVIEW
3fb152be-1f78-5bf9-aa97-cbaa07844038,05295a1f-3193-5ce8-bb09-449b7fd68ddc,sung chan kim,yon hui kim,"Korea, North",kp,58.33,1,0,65.0,name=58; country=['kp'],REVIEW
3fb152be-1f78-5bf9-aa97-cbaa07844038,9eddb6a0-baeb-5b5c-b6f2-4b9577c189b7,sung chan kim,yong ju kim,"Korea, North",kp,58.33,1,0,65.0,name=58; country=['kp'],REVIEW
f3c08208-2b98-5df7-80e3-d940f854096e,ac20c82b-a756-5b8b-b07a-a1aecff7e9bc,yong il ju,chun yong choe,"Korea, North",kp,58.33,1,0,65.0,name=58; country=['kp'],REVIEW
077959aa-ee52-5a90-a839-8c3e1ce4feca,a4f277a4-af5d-5c02-85b9-94baf950dfa5,kum song jin,song ho jong,"Korea, North",kp,58.33,1,0,65.0,name=58; country=['kp'],REVIEW
077959aa-ee52-5a90-a839-8c3e1ce4feca,2afb9540-5165-5ac6-82af-d9d07cb77476,kum song jin,hwa song pak,"Korea, North",kp,58.33,1,0,65.0,name=58; country=['kp'],REVIEW
077959aa-ee52-5a90-a839-8c3e1ce4feca,6523aede-4c18-5abb-a14c-3cb99b7d7c6a,kum song jin,kang jin kim,"Korea, North",kp,58.33,1,0,65.0,name=58; country=['kp'],REVIEW
47ad2603-a5d2-5b3c-b035-391c6c9fadf7,730507a8-1028-50f1-8b74-e63ff1a5bd0e,song jun kim,sang man kim,"Korea, North",kp,58.33,1,0,65.0,name=58; country=['kp'],REVIEW
47ad2603-a5d2-5b3c-b035-391c6c9fadf7,a4f277a4-af5d-5c02-85b9-94baf950dfa5,song jun kim,song ho jong,"Korea, North",kp,58.33,1,0,65.0,name=58; country=['kp'],REVIEW
47ad2603-a5d2-5b3c-b035-391c6c9fadf7,abbc7385-4a6d-56c0-8034-d61f10609891,song jun kim,song guk yun,"Korea, North",kp,58.33,1,0,65.0,name=58; country=['kp'],REVIEW
47ad2603-a5d2-5b3c-b035-391c6c9fadf7,2afb9540-5165-5ac6-82af-d9d07cb77476,song jun kim,hwa song pak,"Korea, North",kp,58.33,1,0,65.0,name=58; country=['kp'],REVIEW
47ad2603-a5d2-5b3c-b035-391c6c9fadf7,17547bf6-7d8b-554a-9a98-f93e9fed0066,song jun kim,sok chol kim,"Korea, North",kp,58.33,1,0,65.0,name=58; country=['kp'],REVIEW
47ad2603-a5d2-5b3c-b035-391c6c9fadf7,a8fb7799-fa76-59f8-8c9c-12eb35795a66,song jun kim,sung jun cha,"Korea, North",kp,58.33,1,0,65.0,name=58; country=['kp'],REVIEW
47ad2603-a5d2-5b3c-b035-391c6c9fadf7,c5f12979-38eb-5171-ac3f-9f9b622d122a,song jun kim,kwang-il kim,"Korea, North",kp,58.33,1,0,65.0,name=58; country=['kp'],REVIEW
c4e8dab2-3721-51a6-ae63-1e0a6c2721d6,3994612e-996b-596c-91b7-90cd5320c49c,chang sok kim,tong-ho kim,"Korea, North",kp,58.33,1,0,65.0,name=58; country=['kp'],REVIEW
c4e8dab2-3721-51a6-ae63-1e0a6c2721d6,05295a1f-3193-5ce8-bb09-449b7fd68ddc,chang sok kim,yon hui kim,"Korea, North",kp,58.33,1,0,65.0,name=58; country=['kp'],REVIEW
c4e8dab2-3721-51a6-ae63-1e0a6c2721d6,b0bc9fa7-943e-56c4-ac4a-5c25ef99dd51,chang sok kim,chang ho ri,"Korea, North",kp,58.33,1,0,65.0,name=58; country=['kp'],REVIEW
4741c842-aa4f-5cb6-9d00-509b4d4be52a,abe80829-a1b2-5429-a22d-6b55ffcfae3f,jong nam kim,man bok jong,"Korea, North",kp,58.33,1,0,65.0,name=58; country=['kp'],REVIEW
4741c842-aa4f-5cb6-9d00-509b4d4be52a,1a737494-4a6d-55cd-b6bf-f2dbd23e696a,jong nam kim,man chun kim,"Korea, North",kp,58.33,1,0,65.0,name=58; country=['kp'],REVIEW
4741c842-aa4f-5cb6-9d00-509b4d4be52a,86f78ac3-c178-5fef-8754-9e7ec6d5010b,jong nam kim,song hun kim,"Korea, North",kp,58.33,1,0,65.0,name=58; country=['kp'],REVIEW
4741c842-aa4f-5cb6-9d00-509b4d4be52a,cb469236-b7f5-5d91-82ab-566e6d934301,jong nam kim,yong bok kim,"Korea, North",kp,58.33,1,0,65.0,name=58; country=['kp'],REVIEW
4741c842-aa4f-5cb6-9d00-509b4d4be52a,3a3dfc35-72b0-569a-82a6-51179e0d7e1e,jong nam kim,mun chol kim,"Korea, North",kp,58.33,1,0,65.0,name=58; country=['kp'],REVIEW
4741c842-aa4f-5cb6-9d00-509b4d4be52a,0e9a260b-0ef4-5d08-bc3c-4465e23f4543,jong nam kim,jong hun kil,"Korea, North",kp,58.33,1,0,65.0,name=58; country=['kp'],REVIEW
4741c842-aa4f-5cb6-9d00-509b4d4be52a,6523aede-4c18-5abb-a14c-3cb99b7d7c6a,jong nam kim,kang jin kim,"Korea, North",kp,58.33,1,0,65.0,name=58; country=['kp'],REVIEW
4741c842-aa4f-5cb6-9d00-509b4d4be52a,9fc6c03b-4ec8-5c86-837b-988c47dae158,jong nam kim,min chol kim,"Korea, North",kp,58.33,1,0,65.0,name=58; country=['kp'],REVIEW
cc81e615-d493-582e-afc5-946ac6cfb9f5,317983e5-097d-5c89-8458-35268be76109,chol su kim,chol hak kang,"Korea, North",kp,58.33,1,0,65.0,name=58; country=['kp'],REVIEW
cc81e615-d493-582e-afc5-946ac6cfb9f5,502197bb-083e-500b-ab49-3e3a29fd9e6f,chol su kim,kuk chol jang,"Korea, North",kp,58.33,1,0,65.0,name=58; country=['kp'],REVIEW
257b7973-9bb2-564f-b8c5-1a55c239efc9,0bd558aa-1421-5587-843c-f71b34c549df,chung song kim,su gil kim,"Korea, North",kp,58.33,1,0,65.0,name=58; country=['kp'],REVIEW
3f5caa9c-1967-511d-a235-da7d3d2c5422,3a697517-1a1e-5bbd-8932-f90088886e14,chol gu kang,chol sam kim,"Korea, North",kp,58.33,1,0,65.0,name=58; country=['kp'],REVIEW
3f5caa9c-1967-511d-a235-da7d3d2c5422,3a3dfc35-72b0-569a-82a6-51179e0d7e1e,chol gu kang,mun chol kim,"Korea, North",kp,58.33,1,0,65.0,name=58; country=['kp'],REVIEW
3f5caa9c-1967-511d-a235-da7d3d2c5422,cbdf6cc1-c16a-5fe1-886e-2b0d74882a0b,chol gu kang,chol nam pak,"Korea, North",kp,58.33,1,0,65.0,name=58; country=['kp'],REVIEW
3f5caa9c-1967-511d-a235-da7d3d2c5422,9fc6c03b-4ec8-5c86-837b-988c47dae158,chol gu kang,min chol kim,"Korea, North",kp,58.33,1,0,65.0,name=58; country=['kp'],REVIEW
3f5caa9c-1967-511d-a235-da7d3d2c5422,17547bf6-7d8b-554a-9a98-f93e9fed0066,chol gu kang,sok chol kim,"Korea, North",kp,58.33,1,0,65.0,name=58; country=['kp'],REVIEW
8a1de872-f702-55f1-ac47-c13b3708fe76,e529c90b-3ff6-522a-9fbe-d13a43d290dd,hyok gwon ri,un hyok choe,"Korea, North",kp,58.33,1,0,65.0,name=58; country=['kp'],REVIEW
8a1de872-f702-55f1-ac47-c13b3708fe76,a4f82b64-a1c9-5934-9ae9-ea55ed5c776f,hyok gwon ri,tong hyok ri,"Korea, North",kp,58.33,1,0,65.0,name=58; country=['kp'],REVIEW
8a1de872-f702-55f1-ac47-c13b3708fe76,6ca2121f-4d93-5c24-9ed7-0036f0ac6060,hyok gwon ri,thae chol ri,"Korea, North",kp,41.67,1,1,65.0,name=42; country=['kp']; position_overlap=['minister'],REVIEW
8a4561d5-6e38-5ae7-894b-48966e7707a5,1a737494-4a6d-55cd-b6bf-f2dbd23e696a,sung jin kim,man chun kim,"Korea, North",kp,58.33,1,0,65.0,name=58; country=['kp'],REVIEW
8a4561d5-6e38-5ae7-894b-48966e7707a5,3a3dfc35-72b0-569a-82a6-51179e0d7e1e,sung jin kim,mun chol kim,"Korea, North",kp,58.33,1,0,65.0,name=58; country=['kp'],REVIEW
8a4561d5-6e38-5ae7-894b-48966e7707a5,cb469236-b7f5-5d91-82ab-566e6d934301,sung jin kim,yong bok kim,"Korea, North",kp,58.33,1,0,65.0,name=58; country=['kp'],REVIEW
8a4561d5-6e38-5ae7-894b-48966e7707a5,a8fb7799-fa76-59f8-8c9c-12eb35795a66,sung jin kim,sung jun cha,"Korea, North",kp,58.33,1,0,65.0,name=58; country=['kp'],REVIEW
8a4561d5-6e38-5ae7-894b-48966e7707a5,730507a8-1028-50f1-8b74-e63ff1a5bd0e,sung jin kim,sang man kim,"Korea, North",kp,58.33,1,0,65.0,name=58; country=['kp'],REVIEW
8a4561d5-6e38-5ae7-894b-48966e7707a5,6523aede-4c18-5abb-a14c-3cb99b7d7c6a,sung jin kim,kang jin kim,"Korea, North",kp,58.33,1,0,65.0,name=58; country=['kp'],REVIEW
8a4561d5-6e38-5ae7-894b-48966e7707a5,3306c0a0-f312-56f4-a2ec-2093042bbfef,sung jin kim,jin yong jon,"Korea, North",kp,58.33,1,0,65.0,name=58; country=['kp'],REVIEW
9275dcc8-45ca-5258-aad0-9de1558c6b59,828b6405-c650-5202-b7e7-19cad45006bb,jong-seok lee,dongjin lee,"Korea, South",kr,58.33,1,0,65.0,name=58; country=['kr'],REVIEW
abb1efd2-926b-5b2b-8549-3335c0ba382e,d9df370a-c777-50c4-8ccf-0f8096dcf056,ahmed shiyam,ahmed mubeen,Maldives,mv,58.33,1,0,65.0,name=58; country=['mv'],REVIEW
b7c878f1-ff17-5033-8e09-b96f9d59f372,1f75dcbe-3c3f-5c27-8487-d683714185d0,ali naseer mohamed,mohamed maathiu abdul razzaq,Maldives,mv,58.33,1,0,65.0,name=58; country=['mv'],REVIEW
3b7b5913-b9fc-5b2d-b947-b2b2237b41a6,2714b944-d3c2-5646-b393-8b9147276795,mario delgado carrillo,carlos mario limon vazquez,Mexico,mx,58.33,1,0,65.0,name=58; country=['mx'],REVIEW
8083fa5f-bec7-528d-a510-bd8488bbf4f9,f2987563-7438-5736-8aa7-5d17cf384cce,josefina rodriguez zamora,lucio rodriguez serrano,Mexico,mx,58.33,1,0,65.0,name=58; country=['mx'],REVIEW
4114467e-6461-53b3-95fa-167acc8d60b0,31ea68ea-56b4-5512-9e15-e7d248e9138d,citlalli hernandez mora,ricardo hernandez medrano,Mexico,mx,58.33,1,0,65.0,name=58; country=['mx'],REVIEW
4114467e-6461-53b3-95fa-167acc8d60b0,7212ea88-5531-5552-8c27-4e351904f9f8,citlalli hernandez mora,alfredo vasquez hernandez,Mexico,mx,58.33,1,0,65.0,name=58; country=['mx'],REVIEW
e63df7e6-bc84-5190-a476-00cadda925a0,1e562c0a-61cb-50d6-8684-470a7725bdff,esteban moctezuma barragan,alvaro sanchez esteban,Mexico,mx,58.33,1,0,65.0,name=58; country=['mx'],REVIEW
59552685-02a2-51e3-b3c4-01587c77f47c,bf549732-8324-59b7-80a9-0caa7c33a0a3,muhammad raza hayat harraj,muhammad ijaz safarash,Pakistan,pk,58.33,1,0,65.0,name=58; country=['pk'],REVIEW
e596913c-6bee-572c-9253-b056bad653ec,2cc602b3-67b1-5ba8-b847-de925768377e,yuriy petrovich trutnev,nikolay petrovich tokarev,Russia,ru,58.33,1,0,65.0,name=58; country=['ru'],REVIEW
6b7a9963-22df-5882-9a1a-45169decc49e,cc5185e3-0d3b-5918-9b3c-5f188bedabf9,oksana nikolayevna lut,lyubov nikolayevna glebova,Russia,ru,58.33,1,0,65.0,name=58; country=['ru'],REVIEW
a1ba40bc-1093-5b3a-8915-c71338aae763,c5f049a6-6ba6-5377-a0ac-3554d9330e23,andrey removich belousov,andrey igoryevich kislov,Russia,ru,58.33,1,0,65.0,name=58; country=['ru'],REVIEW
ed18924e-5c9b-5e5b-803d-27f2be535e3b,718e92d0-0d7a-591a-af60-b3116ff53738,anton olegovich kotyakov,anton yuryevich lestafye,Russia,ru,58.33,1,0,65.0,name=58; country=['ru'],REVIEW
ed18924e-5c9b-5e5b-803d-27f2be535e3b,56e9538c-8009-5614-8144-5e972c41c7c3,anton olegovich kotyakov,boris olegovich bernikov,Russia,ru,58.33,1,0,65.0,name=58; country=['ru'],REVIEW
0a20c63b-a3e5-5b97-9a17-2fa6525d1530,eef6e3b2-69d3-519a-9f51-eb683afbc30c,aleksandr vasilyevich bortnikov,aleksandr ermakov,Russia,ru,58.33,1,0,65.0,name=58; country=['ru'],REVIEW
ae0688ac-473c-5dd1-9ef0-30bcdc52c48b,e07403d9-e1f3-58a2-9c85-ae4a2430c301,sergey kuzhugetovich shoygu,sergey ottovich frank,Russia,ru,58.33,1,0,65.0,name=58; country=['ru'],REVIEW
12fa029a-1730-5104-90a2-3947c3d81b63,ad7df207-f6cd-5f10-9347-2818aaa731ed,majid bin abdallah al-qasabi,abdul rahim al-talhi,Saudi Arabia,sa,58.33,1,0,65.0,name=58; country=['sa'],REVIEW
fc726116-daf6-51fb-8807-341d8d0ce68d,c4149db2-ac5f-578b-b347-ed61ebe8889c,muhammad al-jadan,abdulaziz mohammed m. alhawsawi,Saudi Arabia,sa,58.33,1,0,65.0,name=58; country=['sa'],REVIEW
d8eb0d8e-12f4-5d54-a9ba-051bdb69ebaf,ad7df207-f6cd-5f10-9347-2818aaa731ed,abdallah bin hamad al-huqayl,abdul rahim al-talhi,Saudi Arabia,sa,58.33,1,0,65.0,name=58; country=['sa'],REVIEW
8dff148d-4a18-5f86-adcc-4043ac3d5ff9,a3a04197-e5bb-5e12-b36a-7be0d00f969c,muhammad bin abd al-malik al al-shaykh,khalid abd al-rahman hamd al-fawaz,Saudi Arabia,sa,58.33,1,0,65.0,name=58; country=['sa'],REVIEW
80e85b20-3659-5497-a31c-e42e37437cc0,ac9d6356-4e8a-5b2e-85d2-87757bfe6563,abdirahman mohamed abdullahi,jami' 'ali muhammad,Somalia,so,58.33,1,0,65.0,name=58; country=['so'],REVIEW
2f676a6a-fc69-519c-80dd-ec3990baff6e,4c62cbad-b4c9-54f1-bf55-288fa246e69b,josephine joseph lagu yanga,joseph mantiel wajang,South Sudan,ss,58.33,1,0,65.0,name=58; country=['ss'],REVIEW
d60fa09a-c493-5600-9c64-97339f483422,de27b4ae-658e-5936-9205-e721969d9fa8,anan hamed muhammad umar,ali ahmed karti mohamed,Sudan,sd,58.33,1,0,65.0,name=58; country=['sd'],REVIEW
ebde17af-0f5f-5666-9c58-0b7aa0a193b4,d54ea9cf-dbec-57b4-b052-99b2aa16dcc0,muhammad said al-hilu,mohammed hamdan daglo mousa,Sudan,sd,58.33,1,0,65.0,name=58; country=['sd'],REVIEW
707d43e8-fd9d-552b-9d4e-c962dfa72b32,d549641d-7d8f-5234-b73e-4fd00a60148f,muhammad abdallah idris muhammad,abdelbasit hamza elhassan mohamed khair,Sudan,sd,58.33,1,0,65.0,name=58; country=['sd'],REVIEW
273f7c93-b943-54f3-b29b-c5b49914c4a7,98e37b14-de82-58d1-8ca7-e6b6446423ed,muhammad abu al-khayr shukri,husam muhammad louka,Syria,sy,58.33,1,0,65.0,name=58; country=['sy'],REVIEW
c6fa8dc2-0c43-5716-a8f0-5846972e48d6,6a229560-a30b-56ae-b2b1-dc832d56c8e0,muhammad samih hamid,tawfiq muhammad sa'id al-law,Syria,sy,58.33,1,0,65.0,name=58; country=['sy'],REVIEW
8d3c26c3-5dda-56f7-9097-4127ef665f76,a58754d2-c0f2-57f9-8eec-ca5250ef99af,habib obeid,habib waddani,Tunisia,tn,58.33,1,0,65.0,name=58; country=['tn'],REVIEW
ce082afe-2180-536c-9b93-2feb26151dd4,29cfc707-abd0-5a1c-810c-a5f4e56a0028,oleksandr bornyakov,oleksandr fedorovych saulenko,Ukraine,ua,58.33,1,0,65.0,name=58; country=['ua'],REVIEW
1b652019-36c0-552b-9031-55ce6822d027,8b5e0a66-837f-5226-af7a-8c2d3cadd73c,abd al-salam hadi,wail muhammad said abd-al-wadud,Yemen,ye,58.33,1,0,65.0,name=58; country=['ye'],REVIEW
